solid urdf_head_base. STL generated by ONSHAPE BY PTC INC, 1.219. Units = meters
   facet normal -0.994138 0.108119 0
      outer loop
         vertex 0.00347948 -0.000378417 0.1224
         vertex 0.0035 -6.4294e-19 0.1224
         vertex 0.0035 2.14313e-19 0.0966
      endloop
   endfacet
   facet normal -0.976621 0.21497 0
      outer loop
         vertex 0.00341817 -0.000752397 0.1224
         vertex 0.00347948 -0.000378417 0.1224
         vertex 0.00347948 -0.000378417 0.0966
      endloop
   endfacet
   facet normal -0.947653 0.319302 0
      outer loop
         vertex 0.00331679 -0.00111756 0.1224
         vertex 0.00341817 -0.000752397 0.1224
         vertex 0.00341817 -0.000752397 0.0966
      endloop
   endfacet
   facet normal -0.907575 0.419889 0
      outer loop
         vertex 0.00317651 -0.00146961 0.1224
         vertex 0.00331679 -0.00111756 0.1224
         vertex 0.00331679 -0.00111756 0.0966
      endloop
   endfacet
   facet normal -0.856857 0.515554 0
      outer loop
         vertex 0.002999 -0.00180444 0.1224
         vertex 0.00317651 -0.00146961 0.1224
         vertex 0.00317651 -0.00146961 0.0966
      endloop
   endfacet
   facet normal -0.796093 0.605174 0
      outer loop
         vertex 0.00278633 -0.00211811 0.1224
         vertex 0.002999 -0.00180444 0.1224
         vertex 0.002999 -0.00180444 0.0966
      endloop
   endfacet
   facet normal -0.725995 0.687699 0
      outer loop
         vertex 0.00254098 -0.00240695 0.1224
         vertex 0.00278633 -0.00211811 0.1224
         vertex 0.00278633 -0.00211811 0.0966
      endloop
   endfacet
   facet normal -0.647386 0.762162 0
      outer loop
         vertex 0.00226585 -0.00266757 0.1224
         vertex 0.00254098 -0.00240695 0.1224
         vertex 0.00254098 -0.00240695 0.0966
      endloop
   endfacet
   facet normal -0.561187 0.827689 0
      outer loop
         vertex 0.00196415 -0.00289691 0.1224
         vertex 0.00226585 -0.00266757 0.1224
         vertex 0.00226585 -0.00266757 0.0966
      endloop
   endfacet
   facet normal -0.468408 0.883512 0
      outer loop
         vertex 0.00163943 -0.00309229 0.1224
         vertex 0.00196415 -0.00289691 0.1224
         vertex 0.00196415 -0.00289691 0.0966
      endloop
   endfacet
   facet normal -0.370138 0.928977 0
      outer loop
         vertex 0.00129548 -0.00325142 0.1224
         vertex 0.00163943 -0.00309229 0.1224
         vertex 0.00163943 -0.00309229 0.0966
      endloop
   endfacet
   facet normal -0.267528 0.96355 0
      outer loop
         vertex 0.000936349 -0.00337242 0.1224
         vertex 0.00129548 -0.00325142 0.1224
         vertex 0.00129548 -0.00325142 0.0966
      endloop
   endfacet
   facet normal -0.161782 0.986827 0
      outer loop
         vertex 0.000566237 -0.00345389 0.1224
         vertex 0.000936349 -0.00337242 0.1224
         vertex 0.000936349 -0.00337242 0.0966
      endloop
   endfacet
   facet normal -0.0541389 0.998533 0
      outer loop
         vertex 0.000189486 -0.00349487 0.1224
         vertex 0.000566237 -0.00345389 0.1224
         vertex 0.000566237 -0.00345389 0.0966
      endloop
   endfacet
   facet normal 0.0541389 0.998533 0
      outer loop
         vertex -0.000189486 -0.00349487 0.1224
         vertex 0.000189486 -0.00349487 0.1224
         vertex 0.000189486 -0.00349487 0.0966
      endloop
   endfacet
   facet normal 0.161782 0.986827 0
      outer loop
         vertex -0.000566237 -0.00345389 0.1224
         vertex -0.000189486 -0.00349487 0.1224
         vertex -0.000189486 -0.00349487 0.0966
      endloop
   endfacet
   facet normal 0.267528 0.96355 0
      outer loop
         vertex -0.000936349 -0.00337242 0.1224
         vertex -0.000566237 -0.00345389 0.1224
         vertex -0.000566237 -0.00345389 0.0966
      endloop
   endfacet
   facet normal 0.370138 0.928977 0
      outer loop
         vertex -0.00129548 -0.00325142 0.1224
         vertex -0.000936349 -0.00337242 0.1224
         vertex -0.000936349 -0.00337242 0.0966
      endloop
   endfacet
   facet normal 0.468408 0.883512 0
      outer loop
         vertex -0.00163943 -0.00309229 0.1224
         vertex -0.00129548 -0.00325142 0.1224
         vertex -0.00129548 -0.00325142 0.0966
      endloop
   endfacet
   facet normal 0.561187 0.827689 0
      outer loop
         vertex -0.00196415 -0.00289691 0.1224
         vertex -0.00163943 -0.00309229 0.1224
         vertex -0.00163943 -0.00309229 0.0966
      endloop
   endfacet
   facet normal 0.647386 0.762162 0
      outer loop
         vertex -0.00226585 -0.00266757 0.1224
         vertex -0.00196415 -0.00289691 0.1224
         vertex -0.00196415 -0.00289691 0.0966
      endloop
   endfacet
   facet normal 0.725995 0.687699 0
      outer loop
         vertex -0.00254098 -0.00240695 0.1224
         vertex -0.00226585 -0.00266757 0.1224
         vertex -0.00226585 -0.00266757 0.0966
      endloop
   endfacet
   facet normal 0.796093 0.605174 0
      outer loop
         vertex -0.00278633 -0.00211811 0.1224
         vertex -0.00254098 -0.00240695 0.1224
         vertex -0.00254098 -0.00240695 0.0966
      endloop
   endfacet
   facet normal 0.856857 0.515554 0
      outer loop
         vertex -0.002999 -0.00180444 0.1224
         vertex -0.00278633 -0.00211811 0.1224
         vertex -0.00278633 -0.00211811 0.0966
      endloop
   endfacet
   facet normal 0.907575 0.419889 0
      outer loop
         vertex -0.00317651 -0.00146961 0.1224
         vertex -0.002999 -0.00180444 0.1224
         vertex -0.002999 -0.00180444 0.0966
      endloop
   endfacet
   facet normal 0.947653 0.319302 0
      outer loop
         vertex -0.00331679 -0.00111756 0.1224
         vertex -0.00317651 -0.00146961 0.1224
         vertex -0.00317651 -0.00146961 0.0966
      endloop
   endfacet
   facet normal 0.976621 0.21497 0
      outer loop
         vertex -0.00341817 -0.000752397 0.1224
         vertex -0.00331679 -0.00111756 0.1224
         vertex -0.00331679 -0.00111756 0.0966
      endloop
   endfacet
   facet normal 0.994138 0.108119 0
      outer loop
         vertex -0.00347948 -0.000378417 0.1224
         vertex -0.00341817 -0.000752397 0.1224
         vertex -0.00341817 -0.000752397 0.0966
      endloop
   endfacet
   facet normal 1 -5.66554e-16 0
      outer loop
         vertex -0.0035 1.50019e-18 0.1224
         vertex -0.00347948 -0.000378417 0.1224
         vertex -0.00347948 -0.000378417 0.0966
      endloop
   endfacet
   facet normal 0.994138 -0.108119 0
      outer loop
         vertex -0.00347948 0.000378417 0.1224
         vertex -0.0035 1.50019e-18 0.1224
         vertex -0.0035 6.4294e-19 0.0966
      endloop
   endfacet
   facet normal 0.976621 -0.21497 0
      outer loop
         vertex -0.00341817 0.000752397 0.1224
         vertex -0.00347948 0.000378417 0.1224
         vertex -0.00347948 0.000378417 0.0966
      endloop
   endfacet
   facet normal 0.947653 -0.319302 0
      outer loop
         vertex -0.00331679 0.00111756 0.1224
         vertex -0.00341817 0.000752397 0.1224
         vertex -0.00341817 0.000752397 0.0966
      endloop
   endfacet
   facet normal 0.907575 -0.419889 0
      outer loop
         vertex -0.00317651 0.00146961 0.1224
         vertex -0.00331679 0.00111756 0.1224
         vertex -0.00331679 0.00111756 0.0966
      endloop
   endfacet
   facet normal 0.856857 -0.515554 0
      outer loop
         vertex -0.002999 0.00180444 0.1224
         vertex -0.00317651 0.00146961 0.1224
         vertex -0.00317651 0.00146961 0.0966
      endloop
   endfacet
   facet normal 0.796093 -0.605174 0
      outer loop
         vertex -0.00278633 0.00211811 0.1224
         vertex -0.002999 0.00180444 0.1224
         vertex -0.002999 0.00180444 0.0966
      endloop
   endfacet
   facet normal 0.725995 -0.687699 0
      outer loop
         vertex -0.00254098 0.00240695 0.1224
         vertex -0.00278633 0.00211811 0.1224
         vertex -0.00278633 0.00211811 0.0966
      endloop
   endfacet
   facet normal 0.647386 -0.762162 0
      outer loop
         vertex -0.00226585 0.00266757 0.1224
         vertex -0.00254098 0.00240695 0.1224
         vertex -0.00254098 0.00240695 0.0966
      endloop
   endfacet
   facet normal 0.561187 -0.827689 0
      outer loop
         vertex -0.00196415 0.00289691 0.1224
         vertex -0.00226585 0.00266757 0.1224
         vertex -0.00226585 0.00266757 0.0966
      endloop
   endfacet
   facet normal 0.468408 -0.883512 0
      outer loop
         vertex -0.00163943 0.00309229 0.1224
         vertex -0.00196415 0.00289691 0.1224
         vertex -0.00196415 0.00289691 0.0966
      endloop
   endfacet
   facet normal 0.370138 -0.928977 0
      outer loop
         vertex -0.00129548 0.00325142 0.1224
         vertex -0.00163943 0.00309229 0.1224
         vertex -0.00163943 0.00309229 0.0966
      endloop
   endfacet
   facet normal 0.267528 -0.96355 0
      outer loop
         vertex -0.000936349 0.00337242 0.1224
         vertex -0.00129548 0.00325142 0.1224
         vertex -0.00129548 0.00325142 0.0966
      endloop
   endfacet
   facet normal 0.161782 -0.986827 0
      outer loop
         vertex -0.000566237 0.00345389 0.1224
         vertex -0.000936349 0.00337242 0.1224
         vertex -0.000936349 0.00337242 0.0966
      endloop
   endfacet
   facet normal 0.0541389 -0.998533 0
      outer loop
         vertex -0.000189486 0.00349487 0.1224
         vertex -0.000566237 0.00345389 0.1224
         vertex -0.000566237 0.00345389 0.0966
      endloop
   endfacet
   facet normal -0.0541389 -0.998533 0
      outer loop
         vertex 0.000189486 0.00349487 0.1224
         vertex -0.000189486 0.00349487 0.1224
         vertex -0.000189486 0.00349487 0.0966
      endloop
   endfacet
   facet normal -0.161782 -0.986827 0
      outer loop
         vertex 0.000566237 0.00345389 0.1224
         vertex 0.000189486 0.00349487 0.1224
         vertex 0.000189486 0.00349487 0.0966
      endloop
   endfacet
   facet normal -0.267528 -0.96355 0
      outer loop
         vertex 0.000936349 0.00337242 0.1224
         vertex 0.000566237 0.00345389 0.1224
         vertex 0.000566237 0.00345389 0.0966
      endloop
   endfacet
   facet normal -0.370138 -0.928977 0
      outer loop
         vertex 0.00129548 0.00325142 0.1224
         vertex 0.000936349 0.00337242 0.1224
         vertex 0.000936349 0.00337242 0.0966
      endloop
   endfacet
   facet normal -0.468408 -0.883512 0
      outer loop
         vertex 0.00163943 0.00309229 0.1224
         vertex 0.00129548 0.00325142 0.1224
         vertex 0.00129548 0.00325142 0.0966
      endloop
   endfacet
   facet normal -0.561187 -0.827689 0
      outer loop
         vertex 0.00196415 0.00289691 0.1224
         vertex 0.00163943 0.00309229 0.1224
         vertex 0.00163943 0.00309229 0.0966
      endloop
   endfacet
   facet normal -0.647386 -0.762162 0
      outer loop
         vertex 0.00226585 0.00266757 0.1224
         vertex 0.00196415 0.00289691 0.1224
         vertex 0.00196415 0.00289691 0.0966
      endloop
   endfacet
   facet normal -0.725995 -0.687699 0
      outer loop
         vertex 0.00254098 0.00240695 0.1224
         vertex 0.00226585 0.00266757 0.1224
         vertex 0.00226585 0.00266757 0.0966
      endloop
   endfacet
   facet normal -0.796093 -0.605174 0
      outer loop
         vertex 0.00278633 0.00211811 0.1224
         vertex 0.00254098 0.00240695 0.1224
         vertex 0.00254098 0.00240695 0.0966
      endloop
   endfacet
   facet normal -0.856857 -0.515554 0
      outer loop
         vertex 0.002999 0.00180444 0.1224
         vertex 0.00278633 0.00211811 0.1224
         vertex 0.00278633 0.00211811 0.0966
      endloop
   endfacet
   facet normal -0.907575 -0.419889 0
      outer loop
         vertex 0.00317651 0.00146961 0.1224
         vertex 0.002999 0.00180444 0.1224
         vertex 0.002999 0.00180444 0.0966
      endloop
   endfacet
   facet normal -0.947653 -0.319302 0
      outer loop
         vertex 0.00331679 0.00111756 0.1224
         vertex 0.00317651 0.00146961 0.1224
         vertex 0.00317651 0.00146961 0.0966
      endloop
   endfacet
   facet normal -0.976621 -0.21497 0
      outer loop
         vertex 0.00341817 0.000752397 0.1224
         vertex 0.00331679 0.00111756 0.1224
         vertex 0.00331679 0.00111756 0.0966
      endloop
   endfacet
   facet normal -0.994138 -0.108119 0
      outer loop
         vertex 0.00347948 0.000378417 0.1224
         vertex 0.00341817 0.000752397 0.1224
         vertex 0.00341817 0.000752397 0.0966
      endloop
   endfacet
   facet normal -1 2.44929e-16 0
      outer loop
         vertex 0.0035 -6.4294e-19 0.1224
         vertex 0.00347948 0.000378417 0.1224
         vertex 0.00347948 0.000378417 0.0966
      endloop
   endfacet
   facet normal -0.994138 -0.108119 0
      outer loop
         vertex 0.00347948 0.000378417 0.0966
         vertex 0.0035 2.14313e-19 0.0966
         vertex 0.0035 -6.4294e-19 0.1224
      endloop
   endfacet
   facet normal -0.976621 -0.21497 0
      outer loop
         vertex 0.00341817 0.000752397 0.0966
         vertex 0.00347948 0.000378417 0.0966
         vertex 0.00347948 0.000378417 0.1224
      endloop
   endfacet
   facet normal -0.947653 -0.319302 0
      outer loop
         vertex 0.00331679 0.00111756 0.0966
         vertex 0.00341817 0.000752397 0.0966
         vertex 0.00341817 0.000752397 0.1224
      endloop
   endfacet
   facet normal -0.907575 -0.419889 0
      outer loop
         vertex 0.00317651 0.00146961 0.0966
         vertex 0.00331679 0.00111756 0.0966
         vertex 0.00331679 0.00111756 0.1224
      endloop
   endfacet
   facet normal -0.856857 -0.515554 0
      outer loop
         vertex 0.002999 0.00180444 0.0966
         vertex 0.00317651 0.00146961 0.0966
         vertex 0.00317651 0.00146961 0.1224
      endloop
   endfacet
   facet normal -0.796093 -0.605174 0
      outer loop
         vertex 0.00278633 0.00211811 0.0966
         vertex 0.002999 0.00180444 0.0966
         vertex 0.002999 0.00180444 0.1224
      endloop
   endfacet
   facet normal -0.725995 -0.687699 0
      outer loop
         vertex 0.00254098 0.00240695 0.0966
         vertex 0.00278633 0.00211811 0.0966
         vertex 0.00278633 0.00211811 0.1224
      endloop
   endfacet
   facet normal -0.647386 -0.762162 0
      outer loop
         vertex 0.00226585 0.00266757 0.0966
         vertex 0.00254098 0.00240695 0.0966
         vertex 0.00254098 0.00240695 0.1224
      endloop
   endfacet
   facet normal -0.561187 -0.827689 0
      outer loop
         vertex 0.00196415 0.00289691 0.0966
         vertex 0.00226585 0.00266757 0.0966
         vertex 0.00226585 0.00266757 0.1224
      endloop
   endfacet
   facet normal -0.468408 -0.883512 0
      outer loop
         vertex 0.00163943 0.00309229 0.0966
         vertex 0.00196415 0.00289691 0.0966
         vertex 0.00196415 0.00289691 0.1224
      endloop
   endfacet
   facet normal -0.370138 -0.928977 0
      outer loop
         vertex 0.00129548 0.00325142 0.0966
         vertex 0.00163943 0.00309229 0.0966
         vertex 0.00163943 0.00309229 0.1224
      endloop
   endfacet
   facet normal -0.267528 -0.96355 0
      outer loop
         vertex 0.000936349 0.00337242 0.0966
         vertex 0.00129548 0.00325142 0.0966
         vertex 0.00129548 0.00325142 0.1224
      endloop
   endfacet
   facet normal -0.161782 -0.986827 0
      outer loop
         vertex 0.000566237 0.00345389 0.0966
         vertex 0.000936349 0.00337242 0.0966
         vertex 0.000936349 0.00337242 0.1224
      endloop
   endfacet
   facet normal -0.0541389 -0.998533 0
      outer loop
         vertex 0.000189486 0.00349487 0.0966
         vertex 0.000566237 0.00345389 0.0966
         vertex 0.000566237 0.00345389 0.1224
      endloop
   endfacet
   facet normal 0.0541389 -0.998533 0
      outer loop
         vertex -0.000189486 0.00349487 0.0966
         vertex 0.000189486 0.00349487 0.0966
         vertex 0.000189486 0.00349487 0.1224
      endloop
   endfacet
   facet normal 0.161782 -0.986827 0
      outer loop
         vertex -0.000566237 0.00345389 0.0966
         vertex -0.000189486 0.00349487 0.0966
         vertex -0.000189486 0.00349487 0.1224
      endloop
   endfacet
   facet normal 0.267528 -0.96355 0
      outer loop
         vertex -0.000936349 0.00337242 0.0966
         vertex -0.000566237 0.00345389 0.0966
         vertex -0.000566237 0.00345389 0.1224
      endloop
   endfacet
   facet normal 0.370138 -0.928977 0
      outer loop
         vertex -0.00129548 0.00325142 0.0966
         vertex -0.000936349 0.00337242 0.0966
         vertex -0.000936349 0.00337242 0.1224
      endloop
   endfacet
   facet normal 0.468408 -0.883512 0
      outer loop
         vertex -0.00163943 0.00309229 0.0966
         vertex -0.00129548 0.00325142 0.0966
         vertex -0.00129548 0.00325142 0.1224
      endloop
   endfacet
   facet normal 0.561187 -0.827689 0
      outer loop
         vertex -0.00196415 0.00289691 0.0966
         vertex -0.00163943 0.00309229 0.0966
         vertex -0.00163943 0.00309229 0.1224
      endloop
   endfacet
   facet normal 0.647386 -0.762162 0
      outer loop
         vertex -0.00226585 0.00266757 0.0966
         vertex -0.00196415 0.00289691 0.0966
         vertex -0.00196415 0.00289691 0.1224
      endloop
   endfacet
   facet normal 0.725995 -0.687699 0
      outer loop
         vertex -0.00254098 0.00240695 0.0966
         vertex -0.00226585 0.00266757 0.0966
         vertex -0.00226585 0.00266757 0.1224
      endloop
   endfacet
   facet normal 0.796093 -0.605174 0
      outer loop
         vertex -0.00278633 0.00211811 0.0966
         vertex -0.00254098 0.00240695 0.0966
         vertex -0.00254098 0.00240695 0.1224
      endloop
   endfacet
   facet normal 0.856857 -0.515554 0
      outer loop
         vertex -0.002999 0.00180444 0.0966
         vertex -0.00278633 0.00211811 0.0966
         vertex -0.00278633 0.00211811 0.1224
      endloop
   endfacet
   facet normal 0.907575 -0.419889 0
      outer loop
         vertex -0.00317651 0.00146961 0.0966
         vertex -0.002999 0.00180444 0.0966
         vertex -0.002999 0.00180444 0.1224
      endloop
   endfacet
   facet normal 0.947653 -0.319302 0
      outer loop
         vertex -0.00331679 0.00111756 0.0966
         vertex -0.00317651 0.00146961 0.0966
         vertex -0.00317651 0.00146961 0.1224
      endloop
   endfacet
   facet normal 0.976621 -0.21497 0
      outer loop
         vertex -0.00341817 0.000752397 0.0966
         vertex -0.00331679 0.00111756 0.0966
         vertex -0.00331679 0.00111756 0.1224
      endloop
   endfacet
   facet normal 0.994138 -0.108119 0
      outer loop
         vertex -0.00347948 0.000378417 0.0966
         vertex -0.00341817 0.000752397 0.0966
         vertex -0.00341817 0.000752397 0.1224
      endloop
   endfacet
   facet normal 1 -1.22465e-16 0
      outer loop
         vertex -0.0035 6.4294e-19 0.0966
         vertex -0.00347948 0.000378417 0.0966
         vertex -0.00347948 0.000378417 0.1224
      endloop
   endfacet
   facet normal 0.994138 0.108119 0
      outer loop
         vertex -0.00347948 -0.000378417 0.0966
         vertex -0.0035 6.4294e-19 0.0966
         vertex -0.0035 1.50019e-18 0.1224
      endloop
   endfacet
   facet normal 0.976621 0.21497 0
      outer loop
         vertex -0.00341817 -0.000752397 0.0966
         vertex -0.00347948 -0.000378417 0.0966
         vertex -0.00347948 -0.000378417 0.1224
      endloop
   endfacet
   facet normal 0.947653 0.319302 0
      outer loop
         vertex -0.00331679 -0.00111756 0.0966
         vertex -0.00341817 -0.000752397 0.0966
         vertex -0.00341817 -0.000752397 0.1224
      endloop
   endfacet
   facet normal 0.907575 0.419889 0
      outer loop
         vertex -0.00317651 -0.00146961 0.0966
         vertex -0.00331679 -0.00111756 0.0966
         vertex -0.00331679 -0.00111756 0.1224
      endloop
   endfacet
   facet normal 0.856857 0.515554 0
      outer loop
         vertex -0.002999 -0.00180444 0.0966
         vertex -0.00317651 -0.00146961 0.0966
         vertex -0.00317651 -0.00146961 0.1224
      endloop
   endfacet
   facet normal 0.796093 0.605174 0
      outer loop
         vertex -0.00278633 -0.00211811 0.0966
         vertex -0.002999 -0.00180444 0.0966
         vertex -0.002999 -0.00180444 0.1224
      endloop
   endfacet
   facet normal 0.725995 0.687699 0
      outer loop
         vertex -0.00254098 -0.00240695 0.0966
         vertex -0.00278633 -0.00211811 0.0966
         vertex -0.00278633 -0.00211811 0.1224
      endloop
   endfacet
   facet normal 0.647386 0.762162 0
      outer loop
         vertex -0.00226585 -0.00266757 0.0966
         vertex -0.00254098 -0.00240695 0.0966
         vertex -0.00254098 -0.00240695 0.1224
      endloop
   endfacet
   facet normal 0.561187 0.827689 0
      outer loop
         vertex -0.00196415 -0.00289691 0.0966
         vertex -0.00226585 -0.00266757 0.0966
         vertex -0.00226585 -0.00266757 0.1224
      endloop
   endfacet
   facet normal 0.468408 0.883512 0
      outer loop
         vertex -0.00163943 -0.00309229 0.0966
         vertex -0.00196415 -0.00289691 0.0966
         vertex -0.00196415 -0.00289691 0.1224
      endloop
   endfacet
   facet normal 0.370138 0.928977 0
      outer loop
         vertex -0.00129548 -0.00325142 0.0966
         vertex -0.00163943 -0.00309229 0.0966
         vertex -0.00163943 -0.00309229 0.1224
      endloop
   endfacet
   facet normal 0.267528 0.96355 0
      outer loop
         vertex -0.000936349 -0.00337242 0.0966
         vertex -0.00129548 -0.00325142 0.0966
         vertex -0.00129548 -0.00325142 0.1224
      endloop
   endfacet
   facet normal 0.161782 0.986827 0
      outer loop
         vertex -0.000566237 -0.00345389 0.0966
         vertex -0.000936349 -0.00337242 0.0966
         vertex -0.000936349 -0.00337242 0.1224
      endloop
   endfacet
   facet normal 0.0541389 0.998533 0
      outer loop
         vertex -0.000189486 -0.00349487 0.0966
         vertex -0.000566237 -0.00345389 0.0966
         vertex -0.000566237 -0.00345389 0.1224
      endloop
   endfacet
   facet normal -0.0541389 0.998533 0
      outer loop
         vertex 0.000189486 -0.00349487 0.0966
         vertex -0.000189486 -0.00349487 0.0966
         vertex -0.000189486 -0.00349487 0.1224
      endloop
   endfacet
   facet normal -0.161782 0.986827 0
      outer loop
         vertex 0.000566237 -0.00345389 0.0966
         vertex 0.000189486 -0.00349487 0.0966
         vertex 0.000189486 -0.00349487 0.1224
      endloop
   endfacet
   facet normal -0.267528 0.96355 0
      outer loop
         vertex 0.000936349 -0.00337242 0.0966
         vertex 0.000566237 -0.00345389 0.0966
         vertex 0.000566237 -0.00345389 0.1224
      endloop
   endfacet
   facet normal -0.370138 0.928977 0
      outer loop
         vertex 0.00129548 -0.00325142 0.0966
         vertex 0.000936349 -0.00337242 0.0966
         vertex 0.000936349 -0.00337242 0.1224
      endloop
   endfacet
   facet normal -0.468408 0.883512 0
      outer loop
         vertex 0.00163943 -0.00309229 0.0966
         vertex 0.00129548 -0.00325142 0.0966
         vertex 0.00129548 -0.00325142 0.1224
      endloop
   endfacet
   facet normal -0.561187 0.827689 0
      outer loop
         vertex 0.00196415 -0.00289691 0.0966
         vertex 0.00163943 -0.00309229 0.0966
         vertex 0.00163943 -0.00309229 0.1224
      endloop
   endfacet
   facet normal -0.647386 0.762162 0
      outer loop
         vertex 0.00226585 -0.00266757 0.0966
         vertex 0.00196415 -0.00289691 0.0966
         vertex 0.00196415 -0.00289691 0.1224
      endloop
   endfacet
   facet normal -0.725995 0.687699 0
      outer loop
         vertex 0.00254098 -0.00240695 0.0966
         vertex 0.00226585 -0.00266757 0.0966
         vertex 0.00226585 -0.00266757 0.1224
      endloop
   endfacet
   facet normal -0.796093 0.605174 0
      outer loop
         vertex 0.00278633 -0.00211811 0.0966
         vertex 0.00254098 -0.00240695 0.0966
         vertex 0.00254098 -0.00240695 0.1224
      endloop
   endfacet
   facet normal -0.856857 0.515554 0
      outer loop
         vertex 0.002999 -0.00180444 0.0966
         vertex 0.00278633 -0.00211811 0.0966
         vertex 0.00278633 -0.00211811 0.1224
      endloop
   endfacet
   facet normal -0.907575 0.419889 0
      outer loop
         vertex 0.00317651 -0.00146961 0.0966
         vertex 0.002999 -0.00180444 0.0966
         vertex 0.002999 -0.00180444 0.1224
      endloop
   endfacet
   facet normal -0.947653 0.319302 0
      outer loop
         vertex 0.00331679 -0.00111756 0.0966
         vertex 0.00317651 -0.00146961 0.0966
         vertex 0.00317651 -0.00146961 0.1224
      endloop
   endfacet
   facet normal -0.976621 0.21497 0
      outer loop
         vertex 0.00341817 -0.000752397 0.0966
         vertex 0.00331679 -0.00111756 0.0966
         vertex 0.00331679 -0.00111756 0.1224
      endloop
   endfacet
   facet normal -0.994138 0.108119 0
      outer loop
         vertex 0.00347948 -0.000378417 0.0966
         vertex 0.00341817 -0.000752397 0.0966
         vertex 0.00341817 -0.000752397 0.1224
      endloop
   endfacet
   facet normal -1 2.44929e-16 0
      outer loop
         vertex 0.0035 2.14313e-19 0.0966
         vertex 0.00347948 -0.000378417 0.0966
         vertex 0.00347948 -0.000378417 0.1224
      endloop
   endfacet
   facet normal 0 0 -1
      outer loop
         vertex -0.00163943 -0.00309229 0.0966
         vertex -0.0412359 -0.0659586 0.0965999
         vertex -0.0413426 -0.0656529 0.0966
      endloop
   endfacet
   facet normal 0 0 -1
      outer loop
         vertex -0.00163943 -0.00309229 0.0966
         vertex -0.0411026 -0.0662461 0.0965999
         vertex -0.0412055 -0.0660393 0.0965999
      endloop
   endfacet
   facet normal 0 0 -1
      outer loop
         vertex 0.000936349 -0.00337242 0.0966
         vertex 0.0398653 -0.0674577 0.0966
         vertex 0.039655 -0.0675382 0.0966
      endloop
   endfacet
   facet normal 0 0 -1
      outer loop
         vertex 0.000936349 -0.00337242 0.0966
         vertex 0.0409783 -0.0664694 0.0966
         vertex 0.0408261 -0.0666874 0.0966
      endloop
   endfacet
   facet normal 0 0 -1
      outer loop
         vertex 0.000936349 -0.00337242 0.0966
         vertex 0.0412364 -0.0659587 0.0965999
         vertex 0.041128 -0.0662048 0.0965999
      endloop
   endfacet
   facet normal 0 0 -1
      outer loop
         vertex -0.00163943 -0.00309229 0.0966
         vertex -0.0414236 -0.0653335 0.0965999
         vertex -0.0414776 -0.0649917 0.0965999
      endloop
   endfacet
   facet normal 0 0 -1
      outer loop
         vertex -0.0412359 -0.0659586 0.0965999
         vertex -0.0413225 -0.0657286 0.0966
         vertex -0.0413426 -0.0656529 0.0966
      endloop
   endfacet
   facet normal 0 0 -1
      outer loop
         vertex -0.00163943 -0.00309229 0.0966
         vertex -0.0409453 -0.0665135 0.0966
         vertex -0.0411026 -0.0662461 0.0965999
      endloop
   endfacet
   facet normal 0 0 -1
      outer loop
         vertex 0.000936349 -0.00337242 0.0966
         vertex 0.0393422 -0.0676118 0.0966
         vertex 0.0392271 -0.0676304 0.0966
      endloop
   endfacet
   facet normal 0 0 -1
      outer loop
         vertex 0.000936349 -0.00337242 0.0966
         vertex 0.0400704 -0.0673541 0.0966
         vertex 0.0398653 -0.0674577 0.0966
      endloop
   endfacet
   facet normal 0 0 -1
      outer loop
         vertex 0.000936349 -0.00337242 0.0966
         vertex 0.041104 -0.0662473 0.0965999
         vertex 0.0409783 -0.0664694 0.0966
      endloop
   endfacet
   facet normal 0 0 -1
      outer loop
         vertex 0.000936349 -0.00337242 0.0966
         vertex 0.0413429 -0.0656529 0.0966
         vertex 0.0412364 -0.0659587 0.0965999
      endloop
   endfacet
   facet normal 0 0 -1
      outer loop
         vertex -0.00163943 -0.00309229 0.0966
         vertex -0.0413506 -0.0656225 0.0966
         vertex -0.0414236 -0.0653335 0.0965999
      endloop
   endfacet
   facet normal 0 0 -1
      outer loop
         vertex -0.0412055 -0.0660393 0.0965999
         vertex -0.0412359 -0.0659586 0.0965999
         vertex -0.00163943 -0.00309229 0.0966
      endloop
   endfacet
   facet normal 0 0 -1
      outer loop
         vertex 0.000936349 -0.00337242 0.0966
         vertex 0.0396071 -0.0675511 0.0966
         vertex 0.0393422 -0.0676118 0.0966
      endloop
   endfacet
   facet normal 0 0 -1
      outer loop
         vertex 0.000936349 -0.00337242 0.0966
         vertex 0.0401123 -0.0673276 0.0966
         vertex 0.0400704 -0.0673541 0.0966
      endloop
   endfacet
   facet normal 0 0 -1
      outer loop
         vertex 0.000936349 -0.00337242 0.0966
         vertex 0.0407658 -0.0667581 0.0966
         vertex 0.0406461 -0.0668985 0.0966
      endloop
   endfacet
   facet normal 0 0 -1
      outer loop
         vertex 0.041128 -0.0662048 0.0965999
         vertex 0.041104 -0.0662473 0.0965999
         vertex 0.000936349 -0.00337242 0.0966
      endloop
   endfacet
   facet normal 0 0 -1
      outer loop
         vertex 0.000936349 -0.00337242 0.0966
         vertex 0.0414714 -0.065001 0.0965999
         vertex 0.0414408 -0.0652511 0.0965998
      endloop
   endfacet
   facet normal 0 0 -1
      outer loop
         vertex -0.0413506 -0.0656225 0.0966
         vertex -0.0414185 -0.0653661 0.0965999
         vertex -0.0414236 -0.0653335 0.0965999
      endloop
   endfacet
   facet normal 0 0 -1
      outer loop
         vertex -0.0409453 -0.0665135 0.0966
         vertex -0.0410557 -0.0663403 0.0965999
         vertex -0.0411026 -0.0662461 0.0965999
      endloop
   endfacet
   facet normal 0 0 -1
      outer loop
         vertex -0.00163943 -0.00309229 0.0966
         vertex -0.040766 -0.0667584 0.0966
         vertex -0.0408859 -0.0666068 0.0966
      endloop
   endfacet
   facet normal 0 0 -1
      outer loop
         vertex 0.0396071 -0.0675511 0.0966
         vertex 0.039442 -0.0675956 0.0966
         vertex 0.0393422 -0.0676118 0.0966
      endloop
   endfacet
   facet normal 0 0 -1
      outer loop
         vertex 0.000936349 -0.00337242 0.0966
         vertex 0.0403464 -0.0671663 0.0966
         vertex 0.0401123 -0.0673276 0.0966
      endloop
   endfacet
   facet normal 0 0 -1
      outer loop
         vertex 0.0408261 -0.0666874 0.0966
         vertex 0.0407658 -0.0667581 0.0966
         vertex 0.000936349 -0.00337242 0.0966
      endloop
   endfacet
   facet normal 0 0 -1
      outer loop
         vertex 0.000936349 -0.00337242 0.0966
         vertex 0.0414968 -0.0646635 0.0966
         vertex 0.0414714 -0.065001 0.0965999
      endloop
   endfacet
   facet normal 0 0 -1
      outer loop
         vertex -0.00163943 -0.00309229 0.0966
         vertex -0.0414951 -0.0646631 0.0966
         vertex -0.0415 -0.0645708 0.0966
      endloop
   endfacet
   facet normal 0 0 -1
      outer loop
         vertex -0.0413426 -0.0656529 0.0966
         vertex -0.0413506 -0.0656225 0.0966
         vertex -0.00163943 -0.00309229 0.0966
      endloop
   endfacet
   facet normal 0 0 -1
      outer loop
         vertex -0.00163943 -0.00309229 0.0966
         vertex -0.0405653 -0.0669764 0.0966
         vertex -0.040766 -0.0667584 0.0966
      endloop
   endfacet
   facet normal 0 0 -1
      outer loop
         vertex -0.00163943 -0.00309229 0.0966
         vertex -0.0396069 -0.0675505 0.0966
         vertex -0.0396779 -0.0675306 0.0966
      endloop
   endfacet
   facet normal 0 0 -1
      outer loop
         vertex -0.00163943 -0.00309229 0.0966
         vertex -0.0393422 -0.0676117 0.0966
         vertex -0.0394597 -0.0675918 0.0966
      endloop
   endfacet
   facet normal 0 0 -1
      outer loop
         vertex -0.039 -0.0676428 0.0966
         vertex -0.0390365 -0.0676425 0.0966
         vertex -0.0390736 -0.06764 0.0966
      endloop
   endfacet
   facet normal 0 0 -1
      outer loop
         vertex 0.0392271 -0.0676304 0.0966
         vertex 0.0390735 -0.0676388 0.0966
         vertex 0.000936349 -0.00337242 0.0966
      endloop
   endfacet
   facet normal 0 0 -1
      outer loop
         vertex 0.0403464 -0.0671663 0.0966
         vertex 0.0402586 -0.0672348 0.0966
         vertex 0.0401123 -0.0673276 0.0966
      endloop
   endfacet
   facet normal 0 0 -1
      outer loop
         vertex 0.000936349 -0.00337242 0.0966
         vertex 0.0405652 -0.0669761 0.0966
         vertex 0.0404561 -0.0670806 0.0965999
      endloop
   endfacet
   facet normal 0 0 -1
      outer loop
         vertex 0.0413429 -0.0656529 0.0966
         vertex 0.0412625 -0.0658993 0.0966
         vertex 0.0412364 -0.0659587 0.0965999
      endloop
   endfacet
   facet normal 0 0 -1
      outer loop
         vertex 0.000936349 -0.00337242 0.0966
         vertex 0.0414224 -0.0653328 0.0965999
         vertex 0.0413529 -0.065622 0.0966
      endloop
   endfacet
   facet normal 0 0 -1
      outer loop
         vertex 0.0414968 -0.0646635 0.0966
         vertex 0.0414906 -0.064844 0.0965999
         vertex 0.0414714 -0.065001 0.0965999
      endloop
   endfacet
   facet normal 0 0 -1
      outer loop
         vertex 0.000936349 -0.00337242 0.0966
         vertex 0.00129548 -0.00325142 0.0966
         vertex 0.0415 -0.0645708 0.0966
      endloop
   endfacet
   facet normal 0 0 -1
      outer loop
         vertex -0.0414776 -0.0649917 0.0965999
         vertex -0.0414951 -0.0646631 0.0966
         vertex -0.00163943 -0.00309229 0.0966
      endloop
   endfacet
   facet normal 0 0 -1
      outer loop
         vertex -0.0405653 -0.0669764 0.0966
         vertex -0.0407157 -0.066822 0.0966
         vertex -0.040766 -0.0667584 0.0966
      endloop
   endfacet
   facet normal 0 0 -1
      outer loop
         vertex -0.00163943 -0.00309229 0.0966
         vertex -0.0403086 -0.0671987 0.0966
         vertex -0.0405147 -0.0670283 0.0965999
      endloop
   endfacet
   facet normal 0 0 -1
      outer loop
         vertex -0.0396779 -0.0675306 0.0966
         vertex -0.039899 -0.0674424 0.0966
         vertex -0.00163943 -0.00309229 0.0966
      endloop
   endfacet
   facet normal 0 0 -1
      outer loop
         vertex -0.00163943 -0.00309229 0.0966
         vertex -0.039 -0.0676428 0.0966
         vertex -0.0393422 -0.0676117 0.0966
      endloop
   endfacet
   facet normal 0 0 -1
      outer loop
         vertex -0.0390736 -0.06764 0.0966
         vertex -0.0393422 -0.0676117 0.0966
         vertex -0.039 -0.0676428 0.0966
      endloop
   endfacet
   facet normal 0 0 -1
      outer loop
         vertex -0.00224676 0.0414391 0.0966
         vertex 0.00224676 0.0414391 0.0966
         vertex 0.000189486 0.00349487 0.0966
      endloop
   endfacet
   facet normal 0 0 -1
      outer loop
         vertex 0.00224676 0.0414391 0.0966
         vertex 0.00671395 0.0409533 0.0966
         vertex 0.000566237 0.00345389 0.0966
      endloop
   endfacet
   facet normal 0 0 -1
      outer loop
         vertex 0.039655 -0.0675382 0.0966
         vertex 0.0396071 -0.0675511 0.0966
         vertex 0.000936349 -0.00337242 0.0966
      endloop
   endfacet
   facet normal 0 0 -1
      outer loop
         vertex 0.0406461 -0.0668985 0.0966
         vertex 0.0405652 -0.0669761 0.0966
         vertex 0.000936349 -0.00337242 0.0966
      endloop
   endfacet
   facet normal 0 0 -1
      outer loop
         vertex 0.0414224 -0.0653328 0.0965999
         vertex 0.0413675 -0.0655772 0.0966
         vertex 0.0413529 -0.065622 0.0966
      endloop
   endfacet
   facet normal 0 0 -1
      outer loop
         vertex 0.0415 -0.0645708 0.0966
         vertex 0.0414968 -0.0646635 0.0966
         vertex 0.000936349 -0.00337242 0.0966
      endloop
   endfacet
   facet normal 0 0 -1
      outer loop
         vertex -0.039 -0.0676428 0.0966
         vertex -0.000566237 -0.00345389 0.0966
         vertex -0.000189486 -0.00349487 0.0966
      endloop
   endfacet
   facet normal 0 0 -1
      outer loop
         vertex -0.0408859 -0.0666068 0.0966
         vertex -0.0409453 -0.0665135 0.0966
         vertex -0.00163943 -0.00309229 0.0966
      endloop
   endfacet
   facet normal 0 0 -1
      outer loop
         vertex -0.00163943 -0.00309229 0.0966
         vertex -0.0401127 -0.0673284 0.0966
         vertex -0.0403086 -0.0671987 0.0966
      endloop
   endfacet
   facet normal 0 0 -1
      outer loop
         vertex -0.039899 -0.0674424 0.0966
         vertex -0.0400972 -0.0673386 0.0966
         vertex -0.00163943 -0.00309229 0.0966
      endloop
   endfacet
   facet normal 0 0 -1
      outer loop
         vertex -0.0390736 -0.06764 0.0966
         vertex -0.0392415 -0.0676288 0.0966
         vertex -0.0393422 -0.0676117 0.0966
      endloop
   endfacet
   facet normal 0 0 -1
      outer loop
         vertex -0.0330379 0.0251147 0.0966
         vertex -0.00278633 0.00211811 0.0966
         vertex -0.002999 0.00180444 0.0966
      endloop
   endfacet
   facet normal 0 0 -1
      outer loop
         vertex -0.0330379 0.0251147 0.0966
         vertex -0.0301288 0.0285395 0.0966
         vertex -0.00254098 0.00240695 0.0966
      endloop
   endfacet
   facet normal 0 0 -1
      outer loop
         vertex -0.0268665 0.0316297 0.0966
         vertex -0.00226585 0.00266757 0.0966
         vertex -0.00254098 0.00240695 0.0966
      endloop
   endfacet
   facet normal 0 0 -1
      outer loop
         vertex -0.0268665 0.0316297 0.0966
         vertex -0.0232893 0.0343491 0.0966
         vertex -0.00196415 0.00289691 0.0966
      endloop
   endfacet
   facet normal 0 0 -1
      outer loop
         vertex -0.0153607 0.0385525 0.0966
         vertex -0.00129548 0.00325142 0.0966
         vertex -0.00163943 0.00309229 0.0966
      endloop
   endfacet
   facet normal 0 0 -1
      outer loop
         vertex -0.0153607 0.0385525 0.0966
         vertex -0.0111024 0.0399873 0.0966
         vertex -0.000936349 0.00337242 0.0966
      endloop
   endfacet
   facet normal 0 0 -1
      outer loop
         vertex -0.00671395 0.0409533 0.0966
         vertex -0.000566237 0.00345389 0.0966
         vertex -0.000936349 0.00337242 0.0966
      endloop
   endfacet
   facet normal 0 0 -1
      outer loop
         vertex -0.00671395 0.0409533 0.0966
         vertex -0.00224676 0.0414391 0.0966
         vertex -0.000189486 0.00349487 0.0966
      endloop
   endfacet
   facet normal 0 0 -1
      outer loop
         vertex 0.000566237 0.00345389 0.0966
         vertex 0.000189486 0.00349487 0.0966
         vertex 0.00224676 0.0414391 0.0966
      endloop
   endfacet
   facet normal 0 0 -1
      outer loop
         vertex 0.00671395 0.0409533 0.0966
         vertex 0.0111024 0.0399873 0.0966
         vertex 0.000936349 0.00337242 0.0966
      endloop
   endfacet
   facet normal 0 0 -1
      outer loop
         vertex 0.0415 0 0.0966
         vertex 0.0035 2.14313e-19 0.0966
         vertex 0.00347948 0.000378417 0.0966
      endloop
   endfacet
   facet normal 0 0 -1
      outer loop
         vertex 0.0404561 -0.0670806 0.0965999
         vertex 0.0403464 -0.0671663 0.0966
         vertex 0.000936349 -0.00337242 0.0966
      endloop
   endfacet
   facet normal 0 0 -1
      outer loop
         vertex 0.0414408 -0.0652511 0.0965998
         vertex 0.0414224 -0.0653328 0.0965999
         vertex 0.000936349 -0.00337242 0.0966
      endloop
   endfacet
   facet normal 0 0 -1
      outer loop
         vertex 0.039 -0.0676428 0.0966
         vertex 0.000189486 -0.00349487 0.0966
         vertex 0.000566237 -0.00345389 0.0966
      endloop
   endfacet
   facet normal 0 0 -1
      outer loop
         vertex -0.000189486 -0.00349487 0.0966
         vertex 0.039 -0.0676428 0.0966
         vertex -0.039 -0.0676428 0.0966
      endloop
   endfacet
   facet normal 0 0 -1
      outer loop
         vertex -0.0405147 -0.0670283 0.0965999
         vertex -0.0405653 -0.0669764 0.0966
         vertex -0.00163943 -0.00309229 0.0966
      endloop
   endfacet
   facet normal 0 0 -1
      outer loop
         vertex -0.0394597 -0.0675918 0.0966
         vertex -0.0396069 -0.0675505 0.0966
         vertex -0.00163943 -0.00309229 0.0966
      endloop
   endfacet
   facet normal 0 0 -1
      outer loop
         vertex -0.0405298 0.00892127 0.0966
         vertex -0.00341817 0.000752397 0.0966
         vertex -0.00347948 0.000378417 0.0966
      endloop
   endfacet
   facet normal 0 0 -1
      outer loop
         vertex -0.0405298 0.00892127 0.0966
         vertex -0.0393276 0.013251 0.0966
         vertex -0.00331679 0.00111756 0.0966
      endloop
   endfacet
   facet normal 0 0 -1
      outer loop
         vertex -0.0376644 0.0174254 0.0966
         vertex -0.00317651 0.00146961 0.0966
         vertex -0.00331679 0.00111756 0.0966
      endloop
   endfacet
   facet normal 0 0 -1
      outer loop
         vertex -0.0376644 0.0174254 0.0966
         vertex -0.0355596 0.0213955 0.0966
         vertex -0.002999 0.00180444 0.0966
      endloop
   endfacet
   facet normal 0 0 -1
      outer loop
         vertex -0.00254098 0.00240695 0.0966
         vertex -0.00278633 0.00211811 0.0966
         vertex -0.0330379 0.0251147 0.0966
      endloop
   endfacet
   facet normal 0 0 -1
      outer loop
         vertex -0.00196415 0.00289691 0.0966
         vertex -0.00226585 0.00266757 0.0966
         vertex -0.0268665 0.0316297 0.0966
      endloop
   endfacet
   facet normal 0 0 -1
      outer loop
         vertex -0.019439 0.0366657 0.0966
         vertex -0.00163943 0.00309229 0.0966
         vertex -0.00196415 0.00289691 0.0966
      endloop
   endfacet
   facet normal 0 0 -1
      outer loop
         vertex -0.000936349 0.00337242 0.0966
         vertex -0.00129548 0.00325142 0.0966
         vertex -0.0153607 0.0385525 0.0966
      endloop
   endfacet
   facet normal 0 0 -1
      outer loop
         vertex -0.000189486 0.00349487 0.0966
         vertex -0.000566237 0.00345389 0.0966
         vertex -0.00671395 0.0409533 0.0966
      endloop
   endfacet
   facet normal 0 0 -1
      outer loop
         vertex 0.000936349 0.00337242 0.0966
         vertex 0.000566237 0.00345389 0.0966
         vertex 0.00671395 0.0409533 0.0966
      endloop
   endfacet
   facet normal 0 0 -1
      outer loop
         vertex 0.0153607 0.0385525 0.0966
         vertex 0.00129548 0.00325142 0.0966
         vertex 0.000936349 0.00337242 0.0966
      endloop
   endfacet
   facet normal 0 0 -1
      outer loop
         vertex 0.0153607 0.0385525 0.0966
         vertex 0.019439 0.0366657 0.0966
         vertex 0.00163943 0.00309229 0.0966
      endloop
   endfacet
   facet normal 0 0 -1
      outer loop
         vertex 0.0268665 0.0316297 0.0966
         vertex 0.00226585 0.00266757 0.0966
         vertex 0.00196415 0.00289691 0.0966
      endloop
   endfacet
   facet normal 0 0 -1
      outer loop
         vertex 0.0268665 0.0316297 0.0966
         vertex 0.0301288 0.0285395 0.0966
         vertex 0.00254098 0.00240695 0.0966
      endloop
   endfacet
   facet normal 0 0 -1
      outer loop
         vertex 0.0330379 0.0251147 0.0966
         vertex 0.00278633 0.00211811 0.0966
         vertex 0.00254098 0.00240695 0.0966
      endloop
   endfacet
   facet normal 0 0 -1
      outer loop
         vertex 0.0330379 0.0251147 0.0966
         vertex 0.0355596 0.0213955 0.0966
         vertex 0.002999 0.00180444 0.0966
      endloop
   endfacet
   facet normal 0 0 -1
      outer loop
         vertex 0.0405298 0.00892127 0.0966
         vertex 0.00341817 0.000752397 0.0966
         vertex 0.00331679 0.00111756 0.0966
      endloop
   endfacet
   facet normal 0 0 -1
      outer loop
         vertex 0.0405298 0.00892127 0.0966
         vertex 0.0412567 0.00448694 0.0966
         vertex 0.00347948 0.000378417 0.0966
      endloop
   endfacet
   facet normal 0 0 -1
      outer loop
         vertex 0.0415 0 0.0966
         vertex 0.00347948 -0.000378417 0.0966
         vertex 0.0035 2.14313e-19 0.0966
      endloop
   endfacet
   facet normal 0 0 -1
      outer loop
         vertex 0.0415 0 0.0966
         vertex 0.00331679 -0.00111756 0.0966
         vertex 0.00341817 -0.000752397 0.0966
      endloop
   endfacet
   facet normal 0 0 -1
      outer loop
         vertex 0.0415 -0.0645708 0.0966
         vertex 0.00278633 -0.00211811 0.0966
         vertex 0.002999 -0.00180444 0.0966
      endloop
   endfacet
   facet normal 0 0 -1
      outer loop
         vertex 0.0415 -0.0645708 0.0966
         vertex 0.00129548 -0.00325142 0.0966
         vertex 0.00163943 -0.00309229 0.0966
      endloop
   endfacet
   facet normal 0 0 -1
      outer loop
         vertex 0.0413529 -0.065622 0.0966
         vertex 0.0413429 -0.0656529 0.0966
         vertex 0.000936349 -0.00337242 0.0966
      endloop
   endfacet
   facet normal 0 0 -1
      outer loop
         vertex -0.000189486 -0.00349487 0.0966
         vertex 0.000189486 -0.00349487 0.0966
         vertex 0.039 -0.0676428 0.0966
      endloop
   endfacet
   facet normal 0 0 -1
      outer loop
         vertex -0.039 -0.0676428 0.0966
         vertex -0.00129548 -0.00325142 0.0966
         vertex -0.000936349 -0.00337242 0.0966
      endloop
   endfacet
   facet normal 0 0 -1
      outer loop
         vertex -0.0400972 -0.0673386 0.0966
         vertex -0.0401127 -0.0673284 0.0966
         vertex -0.00163943 -0.00309229 0.0966
      endloop
   endfacet
   facet normal 0 0 -1
      outer loop
         vertex -0.0412567 0.00448694 0.0966
         vertex -0.00347948 0.000378417 0.0966
         vertex -0.0035 6.4294e-19 0.0966
      endloop
   endfacet
   facet normal 0 0 -1
      outer loop
         vertex -0.00331679 0.00111756 0.0966
         vertex -0.00341817 0.000752397 0.0966
         vertex -0.0405298 0.00892127 0.0966
      endloop
   endfacet
   facet normal 0 0 -1
      outer loop
         vertex -0.002999 0.00180444 0.0966
         vertex -0.00317651 0.00146961 0.0966
         vertex -0.0376644 0.0174254 0.0966
      endloop
   endfacet
   facet normal 0 0 -1
      outer loop
         vertex -0.00254098 0.00240695 0.0966
         vertex -0.0301288 0.0285395 0.0966
         vertex -0.0268665 0.0316297 0.0966
      endloop
   endfacet
   facet normal 0 0 -1
      outer loop
         vertex -0.00163943 0.00309229 0.0966
         vertex -0.019439 0.0366657 0.0966
         vertex -0.0153607 0.0385525 0.0966
      endloop
   endfacet
   facet normal 0 0 -1
      outer loop
         vertex 0.000189486 0.00349487 0.0966
         vertex -0.000189486 0.00349487 0.0966
         vertex -0.00224676 0.0414391 0.0966
      endloop
   endfacet
   facet normal 0 0 -1
      outer loop
         vertex 0.00163943 0.00309229 0.0966
         vertex 0.00129548 0.00325142 0.0966
         vertex 0.0153607 0.0385525 0.0966
      endloop
   endfacet
   facet normal 0 0 -1
      outer loop
         vertex 0.019439 0.0366657 0.0966
         vertex 0.0232893 0.0343491 0.0966
         vertex 0.00196415 0.00289691 0.0966
      endloop
   endfacet
   facet normal 0 0 -1
      outer loop
         vertex 0.00254098 0.00240695 0.0966
         vertex 0.00226585 0.00266757 0.0966
         vertex 0.0268665 0.0316297 0.0966
      endloop
   endfacet
   facet normal 0 0 -1
      outer loop
         vertex 0.002999 0.00180444 0.0966
         vertex 0.00278633 0.00211811 0.0966
         vertex 0.0330379 0.0251147 0.0966
      endloop
   endfacet
   facet normal 0 0 -1
      outer loop
         vertex 0.0376644 0.0174254 0.0966
         vertex 0.00317651 0.00146961 0.0966
         vertex 0.002999 0.00180444 0.0966
      endloop
   endfacet
   facet normal 0 0 -1
      outer loop
         vertex 0.0376644 0.0174254 0.0966
         vertex 0.0393276 0.013251 0.0966
         vertex 0.00331679 0.00111756 0.0966
      endloop
   endfacet
   facet normal 0 0 -1
      outer loop
         vertex 0.00347948 0.000378417 0.0966
         vertex 0.00341817 0.000752397 0.0966
         vertex 0.0405298 0.00892127 0.0966
      endloop
   endfacet
   facet normal 0 0 -1
      outer loop
         vertex 0.00341817 -0.000752397 0.0966
         vertex 0.00347948 -0.000378417 0.0966
         vertex 0.0415 0 0.0966
      endloop
   endfacet
   facet normal 0 0 -1
      outer loop
         vertex 0.002999 -0.00180444 0.0966
         vertex 0.0415 0 0.0966
         vertex 0.0415 -0.0645708 0.0966
      endloop
   endfacet
   facet normal 0 0 -1
      outer loop
         vertex 0.0390735 -0.0676388 0.0966
         vertex 0.039 -0.0676428 0.0966
         vertex 0.000936349 -0.00337242 0.0966
      endloop
   endfacet
   facet normal 0 0 -1
      outer loop
         vertex -0.000936349 -0.00337242 0.0966
         vertex -0.000566237 -0.00345389 0.0966
         vertex -0.039 -0.0676428 0.0966
      endloop
   endfacet
   facet normal 0 0 -1
      outer loop
         vertex -0.0415 -0.0645708 0.0966
         vertex -0.00196415 -0.00289691 0.0966
         vertex -0.00163943 -0.00309229 0.0966
      endloop
   endfacet
   facet normal 0 0 -1
      outer loop
         vertex -0.0415 -0.0645708 0.0966
         vertex -0.00254098 -0.00240695 0.0966
         vertex -0.00226585 -0.00266757 0.0966
      endloop
   endfacet
   facet normal 0 0 -1
      outer loop
         vertex -0.0415 -0.0645708 0.0966
         vertex -0.002999 -0.00180444 0.0966
         vertex -0.00278633 -0.00211811 0.0966
      endloop
   endfacet
   facet normal 0 0 -1
      outer loop
         vertex -0.0415 1.90586e-18 0.0966
         vertex -0.00317651 -0.00146961 0.0966
         vertex -0.002999 -0.00180444 0.0966
      endloop
   endfacet
   facet normal 0 0 -1
      outer loop
         vertex -0.00347948 0.000378417 0.0966
         vertex -0.0412567 0.00448694 0.0966
         vertex -0.0405298 0.00892127 0.0966
      endloop
   endfacet
   facet normal 0 0 -1
      outer loop
         vertex -0.002999 0.00180444 0.0966
         vertex -0.0355596 0.0213955 0.0966
         vertex -0.0330379 0.0251147 0.0966
      endloop
   endfacet
   facet normal 0 0 -1
      outer loop
         vertex -0.000936349 0.00337242 0.0966
         vertex -0.0111024 0.0399873 0.0966
         vertex -0.00671395 0.0409533 0.0966
      endloop
   endfacet
   facet normal 0 0 -1
      outer loop
         vertex 0.00196415 0.00289691 0.0966
         vertex 0.00163943 0.00309229 0.0966
         vertex 0.019439 0.0366657 0.0966
      endloop
   endfacet
   facet normal 0 0 -1
      outer loop
         vertex 0.00254098 0.00240695 0.0966
         vertex 0.0301288 0.0285395 0.0966
         vertex 0.0330379 0.0251147 0.0966
      endloop
   endfacet
   facet normal 0 0 -1
      outer loop
         vertex 0.00331679 0.00111756 0.0966
         vertex 0.00317651 0.00146961 0.0966
         vertex 0.0376644 0.0174254 0.0966
      endloop
   endfacet
   facet normal 0 0 -1
      outer loop
         vertex 0.00347948 0.000378417 0.0966
         vertex 0.0412567 0.00448694 0.0966
         vertex 0.0415 0 0.0966
      endloop
   endfacet
   facet normal 0 0 -1
      outer loop
         vertex 0.002999 -0.00180444 0.0966
         vertex 0.00317651 -0.00146961 0.0966
         vertex 0.0415 0 0.0966
      endloop
   endfacet
   facet normal 0 0 -1
      outer loop
         vertex 0.00163943 -0.00309229 0.0966
         vertex 0.00196415 -0.00289691 0.0966
         vertex 0.0415 -0.0645708 0.0966
      endloop
   endfacet
   facet normal 0 0 -1
      outer loop
         vertex -0.00163943 -0.00309229 0.0966
         vertex -0.00129548 -0.00325142 0.0966
         vertex -0.039 -0.0676428 0.0966
      endloop
   endfacet
   facet normal 0 0 -1
      outer loop
         vertex -0.00278633 -0.00211811 0.0966
         vertex -0.00254098 -0.00240695 0.0966
         vertex -0.0415 -0.0645708 0.0966
      endloop
   endfacet
   facet normal 0 0 -1
      outer loop
         vertex -0.0415 1.90586e-18 0.0966
         vertex -0.00331679 -0.00111756 0.0966
         vertex -0.00317651 -0.00146961 0.0966
      endloop
   endfacet
   facet normal 0 0 -1
      outer loop
         vertex -0.0415 1.90586e-18 0.0966
         vertex -0.00347948 -0.000378417 0.0966
         vertex -0.00341817 -0.000752397 0.0966
      endloop
   endfacet
   facet normal 0 0 -1
      outer loop
         vertex -0.00331679 0.00111756 0.0966
         vertex -0.0393276 0.013251 0.0966
         vertex -0.0376644 0.0174254 0.0966
      endloop
   endfacet
   facet normal 0 0 -1
      outer loop
         vertex 0.000936349 0.00337242 0.0966
         vertex 0.0111024 0.0399873 0.0966
         vertex 0.0153607 0.0385525 0.0966
      endloop
   endfacet
   facet normal 0 0 -1
      outer loop
         vertex 0.002999 0.00180444 0.0966
         vertex 0.0355596 0.0213955 0.0966
         vertex 0.0376644 0.0174254 0.0966
      endloop
   endfacet
   facet normal 0 0 -1
      outer loop
         vertex 0.00317651 -0.00146961 0.0966
         vertex 0.00331679 -0.00111756 0.0966
         vertex 0.0415 0 0.0966
      endloop
   endfacet
   facet normal 0 0 -1
      outer loop
         vertex 0.0415 -0.0645708 0.0966
         vertex 0.00226585 -0.00266757 0.0966
         vertex 0.00254098 -0.00240695 0.0966
      endloop
   endfacet
   facet normal 0 0 -1
      outer loop
         vertex 0.000566237 -0.00345389 0.0966
         vertex 0.000936349 -0.00337242 0.0966
         vertex 0.039 -0.0676428 0.0966
      endloop
   endfacet
   facet normal 0 0 -1
      outer loop
         vertex -0.002999 -0.00180444 0.0966
         vertex -0.0415 -0.0645708 0.0966
         vertex -0.0415 1.90586e-18 0.0966
      endloop
   endfacet
   facet normal 0 0 -1
      outer loop
         vertex -0.0415 1.90586e-18 0.0966
         vertex -0.0035 6.4294e-19 0.0966
         vertex -0.00347948 -0.000378417 0.0966
      endloop
   endfacet
   facet normal 0 0 -1
      outer loop
         vertex -0.00196415 0.00289691 0.0966
         vertex -0.0232893 0.0343491 0.0966
         vertex -0.019439 0.0366657 0.0966
      endloop
   endfacet
   facet normal 0 0 -1
      outer loop
         vertex 0.00331679 0.00111756 0.0966
         vertex 0.0393276 0.013251 0.0966
         vertex 0.0405298 0.00892127 0.0966
      endloop
   endfacet
   facet normal 0 0 -1
      outer loop
         vertex 0.00196415 -0.00289691 0.0966
         vertex 0.00226585 -0.00266757 0.0966
         vertex 0.0415 -0.0645708 0.0966
      endloop
   endfacet
   facet normal 0 0 -1
      outer loop
         vertex -0.00341817 -0.000752397 0.0966
         vertex -0.00331679 -0.00111756 0.0966
         vertex -0.0415 1.90586e-18 0.0966
      endloop
   endfacet
   facet normal 0 0 -1
      outer loop
         vertex 0.00196415 0.00289691 0.0966
         vertex 0.0232893 0.0343491 0.0966
         vertex 0.0268665 0.0316297 0.0966
      endloop
   endfacet
   facet normal 0 0 -1
      outer loop
         vertex -0.00226585 -0.00266757 0.0966
         vertex -0.00196415 -0.00289691 0.0966
         vertex -0.0415 -0.0645708 0.0966
      endloop
   endfacet
   facet normal 0 0 -1
      outer loop
         vertex 0.00254098 -0.00240695 0.0966
         vertex 0.00278633 -0.00211811 0.0966
         vertex 0.0415 -0.0645708 0.0966
      endloop
   endfacet
   facet normal 0 0 -1
      outer loop
         vertex -0.0035 6.4294e-19 0.0966
         vertex -0.0415 1.90586e-18 0.0966
         vertex -0.0412567 0.00448694 0.0966
      endloop
   endfacet
   facet normal -1 4.59243e-17 0
      outer loop
         vertex -0.0415 1.90586e-18 0.0966
         vertex -0.0415 1.90586e-18 0.1224
         vertex -0.0412567 0.00448694 0.1224
      endloop
   endfacet
   facet normal -0.994138 0.108119 0
      outer loop
         vertex -0.0412567 0.00448694 0.0966
         vertex -0.0412567 0.00448694 0.1224
         vertex -0.0405298 0.00892127 0.1224
      endloop
   endfacet
   facet normal -0.976621 0.21497 0
      outer loop
         vertex -0.0405298 0.00892127 0.0966
         vertex -0.0405298 0.00892127 0.1224
         vertex -0.0393276 0.013251 0.1224
      endloop
   endfacet
   facet normal -0.947653 0.319302 0
      outer loop
         vertex -0.0393276 0.013251 0.0966
         vertex -0.0393276 0.013251 0.1224
         vertex -0.0376644 0.0174254 0.1224
      endloop
   endfacet
   facet normal -0.907575 0.419889 0
      outer loop
         vertex -0.0376644 0.0174254 0.0966
         vertex -0.0376644 0.0174254 0.1224
         vertex -0.0355596 0.0213955 0.1224
      endloop
   endfacet
   facet normal -0.856857 0.515554 0
      outer loop
         vertex -0.0355596 0.0213955 0.0966
         vertex -0.0355596 0.0213955 0.1224
         vertex -0.0330379 0.0251147 0.1224
      endloop
   endfacet
   facet normal -0.796093 0.605174 0
      outer loop
         vertex -0.0330379 0.0251147 0.0966
         vertex -0.0330379 0.0251147 0.1224
         vertex -0.0301288 0.0285395 0.1224
      endloop
   endfacet
   facet normal -0.725995 0.687699 0
      outer loop
         vertex -0.0301288 0.0285395 0.0966
         vertex -0.0301288 0.0285395 0.1224
         vertex -0.0268665 0.0316297 0.1224
      endloop
   endfacet
   facet normal -0.647386 0.762162 0
      outer loop
         vertex -0.0268665 0.0316297 0.0966
         vertex -0.0268665 0.0316297 0.1224
         vertex -0.0232893 0.0343491 0.1224
      endloop
   endfacet
   facet normal -0.561187 0.827689 0
      outer loop
         vertex -0.0232893 0.0343491 0.0966
         vertex -0.0232893 0.0343491 0.1224
         vertex -0.019439 0.0366657 0.1224
      endloop
   endfacet
   facet normal -0.468408 0.883512 0
      outer loop
         vertex -0.019439 0.0366657 0.0966
         vertex -0.019439 0.0366657 0.1224
         vertex -0.0153607 0.0385525 0.1224
      endloop
   endfacet
   facet normal -0.370138 0.928977 0
      outer loop
         vertex -0.0153607 0.0385525 0.0966
         vertex -0.0153607 0.0385525 0.1224
         vertex -0.0111024 0.0399873 0.1224
      endloop
   endfacet
   facet normal -0.267528 0.96355 0
      outer loop
         vertex -0.0111024 0.0399873 0.0966
         vertex -0.0111024 0.0399873 0.1224
         vertex -0.00671395 0.0409533 0.1224
      endloop
   endfacet
   facet normal -0.161782 0.986827 0
      outer loop
         vertex -0.00671395 0.0409533 0.0966
         vertex -0.00671395 0.0409533 0.1224
         vertex -0.00224676 0.0414391 0.1224
      endloop
   endfacet
   facet normal -0.0541389 0.998533 0
      outer loop
         vertex -0.00224676 0.0414391 0.0966
         vertex -0.00224676 0.0414391 0.1224
         vertex 0.00224676 0.0414391 0.1224
      endloop
   endfacet
   facet normal 0.0541389 0.998533 0
      outer loop
         vertex 0.00224676 0.0414391 0.0966
         vertex 0.00224676 0.0414391 0.1224
         vertex 0.00671395 0.0409533 0.1224
      endloop
   endfacet
   facet normal 0.161782 0.986827 0
      outer loop
         vertex 0.00671395 0.0409533 0.0966
         vertex 0.00671395 0.0409533 0.1224
         vertex 0.0111024 0.0399873 0.1224
      endloop
   endfacet
   facet normal 0.267528 0.96355 0
      outer loop
         vertex 0.0111024 0.0399873 0.0966
         vertex 0.0111024 0.0399873 0.1224
         vertex 0.0153607 0.0385525 0.1224
      endloop
   endfacet
   facet normal 0.370138 0.928977 0
      outer loop
         vertex 0.0153607 0.0385525 0.0966
         vertex 0.0153607 0.0385525 0.1224
         vertex 0.019439 0.0366657 0.1224
      endloop
   endfacet
   facet normal 0.468408 0.883512 0
      outer loop
         vertex 0.019439 0.0366657 0.0966
         vertex 0.019439 0.0366657 0.1224
         vertex 0.0232893 0.0343491 0.1224
      endloop
   endfacet
   facet normal 0.561187 0.827689 0
      outer loop
         vertex 0.0232893 0.0343491 0.0966
         vertex 0.0232893 0.0343491 0.1224
         vertex 0.0268665 0.0316297 0.1224
      endloop
   endfacet
   facet normal 0.647386 0.762162 0
      outer loop
         vertex 0.0268665 0.0316297 0.0966
         vertex 0.0268665 0.0316297 0.1224
         vertex 0.0301288 0.0285395 0.1224
      endloop
   endfacet
   facet normal 0.725995 0.687699 0
      outer loop
         vertex 0.0301288 0.0285395 0.0966
         vertex 0.0301288 0.0285395 0.1224
         vertex 0.0330379 0.0251147 0.1224
      endloop
   endfacet
   facet normal 0.796093 0.605174 0
      outer loop
         vertex 0.0330379 0.0251147 0.0966
         vertex 0.0330379 0.0251147 0.1224
         vertex 0.0355596 0.0213955 0.1224
      endloop
   endfacet
   facet normal 0.856857 0.515554 0
      outer loop
         vertex 0.0355596 0.0213955 0.0966
         vertex 0.0355596 0.0213955 0.1224
         vertex 0.0376644 0.0174254 0.1224
      endloop
   endfacet
   facet normal 0.907575 0.419889 0
      outer loop
         vertex 0.0376644 0.0174254 0.0966
         vertex 0.0376644 0.0174254 0.1224
         vertex 0.0393276 0.013251 0.1224
      endloop
   endfacet
   facet normal 0.947653 0.319302 0
      outer loop
         vertex 0.0393276 0.013251 0.0966
         vertex 0.0393276 0.013251 0.1224
         vertex 0.0405298 0.00892127 0.1224
      endloop
   endfacet
   facet normal 0.976621 0.21497 0
      outer loop
         vertex 0.0405298 0.00892127 0.0966
         vertex 0.0405298 0.00892127 0.1224
         vertex 0.0412567 0.00448694 0.1224
      endloop
   endfacet
   facet normal 0.994138 0.108119 0
      outer loop
         vertex 0.0412567 0.00448694 0.0966
         vertex 0.0412567 0.00448694 0.1224
         vertex 0.0415 0 0.1224
      endloop
   endfacet
   facet normal 1 1.22465e-16 0
      outer loop
         vertex 0.0415 0 0.1224
         vertex 0.0415 0 0.0966
         vertex 0.0412567 0.00448694 0.0966
      endloop
   endfacet
   facet normal 0.994138 0.108119 0
      outer loop
         vertex 0.0412567 0.00448694 0.1224
         vertex 0.0412567 0.00448694 0.0966
         vertex 0.0405298 0.00892127 0.0966
      endloop
   endfacet
   facet normal 0.976621 0.21497 0
      outer loop
         vertex 0.0405298 0.00892127 0.1224
         vertex 0.0405298 0.00892127 0.0966
         vertex 0.0393276 0.013251 0.0966
      endloop
   endfacet
   facet normal 0.947653 0.319302 0
      outer loop
         vertex 0.0393276 0.013251 0.1224
         vertex 0.0393276 0.013251 0.0966
         vertex 0.0376644 0.0174254 0.0966
      endloop
   endfacet
   facet normal 0.907575 0.419889 0
      outer loop
         vertex 0.0376644 0.0174254 0.1224
         vertex 0.0376644 0.0174254 0.0966
         vertex 0.0355596 0.0213955 0.0966
      endloop
   endfacet
   facet normal 0.856857 0.515554 0
      outer loop
         vertex 0.0355596 0.0213955 0.1224
         vertex 0.0355596 0.0213955 0.0966
         vertex 0.0330379 0.0251147 0.0966
      endloop
   endfacet
   facet normal 0.796093 0.605174 0
      outer loop
         vertex 0.0330379 0.0251147 0.1224
         vertex 0.0330379 0.0251147 0.0966
         vertex 0.0301288 0.0285395 0.0966
      endloop
   endfacet
   facet normal 0.725995 0.687699 0
      outer loop
         vertex 0.0301288 0.0285395 0.1224
         vertex 0.0301288 0.0285395 0.0966
         vertex 0.0268665 0.0316297 0.0966
      endloop
   endfacet
   facet normal 0.647386 0.762162 0
      outer loop
         vertex 0.0268665 0.0316297 0.1224
         vertex 0.0268665 0.0316297 0.0966
         vertex 0.0232893 0.0343491 0.0966
      endloop
   endfacet
   facet normal 0.561187 0.827689 0
      outer loop
         vertex 0.0232893 0.0343491 0.1224
         vertex 0.0232893 0.0343491 0.0966
         vertex 0.019439 0.0366657 0.0966
      endloop
   endfacet
   facet normal 0.468408 0.883512 0
      outer loop
         vertex 0.019439 0.0366657 0.1224
         vertex 0.019439 0.0366657 0.0966
         vertex 0.0153607 0.0385525 0.0966
      endloop
   endfacet
   facet normal 0.370138 0.928977 0
      outer loop
         vertex 0.0153607 0.0385525 0.1224
         vertex 0.0153607 0.0385525 0.0966
         vertex 0.0111024 0.0399873 0.0966
      endloop
   endfacet
   facet normal 0.267528 0.96355 0
      outer loop
         vertex 0.0111024 0.0399873 0.1224
         vertex 0.0111024 0.0399873 0.0966
         vertex 0.00671395 0.0409533 0.0966
      endloop
   endfacet
   facet normal 0.161782 0.986827 0
      outer loop
         vertex 0.00671395 0.0409533 0.1224
         vertex 0.00671395 0.0409533 0.0966
         vertex 0.00224676 0.0414391 0.0966
      endloop
   endfacet
   facet normal 0.0541389 0.998533 0
      outer loop
         vertex 0.00224676 0.0414391 0.1224
         vertex 0.00224676 0.0414391 0.0966
         vertex -0.00224676 0.0414391 0.0966
      endloop
   endfacet
   facet normal -0.0541389 0.998533 0
      outer loop
         vertex -0.00224676 0.0414391 0.1224
         vertex -0.00224676 0.0414391 0.0966
         vertex -0.00671395 0.0409533 0.0966
      endloop
   endfacet
   facet normal -0.161782 0.986827 0
      outer loop
         vertex -0.00671395 0.0409533 0.1224
         vertex -0.00671395 0.0409533 0.0966
         vertex -0.0111024 0.0399873 0.0966
      endloop
   endfacet
   facet normal -0.267528 0.96355 0
      outer loop
         vertex -0.0111024 0.0399873 0.1224
         vertex -0.0111024 0.0399873 0.0966
         vertex -0.0153607 0.0385525 0.0966
      endloop
   endfacet
   facet normal -0.370138 0.928977 0
      outer loop
         vertex -0.0153607 0.0385525 0.1224
         vertex -0.0153607 0.0385525 0.0966
         vertex -0.019439 0.0366657 0.0966
      endloop
   endfacet
   facet normal -0.468408 0.883512 0
      outer loop
         vertex -0.019439 0.0366657 0.1224
         vertex -0.019439 0.0366657 0.0966
         vertex -0.0232893 0.0343491 0.0966
      endloop
   endfacet
   facet normal -0.561187 0.827689 0
      outer loop
         vertex -0.0232893 0.0343491 0.1224
         vertex -0.0232893 0.0343491 0.0966
         vertex -0.0268665 0.0316297 0.0966
      endloop
   endfacet
   facet normal -0.647386 0.762162 0
      outer loop
         vertex -0.0268665 0.0316297 0.1224
         vertex -0.0268665 0.0316297 0.0966
         vertex -0.0301288 0.0285395 0.0966
      endloop
   endfacet
   facet normal -0.725995 0.687699 0
      outer loop
         vertex -0.0301288 0.0285395 0.1224
         vertex -0.0301288 0.0285395 0.0966
         vertex -0.0330379 0.0251147 0.0966
      endloop
   endfacet
   facet normal -0.796093 0.605174 0
      outer loop
         vertex -0.0330379 0.0251147 0.1224
         vertex -0.0330379 0.0251147 0.0966
         vertex -0.0355596 0.0213955 0.0966
      endloop
   endfacet
   facet normal -0.856857 0.515554 0
      outer loop
         vertex -0.0355596 0.0213955 0.1224
         vertex -0.0355596 0.0213955 0.0966
         vertex -0.0376644 0.0174254 0.0966
      endloop
   endfacet
   facet normal -0.907575 0.419889 0
      outer loop
         vertex -0.0376644 0.0174254 0.1224
         vertex -0.0376644 0.0174254 0.0966
         vertex -0.0393276 0.013251 0.0966
      endloop
   endfacet
   facet normal -0.947653 0.319302 0
      outer loop
         vertex -0.0393276 0.013251 0.1224
         vertex -0.0393276 0.013251 0.0966
         vertex -0.0405298 0.00892127 0.0966
      endloop
   endfacet
   facet normal -0.976621 0.21497 0
      outer loop
         vertex -0.0405298 0.00892127 0.1224
         vertex -0.0405298 0.00892127 0.0966
         vertex -0.0412567 0.00448694 0.0966
      endloop
   endfacet
   facet normal -0.994138 0.108119 0
      outer loop
         vertex -0.0412567 0.00448694 0.1224
         vertex -0.0412567 0.00448694 0.0966
         vertex -0.0415 1.90586e-18 0.0966
      endloop
   endfacet
   facet normal 0 -0.835855 0.548951
      outer loop
         vertex -0.039 -0.0676428 0.1224
         vertex -0.039 -0.0686623 0.120695
         vertex 0.039 -0.0686621 0.120695
      endloop
   endfacet
   facet normal 0 -0.88908 0.457751
      outer loop
         vertex 0.039 -0.0688754 0.120248
         vertex 0.039 -0.0686621 0.120695
         vertex -0.039 -0.0686623 0.120695
      endloop
   endfacet
   facet normal 0 -0.879246 0.476368
      outer loop
         vertex -0.039 -0.0686623 0.120695
         vertex -0.039 -0.0688755 0.120248
         vertex 0.039 -0.0688754 0.120248
      endloop
   endfacet
   facet normal 0 -0.932396 0.361439
      outer loop
         vertex 0.039 -0.0698905 0.117986
         vertex 0.039 -0.0696999 0.11852
         vertex -0.039 -0.0697 0.11852
      endloop
   endfacet
   facet normal 0 -0.88908 0.457751
      outer loop
         vertex -0.039 -0.0688755 0.120248
         vertex -0.039 -0.0697 0.11852
         vertex 0.039 -0.0696999 0.11852
      endloop
   endfacet
   facet normal 0 -0.923399 0.383841
      outer loop
         vertex 0.039 -0.0696999 0.11852
         vertex 0.039 -0.0688754 0.120248
         vertex -0.039 -0.0688755 0.120248
      endloop
   endfacet
   facet normal 0 -0.965313 0.261096
      outer loop
         vertex 0.039 -0.0706616 0.115629
         vertex 0.039 -0.0705095 0.116251
         vertex -0.039 -0.0705096 0.11625
      endloop
   endfacet
   facet normal 0 -0.932396 0.361439
      outer loop
         vertex -0.039 -0.0698906 0.117986
         vertex -0.039 -0.0705096 0.11625
         vertex 0.039 -0.0705095 0.116251
      endloop
   endfacet
   facet normal 0 -0.957852 0.287261
      outer loop
         vertex 0.039 -0.0705095 0.116251
         vertex 0.039 -0.0698905 0.117986
         vertex -0.039 -0.0698906 0.117986
      endloop
   endfacet
   facet normal 0 -0.987465 0.15784
      outer loop
         vertex 0.039 -0.07118 0.113205
         vertex 0.039 -0.0710825 0.11391
         vertex -0.039 -0.0710826 0.11391
      endloop
   endfacet
   facet normal 0 -0.965313 0.261096
      outer loop
         vertex -0.039 -0.0706616 0.115629
         vertex -0.039 -0.0710826 0.11391
         vertex 0.039 -0.0710825 0.11391
      endloop
   endfacet
   facet normal 0 -0.982234 0.187659
      outer loop
         vertex 0.039 -0.0710825 0.11391
         vertex 0.039 -0.0706616 0.115629
         vertex -0.039 -0.0706616 0.115629
      endloop
   endfacet
   facet normal 0 -0.998604 0.0528226
      outer loop
         vertex 0.039 -0.0714401 0.11074
         vertex 0.039 -0.0714128 0.111523
         vertex -0.039 -0.0714128 0.111523
      endloop
   endfacet
   facet normal 0 -0.987465 0.15784
      outer loop
         vertex -0.039 -0.07118 0.113205
         vertex -0.039 -0.0714128 0.111523
         vertex 0.039 -0.0714128 0.111523
      endloop
   endfacet
   facet normal 0 -0.996288 0.086085
      outer loop
         vertex 0.039 -0.0714128 0.111523
         vertex 0.039 -0.07118 0.113205
         vertex -0.039 -0.07118 0.113205
      endloop
   endfacet
   facet normal 0 -0.998606 -0.052784
      outer loop
         vertex 0.039 -0.071439 0.108261
         vertex 0.039 -0.0714968 0.109115
         vertex -0.039 -0.0714968 0.109114
      endloop
   endfacet
   facet normal 0 -0.998604 0.0528226
      outer loop
         vertex -0.039 -0.0714401 0.11074
         vertex -0.039 -0.0714968 0.109114
         vertex 0.039 -0.0714968 0.109115
      endloop
   endfacet
   facet normal 0 -0.999866 -0.0163946
      outer loop
         vertex 0.039 -0.0714968 0.109115
         vertex 0.039 -0.0714401 0.11074
         vertex -0.039 -0.0714401 0.11074
      endloop
   endfacet
   facet normal 0 -0.987471 -0.157802
      outer loop
         vertex 0.039 -0.0711767 0.105796
         vertex 0.039 -0.0713339 0.106711
         vertex -0.039 -0.0713338 0.10671
      endloop
   endfacet
   facet normal 0 -0.998606 -0.052784
      outer loop
         vertex -0.039 -0.071439 0.108261
         vertex -0.039 -0.0713338 0.10671
         vertex 0.039 -0.0713339 0.106711
      endloop
   endfacet
   facet normal 0 -0.99293 -0.118702
      outer loop
         vertex 0.039 -0.0713339 0.106711
         vertex 0.039 -0.071439 0.108261
         vertex -0.039 -0.071439 0.108261
      endloop
   endfacet
   facet normal 0 -0.965322 -0.261061
      outer loop
         vertex 0.039 -0.0706561 0.103373
         vertex 0.039 -0.0709255 0.104336
         vertex -0.039 -0.0709255 0.104335
      endloop
   endfacet
   facet normal 0 -0.987471 -0.157802
      outer loop
         vertex -0.039 -0.0711767 0.105796
         vertex -0.039 -0.0709255 0.104335
         vertex 0.039 -0.0709255 0.104336
      endloop
   endfacet
   facet normal 0 -0.975554 -0.219761
      outer loop
         vertex 0.039 -0.0709255 0.104336
         vertex 0.039 -0.0711767 0.105796
         vertex -0.039 -0.0711767 0.105796
      endloop
   endfacet
   facet normal 0 -0.932408 -0.361408
      outer loop
         vertex 0.039 -0.0698831 0.101018
         vertex 0.039 -0.0702761 0.102015
         vertex -0.039 -0.0702761 0.102015
      endloop
   endfacet
   facet normal 0 -0.965322 -0.261061
      outer loop
         vertex -0.039 -0.0706561 0.103373
         vertex -0.039 -0.0702761 0.102015
         vertex 0.039 -0.0702761 0.102015
      endloop
   endfacet
   facet normal 0 -0.94792 -0.318509
      outer loop
         vertex 0.039 -0.0702761 0.102015
         vertex 0.039 -0.0706561 0.103373
         vertex -0.039 -0.0706561 0.103373
      endloop
   endfacet
   facet normal 0 -0.889094 -0.457725
      outer loop
         vertex 0.039 -0.0688663 0.0987576
         vertex 0.039 -0.0693925 0.0997732
         vertex -0.039 -0.0693924 0.0997731
      endloop
   endfacet
   facet normal 0 -0.932408 -0.361408
      outer loop
         vertex -0.039 -0.0698831 0.101018
         vertex -0.039 -0.0693924 0.0997731
         vertex 0.039 -0.0693925 0.0997732
      endloop
   endfacet
   facet normal 0 -0.910319 -0.413908
      outer loop
         vertex 0.039 -0.0693925 0.0997732
         vertex 0.039 -0.0698831 0.101018
         vertex -0.039 -0.0698831 0.101018
      endloop
   endfacet
   facet normal 0 -0.889094 -0.457725
      outer loop
         vertex -0.039 -0.0688663 0.0987576
         vertex -0.039 -0.0682839 0.0976335
         vertex 0.039 -0.0682839 0.0976336
      endloop
   endfacet
   facet normal 0 -0.835864 -0.548936
      outer loop
         vertex 0.039 -0.0676428 0.0966
         vertex 0.039 -0.0682839 0.0976336
         vertex -0.039 -0.0682839 0.0976335
      endloop
   endfacet
   facet normal 0 -0.863144 -0.504957
      outer loop
         vertex -0.039 -0.0682839 0.0976335
         vertex -0.039 -0.0676428 0.0966
         vertex 0.039 -0.0676428 0.0966
      endloop
   endfacet
   facet normal 0 -0.863146 -0.504955
      outer loop
         vertex 0.039 -0.0682839 0.0976336
         vertex 0.039 -0.0688663 0.0987576
         vertex -0.039 -0.0688663 0.0987576
      endloop
   endfacet
   facet normal 0 -0.910317 -0.413912
      outer loop
         vertex -0.039 -0.0693924 0.0997731
         vertex -0.039 -0.0688663 0.0987576
         vertex 0.039 -0.0688663 0.0987576
      endloop
   endfacet
   facet normal 0 -0.947918 -0.318515
      outer loop
         vertex -0.039 -0.0702761 0.102015
         vertex -0.039 -0.0698831 0.101018
         vertex 0.039 -0.0698831 0.101018
      endloop
   endfacet
   facet normal 0 -0.975552 -0.219768
      outer loop
         vertex -0.039 -0.0709255 0.104335
         vertex -0.039 -0.0706561 0.103373
         vertex 0.039 -0.0706561 0.103373
      endloop
   endfacet
   facet normal 0 -0.992929 -0.118711
      outer loop
         vertex -0.039 -0.0713338 0.10671
         vertex -0.039 -0.0711767 0.105796
         vertex 0.039 -0.0711767 0.105796
      endloop
   endfacet
   facet normal 0 -0.999865 -0.0164061
      outer loop
         vertex -0.039 -0.0714968 0.109114
         vertex -0.039 -0.071439 0.108261
         vertex 0.039 -0.071439 0.108261
      endloop
   endfacet
   facet normal 0 -0.996289 0.0860717
      outer loop
         vertex -0.039 -0.0714128 0.111523
         vertex -0.039 -0.0714401 0.11074
         vertex 0.039 -0.0714401 0.11074
      endloop
   endfacet
   facet normal 0 -0.982237 0.187644
      outer loop
         vertex -0.039 -0.0710826 0.11391
         vertex -0.039 -0.07118 0.113205
         vertex 0.039 -0.07118 0.113205
      endloop
   endfacet
   facet normal 0 -0.957857 0.287244
      outer loop
         vertex -0.039 -0.0705096 0.11625
         vertex -0.039 -0.0706616 0.115629
         vertex 0.039 -0.0706616 0.115629
      endloop
   endfacet
   facet normal 0 -0.923406 0.383824
      outer loop
         vertex -0.039 -0.0697 0.11852
         vertex -0.039 -0.0698906 0.117986
         vertex 0.039 -0.0698905 0.117986
      endloop
   endfacet
   facet normal 0 -0.879236 0.476386
      outer loop
         vertex 0.039 -0.0686621 0.120695
         vertex 0.039 -0.0676428 0.1224
         vertex -0.039 -0.0676428 0.1224
      endloop
   endfacet
   facet normal 0 0 1
      outer loop
         vertex -0.00163943 -0.00309229 0.1224
         vertex -0.0400724 -0.0673529 0.1224
         vertex -0.0398653 -0.0674576 0.1224
      endloop
   endfacet
   facet normal 0 0 1
      outer loop
         vertex -0.00163943 -0.00309229 0.1224
         vertex -0.0396548 -0.0675382 0.1224
         vertex -0.0394417 -0.0675957 0.1224
      endloop
   endfacet
   facet normal 0 0 1
      outer loop
         vertex -0.00163943 -0.00309229 0.1224
         vertex -0.0402748 -0.0672233 0.1224
         vertex -0.0400724 -0.0673529 0.1224
      endloop
   endfacet
   facet normal 0 0 1
      outer loop
         vertex -0.00163943 -0.00309229 0.1224
         vertex -0.00196415 -0.00289691 0.1224
         vertex -0.0415 -0.0645708 0.1224
      endloop
   endfacet
   facet normal 0 0 1
      outer loop
         vertex -0.00163943 -0.00309229 0.1224
         vertex -0.0398653 -0.0674576 0.1224
         vertex -0.0396548 -0.0675382 0.1224
      endloop
   endfacet
   facet normal 0 0 1
      outer loop
         vertex -0.00163943 -0.00309229 0.1224
         vertex -0.0403465 -0.0671665 0.1224
         vertex -0.0402748 -0.0672233 0.1224
      endloop
   endfacet
   facet normal 0 0 1
      outer loop
         vertex -0.0415 -0.0645708 0.1224
         vertex -0.0414812 -0.0649568 0.1224
         vertex -0.00163943 -0.00309229 0.1224
      endloop
   endfacet
   facet normal 0 0 1
      outer loop
         vertex -0.00163943 -0.00309229 0.1224
         vertex -0.0393422 -0.0676118 0.1224
         vertex -0.0392268 -0.0676304 0.1224
      endloop
   endfacet
   facet normal 0 0 1
      outer loop
         vertex -0.0398653 -0.0674576 0.1224
         vertex -0.0398653 -0.0674576 0.1224
         vertex -0.00163943 -0.00309229 0.1224
      endloop
   endfacet
   facet normal 0 0 1
      outer loop
         vertex -0.00163943 -0.00309229 0.1224
         vertex -0.0411035 -0.0662466 0.1224
         vertex -0.0409849 -0.0664589 0.1224
      endloop
   endfacet
   facet normal 0 0 1
      outer loop
         vertex -0.0414812 -0.0649568 0.1224
         vertex -0.041419 -0.0653638 0.1224
         vertex -0.00163943 -0.00309229 0.1224
      endloop
   endfacet
   facet normal 0 0 1
      outer loop
         vertex -0.0394417 -0.0675957 0.1224
         vertex -0.0393422 -0.0676118 0.1224
         vertex -0.00163943 -0.00309229 0.1224
      endloop
   endfacet
   facet normal 0 0 1
      outer loop
         vertex -0.00163943 -0.00309229 0.1224
         vertex -0.0405656 -0.0669768 0.1224
         vertex -0.0404696 -0.0670689 0.1224
      endloop
   endfacet
   facet normal 0 0 1
      outer loop
         vertex -0.00163943 -0.00309229 0.1224
         vertex -0.0412359 -0.0659584 0.1224
         vertex -0.0411035 -0.0662466 0.1224
      endloop
   endfacet
   facet normal 0 0 1
      outer loop
         vertex -0.00163943 -0.00309229 0.1224
         vertex -0.0413181 -0.0657423 0.1224
         vertex -0.0412702 -0.065879 0.1224
      endloop
   endfacet
   facet normal 0 0 1
      outer loop
         vertex -0.041419 -0.0653638 0.1224
         vertex -0.04133 -0.065705 0.1224
         vertex -0.00163943 -0.00309229 0.1224
      endloop
   endfacet
   facet normal 0 0 1
      outer loop
         vertex -0.0392268 -0.0676304 0.1224
         vertex -0.0390735 -0.0676388 0.1224
         vertex -0.00163943 -0.00309229 0.1224
      endloop
   endfacet
   facet normal 0 0 1
      outer loop
         vertex -0.00163943 -0.00309229 0.1224
         vertex -0.0406502 -0.0668925 0.1224
         vertex -0.0405656 -0.0669768 0.1224
      endloop
   endfacet
   facet normal 0 0 1
      outer loop
         vertex -0.00163943 -0.00309229 0.1224
         vertex -0.0409462 -0.0665141 0.1224
         vertex -0.0407661 -0.0667582 0.1224
      endloop
   endfacet
   facet normal 0 0 1
      outer loop
         vertex -0.0412359 -0.0659584 0.1224
         vertex -0.0411379 -0.0661849 0.1224
         vertex -0.0411035 -0.0662466 0.1224
      endloop
   endfacet
   facet normal 0 0 1
      outer loop
         vertex -0.04133 -0.065705 0.1224
         vertex -0.0413181 -0.0657423 0.1224
         vertex -0.00163943 -0.00309229 0.1224
      endloop
   endfacet
   facet normal 0 0 1
      outer loop
         vertex 0.00163943 -0.00309229 0.1224
         vertex 0.0407654 -0.0667574 0.1224
         vertex 0.0408778 -0.0666179 0.1224
      endloop
   endfacet
   facet normal 0 0 1
      outer loop
         vertex 0.00163943 -0.00309229 0.1224
         vertex 0.039678 -0.0675305 0.1224
         vertex 0.0398954 -0.067444 0.1224
      endloop
   endfacet
   facet normal 0 0 1
      outer loop
         vertex 0.00224676 0.0414391 0.1224
         vertex 0.000189486 0.00349487 0.1224
         vertex 0.000566237 0.00345389 0.1224
      endloop
   endfacet
   facet normal 0 0 1
      outer loop
         vertex -0.00224676 0.0414391 0.1224
         vertex -0.000189486 0.00349487 0.1224
         vertex 0.000189486 0.00349487 0.1224
      endloop
   endfacet
   facet normal 0 0 1
      outer loop
         vertex -0.0404696 -0.0670689 0.1224
         vertex -0.0403465 -0.0671665 0.1224
         vertex -0.00163943 -0.00309229 0.1224
      endloop
   endfacet
   facet normal 0 0 1
      outer loop
         vertex -0.0409462 -0.0665141 0.1224
         vertex -0.0408157 -0.0667007 0.1224
         vertex -0.0407661 -0.0667582 0.1224
      endloop
   endfacet
   facet normal 0 0 1
      outer loop
         vertex -0.0412702 -0.065879 0.1224
         vertex -0.0412359 -0.0659584 0.1224
         vertex -0.00163943 -0.00309229 0.1224
      endloop
   endfacet
   facet normal 0 0 1
      outer loop
         vertex 0.00163943 -0.00309229 0.1224
         vertex 0.0406492 -0.0668916 0.1224
         vertex 0.0407654 -0.0667574 0.1224
      endloop
   endfacet
   facet normal 0 0 1
      outer loop
         vertex 0.00163943 -0.00309229 0.1224
         vertex 0.0403053 -0.0672012 0.1224
         vertex 0.0404934 -0.0670477 0.1224
      endloop
   endfacet
   facet normal 0 0 1
      outer loop
         vertex 0.00163943 -0.00309229 0.1224
         vertex 0.0396069 -0.0675504 0.1224
         vertex 0.039678 -0.0675305 0.1224
      endloop
   endfacet
   facet normal 0 0 1
      outer loop
         vertex 0.00163943 -0.00309229 0.1224
         vertex 0.0393422 -0.0676117 0.1224
         vertex 0.0394598 -0.0675917 0.1224
      endloop
   endfacet
   facet normal 0 0 1
      outer loop
         vertex 0.0111024 0.0399873 0.1224
         vertex 0.000936349 0.00337242 0.1224
         vertex 0.00129548 0.00325142 0.1224
      endloop
   endfacet
   facet normal 0 0 1
      outer loop
         vertex 0.0111024 0.0399873 0.1224
         vertex 0.00671395 0.0409533 0.1224
         vertex 0.000566237 0.00345389 0.1224
      endloop
   endfacet
   facet normal 0 0 1
      outer loop
         vertex 0.000189486 0.00349487 0.1224
         vertex 0.00224676 0.0414391 0.1224
         vertex -0.00224676 0.0414391 0.1224
      endloop
   endfacet
   facet normal 0 0 1
      outer loop
         vertex -0.00224676 0.0414391 0.1224
         vertex -0.00671395 0.0409533 0.1224
         vertex -0.000566237 0.00345389 0.1224
      endloop
   endfacet
   facet normal 0 0 1
      outer loop
         vertex -0.0406502 -0.0668925 0.1224
         vertex -0.0406341 -0.0669111 0.1224
         vertex -0.0405656 -0.0669768 0.1224
      endloop
   endfacet
   facet normal 0 0 1
      outer loop
         vertex -0.0409849 -0.0664589 0.1224
         vertex -0.0409462 -0.0665141 0.1224
         vertex -0.00163943 -0.00309229 0.1224
      endloop
   endfacet
   facet normal 0 0 1
      outer loop
         vertex -0.039 -0.0676428 0.1224
         vertex -0.000189486 -0.00349487 0.1224
         vertex -0.000566237 -0.00345389 0.1224
      endloop
   endfacet
   facet normal 0 0 1
      outer loop
         vertex 0.039 -0.0676428 0.1224
         vertex 0.000566237 -0.00345389 0.1224
         vertex 0.000189486 -0.00349487 0.1224
      endloop
   endfacet
   facet normal 0 0 1
      outer loop
         vertex 0.00163943 -0.00309229 0.1224
         vertex 0.0409452 -0.0665132 0.1224
         vertex 0.0410493 -0.0663514 0.1224
      endloop
   endfacet
   facet normal 0 0 1
      outer loop
         vertex 0.0406492 -0.0668916 0.1224
         vertex 0.040691 -0.0668498 0.1224
         vertex 0.0407654 -0.0667574 0.1224
      endloop
   endfacet
   facet normal 0 0 1
      outer loop
         vertex 0.00163943 -0.00309229 0.1224
         vertex 0.040113 -0.0673291 0.1224
         vertex 0.0403053 -0.0672012 0.1224
      endloop
   endfacet
   facet normal 0 0 1
      outer loop
         vertex 0.0398954 -0.067444 0.1224
         vertex 0.0401103 -0.0673308 0.1224
         vertex 0.00163943 -0.00309229 0.1224
      endloop
   endfacet
   facet normal 0 0 1
      outer loop
         vertex 0.00163943 -0.00309229 0.1224
         vertex 0.039 -0.0676428 0.1224
         vertex 0.0393422 -0.0676117 0.1224
      endloop
   endfacet
   facet normal 0 0 1
      outer loop
         vertex 0.0393422 -0.0676117 0.1224
         vertex 0.039 -0.0676428 0.1224
         vertex 0.0390736 -0.06764 0.1224
      endloop
   endfacet
   facet normal 0 0 1
      outer loop
         vertex 0.000566237 0.00345389 0.1224
         vertex 0.000936349 0.00337242 0.1224
         vertex 0.0111024 0.0399873 0.1224
      endloop
   endfacet
   facet normal 0 0 1
      outer loop
         vertex -0.000566237 0.00345389 0.1224
         vertex -0.000189486 0.00349487 0.1224
         vertex -0.00224676 0.0414391 0.1224
      endloop
   endfacet
   facet normal 0 0 1
      outer loop
         vertex -0.0111024 0.0399873 0.1224
         vertex -0.000936349 0.00337242 0.1224
         vertex -0.000566237 0.00345389 0.1224
      endloop
   endfacet
   facet normal 0 0 1
      outer loop
         vertex -0.0111024 0.0399873 0.1224
         vertex -0.0153607 0.0385525 0.1224
         vertex -0.00129548 0.00325142 0.1224
      endloop
   endfacet
   facet normal 0 0 1
      outer loop
         vertex -0.019439 0.0366657 0.1224
         vertex -0.00163943 0.00309229 0.1224
         vertex -0.00129548 0.00325142 0.1224
      endloop
   endfacet
   facet normal 0 0 1
      outer loop
         vertex -0.0232893 0.0343491 0.1224
         vertex -0.00196415 0.00289691 0.1224
         vertex -0.00163943 0.00309229 0.1224
      endloop
   endfacet
   facet normal 0 0 1
      outer loop
         vertex -0.0407661 -0.0667582 0.1224
         vertex -0.0406502 -0.0668925 0.1224
         vertex -0.00163943 -0.00309229 0.1224
      endloop
   endfacet
   facet normal 0 0 1
      outer loop
         vertex -0.000566237 -0.00345389 0.1224
         vertex -0.000936349 -0.00337242 0.1224
         vertex -0.039 -0.0676428 0.1224
      endloop
   endfacet
   facet normal 0 0 1
      outer loop
         vertex 0.000189486 -0.00349487 0.1224
         vertex -0.039 -0.0676428 0.1224
         vertex 0.039 -0.0676428 0.1224
      endloop
   endfacet
   facet normal 0 0 1
      outer loop
         vertex 0.039 -0.0676428 0.1224
         vertex 0.00129548 -0.00325142 0.1224
         vertex 0.000936349 -0.00337242 0.1224
      endloop
   endfacet
   facet normal 0 0 1
      outer loop
         vertex 0.00163943 -0.00309229 0.1224
         vertex 0.0413979 -0.0655055 0.1224
         vertex 0.0415 -0.0652024 0.1224
      endloop
   endfacet
   facet normal 0 0 1
      outer loop
         vertex 0.00163943 -0.00309229 0.1224
         vertex 0.0412357 -0.0659584 0.1224
         vertex 0.0413183 -0.0657416 0.1224
      endloop
   endfacet
   facet normal 0 0 1
      outer loop
         vertex 0.00163943 -0.00309229 0.1224
         vertex 0.0411024 -0.0662458 0.1224
         vertex 0.0412005 -0.0660507 0.1224
      endloop
   endfacet
   facet normal 0 0 1
      outer loop
         vertex 0.0408778 -0.0666179 0.1224
         vertex 0.0409452 -0.0665132 0.1224
         vertex 0.00163943 -0.00309229 0.1224
      endloop
   endfacet
   facet normal 0 0 1
      outer loop
         vertex 0.0401103 -0.0673308 0.1224
         vertex 0.040113 -0.0673291 0.1224
         vertex 0.00163943 -0.00309229 0.1224
      endloop
   endfacet
   facet normal 0 0 1
      outer loop
         vertex 0.0390736 -0.06764 0.1224
         vertex 0.0392416 -0.0676288 0.1224
         vertex 0.0393422 -0.0676117 0.1224
      endloop
   endfacet
   facet normal 0 0 1
      outer loop
         vertex 0.000566237 0.00345389 0.1224
         vertex 0.00671395 0.0409533 0.1224
         vertex 0.00224676 0.0414391 0.1224
      endloop
   endfacet
   facet normal 0 0 1
      outer loop
         vertex -0.00129548 0.00325142 0.1224
         vertex -0.000936349 0.00337242 0.1224
         vertex -0.0111024 0.0399873 0.1224
      endloop
   endfacet
   facet normal 0 0 1
      outer loop
         vertex -0.00163943 0.00309229 0.1224
         vertex -0.019439 0.0366657 0.1224
         vertex -0.0232893 0.0343491 0.1224
      endloop
   endfacet
   facet normal 0 0 1
      outer loop
         vertex -0.0232893 0.0343491 0.1224
         vertex -0.0268665 0.0316297 0.1224
         vertex -0.00226585 0.00266757 0.1224
      endloop
   endfacet
   facet normal 0 0 1
      outer loop
         vertex -0.0415 1.90586e-18 0.1224
         vertex -0.0415 -0.0645708 0.1224
         vertex -0.002999 -0.00180444 0.1224
      endloop
   endfacet
   facet normal 0 0 1
      outer loop
         vertex -0.0415 -0.0645708 0.1224
         vertex -0.00196415 -0.00289691 0.1224
         vertex -0.00226585 -0.00266757 0.1224
      endloop
   endfacet
   facet normal 0 0 1
      outer loop
         vertex -0.039 -0.0676428 0.1224
         vertex -0.00129548 -0.00325142 0.1224
         vertex -0.00163943 -0.00309229 0.1224
      endloop
   endfacet
   facet normal 0 0 1
      outer loop
         vertex 0.000189486 -0.00349487 0.1224
         vertex -0.000189486 -0.00349487 0.1224
         vertex -0.039 -0.0676428 0.1224
      endloop
   endfacet
   facet normal 0 0 1
      outer loop
         vertex 0.039 -0.0676428 0.1224
         vertex 0.00163943 -0.00309229 0.1224
         vertex 0.00129548 -0.00325142 0.1224
      endloop
   endfacet
   facet normal 0 0 1
      outer loop
         vertex 0.0413183 -0.0657416 0.1224
         vertex 0.0413979 -0.0655055 0.1224
         vertex 0.00163943 -0.00309229 0.1224
      endloop
   endfacet
   facet normal 0 0 1
      outer loop
         vertex 0.0410493 -0.0663514 0.1224
         vertex 0.0411024 -0.0662458 0.1224
         vertex 0.00163943 -0.00309229 0.1224
      endloop
   endfacet
   facet normal 0 0 1
      outer loop
         vertex 0.0404934 -0.0670477 0.1224
         vertex 0.040565 -0.066976 0.1224
         vertex 0.00163943 -0.00309229 0.1224
      endloop
   endfacet
   facet normal 0 0 1
      outer loop
         vertex 0.039 -0.0676428 0.1224
         vertex 0.0390369 -0.0676425 0.1224
         vertex 0.0390736 -0.06764 0.1224
      endloop
   endfacet
   facet normal 0 0 1
      outer loop
         vertex -0.000566237 0.00345389 0.1224
         vertex -0.00671395 0.0409533 0.1224
         vertex -0.0111024 0.0399873 0.1224
      endloop
   endfacet
   facet normal 0 0 1
      outer loop
         vertex -0.00226585 0.00266757 0.1224
         vertex -0.00196415 0.00289691 0.1224
         vertex -0.0232893 0.0343491 0.1224
      endloop
   endfacet
   facet normal 0 0 1
      outer loop
         vertex -0.0301288 0.0285395 0.1224
         vertex -0.00254098 0.00240695 0.1224
         vertex -0.00226585 0.00266757 0.1224
      endloop
   endfacet
   facet normal 0 0 1
      outer loop
         vertex -0.0301288 0.0285395 0.1224
         vertex -0.0330379 0.0251147 0.1224
         vertex -0.00278633 0.00211811 0.1224
      endloop
   endfacet
   facet normal 0 0 1
      outer loop
         vertex -0.002999 -0.00180444 0.1224
         vertex -0.00317651 -0.00146961 0.1224
         vertex -0.0415 1.90586e-18 0.1224
      endloop
   endfacet
   facet normal 0 0 1
      outer loop
         vertex -0.0415 -0.0645708 0.1224
         vertex -0.00254098 -0.00240695 0.1224
         vertex -0.00278633 -0.00211811 0.1224
      endloop
   endfacet
   facet normal 0 0 1
      outer loop
         vertex -0.0390735 -0.0676388 0.1224
         vertex -0.039 -0.0676428 0.1224
         vertex -0.00163943 -0.00309229 0.1224
      endloop
   endfacet
   facet normal 0 0 1
      outer loop
         vertex 0.000936349 -0.00337242 0.1224
         vertex 0.000566237 -0.00345389 0.1224
         vertex 0.039 -0.0676428 0.1224
      endloop
   endfacet
   facet normal 0 0 1
      outer loop
         vertex 0.0412005 -0.0660507 0.1224
         vertex 0.0412357 -0.0659584 0.1224
         vertex 0.00163943 -0.00309229 0.1224
      endloop
   endfacet
   facet normal 0 0 1
      outer loop
         vertex 0.0394598 -0.0675917 0.1224
         vertex 0.0396069 -0.0675504 0.1224
         vertex 0.00163943 -0.00309229 0.1224
      endloop
   endfacet
   facet normal 0 0 1
      outer loop
         vertex 0.019439 0.0366657 0.1224
         vertex 0.00163943 0.00309229 0.1224
         vertex 0.00196415 0.00289691 0.1224
      endloop
   endfacet
   facet normal 0 0 1
      outer loop
         vertex 0.019439 0.0366657 0.1224
         vertex 0.0153607 0.0385525 0.1224
         vertex 0.00129548 0.00325142 0.1224
      endloop
   endfacet
   facet normal 0 0 1
      outer loop
         vertex -0.00129548 0.00325142 0.1224
         vertex -0.0153607 0.0385525 0.1224
         vertex -0.019439 0.0366657 0.1224
      endloop
   endfacet
   facet normal 0 0 1
      outer loop
         vertex -0.00278633 0.00211811 0.1224
         vertex -0.00254098 0.00240695 0.1224
         vertex -0.0301288 0.0285395 0.1224
      endloop
   endfacet
   facet normal 0 0 1
      outer loop
         vertex -0.0355596 0.0213955 0.1224
         vertex -0.002999 0.00180444 0.1224
         vertex -0.00278633 0.00211811 0.1224
      endloop
   endfacet
   facet normal 0 0 1
      outer loop
         vertex -0.0355596 0.0213955 0.1224
         vertex -0.0376644 0.0174254 0.1224
         vertex -0.00317651 0.00146961 0.1224
      endloop
   endfacet
   facet normal 0 0 1
      outer loop
         vertex -0.0405298 0.00892127 0.1224
         vertex -0.00341817 0.000752397 0.1224
         vertex -0.00331679 0.00111756 0.1224
      endloop
   endfacet
   facet normal 0 0 1
      outer loop
         vertex -0.0405298 0.00892127 0.1224
         vertex -0.0412567 0.00448694 0.1224
         vertex -0.00347948 0.000378417 0.1224
      endloop
   endfacet
   facet normal 0 0 1
      outer loop
         vertex -0.0415 1.90586e-18 0.1224
         vertex -0.0035 1.50019e-18 0.1224
         vertex -0.00347948 0.000378417 0.1224
      endloop
   endfacet
   facet normal 0 0 1
      outer loop
         vertex -0.00278633 -0.00211811 0.1224
         vertex -0.002999 -0.00180444 0.1224
         vertex -0.0415 -0.0645708 0.1224
      endloop
   endfacet
   facet normal 0 0 1
      outer loop
         vertex -0.000936349 -0.00337242 0.1224
         vertex -0.00129548 -0.00325142 0.1224
         vertex -0.039 -0.0676428 0.1224
      endloop
   endfacet
   facet normal 0 0 1
      outer loop
         vertex 0.040565 -0.066976 0.1224
         vertex 0.0406492 -0.0668916 0.1224
         vertex 0.00163943 -0.00309229 0.1224
      endloop
   endfacet
   facet normal 0 0 1
      outer loop
         vertex 0.00129548 0.00325142 0.1224
         vertex 0.00163943 0.00309229 0.1224
         vertex 0.019439 0.0366657 0.1224
      endloop
   endfacet
   facet normal 0 0 1
      outer loop
         vertex -0.00226585 0.00266757 0.1224
         vertex -0.0268665 0.0316297 0.1224
         vertex -0.0301288 0.0285395 0.1224
      endloop
   endfacet
   facet normal 0 0 1
      outer loop
         vertex -0.00317651 0.00146961 0.1224
         vertex -0.002999 0.00180444 0.1224
         vertex -0.0355596 0.0213955 0.1224
      endloop
   endfacet
   facet normal 0 0 1
      outer loop
         vertex -0.0376644 0.0174254 0.1224
         vertex -0.0393276 0.013251 0.1224
         vertex -0.00331679 0.00111756 0.1224
      endloop
   endfacet
   facet normal 0 0 1
      outer loop
         vertex -0.00347948 0.000378417 0.1224
         vertex -0.00341817 0.000752397 0.1224
         vertex -0.0405298 0.00892127 0.1224
      endloop
   endfacet
   facet normal 0 0 1
      outer loop
         vertex -0.0415 1.90586e-18 0.1224
         vertex -0.00347948 -0.000378417 0.1224
         vertex -0.0035 1.50019e-18 0.1224
      endloop
   endfacet
   facet normal 0 0 1
      outer loop
         vertex -0.00226585 -0.00266757 0.1224
         vertex -0.00254098 -0.00240695 0.1224
         vertex -0.0415 -0.0645708 0.1224
      endloop
   endfacet
   facet normal 0 0 1
      outer loop
         vertex 0.0415 -0.0652024 0.1224
         vertex 0.00226585 -0.00266757 0.1224
         vertex 0.00196415 -0.00289691 0.1224
      endloop
   endfacet
   facet normal 0 0 1
      outer loop
         vertex 0.0415 0 0.1224
         vertex 0.00317651 -0.00146961 0.1224
         vertex 0.002999 -0.00180444 0.1224
      endloop
   endfacet
   facet normal 0 0 1
      outer loop
         vertex 0.00129548 0.00325142 0.1224
         vertex 0.0153607 0.0385525 0.1224
         vertex 0.0111024 0.0399873 0.1224
      endloop
   endfacet
   facet normal 0 0 1
      outer loop
         vertex -0.00331679 0.00111756 0.1224
         vertex -0.00317651 0.00146961 0.1224
         vertex -0.0376644 0.0174254 0.1224
      endloop
   endfacet
   facet normal 0 0 1
      outer loop
         vertex -0.00347948 0.000378417 0.1224
         vertex -0.0412567 0.00448694 0.1224
         vertex -0.0415 1.90586e-18 0.1224
      endloop
   endfacet
   facet normal 0 0 1
      outer loop
         vertex -0.0415 1.90586e-18 0.1224
         vertex -0.00331679 -0.00111756 0.1224
         vertex -0.00341817 -0.000752397 0.1224
      endloop
   endfacet
   facet normal 0 0 1
      outer loop
         vertex 0.0415 -0.0652024 0.1224
         vertex 0.00196415 -0.00289691 0.1224
         vertex 0.00163943 -0.00309229 0.1224
      endloop
   endfacet
   facet normal 0 0 1
      outer loop
         vertex 0.0415 -0.0652024 0.1224
         vertex 0.00278633 -0.00211811 0.1224
         vertex 0.00254098 -0.00240695 0.1224
      endloop
   endfacet
   facet normal 0 0 1
      outer loop
         vertex 0.0415 0 0.1224
         vertex 0.00331679 -0.00111756 0.1224
         vertex 0.00317651 -0.00146961 0.1224
      endloop
   endfacet
   facet normal 0 0 1
      outer loop
         vertex 0.0405298 0.00892127 0.1224
         vertex 0.00341817 0.000752397 0.1224
         vertex 0.00347948 0.000378417 0.1224
      endloop
   endfacet
   facet normal 0 0 1
      outer loop
         vertex 0.0405298 0.00892127 0.1224
         vertex 0.0393276 0.013251 0.1224
         vertex 0.00331679 0.00111756 0.1224
      endloop
   endfacet
   facet normal 0 0 1
      outer loop
         vertex 0.0301288 0.0285395 0.1224
         vertex 0.00254098 0.00240695 0.1224
         vertex 0.00278633 0.00211811 0.1224
      endloop
   endfacet
   facet normal 0 0 1
      outer loop
         vertex 0.0301288 0.0285395 0.1224
         vertex 0.0268665 0.0316297 0.1224
         vertex 0.00226585 0.00266757 0.1224
      endloop
   endfacet
   facet normal 0 0 1
      outer loop
         vertex -0.00278633 0.00211811 0.1224
         vertex -0.0330379 0.0251147 0.1224
         vertex -0.0355596 0.0213955 0.1224
      endloop
   endfacet
   facet normal 0 0 1
      outer loop
         vertex -0.00341817 -0.000752397 0.1224
         vertex -0.00347948 -0.000378417 0.1224
         vertex -0.0415 1.90586e-18 0.1224
      endloop
   endfacet
   facet normal 0 0 1
      outer loop
         vertex 0.00254098 -0.00240695 0.1224
         vertex 0.00226585 -0.00266757 0.1224
         vertex 0.0415 -0.0652024 0.1224
      endloop
   endfacet
   facet normal 0 0 1
      outer loop
         vertex 0.002999 -0.00180444 0.1224
         vertex 0.0415 -0.0652024 0.1224
         vertex 0.0415 0 0.1224
      endloop
   endfacet
   facet normal 0 0 1
      outer loop
         vertex 0.00331679 0.00111756 0.1224
         vertex 0.00341817 0.000752397 0.1224
         vertex 0.0405298 0.00892127 0.1224
      endloop
   endfacet
   facet normal 0 0 1
      outer loop
         vertex 0.0393276 0.013251 0.1224
         vertex 0.0376644 0.0174254 0.1224
         vertex 0.00317651 0.00146961 0.1224
      endloop
   endfacet
   facet normal 0 0 1
      outer loop
         vertex 0.0355596 0.0213955 0.1224
         vertex 0.002999 0.00180444 0.1224
         vertex 0.00317651 0.00146961 0.1224
      endloop
   endfacet
   facet normal 0 0 1
      outer loop
         vertex 0.0355596 0.0213955 0.1224
         vertex 0.0330379 0.0251147 0.1224
         vertex 0.00278633 0.00211811 0.1224
      endloop
   endfacet
   facet normal 0 0 1
      outer loop
         vertex 0.00226585 0.00266757 0.1224
         vertex 0.00254098 0.00240695 0.1224
         vertex 0.0301288 0.0285395 0.1224
      endloop
   endfacet
   facet normal 0 0 1
      outer loop
         vertex 0.0268665 0.0316297 0.1224
         vertex 0.0232893 0.0343491 0.1224
         vertex 0.00196415 0.00289691 0.1224
      endloop
   endfacet
   facet normal 0 0 1
      outer loop
         vertex -0.00331679 0.00111756 0.1224
         vertex -0.0393276 0.013251 0.1224
         vertex -0.0405298 0.00892127 0.1224
      endloop
   endfacet
   facet normal 0 0 1
      outer loop
         vertex 0.002999 -0.00180444 0.1224
         vertex 0.00278633 -0.00211811 0.1224
         vertex 0.0415 -0.0652024 0.1224
      endloop
   endfacet
   facet normal 0 0 1
      outer loop
         vertex 0.00317651 0.00146961 0.1224
         vertex 0.00331679 0.00111756 0.1224
         vertex 0.0393276 0.013251 0.1224
      endloop
   endfacet
   facet normal 0 0 1
      outer loop
         vertex 0.00278633 0.00211811 0.1224
         vertex 0.002999 0.00180444 0.1224
         vertex 0.0355596 0.0213955 0.1224
      endloop
   endfacet
   facet normal 0 0 1
      outer loop
         vertex 0.00196415 0.00289691 0.1224
         vertex 0.00226585 0.00266757 0.1224
         vertex 0.0268665 0.0316297 0.1224
      endloop
   endfacet
   facet normal 0 0 1
      outer loop
         vertex -0.00317651 -0.00146961 0.1224
         vertex -0.00331679 -0.00111756 0.1224
         vertex -0.0415 1.90586e-18 0.1224
      endloop
   endfacet
   facet normal 0 0 1
      outer loop
         vertex 0.0415 0 0.1224
         vertex 0.00347948 -0.000378417 0.1224
         vertex 0.00341817 -0.000752397 0.1224
      endloop
   endfacet
   facet normal 0 0 1
      outer loop
         vertex 0.0415 0 0.1224
         vertex 0.0412567 0.00448694 0.1224
         vertex 0.00347948 0.000378417 0.1224
      endloop
   endfacet
   facet normal 0 0 1
      outer loop
         vertex 0.00317651 0.00146961 0.1224
         vertex 0.0376644 0.0174254 0.1224
         vertex 0.0355596 0.0213955 0.1224
      endloop
   endfacet
   facet normal 0 0 1
      outer loop
         vertex 0.00196415 0.00289691 0.1224
         vertex 0.0232893 0.0343491 0.1224
         vertex 0.019439 0.0366657 0.1224
      endloop
   endfacet
   facet normal 0 0 1
      outer loop
         vertex 0.0415 0 0.1224
         vertex 0.0035 -6.4294e-19 0.1224
         vertex 0.00347948 -0.000378417 0.1224
      endloop
   endfacet
   facet normal 0 0 1
      outer loop
         vertex 0.00347948 0.000378417 0.1224
         vertex 0.0412567 0.00448694 0.1224
         vertex 0.0405298 0.00892127 0.1224
      endloop
   endfacet
   facet normal 0 0 1
      outer loop
         vertex 0.00341817 -0.000752397 0.1224
         vertex 0.00331679 -0.00111756 0.1224
         vertex 0.0415 0 0.1224
      endloop
   endfacet
   facet normal 0 0 1
      outer loop
         vertex 0.00278633 0.00211811 0.1224
         vertex 0.0330379 0.0251147 0.1224
         vertex 0.0301288 0.0285395 0.1224
      endloop
   endfacet
   facet normal 0 0 1
      outer loop
         vertex 0.00347948 0.000378417 0.1224
         vertex 0.0035 -6.4294e-19 0.1224
         vertex 0.0415 0 0.1224
      endloop
   endfacet
   facet normal 0.137012 -0.870945 0.471893
      outer loop
         vertex 0.0393425 -0.0686413 0.120684
         vertex 0.0390736 -0.0686611 0.120695
         vertex 0.0390736 -0.0696989 0.11852
      endloop
   endfacet
   facet normal 0.137012 -0.914691 0.380221
      outer loop
         vertex 0.0393425 -0.0696781 0.118511
         vertex 0.0390736 -0.0696989 0.11852
         vertex 0.0390736 -0.0705085 0.11625
      endloop
   endfacet
   facet normal 0.137012 -0.948819 0.284551
      outer loop
         vertex 0.0393425 -0.070487 0.116244
         vertex 0.0390736 -0.0705085 0.11625
         vertex 0.0390736 -0.0710814 0.11391
      endloop
   endfacet
   facet normal 0.137012 -0.972971 0.18589
      outer loop
         vertex 0.0393425 -0.0710593 0.113906
         vertex 0.0390736 -0.0710814 0.11391
         vertex 0.0390736 -0.0714117 0.111523
      endloop
   endfacet
   facet normal 0.137012 -0.986892 0.0852731
      outer loop
         vertex 0.0393425 -0.0713893 0.111521
         vertex 0.0390736 -0.0714117 0.111523
         vertex 0.0390736 -0.0714958 0.109115
      endloop
   endfacet
   facet normal 0.137012 -0.990436 -0.01624
      outer loop
         vertex 0.0393425 -0.0714733 0.109115
         vertex 0.0390736 -0.0714958 0.109115
         vertex 0.0390736 -0.0713328 0.106711
      endloop
   endfacet
   facet normal 0.137012 -0.983566 -0.117582
      outer loop
         vertex 0.0393425 -0.0713104 0.106713
         vertex 0.0390736 -0.0713328 0.106711
         vertex 0.0390736 -0.0709245 0.104336
      endloop
   endfacet
   facet normal 0.137012 -0.966354 -0.217688
      outer loop
         vertex 0.0393425 -0.0709025 0.104341
         vertex 0.0390736 -0.0709245 0.104336
         vertex 0.0390736 -0.0702751 0.102015
      endloop
   endfacet
   facet normal 0.137012 -0.93898 -0.315505
      outer loop
         vertex 0.0393425 -0.0702538 0.102023
         vertex 0.0390736 -0.0702751 0.102015
         vertex 0.0390736 -0.0693915 0.0997736
      endloop
   endfacet
   facet normal 0.137012 -0.901734 -0.410005
      outer loop
         vertex 0.0393425 -0.069371 0.0997829
         vertex 0.0390736 -0.0693915 0.0997736
         vertex 0.0390736 -0.068283 0.0976341
      endloop
   endfacet
   facet normal 0.24298 -0.852887 0.462109
      outer loop
         vertex 0.0396075 -0.0685962 0.120659
         vertex 0.0393425 -0.0686413 0.120684
         vertex 0.0393425 -0.0696781 0.118511
      endloop
   endfacet
   facet normal 0.24298 -0.895726 0.372338
      outer loop
         vertex 0.0396075 -0.0696307 0.118492
         vertex 0.0393425 -0.0696781 0.118511
         vertex 0.0393425 -0.070487 0.116244
      endloop
   endfacet
   facet normal 0.24298 -0.929147 0.278652
      outer loop
         vertex 0.0396075 -0.0704378 0.116229
         vertex 0.0393425 -0.070487 0.116244
         vertex 0.0393425 -0.0710593 0.113906
      endloop
   endfacet
   facet normal 0.24298 -0.952798 0.182035
      outer loop
         vertex 0.0396075 -0.0710089 0.113896
         vertex 0.0393425 -0.0710593 0.113906
         vertex 0.0393425 -0.0713893 0.111521
      endloop
   endfacet
   facet normal 0.24298 -0.96643 0.0835051
      outer loop
         vertex 0.0396075 -0.0713381 0.111517
         vertex 0.0393425 -0.0713893 0.111521
         vertex 0.0393425 -0.0714733 0.109115
      endloop
   endfacet
   facet normal 0.24298 -0.969901 -0.0159032
      outer loop
         vertex 0.0396075 -0.0714219 0.109116
         vertex 0.0393425 -0.0714733 0.109115
         vertex 0.0393425 -0.0713104 0.106713
      endloop
   endfacet
   facet normal 0.24298 -0.963173 -0.115144
      outer loop
         vertex 0.0396075 -0.0712595 0.106719
         vertex 0.0393425 -0.0713104 0.106713
         vertex 0.0393425 -0.0709025 0.104341
      endloop
   endfacet
   facet normal 0.24298 -0.946318 -0.213175
      outer loop
         vertex 0.0396075 -0.0708524 0.104352
         vertex 0.0393425 -0.0709025 0.104341
         vertex 0.0393425 -0.0702538 0.102023
      endloop
   endfacet
   facet normal 0.24298 -0.919512 -0.308964
      outer loop
         vertex 0.0396075 -0.0702051 0.102039
         vertex 0.0393425 -0.0702538 0.102023
         vertex 0.0393425 -0.069371 0.0997829
      endloop
   endfacet
   facet normal 0.24298 -0.883037 -0.401504
      outer loop
         vertex 0.0396075 -0.0693243 0.0998042
         vertex 0.0393425 -0.069371 0.0997829
         vertex 0.0393425 -0.0682636 0.0976455
      endloop
   endfacet
   facet normal 0.346117 -0.824892 0.446941
      outer loop
         vertex 0.0398653 -0.0685262 0.120621
         vertex 0.0396075 -0.0685962 0.120659
         vertex 0.0396075 -0.0696307 0.118492
      endloop
   endfacet
   facet normal 0.346117 -0.866325 0.360116
      outer loop
         vertex 0.0398653 -0.0695572 0.118461
         vertex 0.0396075 -0.0696307 0.118492
         vertex 0.0396075 -0.0704378 0.116229
      endloop
   endfacet
   facet normal 0.346117 -0.898649 0.269505
      outer loop
         vertex 0.0398653 -0.0703615 0.116206
         vertex 0.0396075 -0.0704378 0.116229
         vertex 0.0396075 -0.0710089 0.113896
      endloop
   endfacet
   facet normal 0.346117 -0.921524 0.17606
      outer loop
         vertex 0.0398653 -0.0709307 0.113881
         vertex 0.0396075 -0.0710089 0.113896
         vertex 0.0396075 -0.0713381 0.111517
      endloop
   endfacet
   facet normal 0.346117 -0.934709 0.0807642
      outer loop
         vertex 0.0398653 -0.0712588 0.11151
         vertex 0.0396075 -0.0713381 0.111517
         vertex 0.0396075 -0.0714219 0.109116
      endloop
   endfacet
   facet normal 0.346117 -0.938065 -0.0153812
      outer loop
         vertex 0.0398653 -0.0713423 0.109117
         vertex 0.0396075 -0.0714219 0.109116
         vertex 0.0396075 -0.0712595 0.106719
      endloop
   endfacet
   facet normal 0.346117 -0.931558 -0.111365
      outer loop
         vertex 0.0398653 -0.0711804 0.106729
         vertex 0.0396075 -0.0712595 0.106719
         vertex 0.0396075 -0.0708524 0.104352
      endloop
   endfacet
   facet normal 0.346117 -0.915256 -0.206178
      outer loop
         vertex 0.0398653 -0.0707748 0.10437
         vertex 0.0396075 -0.0708524 0.104352
         vertex 0.0396075 -0.0702051 0.102039
      endloop
   endfacet
   facet normal 0.346117 -0.88933 -0.298822
      outer loop
         vertex 0.0398653 -0.0701296 0.102064
         vertex 0.0396075 -0.0702051 0.102039
         vertex 0.0396075 -0.0693243 0.0998042
      endloop
   endfacet
   facet normal 0.346117 -0.854053 -0.388325
      outer loop
         vertex 0.0398653 -0.0692518 0.0998371
         vertex 0.0396075 -0.0693243 0.0998042
         vertex 0.0396075 -0.0682193 0.0976714
      endloop
   endfacet
   facet normal 0.445221 -0.787286 0.426566
      outer loop
         vertex 0.0401131 -0.0684322 0.120571
         vertex 0.0398653 -0.0685262 0.120621
         vertex 0.0398653 -0.0695572 0.118461
      endloop
   endfacet
   facet normal 0.445221 -0.826831 0.343699
      outer loop
         vertex 0.0401131 -0.0694585 0.11842
         vertex 0.0398653 -0.0695572 0.118461
         vertex 0.0398653 -0.0703615 0.116206
      endloop
   endfacet
   facet normal 0.445221 -0.857681 0.257219
      outer loop
         vertex 0.0401131 -0.0702591 0.116176
         vertex 0.0398653 -0.0703615 0.116206
         vertex 0.0398653 -0.0709307 0.113881
      endloop
   endfacet
   facet normal 0.445221 -0.879513 0.168034
      outer loop
         vertex 0.0401131 -0.0708257 0.113861
         vertex 0.0398653 -0.0709307 0.113881
         vertex 0.0398653 -0.0712588 0.11151
      endloop
   endfacet
   facet normal 0.445221 -0.892097 0.0770823
      outer loop
         vertex 0.0401131 -0.0711523 0.1115
         vertex 0.0398653 -0.0712588 0.11151
         vertex 0.0398653 -0.0713423 0.109117
      endloop
   endfacet
   facet normal 0.445221 -0.8953 -0.01468
      outer loop
         vertex 0.0401131 -0.0712354 0.109119
         vertex 0.0398653 -0.0713423 0.109117
         vertex 0.0398653 -0.0711804 0.106729
      endloop
   endfacet
   facet normal 0.445221 -0.88909 -0.106288
      outer loop
         vertex 0.0401131 -0.0710743 0.106742
         vertex 0.0398653 -0.0711804 0.106729
         vertex 0.0398653 -0.0707748 0.10437
      endloop
   endfacet
   facet normal 0.445221 -0.873531 -0.196778
      outer loop
         vertex 0.0401131 -0.0706705 0.104393
         vertex 0.0398653 -0.0707748 0.10437
         vertex 0.0398653 -0.0701296 0.102064
      endloop
   endfacet
   facet normal 0.445221 -0.848787 -0.2852
      outer loop
         vertex 0.0401131 -0.0700283 0.102098
         vertex 0.0398653 -0.0701296 0.102064
         vertex 0.0398653 -0.0692518 0.0998371
      endloop
   endfacet
   facet normal 0.445221 -0.815118 -0.370622
      outer loop
         vertex 0.0401131 -0.0691545 0.0998814
         vertex 0.0398653 -0.0692518 0.0998371
         vertex 0.0398653 -0.0681505 0.0977116
      endloop
   endfacet
   facet normal 0.539138 -0.740508 0.40122
      outer loop
         vertex 0.0403478 -0.0683152 0.120507
         vertex 0.0401131 -0.0684322 0.120571
         vertex 0.0401131 -0.0694585 0.11842
      endloop
   endfacet
   facet normal 0.539138 -0.777703 0.323278
      outer loop
         vertex 0.0403478 -0.0693356 0.118369
         vertex 0.0401131 -0.0694585 0.11842
         vertex 0.0401131 -0.0702591 0.116176
      endloop
   endfacet
   facet normal 0.539138 -0.80672 0.241936
      outer loop
         vertex 0.0403478 -0.0701317 0.116137
         vertex 0.0401131 -0.0702591 0.116176
         vertex 0.0401131 -0.0708257 0.113861
      endloop
   endfacet
   facet normal 0.539138 -0.827255 0.15805
      outer loop
         vertex 0.0403478 -0.0706951 0.113836
         vertex 0.0401131 -0.0708257 0.113861
         vertex 0.0401131 -0.0711523 0.1115
      endloop
   endfacet
   facet normal 0.539138 -0.839091 0.0725023
      outer loop
         vertex 0.0403478 -0.0710198 0.111489
         vertex 0.0401131 -0.0711523 0.1115
         vertex 0.0401131 -0.0712354 0.109119
      endloop
   endfacet
   facet normal 0.539138 -0.842104 -0.0138078
      outer loop
         vertex 0.0403478 -0.0711024 0.109121
         vertex 0.0401131 -0.0712354 0.109119
         vertex 0.0401131 -0.0710743 0.106742
      endloop
   endfacet
   facet normal 0.539138 -0.836263 -0.0999726
      outer loop
         vertex 0.0403478 -0.0709422 0.106757
         vertex 0.0401131 -0.0710743 0.106742
         vertex 0.0401131 -0.0706705 0.104393
      endloop
   endfacet
   facet normal 0.539138 -0.821628 -0.185086
      outer loop
         vertex 0.0403478 -0.0705407 0.104422
         vertex 0.0401131 -0.0706705 0.104393
         vertex 0.0401131 -0.0700283 0.102098
      endloop
   endfacet
   facet normal 0.539138 -0.798354 -0.268254
      outer loop
         vertex 0.0403478 -0.0699022 0.102141
         vertex 0.0401131 -0.0700283 0.102098
         vertex 0.0401131 -0.0691545 0.0998814
      endloop
   endfacet
   facet normal 0.539138 -0.766686 -0.348601
      outer loop
         vertex 0.0403478 -0.0690334 0.0999364
         vertex 0.0401131 -0.0691545 0.0998814
         vertex 0.0401131 -0.0680583 0.0977656
      endloop
   endfacet
   facet normal 0.626774 -0.685102 0.3712
      outer loop
         vertex 0.0405669 -0.0681767 0.120432
         vertex 0.0403478 -0.0683152 0.120507
         vertex 0.0403478 -0.0693356 0.118369
      endloop
   endfacet
   facet normal 0.626774 -0.719514 0.29909
      outer loop
         vertex 0.0405669 -0.0691902 0.118308
         vertex 0.0403478 -0.0693356 0.118369
         vertex 0.0403478 -0.0701317 0.116137
      endloop
   endfacet
   facet normal 0.626774 -0.74636 0.223834
      outer loop
         vertex 0.0405669 -0.0699808 0.116092
         vertex 0.0403478 -0.0701317 0.116137
         vertex 0.0403478 -0.0706951 0.113836
      endloop
   endfacet
   facet normal 0.626774 -0.765358 0.146224
      outer loop
         vertex 0.0405669 -0.0705403 0.113806
         vertex 0.0403478 -0.0706951 0.113836
         vertex 0.0403478 -0.0710198 0.111489
      endloop
   endfacet
   facet normal 0.626774 -0.776309 0.0670775
      outer loop
         vertex 0.0405669 -0.0708628 0.111475
         vertex 0.0403478 -0.0710198 0.111489
         vertex 0.0403478 -0.0711024 0.109121
      endloop
   endfacet
   facet normal 0.626774 -0.779097 -0.0127747
      outer loop
         vertex 0.0405669 -0.0709449 0.109124
         vertex 0.0403478 -0.0711024 0.109121
         vertex 0.0403478 -0.0709422 0.106757
      endloop
   endfacet
   facet normal 0.626774 -0.773692 -0.0924925
      outer loop
         vertex 0.0405669 -0.0707858 0.106776
         vertex 0.0403478 -0.0709422 0.106757
         vertex 0.0403478 -0.0705407 0.104422
      endloop
   endfacet
   facet normal 0.626774 -0.760153 -0.171238
      outer loop
         vertex 0.0405669 -0.070387 0.104457
         vertex 0.0403478 -0.0705407 0.104422
         vertex 0.0403478 -0.0699022 0.102141
      endloop
   endfacet
   facet normal 0.626774 -0.73862 -0.248183
      outer loop
         vertex 0.0405669 -0.0697529 0.102191
         vertex 0.0403478 -0.0699022 0.102141
         vertex 0.0403478 -0.0690334 0.0999364
      endloop
   endfacet
   facet normal 0.626774 -0.709321 -0.322518
      outer loop
         vertex 0.0405669 -0.06889 0.100002
         vertex 0.0403478 -0.0690334 0.0999364
         vertex 0.0403478 -0.0679434 0.0978327
      endloop
   endfacet
   facet normal 0.707107 -0.621714 0.336856
      outer loop
         vertex 0.0407678 -0.0680182 0.120346
         vertex 0.0405669 -0.0681767 0.120432
         vertex 0.0405669 -0.0691902 0.118308
      endloop
   endfacet
   facet normal 0.707107 -0.652942 0.271417
      outer loop
         vertex 0.0407678 -0.0690237 0.118239
         vertex 0.0405669 -0.0691902 0.118308
         vertex 0.0405669 -0.0699808 0.116092
      endloop
   endfacet
   facet normal 0.707107 -0.677304 0.203124
      outer loop
         vertex 0.0407678 -0.0698082 0.11604
         vertex 0.0405669 -0.0699808 0.116092
         vertex 0.0405669 -0.0705403 0.113806
      endloop
   endfacet
   facet normal 0.707107 -0.694544 0.132695
      outer loop
         vertex 0.0407678 -0.0703633 0.113773
         vertex 0.0405669 -0.0705403 0.113806
         vertex 0.0405669 -0.0708628 0.111475
      endloop
   endfacet
   facet normal 0.707107 -0.704482 0.0608713
      outer loop
         vertex 0.0407678 -0.0706832 0.11146
         vertex 0.0405669 -0.0708628 0.111475
         vertex 0.0405669 -0.0709449 0.109124
      endloop
   endfacet
   facet normal 0.707107 -0.707012 -0.0115927
      outer loop
         vertex 0.0407678 -0.0707647 0.109127
         vertex 0.0405669 -0.0709449 0.109124
         vertex 0.0405669 -0.0707858 0.106776
      endloop
   endfacet
   facet normal 0.707107 -0.702108 -0.0839348
      outer loop
         vertex 0.0407678 -0.0706068 0.106797
         vertex 0.0405669 -0.0707858 0.106776
         vertex 0.0405669 -0.070387 0.104457
      endloop
   endfacet
   facet normal 0.707107 -0.689821 -0.155394
      outer loop
         vertex 0.0407678 -0.0702112 0.104497
         vertex 0.0405669 -0.070387 0.104457
         vertex 0.0405669 -0.0697529 0.102191
      endloop
   endfacet
   facet normal 0.707107 -0.670281 -0.22522
      outer loop
         vertex 0.0407678 -0.069582 0.102248
         vertex 0.0405669 -0.0697529 0.102191
         vertex 0.0405669 -0.06889 0.100002
      endloop
   endfacet
   facet normal 0.707107 -0.643692 -0.292677
      outer loop
         vertex 0.0407678 -0.0687259 0.100076
         vertex 0.0405669 -0.06889 0.100002
         vertex 0.0405669 -0.0678075 0.0979123
      endloop
   endfacet
   facet normal 0.779201 -0.517608 0.353451
      outer loop
         vertex 0.040948 -0.0666364 0.122226
         vertex 0.0407678 -0.0668023 0.122339
         vertex 0.0407678 -0.0680182 0.120346
      endloop
   endfacet
   facet normal 0.779201 -0.551082 0.298586
      outer loop
         vertex 0.040948 -0.0678417 0.120251
         vertex 0.0407678 -0.0680182 0.120346
         vertex 0.0407678 -0.0690237 0.118239
      endloop
   endfacet
   facet normal 0.779201 -0.578762 0.240582
      outer loop
         vertex 0.040948 -0.0688383 0.118162
         vertex 0.0407678 -0.0690237 0.118239
         vertex 0.0407678 -0.0698082 0.11604
      endloop
   endfacet
   facet normal 0.779201 -0.600357 0.180047
      outer loop
         vertex 0.040948 -0.0696158 0.115983
         vertex 0.0407678 -0.0698082 0.11604
         vertex 0.0407678 -0.0703633 0.113773
      endloop
   endfacet
   facet normal 0.779201 -0.615639 0.11762
      outer loop
         vertex 0.040948 -0.070166 0.113735
         vertex 0.0407678 -0.0703633 0.113773
         vertex 0.0407678 -0.0706832 0.11146
      endloop
   endfacet
   facet normal 0.779201 -0.624447 0.0539558
      outer loop
         vertex 0.040948 -0.0704832 0.111443
         vertex 0.0407678 -0.0706832 0.11146
         vertex 0.0407678 -0.0707647 0.109127
      endloop
   endfacet
   facet normal 0.779201 -0.62669 -0.0102757
      outer loop
         vertex 0.040948 -0.0705639 0.10913
         vertex 0.0407678 -0.0707647 0.109127
         vertex 0.0407678 -0.0706068 0.106797
      endloop
   endfacet
   facet normal 0.779201 -0.622343 -0.0743991
      outer loop
         vertex 0.040948 -0.0704074 0.106821
         vertex 0.0407678 -0.0706068 0.106797
         vertex 0.0407678 -0.0702112 0.104497
      endloop
   endfacet
   facet normal 0.779201 -0.611452 -0.13774
      outer loop
         vertex 0.040948 -0.0700153 0.104541
         vertex 0.0407678 -0.0702112 0.104497
         vertex 0.0407678 -0.069582 0.102248
      endloop
   endfacet
   facet normal 0.779201 -0.594131 -0.199633
      outer loop
         vertex 0.040948 -0.0693916 0.102312
         vertex 0.0407678 -0.069582 0.102248
         vertex 0.0407678 -0.0687259 0.100076
      endloop
   endfacet
   facet normal 0.779201 -0.570564 -0.259427
      outer loop
         vertex 0.040948 -0.0685431 0.100159
         vertex 0.0407678 -0.0687259 0.100076
         vertex 0.0407678 -0.0676519 0.0980033
      endloop
   endfacet
   facet normal 0.842217 -0.445236 0.304032
      outer loop
         vertex 0.0411055 -0.0664555 0.122102
         vertex 0.040948 -0.0666364 0.122226
         vertex 0.040948 -0.0678417 0.120251
      endloop
   endfacet
   facet normal 0.842217 -0.47403 0.256838
      outer loop
         vertex 0.0411055 -0.067649 0.120146
         vertex 0.040948 -0.0678417 0.120251
         vertex 0.040948 -0.0688383 0.118162
      endloop
   endfacet
   facet normal 0.842217 -0.49784 0.206943
      outer loop
         vertex 0.0411055 -0.068636 0.118078
         vertex 0.040948 -0.0688383 0.118162
         vertex 0.040948 -0.0696158 0.115983
      endloop
   endfacet
   facet normal 0.842217 -0.516415 0.154873
      outer loop
         vertex 0.0411055 -0.0694059 0.11592
         vertex 0.040948 -0.0696158 0.115983
         vertex 0.040948 -0.070166 0.113735
      endloop
   endfacet
   facet normal 0.842217 -0.52956 0.101174
      outer loop
         vertex 0.0411055 -0.0699508 0.113694
         vertex 0.040948 -0.070166 0.113735
         vertex 0.040948 -0.0704832 0.111443
      endloop
   endfacet
   facet normal 0.842217 -0.537137 0.0464117
      outer loop
         vertex 0.0411055 -0.0702649 0.111424
         vertex 0.040948 -0.0704832 0.111443
         vertex 0.040948 -0.0705639 0.10913
      endloop
   endfacet
   facet normal 0.842217 -0.539066 -0.00883894
      outer loop
         vertex 0.0411055 -0.0703448 0.109134
         vertex 0.040948 -0.0705639 0.10913
         vertex 0.040948 -0.0704074 0.106821
      endloop
   endfacet
   facet normal 0.842217 -0.535327 -0.0639967
      outer loop
         vertex 0.0411055 -0.0701898 0.106847
         vertex 0.040948 -0.0704074 0.106821
         vertex 0.040948 -0.0700153 0.104541
      endloop
   endfacet
   facet normal 0.842217 -0.525958 -0.118481
      outer loop
         vertex 0.0411055 -0.0698015 0.104589
         vertex 0.040948 -0.0700153 0.104541
         vertex 0.040948 -0.0693916 0.102312
      endloop
   endfacet
   facet normal 0.842217 -0.51106 -0.17172
      outer loop
         vertex 0.0411055 -0.069184 0.102382
         vertex 0.040948 -0.0693916 0.102312
         vertex 0.040948 -0.0685431 0.100159
      endloop
   endfacet
   facet normal 0.842217 -0.490788 -0.223154
      outer loop
         vertex 0.0411055 -0.0683437 0.10025
         vertex 0.040948 -0.0685431 0.100159
         vertex 0.040948 -0.0674785 0.0981047
      endloop
   endfacet
   facet normal 0.895421 -0.391455 0.212097
      outer loop
         vertex 0.0412386 -0.0674426 0.120034
         vertex 0.0411055 -0.067649 0.120146
         vertex 0.0411055 -0.068636 0.118078
      endloop
   endfacet
   facet normal 0.895421 -0.411117 0.170894
      outer loop
         vertex 0.0412386 -0.0684192 0.117988
         vertex 0.0411055 -0.068636 0.118078
         vertex 0.0411055 -0.0694059 0.11592
      endloop
   endfacet
   facet normal 0.895421 -0.426456 0.127895
      outer loop
         vertex 0.0412386 -0.069181 0.115852
         vertex 0.0411055 -0.0694059 0.11592
         vertex 0.0411055 -0.0699508 0.113694
      endloop
   endfacet
   facet normal 0.895421 -0.437312 0.08355
      outer loop
         vertex 0.0412386 -0.0697202 0.11365
         vertex 0.0411055 -0.0699508 0.113694
         vertex 0.0411055 -0.0702649 0.111424
      endloop
   endfacet
   facet normal 0.895421 -0.443569 0.0383269
      outer loop
         vertex 0.0412386 -0.070031 0.111404
         vertex 0.0411055 -0.0702649 0.111424
         vertex 0.0411055 -0.0703448 0.109134
      endloop
   endfacet
   facet normal 0.895421 -0.445161 -0.00729921
      outer loop
         vertex 0.0412386 -0.0701101 0.109137
         vertex 0.0411055 -0.0703448 0.109134
         vertex 0.0411055 -0.0701898 0.106847
      endloop
   endfacet
   facet normal 0.895421 -0.442074 -0.0528485
      outer loop
         vertex 0.0412386 -0.0699567 0.106875
         vertex 0.0411055 -0.0701898 0.106847
         vertex 0.0411055 -0.0698015 0.104589
      endloop
   endfacet
   facet normal 0.895421 -0.434337 -0.0978422
      outer loop
         vertex 0.0412386 -0.0695725 0.10464
         vertex 0.0411055 -0.0698015 0.104589
         vertex 0.0411055 -0.069184 0.102382
      endloop
   endfacet
   facet normal 0.895421 -0.422034 -0.141807
      outer loop
         vertex 0.0412386 -0.0689614 0.102457
         vertex 0.0411055 -0.069184 0.102382
         vertex 0.0411055 -0.0683437 0.10025
      endloop
   endfacet
   facet normal 0.895421 -0.405293 -0.184281
      outer loop
         vertex 0.0412386 -0.0681299 0.100347
         vertex 0.0411055 -0.0683437 0.10025
         vertex 0.0411055 -0.0672894 0.0982153
      endloop
   endfacet
   facet normal 0.938191 -0.304319 0.164885
      outer loop
         vertex 0.0413455 -0.0672248 0.119916
         vertex 0.0412386 -0.0674426 0.120034
         vertex 0.0412386 -0.0684192 0.117988
      endloop
   endfacet
   facet normal 0.938191 -0.319604 0.132854
      outer loop
         vertex 0.0413455 -0.0681904 0.117893
         vertex 0.0412386 -0.0684192 0.117988
         vertex 0.0412386 -0.069181 0.115852
      endloop
   endfacet
   facet normal 0.938191 -0.331529 0.0994258
      outer loop
         vertex 0.0413455 -0.0689437 0.115781
         vertex 0.0412386 -0.069181 0.115852
         vertex 0.0412386 -0.0697202 0.11365
      endloop
   endfacet
   facet normal 0.938191 -0.339968 0.0649521
      outer loop
         vertex 0.0413455 -0.0694768 0.113603
         vertex 0.0412386 -0.0697202 0.11365
         vertex 0.0412386 -0.070031 0.111404
      endloop
   endfacet
   facet normal 0.938191 -0.344832 0.0297955
      outer loop
         vertex 0.0413455 -0.0697841 0.111382
         vertex 0.0412386 -0.070031 0.111404
         vertex 0.0412386 -0.0701101 0.109137
      endloop
   endfacet
   facet normal 0.938191 -0.346071 -0.00567444
      outer loop
         vertex 0.0413455 -0.0698624 0.109142
         vertex 0.0412386 -0.0701101 0.109137
         vertex 0.0412386 -0.0699567 0.106875
      endloop
   endfacet
   facet normal 0.938191 -0.34367 -0.0410847
      outer loop
         vertex 0.0413455 -0.0697107 0.106905
         vertex 0.0412386 -0.0699567 0.106875
         vertex 0.0412386 -0.0695725 0.10464
      endloop
   endfacet
   facet normal 0.938191 -0.337656 -0.076063
      outer loop
         vertex 0.0413455 -0.0693308 0.104695
         vertex 0.0412386 -0.0695725 0.10464
         vertex 0.0412386 -0.0689614 0.102457
      endloop
   endfacet
   facet normal 0.938191 -0.328091 -0.110241
      outer loop
         vertex 0.0413455 -0.0687265 0.102536
         vertex 0.0412386 -0.0689614 0.102457
         vertex 0.0412386 -0.0681299 0.100347
      endloop
   endfacet
   facet normal 0.938191 -0.315077 -0.143261
      outer loop
         vertex 0.0413455 -0.0679044 0.10045
         vertex 0.0412386 -0.0681299 0.100347
         vertex 0.0412386 -0.0670868 0.0983339
      endloop
   endfacet
   facet normal 0.970031 -0.213637 0.115752
      outer loop
         vertex 0.0414251 -0.0669981 0.119793
         vertex 0.0413455 -0.0672248 0.119916
         vertex 0.0413455 -0.0681904 0.117893
      endloop
   endfacet
   facet normal 0.970031 -0.224368 0.0932658
      outer loop
         vertex 0.0414251 -0.0679523 0.117794
         vertex 0.0413455 -0.0681904 0.117893
         vertex 0.0413455 -0.0689437 0.115781
      endloop
   endfacet
   facet normal 0.970031 -0.232739 0.0697986
      outer loop
         vertex 0.0414251 -0.0686968 0.115707
         vertex 0.0413455 -0.0689437 0.115781
         vertex 0.0413455 -0.0694768 0.113603
      endloop
   endfacet
   facet normal 0.970031 -0.238663 0.0455975
      outer loop
         vertex 0.0414251 -0.0692236 0.113555
         vertex 0.0413455 -0.0694768 0.113603
         vertex 0.0413455 -0.0697841 0.111382
      endloop
   endfacet
   facet normal 0.970031 -0.242078 0.0209169
      outer loop
         vertex 0.0414251 -0.0695272 0.11136
         vertex 0.0413455 -0.0697841 0.111382
         vertex 0.0413455 -0.0698624 0.109142
      endloop
   endfacet
   facet normal 0.970031 -0.242948 -0.00398356
      outer loop
         vertex 0.0414251 -0.0696045 0.109146
         vertex 0.0413455 -0.0698624 0.109142
         vertex 0.0413455 -0.0697107 0.106905
      endloop
   endfacet
   facet normal 0.970031 -0.241262 -0.0288422
      outer loop
         vertex 0.0414251 -0.0694547 0.106935
         vertex 0.0413455 -0.0697107 0.106905
         vertex 0.0413455 -0.0693308 0.104695
      endloop
   endfacet
   facet normal 0.970031 -0.23704 -0.0533975
      outer loop
         vertex 0.0414251 -0.0690792 0.104752
         vertex 0.0413455 -0.0693308 0.104695
         vertex 0.0413455 -0.0687265 0.102536
      endloop
   endfacet
   facet normal 0.970031 -0.230326 -0.0773914
      outer loop
         vertex 0.0414251 -0.0684821 0.102618
         vertex 0.0413455 -0.0687265 0.102536
         vertex 0.0413455 -0.0679044 0.10045
      endloop
   endfacet
   facet normal 0.970031 -0.221189 -0.100572
      outer loop
         vertex 0.0414251 -0.0676697 0.100556
         vertex 0.0413455 -0.0679044 0.10045
         vertex 0.0413455 -0.0668729 0.098459
      endloop
   endfacet
   facet normal 0.990569 -0.120466 0.0652707
      outer loop
         vertex 0.0414764 -0.0667651 0.119667
         vertex 0.0414251 -0.0669981 0.119793
         vertex 0.0414251 -0.0679523 0.117794
      endloop
   endfacet
   facet normal 0.990569 -0.126517 0.052591
      outer loop
         vertex 0.0414764 -0.0677077 0.117692
         vertex 0.0414251 -0.0679523 0.117794
         vertex 0.0414251 -0.0686968 0.115707
      endloop
   endfacet
   facet normal 0.990569 -0.131238 0.0393582
      outer loop
         vertex 0.0414764 -0.068443 0.115631
         vertex 0.0414251 -0.0686968 0.115707
         vertex 0.0414251 -0.0692236 0.113555
      endloop
   endfacet
   facet normal 0.990569 -0.134578 0.0257116
      outer loop
         vertex 0.0414764 -0.0689634 0.113505
         vertex 0.0414251 -0.0692236 0.113555
         vertex 0.0414251 -0.0695272 0.11136
      endloop
   endfacet
   facet normal 0.990569 -0.136504 0.0117947
      outer loop
         vertex 0.0414764 -0.0692633 0.111337
         vertex 0.0414251 -0.0695272 0.11136
         vertex 0.0414251 -0.0696045 0.109146
      endloop
   endfacet
   facet normal 0.990569 -0.136994 -0.00224626
      outer loop
         vertex 0.0414764 -0.0693397 0.10915
         vertex 0.0414251 -0.0696045 0.109146
         vertex 0.0414251 -0.0694547 0.106935
      endloop
   endfacet
   facet normal 0.990569 -0.136044 -0.0162636
      outer loop
         vertex 0.0414764 -0.0691916 0.106967
         vertex 0.0414251 -0.0694547 0.106935
         vertex 0.0414251 -0.0690792 0.104752
      endloop
   endfacet
   facet normal 0.990569 -0.133663 -0.0301099
      outer loop
         vertex 0.0414764 -0.0688208 0.10481
         vertex 0.0414251 -0.0690792 0.104752
         vertex 0.0414251 -0.0684821 0.102618
      endloop
   endfacet
   facet normal 0.990569 -0.129877 -0.0436397
      outer loop
         vertex 0.0414764 -0.068231 0.102702
         vertex 0.0414251 -0.0684821 0.102618
         vertex 0.0414251 -0.0676697 0.100556
      endloop
   endfacet
   facet normal 0.990569 -0.124725 -0.0567105
      outer loop
         vertex 0.0414764 -0.0674285 0.100666
         vertex 0.0414251 -0.0676697 0.100556
         vertex 0.0414251 -0.0666504 0.0985892
      endloop
   endfacet
   facet normal 0.990569 -0.118262 -0.0691851
      outer loop
         vertex 0.0414764 -0.0664217 0.098723
         vertex 0.0414251 -0.0666504 0.0985892
         vertex 0.0414251 -0.065435 0.0967366
      endloop
   endfacet
   facet normal 0.999566 -0.0258919 0.0140287
      outer loop
         vertex 0.0414989 -0.0665287 0.119539
         vertex 0.0414764 -0.0667651 0.119667
         vertex 0.0414764 -0.0677077 0.117692
      endloop
   endfacet
   facet normal 0.999566 -0.0271924 0.0113034
      outer loop
         vertex 0.0414989 -0.0674594 0.117589
         vertex 0.0414764 -0.0677077 0.117692
         vertex 0.0414764 -0.068443 0.115631
      endloop
   endfacet
   facet normal 0.999566 -0.028207 0.0084593
      outer loop
         vertex 0.0414989 -0.0681854 0.115554
         vertex 0.0414764 -0.068443 0.115631
         vertex 0.0414764 -0.0689634 0.113505
      endloop
   endfacet
   facet normal 0.999566 -0.028925 0.00552623
      outer loop
         vertex 0.0414989 -0.0686992 0.113455
         vertex 0.0414764 -0.0689634 0.113505
         vertex 0.0414764 -0.0692633 0.111337
      endloop
   endfacet
   facet normal 0.999566 -0.0293389 0.00253505
      outer loop
         vertex 0.0414989 -0.0689954 0.111314
         vertex 0.0414764 -0.0692633 0.111337
         vertex 0.0414764 -0.0693397 0.10915
      endloop
   endfacet
   facet normal 0.999566 -0.0294442 -0.00048279
      outer loop
         vertex 0.0414989 -0.0690708 0.109155
         vertex 0.0414764 -0.0693397 0.10915
         vertex 0.0414764 -0.0691916 0.106967
      endloop
   endfacet
   facet normal 0.999566 -0.02924 -0.00349555
      outer loop
         vertex 0.0414989 -0.0689246 0.106999
         vertex 0.0414764 -0.0691916 0.106967
         vertex 0.0414764 -0.0688208 0.10481
      endloop
   endfacet
   facet normal 0.999566 -0.0287283 -0.00647155
      outer loop
         vertex 0.0414989 -0.0685585 0.104869
         vertex 0.0414764 -0.0688208 0.10481
         vertex 0.0414764 -0.068231 0.102702
      endloop
   endfacet
   facet normal 0.999566 -0.0279145 -0.00937951
      outer loop
         vertex 0.0414989 -0.0679761 0.102788
         vertex 0.0414764 -0.068231 0.102702
         vertex 0.0414764 -0.0674285 0.100666
      endloop
   endfacet
   facet normal 0.999566 -0.0268072 -0.0121888
      outer loop
         vertex 0.0414989 -0.0671837 0.100777
         vertex 0.0414764 -0.0674285 0.100666
         vertex 0.0414764 -0.0664217 0.098723
      endloop
   endfacet
   facet normal 0.999566 -0.0254181 -0.01487
      outer loop
         vertex 0.0414989 -0.0661896 0.0988588
         vertex 0.0414764 -0.0664217 0.098723
         vertex 0.0414764 -0.0652212 0.0968931
      endloop
   endfacet
   facet normal 0.0294482 -0.922999 0.383675
      outer loop
         vertex 0.0390736 -0.0696989 0.11852
         vertex 0.0390736 -0.0686611 0.120695
         vertex 0.039 -0.0688754 0.120248
      endloop
   endfacet
   facet normal 0.0294482 -0.878855 0.476179
      outer loop
         vertex 0.0390736 -0.0686611 0.120695
         vertex 0.039 -0.0686621 0.120695
         vertex 0.039 -0.0688754 0.120248
      endloop
   endfacet
   facet normal 0.0294482 -0.957437 0.287136
      outer loop
         vertex 0.0390736 -0.0705085 0.11625
         vertex 0.0390736 -0.0696989 0.11852
         vertex 0.039 -0.0698905 0.117986
      endloop
   endfacet
   facet normal 0.0294482 -0.922999 0.383675
      outer loop
         vertex 0.0390736 -0.0696989 0.11852
         vertex 0.039 -0.0696999 0.11852
         vertex 0.039 -0.0698905 0.117986
      endloop
   endfacet
   facet normal 0.0294482 -0.981808 0.187578
      outer loop
         vertex 0.0390736 -0.0710814 0.11391
         vertex 0.0390736 -0.0705085 0.11625
         vertex 0.039 -0.0706616 0.115629
      endloop
   endfacet
   facet normal 0.0294482 -0.957437 0.287136
      outer loop
         vertex 0.0390736 -0.0705085 0.11625
         vertex 0.039 -0.0705095 0.116251
         vertex 0.039 -0.0706616 0.115629
      endloop
   endfacet
   facet normal 0.0294482 -0.995856 0.0860476
      outer loop
         vertex 0.0390736 -0.0714117 0.111523
         vertex 0.0390736 -0.0710814 0.11391
         vertex 0.039 -0.07118 0.113205
      endloop
   endfacet
   facet normal 0.0294482 -0.981808 0.187578
      outer loop
         vertex 0.0390736 -0.0710814 0.11391
         vertex 0.039 -0.0710825 0.11391
         vertex 0.039 -0.07118 0.113205
      endloop
   endfacet
   facet normal 0.0294482 -0.999432 -0.0163875
      outer loop
         vertex 0.0390736 -0.0714958 0.109115
         vertex 0.0390736 -0.0714117 0.111523
         vertex 0.039 -0.0714401 0.11074
      endloop
   endfacet
   facet normal 0.0294482 -0.995856 0.0860476
      outer loop
         vertex 0.0390736 -0.0714117 0.111523
         vertex 0.039 -0.0714128 0.111523
         vertex 0.039 -0.0714401 0.11074
      endloop
   endfacet
   facet normal 0.0294482 -0.992499 -0.11865
      outer loop
         vertex 0.0390736 -0.0713328 0.106711
         vertex 0.0390736 -0.0714958 0.109115
         vertex 0.039 -0.071439 0.108261
      endloop
   endfacet
   facet normal 0.0294482 -0.999432 -0.0163875
      outer loop
         vertex 0.0390736 -0.0714958 0.109115
         vertex 0.039 -0.0714968 0.109115
         vertex 0.039 -0.071439 0.108261
      endloop
   endfacet
   facet normal 0.0294482 -0.975131 -0.219665
      outer loop
         vertex 0.0390736 -0.0709245 0.104336
         vertex 0.0390736 -0.0713328 0.106711
         vertex 0.039 -0.0711767 0.105796
      endloop
   endfacet
   facet normal 0.0294482 -0.992499 -0.11865
      outer loop
         vertex 0.0390736 -0.0713328 0.106711
         vertex 0.039 -0.0713339 0.106711
         vertex 0.039 -0.0711767 0.105796
      endloop
   endfacet
   facet normal 0.0294482 -0.947509 -0.318371
      outer loop
         vertex 0.0390736 -0.0702751 0.102015
         vertex 0.0390736 -0.0709245 0.104336
         vertex 0.039 -0.0706561 0.103373
      endloop
   endfacet
   facet normal 0.0294482 -0.975131 -0.219665
      outer loop
         vertex 0.0390736 -0.0709245 0.104336
         vertex 0.039 -0.0709255 0.104336
         vertex 0.039 -0.0706561 0.103373
      endloop
   endfacet
   facet normal 0.0294482 -0.909924 -0.413729
      outer loop
         vertex 0.0390736 -0.0693915 0.0997736
         vertex 0.0390736 -0.0702751 0.102015
         vertex 0.039 -0.0698831 0.101018
      endloop
   endfacet
   facet normal 0.0294482 -0.947509 -0.318371
      outer loop
         vertex 0.0390736 -0.0702751 0.102015
         vertex 0.039 -0.0702761 0.102015
         vertex 0.039 -0.0698831 0.101018
      endloop
   endfacet
   facet normal 0.0294482 -0.862771 -0.504736
      outer loop
         vertex 0.0390736 -0.068283 0.0976341
         vertex 0.0390736 -0.0693915 0.0997736
         vertex 0.039 -0.0688663 0.0987576
      endloop
   endfacet
   facet normal 0.0294482 -0.909924 -0.413729
      outer loop
         vertex 0.0390736 -0.0693915 0.0997736
         vertex 0.039 -0.0693925 0.0997732
         vertex 0.039 -0.0688663 0.0987576
      endloop
   endfacet
   facet normal 0.0294482 -0.862771 -0.504736
      outer loop
         vertex 0.0390736 -0.068283 0.0976341
         vertex 0.039 -0.0682839 0.0976336
         vertex 0.039 -0.0676428 0.0966
      endloop
   endfacet
   facet normal 0.0294482 -0.862771 -0.504736
      outer loop
         vertex 0.0390736 -0.068283 0.0976341
         vertex 0.0390735 -0.0676388 0.0966
         vertex 0.0392271 -0.0676304 0.0966
      endloop
   endfacet
   facet normal 0.0908364 -0.83225 -0.546908
      outer loop
         vertex 0.0392271 -0.0676304 0.0966
         vertex 0.0393425 -0.0682636 0.0976455
         vertex 0.0390736 -0.068283 0.0976341
      endloop
   endfacet
   facet normal 0.24298 -0.837278 -0.489822
      outer loop
         vertex 0.0396075 -0.0682193 0.0976714
         vertex 0.0393425 -0.0682636 0.0976455
         vertex 0.0393422 -0.0676118 0.0966
      endloop
   endfacet
   facet normal 0.137015 -0.827586 -0.54436
      outer loop
         vertex 0.0393422 -0.0676118 0.0966
         vertex 0.039442 -0.0675956 0.0966
         vertex 0.0396075 -0.0682193 0.0976714
      endloop
   endfacet
   facet normal 0.346117 -0.809796 -0.473745
      outer loop
         vertex 0.0398653 -0.0681505 0.0977116
         vertex 0.0396075 -0.0682193 0.0976714
         vertex 0.0396071 -0.0675511 0.0966
      endloop
   endfacet
   facet normal 0.242996 -0.809665 -0.534224
      outer loop
         vertex 0.0396071 -0.0675511 0.0966
         vertex 0.039655 -0.0675382 0.0966
         vertex 0.0398653 -0.0681505 0.0977116
      endloop
   endfacet
   facet normal 0.445221 -0.772878 -0.452147
      outer loop
         vertex 0.0401131 -0.0680583 0.0977656
         vertex 0.0398653 -0.0681505 0.0977116
         vertex 0.0398653 -0.0674577 0.0966
      endloop
   endfacet
   facet normal 0.346114 -0.781952 -0.518417
      outer loop
         vertex 0.0398653 -0.0674577 0.0966
         vertex 0.0400704 -0.0673541 0.0966
         vertex 0.0401131 -0.0680583 0.0977656
      endloop
   endfacet
   facet normal 0.539138 -0.726956 -0.425282
      outer loop
         vertex 0.0403478 -0.0679434 0.0978327
         vertex 0.0401131 -0.0680583 0.0977656
         vertex 0.0401123 -0.0673276 0.0966
      endloop
   endfacet
   facet normal 0.445213 -0.744772 -0.497091
      outer loop
         vertex 0.0401123 -0.0673276 0.0966
         vertex 0.0402586 -0.0672348 0.0966
         vertex 0.0403478 -0.0679434 0.0978327
      endloop
   endfacet
   facet normal 0.626774 -0.672564 -0.393462
      outer loop
         vertex 0.0405669 -0.0678075 0.0979123
         vertex 0.0403478 -0.0679434 0.0978327
         vertex 0.0403464 -0.0671663 0.0966
      endloop
   endfacet
   facet normal 0.539147 -0.698694 -0.470262
      outer loop
         vertex 0.0403464 -0.0671663 0.0966
         vertex 0.0404561 -0.0670806 0.0965999
         vertex 0.0405669 -0.0678075 0.0979123
      endloop
   endfacet
   facet normal 0.707107 -0.610336 -0.357057
      outer loop
         vertex 0.0407678 -0.0676519 0.0980033
         vertex 0.0405669 -0.0678075 0.0979123
         vertex 0.0405652 -0.0669761 0.0966
      endloop
   endfacet
   facet normal 0.6268 -0.644383 -0.438055
      outer loop
         vertex 0.0405652 -0.0669761 0.0966
         vertex 0.0406461 -0.0668985 0.0966
         vertex 0.0407678 -0.0676519 0.0980033
      endloop
   endfacet
   facet normal 0.779201 -0.540997 -0.316493
      outer loop
         vertex 0.040948 -0.0674785 0.0981047
         vertex 0.0407678 -0.0676519 0.0980033
         vertex 0.0407658 -0.0667581 0.0966
      endloop
   endfacet
   facet normal 0.707144 -0.582599 -0.400656
      outer loop
         vertex 0.0407658 -0.0667581 0.0966
         vertex 0.0408261 -0.0666874 0.0966
         vertex 0.040948 -0.0674785 0.0981047
      endloop
   endfacet
   facet normal 0.842217 -0.465355 -0.272241
      outer loop
         vertex 0.0411055 -0.0672894 0.0982153
         vertex 0.040948 -0.0674785 0.0981047
         vertex 0.0409783 -0.0664694 0.0966
      endloop
   endfacet
   facet normal 0.895421 -0.384291 -0.224817
      outer loop
         vertex 0.0412386 -0.0670868 0.0983339
         vertex 0.0411055 -0.0672894 0.0982153
         vertex 0.041104 -0.0662473 0.0965999
      endloop
   endfacet
   facet normal 0.842253 -0.44019 -0.311197
      outer loop
         vertex 0.041104 -0.0662473 0.0965999
         vertex 0.041128 -0.0662048 0.0965999
         vertex 0.0412386 -0.0670868 0.0983339
      endloop
   endfacet
   facet normal 0.938191 -0.298749 -0.174774
      outer loop
         vertex 0.0413455 -0.0668729 0.098459
         vertex 0.0412386 -0.0670868 0.0983339
         vertex 0.0412364 -0.0659587 0.0965999
      endloop
   endfacet
   facet normal 0.895465 -0.361528 -0.259692
      outer loop
         vertex 0.0412364 -0.0659587 0.0965999
         vertex 0.0412625 -0.0658993 0.0966
         vertex 0.0413455 -0.0668729 0.098459
      endloop
   endfacet
   facet normal 0.970031 -0.209727 -0.122694
      outer loop
         vertex 0.0414251 -0.0666504 0.0985892
         vertex 0.0413455 -0.0668729 0.098459
         vertex 0.0413429 -0.0656529 0.0966
      endloop
   endfacet
   facet normal 0.938234 -0.279359 -0.204145
      outer loop
         vertex 0.0413429 -0.0656529 0.0966
         vertex 0.0413529 -0.065622 0.0966
         vertex 0.0414251 -0.0666504 0.0985892
      endloop
   endfacet
   facet normal 0.970031 -0.19606 -0.143527
      outer loop
         vertex 0.0414251 -0.065435 0.0967366
         vertex 0.0413529 -0.065622 0.0966
         vertex 0.0413675 -0.0655772 0.0966
      endloop
   endfacet
   facet normal 0.990569 -0.110555 -0.0809322
      outer loop
         vertex 0.0414764 -0.0652212 0.0968931
         vertex 0.0414251 -0.065435 0.0967366
         vertex 0.0414224 -0.0653328 0.0965999
      endloop
   endfacet
   facet normal 0.970063 -0.194817 -0.144994
      outer loop
         vertex 0.0414224 -0.0653328 0.0965999
         vertex 0.0414408 -0.0652511 0.0965998
         vertex 0.0414764 -0.0652212 0.0968931
      endloop
   endfacet
   facet normal 0.999566 -0.0237616 -0.0173948
      outer loop
         vertex 0.0414989 -0.0650042 0.097052
         vertex 0.0414764 -0.0652212 0.0968931
         vertex 0.0414714 -0.065001 0.0965999
      endloop
   endfacet
   facet normal 0.990603 -0.108954 -0.0826728
      outer loop
         vertex 0.0414714 -0.065001 0.0965999
         vertex 0.0414906 -0.064844 0.0965999
         vertex 0.0414989 -0.0650042 0.097052
      endloop
   endfacet
   facet normal 1 -4.94082e-17 -3.61695e-17
      outer loop
         vertex 0.0415 -0.0649448 0.0970955
         vertex 0.0414989 -0.0650042 0.097052
         vertex 0.0414968 -0.0646635 0.0966
      endloop
   endfacet
   facet normal 1 -4.94082e-17 -3.61695e-17
      outer loop
         vertex 0.0415 -0.0661261 0.0988959
         vertex 0.0414989 -0.0661896 0.0988588
         vertex 0.0414989 -0.0650042 0.097052
      endloop
   endfacet
   facet normal 1 -4.94082e-17 -3.61695e-17
      outer loop
         vertex 0.0415 -0.0671167 0.100808
         vertex 0.0414989 -0.0671837 0.100777
         vertex 0.0414989 -0.0661896 0.0988588
      endloop
   endfacet
   facet normal 1 -4.94082e-17 -3.61695e-17
      outer loop
         vertex 0.0415 -0.0679063 0.102811
         vertex 0.0414989 -0.0679761 0.102788
         vertex 0.0414989 -0.0671837 0.100777
      endloop
   endfacet
   facet normal 1 -4.94082e-17 -3.61695e-17
      outer loop
         vertex 0.0415 -0.0684866 0.104885
         vertex 0.0414989 -0.0685585 0.104869
         vertex 0.0414989 -0.0679761 0.102788
      endloop
   endfacet
   facet normal 1 -4.94082e-17 -3.61695e-17
      outer loop
         vertex 0.0415 -0.0688515 0.107007
         vertex 0.0414989 -0.0689246 0.106999
         vertex 0.0414989 -0.0685585 0.104869
      endloop
   endfacet
   facet normal 1 -4.94082e-17 -3.61695e-17
      outer loop
         vertex 0.0415 -0.0689972 0.109156
         vertex 0.0414989 -0.0690708 0.109155
         vertex 0.0414989 -0.0689246 0.106999
      endloop
   endfacet
   facet normal 1 -4.94082e-17 -3.61695e-17
      outer loop
         vertex 0.0415 -0.068922 0.111308
         vertex 0.0414989 -0.0689954 0.111314
         vertex 0.0414989 -0.0690708 0.109155
      endloop
   endfacet
   facet normal 1 -4.94082e-17 -3.61695e-17
      outer loop
         vertex 0.0415 -0.0686269 0.113441
         vertex 0.0414989 -0.0686992 0.113455
         vertex 0.0414989 -0.0689954 0.111314
      endloop
   endfacet
   facet normal 1 -4.94082e-17 -3.61695e-17
      outer loop
         vertex 0.0415 -0.0681149 0.115532
         vertex 0.0414989 -0.0681854 0.115554
         vertex 0.0414989 -0.0686992 0.113455
      endloop
   endfacet
   facet normal 1 -4.94082e-17 -3.61695e-17
      outer loop
         vertex 0.0415 -0.0673914 0.117561
         vertex 0.0414989 -0.0674594 0.117589
         vertex 0.0414989 -0.0681854 0.115554
      endloop
   endfacet
   facet normal 1 -4.94082e-17 -3.61695e-17
      outer loop
         vertex 0.0415 -0.066464 0.119504
         vertex 0.0414989 -0.0665287 0.119539
         vertex 0.0414989 -0.0674594 0.117589
      endloop
   endfacet
   facet normal 0.999566 -0.0258919 0.0140287
      outer loop
         vertex 0.0414989 -0.0665287 0.119539
         vertex 0.0415 -0.066464 0.119504
         vertex 0.0415 -0.0662439 0.1199
      endloop
   endfacet
   facet normal 1 -4.94082e-17 -3.61695e-17
      outer loop
         vertex 0.0415 -0.0662439 0.1199
         vertex 0.0415 -0.0662493 0.119909
         vertex 0.0414989 -0.0665287 0.119539
      endloop
   endfacet
   facet normal 0.990569 -0.120466 0.0652707
      outer loop
         vertex 0.0414764 -0.0667651 0.119667
         vertex 0.0414886 -0.0663591 0.120099
         vertex 0.0414831 -0.0664117 0.12019
      endloop
   endfacet
   facet normal 0.990569 -0.120466 0.0652707
      outer loop
         vertex 0.0414764 -0.0667651 0.119667
         vertex 0.0414989 -0.0665287 0.119539
         vertex 0.0414961 -0.0662864 0.119973
      endloop
   endfacet
   facet normal 0.99957 -0.0254595 0.0145817
      outer loop
         vertex 0.0414961 -0.0662864 0.119973
         vertex 0.0414886 -0.0663591 0.120099
         vertex 0.0414764 -0.0667651 0.119667
      endloop
   endfacet
   facet normal 0.970031 -0.213637 0.115752
      outer loop
         vertex 0.0414251 -0.0669981 0.119793
         vertex 0.0414591 -0.0664907 0.120328
         vertex 0.0414353 -0.0665692 0.120465
      endloop
   endfacet
   facet normal 0.970031 -0.213637 0.115752
      outer loop
         vertex 0.0414251 -0.0669981 0.119793
         vertex 0.0414764 -0.0667651 0.119667
         vertex 0.0414741 -0.0664415 0.120242
      endloop
   endfacet
   facet normal 0.990582 -0.118312 0.0689163
      outer loop
         vertex 0.0414741 -0.0664415 0.120242
         vertex 0.0414591 -0.0664907 0.120328
         vertex 0.0414251 -0.0669981 0.119793
      endloop
   endfacet
   facet normal 0.938191 -0.304319 0.164885
      outer loop
         vertex 0.0413455 -0.0672248 0.119916
         vertex 0.0413683 -0.0666891 0.120725
         vertex 0.0413495 -0.0667089 0.120796
      endloop
   endfacet
   facet normal 0.938191 -0.304319 0.164885
      outer loop
         vertex 0.0413455 -0.0672248 0.119916
         vertex 0.0413867 -0.0666647 0.120655
         vertex 0.0413683 -0.0666891 0.120725
      endloop
   endfacet
   facet normal 0.938191 -0.304319 0.164885
      outer loop
         vertex 0.0413455 -0.0672248 0.119916
         vertex 0.0414046 -0.0666354 0.120587
         vertex 0.0413867 -0.0666647 0.120655
      endloop
   endfacet
   facet normal 0.938191 -0.304319 0.164885
      outer loop
         vertex 0.0413455 -0.0672248 0.119916
         vertex 0.0414251 -0.0669981 0.119793
         vertex 0.041425 -0.0665935 0.120507
      endloop
   endfacet
   facet normal 0.970032 -0.209086 0.12378
      outer loop
         vertex 0.041425 -0.0665935 0.120507
         vertex 0.0414219 -0.0666007 0.12052
         vertex 0.0413455 -0.0672248 0.119916
      endloop
   endfacet
   facet normal 0.968747 -0.21341 0.126436
      outer loop
         vertex 0.0414219 -0.0666007 0.12052
         vertex 0.0414046 -0.0666354 0.120587
         vertex 0.0413455 -0.0672248 0.119916
      endloop
   endfacet
   facet normal 0.895421 -0.391455 0.212097
      outer loop
         vertex 0.0412386 -0.0674426 0.120034
         vertex 0.0413113 -0.0667354 0.120942
         vertex 0.0412925 -0.0667421 0.121016
      endloop
   endfacet
   facet normal 0.895421 -0.391455 0.212097
      outer loop
         vertex 0.0412386 -0.0674426 0.120034
         vertex 0.0413304 -0.0667243 0.120868
         vertex 0.0413205 -0.0667301 0.120906
      endloop
   endfacet
   facet normal 0.928247 -0.317691 0.193469
      outer loop
         vertex 0.0413205 -0.0667301 0.120906
         vertex 0.0413113 -0.0667354 0.120942
         vertex 0.0412386 -0.0674426 0.120034
      endloop
   endfacet
   facet normal 0.895421 -0.391455 0.212097
      outer loop
         vertex 0.0412386 -0.0674426 0.120034
         vertex 0.0413455 -0.0672248 0.119916
         vertex 0.0413454 -0.0667122 0.120811
      endloop
   endfacet
   facet normal 0.938194 -0.296201 0.179047
      outer loop
         vertex 0.0413454 -0.0667122 0.120811
         vertex 0.0413304 -0.0667243 0.120868
         vertex 0.0412386 -0.0674426 0.120034
      endloop
   endfacet
   facet normal 0.916983 -0.339892 0.208844
      outer loop
         vertex 0.0412925 -0.0667421 0.121016
         vertex 0.0412741 -0.0667446 0.12109
         vertex 0.0412386 -0.0674426 0.120034
      endloop
   endfacet
   facet normal 0.909651 -0.353292 0.218447
      outer loop
         vertex 0.0412741 -0.0667446 0.12109
         vertex 0.0412396 -0.0667377 0.121239
         vertex 0.0412386 -0.0674426 0.120034
      endloop
   endfacet
   facet normal 0.842217 -0.445236 0.304032
      outer loop
         vertex 0.0411055 -0.0664555 0.122102
         vertex 0.0411055 -0.067649 0.120146
         vertex 0.0411566 -0.0665948 0.121745
      endloop
   endfacet
   facet normal 0.862649 -0.422435 0.278181
      outer loop
         vertex 0.0411566 -0.0665948 0.121745
         vertex 0.0411523 -0.0665648 0.121804
         vertex 0.0411055 -0.0664555 0.122102
      endloop
   endfacet
   facet normal 0.842217 -0.47403 0.256838
      outer loop
         vertex 0.0411055 -0.067649 0.120146
         vertex 0.0411636 -0.066626 0.121676
         vertex 0.0411566 -0.0665948 0.121745
      endloop
   endfacet
   facet normal 0.860931 -0.424049 0.281034
      outer loop
         vertex 0.0411523 -0.0665648 0.121804
         vertex 0.0411516 -0.0665599 0.121813
         vertex 0.0411055 -0.0664555 0.122102
      endloop
   endfacet
   facet normal 0.860642 -0.42432 0.281511
      outer loop
         vertex 0.0411516 -0.0665599 0.121813
         vertex 0.0411487 -0.0665214 0.12188
         vertex 0.0411055 -0.0664555 0.122102
      endloop
   endfacet
   facet normal 0.859486 -0.424967 0.284055
      outer loop
         vertex 0.0411487 -0.0665214 0.12188
         vertex 0.0411481 -0.0664796 0.121944
         vertex 0.0411055 -0.0664555 0.122102
      endloop
   endfacet
   facet normal 0.859227 -0.424349 0.285756
      outer loop
         vertex 0.0411481 -0.0664796 0.121944
         vertex 0.0411497 -0.0664346 0.122006
         vertex 0.0411055 -0.0664555 0.122102
      endloop
   endfacet
   facet normal 0.842217 -0.47403 0.256838
      outer loop
         vertex 0.0411055 -0.067649 0.120146
         vertex 0.0411829 -0.0666777 0.121534
         vertex 0.0411636 -0.066626 0.121676
      endloop
   endfacet
   facet normal 0.842217 -0.47403 0.256838
      outer loop
         vertex 0.0411055 -0.067649 0.120146
         vertex 0.0412386 -0.0674426 0.120034
         vertex 0.0412385 -0.0667369 0.121244
      endloop
   endfacet
   facet normal 0.895423 -0.377243 0.236442
      outer loop
         vertex 0.0412385 -0.0667369 0.121244
         vertex 0.0412165 -0.0667209 0.12135
         vertex 0.0411055 -0.067649 0.120146
      endloop
   endfacet
   facet normal 0.886668 -0.390716 0.247309
      outer loop
         vertex 0.0412165 -0.0667209 0.12135
         vertex 0.0412086 -0.0667151 0.121387
         vertex 0.0411055 -0.067649 0.120146
      endloop
   endfacet
   facet normal 0.883443 -0.3955 0.251214
      outer loop
         vertex 0.0412086 -0.0667151 0.121387
         vertex 0.0411829 -0.0666777 0.121534
         vertex 0.0411055 -0.067649 0.120146
      endloop
   endfacet
   facet normal 0.895451 -0.361548 0.259712
      outer loop
         vertex 0.0412357 -0.0659584 0.1224
         vertex 0.0412497 -0.0659582 0.122364
         vertex 0.0412714 -0.0658875 0.122384
      endloop
   endfacet
   facet normal 0.895451 -0.361548 0.259712
      outer loop
         vertex 0.0412357 -0.0659584 0.1224
         vertex 0.0412385 -0.0659964 0.12235
         vertex 0.0412497 -0.0659582 0.122364
      endloop
   endfacet
   facet normal 0.908549 -0.338998 0.24417
      outer loop
         vertex 0.0412714 -0.0658875 0.122384
         vertex 0.0412714 -0.0658873 0.122384
         vertex 0.0412357 -0.0659584 0.1224
      endloop
   endfacet
   facet normal 0.908579 -0.338942 0.244134
      outer loop
         vertex 0.0412714 -0.0658873 0.122384
         vertex 0.0412946 -0.0658145 0.122396
         vertex 0.0412357 -0.0659584 0.1224
      endloop
   endfacet
   facet normal 0.880202 -0.386129 0.275952
      outer loop
         vertex 0.0412005 -0.0660507 0.1224
         vertex 0.0412294 -0.0660272 0.122338
         vertex 0.0412385 -0.0659964 0.12235
      endloop
   endfacet
   facet normal 0.880202 -0.386129 0.275952
      outer loop
         vertex 0.0412005 -0.0660507 0.1224
         vertex 0.0411024 -0.0662458 0.1224
         vertex 0.0412109 -0.0660946 0.122305
      endloop
   endfacet
   facet normal 0.842253 -0.440176 0.311216
      outer loop
         vertex 0.0411024 -0.0662458 0.1224
         vertex 0.0411694 -0.0662785 0.122174
         vertex 0.041171 -0.0662704 0.122181
      endloop
   endfacet
   facet normal 0.842253 -0.440176 0.311216
      outer loop
         vertex 0.0411024 -0.0662458 0.1224
         vertex 0.0411055 -0.0664555 0.122102
         vertex 0.0411603 -0.066334 0.122121
      endloop
   endfacet
   facet normal 0.842217 -0.445236 0.304032
      outer loop
         vertex 0.0411055 -0.0664555 0.122102
         vertex 0.0411533 -0.0663913 0.122059
         vertex 0.0411538 -0.0663861 0.122065
      endloop
   endfacet
   facet normal 0.86151 -0.419203 0.286477
      outer loop
         vertex 0.0411538 -0.0663861 0.122065
         vertex 0.0411603 -0.066334 0.122121
         vertex 0.0411055 -0.0664555 0.122102
      endloop
   endfacet
   facet normal 0.864123 -0.414551 0.285374
      outer loop
         vertex 0.0411603 -0.066334 0.122121
         vertex 0.0411694 -0.0662785 0.122174
         vertex 0.0411024 -0.0662458 0.1224
      endloop
   endfacet
   facet normal 0.868388 -0.407381 0.282741
      outer loop
         vertex 0.041171 -0.0662704 0.122181
         vertex 0.0411808 -0.0662202 0.122222
         vertex 0.0411024 -0.0662458 0.1224
      endloop
   endfacet
   facet normal 0.872336 -0.400857 0.279898
      outer loop
         vertex 0.0411808 -0.0662202 0.122222
         vertex 0.0411947 -0.0661589 0.122266
         vertex 0.0411024 -0.0662458 0.1224
      endloop
   endfacet
   facet normal 0.87788 -0.39176 0.275411
      outer loop
         vertex 0.0411947 -0.0661589 0.122266
         vertex 0.0412109 -0.0660946 0.122305
         vertex 0.0411024 -0.0662458 0.1224
      endloop
   endfacet
   facet normal 0.884374 -0.381025 0.269634
      outer loop
         vertex 0.0412109 -0.0660946 0.122305
         vertex 0.0412294 -0.0660272 0.122338
         vertex 0.0412005 -0.0660507 0.1224
      endloop
   endfacet
   facet normal 0.842217 -0.445236 0.304032
      outer loop
         vertex 0.0411055 -0.0664555 0.122102
         vertex 0.0410493 -0.0663514 0.1224
         vertex 0.0409452 -0.0665132 0.1224
      endloop
   endfacet
   facet normal 0.842217 -0.445236 0.304032
      outer loop
         vertex 0.0411055 -0.0664555 0.122102
         vertex 0.0411024 -0.0662458 0.1224
         vertex 0.0410493 -0.0663514 0.1224
      endloop
   endfacet
   facet normal 0.779201 -0.517608 0.353451
      outer loop
         vertex 0.040948 -0.0666364 0.122226
         vertex 0.0408778 -0.0666179 0.1224
         vertex 0.0407654 -0.0667574 0.1224
      endloop
   endfacet
   facet normal 0.779201 -0.517608 0.353451
      outer loop
         vertex 0.040948 -0.0666364 0.122226
         vertex 0.0409452 -0.0665132 0.1224
         vertex 0.0408778 -0.0666179 0.1224
      endloop
   endfacet
   facet normal 0.707107 -0.583949 0.398753
      outer loop
         vertex 0.0407678 -0.0668023 0.122339
         vertex 0.0407654 -0.0667574 0.1224
         vertex 0.040691 -0.0668498 0.1224
      endloop
   endfacet
   facet normal 0.707107 -0.621714 0.336856
      outer loop
         vertex 0.0407678 -0.0680182 0.120346
         vertex 0.0406492 -0.0668916 0.1224
         vertex 0.040565 -0.066976 0.1224
      endloop
   endfacet
   facet normal 0.707107 -0.621714 0.336856
      outer loop
         vertex 0.0407678 -0.0680182 0.120346
         vertex 0.0407678 -0.0668023 0.122339
         vertex 0.0406492 -0.0668916 0.1224
      endloop
   endfacet
   facet normal 0.626774 -0.685102 0.3712
      outer loop
         vertex 0.0405669 -0.0681767 0.120432
         vertex 0.0404934 -0.0670477 0.1224
         vertex 0.0403053 -0.0672012 0.1224
      endloop
   endfacet
   facet normal 0.626774 -0.685102 0.3712
      outer loop
         vertex 0.0405669 -0.0681767 0.120432
         vertex 0.040565 -0.066976 0.1224
         vertex 0.0404934 -0.0670477 0.1224
      endloop
   endfacet
   facet normal 0.539138 -0.740508 0.40122
      outer loop
         vertex 0.0403478 -0.0683152 0.120507
         vertex 0.0403053 -0.0672012 0.1224
         vertex 0.040113 -0.0673291 0.1224
      endloop
   endfacet
   facet normal 0.445221 -0.787286 0.426566
      outer loop
         vertex 0.0401131 -0.0684322 0.120571
         vertex 0.040113 -0.0673291 0.1224
         vertex 0.0401103 -0.0673308 0.1224
      endloop
   endfacet
   facet normal 0.444133 -0.745255 0.497333
      outer loop
         vertex 0.0401103 -0.0673308 0.1224
         vertex 0.0398653 -0.0685262 0.120621
         vertex 0.0401131 -0.0684322 0.120571
      endloop
   endfacet
   facet normal 0.346117 -0.824892 0.446941
      outer loop
         vertex 0.0398653 -0.0685262 0.120621
         vertex 0.039678 -0.0675305 0.1224
         vertex 0.0396069 -0.0675504 0.1224
      endloop
   endfacet
   facet normal 0.346117 -0.824892 0.446941
      outer loop
         vertex 0.0398653 -0.0685262 0.120621
         vertex 0.0398954 -0.067444 0.1224
         vertex 0.039678 -0.0675305 0.1224
      endloop
   endfacet
   facet normal 0.24298 -0.852887 0.462109
      outer loop
         vertex 0.0396075 -0.0685962 0.120659
         vertex 0.0394598 -0.0675917 0.1224
         vertex 0.0393422 -0.0676117 0.1224
      endloop
   endfacet
   facet normal 0.24298 -0.852887 0.462109
      outer loop
         vertex 0.0396075 -0.0685962 0.120659
         vertex 0.0396069 -0.0675504 0.1224
         vertex 0.0394598 -0.0675917 0.1224
      endloop
   endfacet
   facet normal 0.137012 -0.870945 0.471893
      outer loop
         vertex 0.0393425 -0.0686413 0.120684
         vertex 0.0392416 -0.0676288 0.1224
         vertex 0.0390736 -0.06764 0.1224
      endloop
   endfacet
   facet normal 0.137012 -0.870945 0.471893
      outer loop
         vertex 0.0393425 -0.0686413 0.120684
         vertex 0.0393422 -0.0676117 0.1224
         vertex 0.0392416 -0.0676288 0.1224
      endloop
   endfacet
   facet normal 0 -0.879236 0.476386
      outer loop
         vertex 0.039 -0.0686621 0.120695
         vertex 0.0390736 -0.0686611 0.120695
         vertex 0.0390369 -0.0676425 0.1224
      endloop
   endfacet
   facet normal 0.0294482 -0.878855 0.476179
      outer loop
         vertex 0.0390736 -0.0686611 0.120695
         vertex 0.0390736 -0.06764 0.1224
         vertex 0.0390369 -0.0676425 0.1224
      endloop
   endfacet
   facet normal 0.014751 -0.835769 0.548883
      outer loop
         vertex 0.0390369 -0.0676425 0.1224
         vertex 0.039 -0.0676428 0.1224
         vertex 0.039 -0.0686621 0.120695
      endloop
   endfacet
   facet normal 0.0294352 -0.835466 0.548753
      outer loop
         vertex 0.0390736 -0.06764 0.1224
         vertex 0.0390736 -0.0686611 0.120695
         vertex 0.0393425 -0.0686413 0.120684
      endloop
   endfacet
   facet normal 0.137009 -0.827584 0.544364
      outer loop
         vertex 0.0393422 -0.0676117 0.1224
         vertex 0.0393425 -0.0686413 0.120684
         vertex 0.0396075 -0.0685962 0.120659
      endloop
   endfacet
   facet normal 0.242994 -0.809654 0.534241
      outer loop
         vertex 0.0396069 -0.0675504 0.1224
         vertex 0.0396075 -0.0685962 0.120659
         vertex 0.0398653 -0.0685262 0.120621
      endloop
   endfacet
   facet normal 0.444133 -0.745255 0.497333
      outer loop
         vertex 0.0401103 -0.0673308 0.1224
         vertex 0.0398954 -0.067444 0.1224
         vertex 0.0398653 -0.0685262 0.120621
      endloop
   endfacet
   facet normal 0.44522 -0.744785 0.497065
      outer loop
         vertex 0.040113 -0.0673291 0.1224
         vertex 0.0401131 -0.0684322 0.120571
         vertex 0.0403478 -0.0683152 0.120507
      endloop
   endfacet
   facet normal 0.52211 -0.707945 0.475621
      outer loop
         vertex 0.0403053 -0.0672012 0.1224
         vertex 0.0403478 -0.0683152 0.120507
         vertex 0.0405669 -0.0681767 0.120432
      endloop
   endfacet
   facet normal 0.626784 -0.644393 0.438064
      outer loop
         vertex 0.040565 -0.066976 0.1224
         vertex 0.0405669 -0.0681767 0.120432
         vertex 0.0407678 -0.0680182 0.120346
      endloop
   endfacet
   facet normal 0.676389 -0.607831 0.415979
      outer loop
         vertex 0.040691 -0.0668498 0.1224
         vertex 0.0406492 -0.0668916 0.1224
         vertex 0.0407678 -0.0668023 0.122339
      endloop
   endfacet
   facet normal 0.70713 -0.582601 0.400678
      outer loop
         vertex 0.0407654 -0.0667574 0.1224
         vertex 0.0407678 -0.0668023 0.122339
         vertex 0.040948 -0.0666364 0.122226
      endloop
   endfacet
   facet normal 0.779234 -0.514207 0.35831
      outer loop
         vertex 0.0409452 -0.0665132 0.1224
         vertex 0.040948 -0.0666364 0.122226
         vertex 0.0411055 -0.0664555 0.122102
      endloop
   endfacet
   facet normal 0.895425 -0.36233 0.25871
      outer loop
         vertex 0.0412385 -0.0659964 0.12235
         vertex 0.0412357 -0.0659584 0.1224
         vertex 0.0412005 -0.0660507 0.1224
      endloop
   endfacet
   facet normal 0.91784 -0.321543 0.232767
      outer loop
         vertex 0.0412946 -0.0658145 0.122396
         vertex 0.0413183 -0.0657416 0.1224
         vertex 0.0412357 -0.0659584 0.1224
      endloop
   endfacet
   facet normal 0.859891 -0.422443 0.286581
      outer loop
         vertex 0.0411497 -0.0664346 0.122006
         vertex 0.0411533 -0.0663913 0.122059
         vertex 0.0411055 -0.0664555 0.122102
      endloop
   endfacet
   facet normal 0.895822 -0.376612 0.235938
      outer loop
         vertex 0.0412396 -0.0667377 0.121239
         vertex 0.0412385 -0.0667369 0.121244
         vertex 0.0412386 -0.0674426 0.120034
      endloop
   endfacet
   facet normal 0.939794 -0.292557 0.176631
      outer loop
         vertex 0.0413495 -0.0667089 0.120796
         vertex 0.0413454 -0.0667122 0.120811
         vertex 0.0413455 -0.0672248 0.119916
      endloop
   endfacet
   facet normal 0.974135 -0.194578 0.114896
      outer loop
         vertex 0.0414353 -0.0665692 0.120465
         vertex 0.041425 -0.0665935 0.120507
         vertex 0.0414251 -0.0669981 0.119793
      endloop
   endfacet
   facet normal 0.993241 -0.100378 0.0582815
      outer loop
         vertex 0.0414831 -0.0664117 0.12019
         vertex 0.0414741 -0.0664415 0.120242
         vertex 0.0414764 -0.0667651 0.119667
      endloop
   endfacet
   facet normal 0.999993 -0.00322331 0.00183855
      outer loop
         vertex 0.0415 -0.0662493 0.119909
         vertex 0.0414961 -0.0662864 0.119973
         vertex 0.0414989 -0.0665287 0.119539
      endloop
   endfacet
   facet normal 0.999566 -0.0271924 0.0113034
      outer loop
         vertex 0.0414989 -0.0674594 0.117589
         vertex 0.0415 -0.0673914 0.117561
         vertex 0.0415 -0.066464 0.119504
      endloop
   endfacet
   facet normal 0.999566 -0.028207 0.0084593
      outer loop
         vertex 0.0414989 -0.0681854 0.115554
         vertex 0.0415 -0.0681149 0.115532
         vertex 0.0415 -0.0673914 0.117561
      endloop
   endfacet
   facet normal 0.999566 -0.028925 0.00552623
      outer loop
         vertex 0.0414989 -0.0686992 0.113455
         vertex 0.0415 -0.0686269 0.113441
         vertex 0.0415 -0.0681149 0.115532
      endloop
   endfacet
   facet normal 0.999566 -0.0293389 0.00253505
      outer loop
         vertex 0.0414989 -0.0689954 0.111314
         vertex 0.0415 -0.068922 0.111308
         vertex 0.0415 -0.0686269 0.113441
      endloop
   endfacet
   facet normal 0.999566 -0.0294442 -0.00048279
      outer loop
         vertex 0.0414989 -0.0690708 0.109155
         vertex 0.0415 -0.0689972 0.109156
         vertex 0.0415 -0.068922 0.111308
      endloop
   endfacet
   facet normal 0.999566 -0.02924 -0.00349555
      outer loop
         vertex 0.0414989 -0.0689246 0.106999
         vertex 0.0415 -0.0688515 0.107007
         vertex 0.0415 -0.0689972 0.109156
      endloop
   endfacet
   facet normal 0.999566 -0.0287283 -0.00647155
      outer loop
         vertex 0.0414989 -0.0685585 0.104869
         vertex 0.0415 -0.0684866 0.104885
         vertex 0.0415 -0.0688515 0.107007
      endloop
   endfacet
   facet normal 0.999566 -0.0279145 -0.00937951
      outer loop
         vertex 0.0414989 -0.0679761 0.102788
         vertex 0.0415 -0.0679063 0.102811
         vertex 0.0415 -0.0684866 0.104885
      endloop
   endfacet
   facet normal 0.999566 -0.0268072 -0.0121888
      outer loop
         vertex 0.0414989 -0.0671837 0.100777
         vertex 0.0415 -0.0671167 0.100808
         vertex 0.0415 -0.0679063 0.102811
      endloop
   endfacet
   facet normal 0.999566 -0.0254181 -0.01487
      outer loop
         vertex 0.0414989 -0.0661896 0.0988588
         vertex 0.0415 -0.0661261 0.0988959
         vertex 0.0415 -0.0671167 0.100808
      endloop
   endfacet
   facet normal 0.999566 -0.0237616 -0.0173948
      outer loop
         vertex 0.0414989 -0.0650042 0.097052
         vertex 0.0415 -0.0649448 0.0970955
         vertex 0.0415 -0.0661261 0.0988959
      endloop
   endfacet
   facet normal 0.999569 -0.0232015 -0.0179614
      outer loop
         vertex 0.0414968 -0.0646635 0.0966
         vertex 0.0415 -0.0645708 0.0966
         vertex 0.0415 -0.0649448 0.0970955
      endloop
   endfacet
   facet normal 0.99625 -0.0686885 -0.0526057
      outer loop
         vertex 0.0414906 -0.064844 0.0965999
         vertex 0.0414968 -0.0646635 0.0966
         vertex 0.0414989 -0.0650042 0.097052
      endloop
   endfacet
   facet normal 0.976302 -0.173313 -0.129601
      outer loop
         vertex 0.0414408 -0.0652511 0.0965998
         vertex 0.0414714 -0.065001 0.0965999
         vertex 0.0414764 -0.0652212 0.0968931
      endloop
   endfacet
   facet normal 0.947017 -0.258934 -0.190033
      outer loop
         vertex 0.0413675 -0.0655772 0.0966
         vertex 0.0414224 -0.0653328 0.0965999
         vertex 0.0414251 -0.065435 0.0967366
      endloop
   endfacet
   facet normal 0.9419 -0.271033 -0.198407
      outer loop
         vertex 0.0413529 -0.065622 0.0966
         vertex 0.0414251 -0.065435 0.0967366
         vertex 0.0414251 -0.0666504 0.0985892
      endloop
   endfacet
   facet normal 0.905017 -0.345092 -0.248708
      outer loop
         vertex 0.0412625 -0.0658993 0.0966
         vertex 0.0413429 -0.0656529 0.0966
         vertex 0.0413455 -0.0668729 0.098459
      endloop
   endfacet
   facet normal 0.851209 -0.428216 -0.303437
      outer loop
         vertex 0.041128 -0.0662048 0.0965999
         vertex 0.0412364 -0.0659587 0.0965999
         vertex 0.0412386 -0.0670868 0.0983339
      endloop
   endfacet
   facet normal 0.791339 -0.501224 -0.350081
      outer loop
         vertex 0.0409783 -0.0664694 0.0966
         vertex 0.041104 -0.0662473 0.0965999
         vertex 0.0411055 -0.0672894 0.0982153
      endloop
   endfacet
   facet normal 0.730444 -0.562061 -0.387994
      outer loop
         vertex 0.0408261 -0.0666874 0.0966
         vertex 0.0409783 -0.0664694 0.0966
         vertex 0.040948 -0.0674785 0.0981047
      endloop
   endfacet
   facet normal 0.658447 -0.621616 -0.424312
      outer loop
         vertex 0.0406461 -0.0668985 0.0966
         vertex 0.0407658 -0.0667581 0.0966
         vertex 0.0407678 -0.0676519 0.0980033
      endloop
   endfacet
   facet normal 0.582459 -0.6734 -0.455274
      outer loop
         vertex 0.0404561 -0.0670806 0.0965999
         vertex 0.0405652 -0.0669761 0.0966
         vertex 0.0405669 -0.0678075 0.0979123
      endloop
   endfacet
   facet normal 0.503456 -0.717583 -0.481255
      outer loop
         vertex 0.0402586 -0.0672348 0.0966
         vertex 0.0403464 -0.0671663 0.0966
         vertex 0.0403478 -0.0679434 0.0978327
      endloop
   endfacet
   facet normal 0.428174 -0.75197 -0.501207
      outer loop
         vertex 0.0400704 -0.0673541 0.0966
         vertex 0.0401123 -0.0673276 0.0966
         vertex 0.0401131 -0.0680583 0.0977656
      endloop
   endfacet
   facet normal 0.262005 -0.805363 -0.531737
      outer loop
         vertex 0.039655 -0.0675382 0.0966
         vertex 0.0398653 -0.0674577 0.0966
         vertex 0.0398653 -0.0681505 0.0977116
      endloop
   endfacet
   facet normal 0.176819 -0.822096 -0.541195
      outer loop
         vertex 0.039442 -0.0675956 0.0966
         vertex 0.0396071 -0.0675511 0.0966
         vertex 0.0396075 -0.0682193 0.0976714
      endloop
   endfacet
   facet normal 0.0908364 -0.83225 -0.546908
      outer loop
         vertex 0.0392271 -0.0676304 0.0966
         vertex 0.0393422 -0.0676118 0.0966
         vertex 0.0393425 -0.0682636 0.0976455
      endloop
   endfacet
   facet normal 9.1871e-13 -0.835864 -0.548936
      outer loop
         vertex 0.039 -0.0676428 0.0966
         vertex 0.0390735 -0.0676388 0.0966
         vertex 0.0390736 -0.068283 0.0976341
      endloop
   endfacet
   facet normal -2.77556e-15 -0.889094 -0.457725
      outer loop
         vertex 0.039 -0.0688663 0.0987576
         vertex 0.039 -0.0682839 0.0976336
         vertex 0.0390736 -0.068283 0.0976341
      endloop
   endfacet
   facet normal -2.77556e-15 -0.932408 -0.361408
      outer loop
         vertex 0.039 -0.0698831 0.101018
         vertex 0.039 -0.0693925 0.0997732
         vertex 0.0390736 -0.0693915 0.0997736
      endloop
   endfacet
   facet normal -2.77556e-15 -0.965322 -0.261061
      outer loop
         vertex 0.039 -0.0706561 0.103373
         vertex 0.039 -0.0702761 0.102015
         vertex 0.0390736 -0.0702751 0.102015
      endloop
   endfacet
   facet normal -2.77556e-15 -0.987471 -0.157802
      outer loop
         vertex 0.039 -0.0711767 0.105796
         vertex 0.039 -0.0709255 0.104336
         vertex 0.0390736 -0.0709245 0.104336
      endloop
   endfacet
   facet normal -2.77556e-15 -0.998606 -0.052784
      outer loop
         vertex 0.039 -0.071439 0.108261
         vertex 0.039 -0.0713339 0.106711
         vertex 0.0390736 -0.0713328 0.106711
      endloop
   endfacet
   facet normal -2.77556e-15 -0.998604 0.0528226
      outer loop
         vertex 0.039 -0.0714401 0.11074
         vertex 0.039 -0.0714968 0.109115
         vertex 0.0390736 -0.0714958 0.109115
      endloop
   endfacet
   facet normal -2.77556e-15 -0.987465 0.15784
      outer loop
         vertex 0.039 -0.07118 0.113205
         vertex 0.039 -0.0714128 0.111523
         vertex 0.0390736 -0.0714117 0.111523
      endloop
   endfacet
   facet normal -2.77556e-15 -0.965313 0.261096
      outer loop
         vertex 0.039 -0.0706616 0.115629
         vertex 0.039 -0.0710825 0.11391
         vertex 0.0390736 -0.0710814 0.11391
      endloop
   endfacet
   facet normal -2.77556e-15 -0.932396 0.361439
      outer loop
         vertex 0.039 -0.0698905 0.117986
         vertex 0.039 -0.0705095 0.116251
         vertex 0.0390736 -0.0705085 0.11625
      endloop
   endfacet
   facet normal -2.77556e-15 -0.88908 0.457751
      outer loop
         vertex 0.039 -0.0688754 0.120248
         vertex 0.039 -0.0696999 0.11852
         vertex 0.0390736 -0.0696989 0.11852
      endloop
   endfacet
   facet normal 0.990569 -0.110555 -0.0809322
      outer loop
         vertex 0.0414764 -0.0652212 0.0968931
         vertex 0.0414989 -0.0650042 0.097052
         vertex 0.0414989 -0.0661896 0.0988588
      endloop
   endfacet
   facet normal 0.990569 -0.118262 -0.0691851
      outer loop
         vertex 0.0414764 -0.0664217 0.098723
         vertex 0.0414989 -0.0661896 0.0988588
         vertex 0.0414989 -0.0671837 0.100777
      endloop
   endfacet
   facet normal 0.990569 -0.124725 -0.0567105
      outer loop
         vertex 0.0414764 -0.0674285 0.100666
         vertex 0.0414989 -0.0671837 0.100777
         vertex 0.0414989 -0.0679761 0.102788
      endloop
   endfacet
   facet normal 0.990569 -0.129877 -0.0436397
      outer loop
         vertex 0.0414764 -0.068231 0.102702
         vertex 0.0414989 -0.0679761 0.102788
         vertex 0.0414989 -0.0685585 0.104869
      endloop
   endfacet
   facet normal 0.990569 -0.133663 -0.0301099
      outer loop
         vertex 0.0414764 -0.0688208 0.10481
         vertex 0.0414989 -0.0685585 0.104869
         vertex 0.0414989 -0.0689246 0.106999
      endloop
   endfacet
   facet normal 0.990569 -0.136044 -0.0162636
      outer loop
         vertex 0.0414764 -0.0691916 0.106967
         vertex 0.0414989 -0.0689246 0.106999
         vertex 0.0414989 -0.0690708 0.109155
      endloop
   endfacet
   facet normal 0.990569 -0.136994 -0.00224626
      outer loop
         vertex 0.0414764 -0.0693397 0.10915
         vertex 0.0414989 -0.0690708 0.109155
         vertex 0.0414989 -0.0689954 0.111314
      endloop
   endfacet
   facet normal 0.990569 -0.136504 0.0117947
      outer loop
         vertex 0.0414764 -0.0692633 0.111337
         vertex 0.0414989 -0.0689954 0.111314
         vertex 0.0414989 -0.0686992 0.113455
      endloop
   endfacet
   facet normal 0.990569 -0.134578 0.0257116
      outer loop
         vertex 0.0414764 -0.0689634 0.113505
         vertex 0.0414989 -0.0686992 0.113455
         vertex 0.0414989 -0.0681854 0.115554
      endloop
   endfacet
   facet normal 0.990569 -0.131238 0.0393582
      outer loop
         vertex 0.0414764 -0.068443 0.115631
         vertex 0.0414989 -0.0681854 0.115554
         vertex 0.0414989 -0.0674594 0.117589
      endloop
   endfacet
   facet normal 0.990569 -0.126517 0.052591
      outer loop
         vertex 0.0414764 -0.0677077 0.117692
         vertex 0.0414989 -0.0674594 0.117589
         vertex 0.0414989 -0.0665287 0.119539
      endloop
   endfacet
   facet normal 0.970031 -0.19606 -0.143527
      outer loop
         vertex 0.0414251 -0.065435 0.0967366
         vertex 0.0414764 -0.0652212 0.0968931
         vertex 0.0414764 -0.0664217 0.098723
      endloop
   endfacet
   facet normal 0.970031 -0.209727 -0.122694
      outer loop
         vertex 0.0414251 -0.0666504 0.0985892
         vertex 0.0414764 -0.0664217 0.098723
         vertex 0.0414764 -0.0674285 0.100666
      endloop
   endfacet
   facet normal 0.970031 -0.221189 -0.100572
      outer loop
         vertex 0.0414251 -0.0676697 0.100556
         vertex 0.0414764 -0.0674285 0.100666
         vertex 0.0414764 -0.068231 0.102702
      endloop
   endfacet
   facet normal 0.970031 -0.230326 -0.0773914
      outer loop
         vertex 0.0414251 -0.0684821 0.102618
         vertex 0.0414764 -0.068231 0.102702
         vertex 0.0414764 -0.0688208 0.10481
      endloop
   endfacet
   facet normal 0.970031 -0.23704 -0.0533975
      outer loop
         vertex 0.0414251 -0.0690792 0.104752
         vertex 0.0414764 -0.0688208 0.10481
         vertex 0.0414764 -0.0691916 0.106967
      endloop
   endfacet
   facet normal 0.970031 -0.241262 -0.0288422
      outer loop
         vertex 0.0414251 -0.0694547 0.106935
         vertex 0.0414764 -0.0691916 0.106967
         vertex 0.0414764 -0.0693397 0.10915
      endloop
   endfacet
   facet normal 0.970031 -0.242948 -0.00398356
      outer loop
         vertex 0.0414251 -0.0696045 0.109146
         vertex 0.0414764 -0.0693397 0.10915
         vertex 0.0414764 -0.0692633 0.111337
      endloop
   endfacet
   facet normal 0.970031 -0.242078 0.0209169
      outer loop
         vertex 0.0414251 -0.0695272 0.11136
         vertex 0.0414764 -0.0692633 0.111337
         vertex 0.0414764 -0.0689634 0.113505
      endloop
   endfacet
   facet normal 0.970031 -0.238663 0.0455975
      outer loop
         vertex 0.0414251 -0.0692236 0.113555
         vertex 0.0414764 -0.0689634 0.113505
         vertex 0.0414764 -0.068443 0.115631
      endloop
   endfacet
   facet normal 0.970031 -0.232739 0.0697986
      outer loop
         vertex 0.0414251 -0.0686968 0.115707
         vertex 0.0414764 -0.068443 0.115631
         vertex 0.0414764 -0.0677077 0.117692
      endloop
   endfacet
   facet normal 0.970031 -0.224368 0.0932658
      outer loop
         vertex 0.0414251 -0.0679523 0.117794
         vertex 0.0414764 -0.0677077 0.117692
         vertex 0.0414764 -0.0667651 0.119667
      endloop
   endfacet
   facet normal 0.938191 -0.298749 -0.174774
      outer loop
         vertex 0.0413455 -0.0668729 0.098459
         vertex 0.0414251 -0.0666504 0.0985892
         vertex 0.0414251 -0.0676697 0.100556
      endloop
   endfacet
   facet normal 0.938191 -0.315077 -0.143261
      outer loop
         vertex 0.0413455 -0.0679044 0.10045
         vertex 0.0414251 -0.0676697 0.100556
         vertex 0.0414251 -0.0684821 0.102618
      endloop
   endfacet
   facet normal 0.938191 -0.328091 -0.110241
      outer loop
         vertex 0.0413455 -0.0687265 0.102536
         vertex 0.0414251 -0.0684821 0.102618
         vertex 0.0414251 -0.0690792 0.104752
      endloop
   endfacet
   facet normal 0.938191 -0.337656 -0.076063
      outer loop
         vertex 0.0413455 -0.0693308 0.104695
         vertex 0.0414251 -0.0690792 0.104752
         vertex 0.0414251 -0.0694547 0.106935
      endloop
   endfacet
   facet normal 0.938191 -0.34367 -0.0410847
      outer loop
         vertex 0.0413455 -0.0697107 0.106905
         vertex 0.0414251 -0.0694547 0.106935
         vertex 0.0414251 -0.0696045 0.109146
      endloop
   endfacet
   facet normal 0.938191 -0.346071 -0.00567444
      outer loop
         vertex 0.0413455 -0.0698624 0.109142
         vertex 0.0414251 -0.0696045 0.109146
         vertex 0.0414251 -0.0695272 0.11136
      endloop
   endfacet
   facet normal 0.938191 -0.344832 0.0297955
      outer loop
         vertex 0.0413455 -0.0697841 0.111382
         vertex 0.0414251 -0.0695272 0.11136
         vertex 0.0414251 -0.0692236 0.113555
      endloop
   endfacet
   facet normal 0.938191 -0.339968 0.0649521
      outer loop
         vertex 0.0413455 -0.0694768 0.113603
         vertex 0.0414251 -0.0692236 0.113555
         vertex 0.0414251 -0.0686968 0.115707
      endloop
   endfacet
   facet normal 0.938191 -0.331529 0.0994258
      outer loop
         vertex 0.0413455 -0.0689437 0.115781
         vertex 0.0414251 -0.0686968 0.115707
         vertex 0.0414251 -0.0679523 0.117794
      endloop
   endfacet
   facet normal 0.938191 -0.319604 0.132854
      outer loop
         vertex 0.0413455 -0.0681904 0.117893
         vertex 0.0414251 -0.0679523 0.117794
         vertex 0.0414251 -0.0669981 0.119793
      endloop
   endfacet
   facet normal 0.895421 -0.384291 -0.224817
      outer loop
         vertex 0.0412386 -0.0670868 0.0983339
         vertex 0.0413455 -0.0668729 0.098459
         vertex 0.0413455 -0.0679044 0.10045
      endloop
   endfacet
   facet normal 0.895421 -0.405293 -0.184281
      outer loop
         vertex 0.0412386 -0.0681299 0.100347
         vertex 0.0413455 -0.0679044 0.10045
         vertex 0.0413455 -0.0687265 0.102536
      endloop
   endfacet
   facet normal 0.895421 -0.422034 -0.141807
      outer loop
         vertex 0.0412386 -0.0689614 0.102457
         vertex 0.0413455 -0.0687265 0.102536
         vertex 0.0413455 -0.0693308 0.104695
      endloop
   endfacet
   facet normal 0.895421 -0.434337 -0.0978422
      outer loop
         vertex 0.0412386 -0.0695725 0.10464
         vertex 0.0413455 -0.0693308 0.104695
         vertex 0.0413455 -0.0697107 0.106905
      endloop
   endfacet
   facet normal 0.895421 -0.442074 -0.0528485
      outer loop
         vertex 0.0412386 -0.0699567 0.106875
         vertex 0.0413455 -0.0697107 0.106905
         vertex 0.0413455 -0.0698624 0.109142
      endloop
   endfacet
   facet normal 0.895421 -0.445161 -0.00729921
      outer loop
         vertex 0.0412386 -0.0701101 0.109137
         vertex 0.0413455 -0.0698624 0.109142
         vertex 0.0413455 -0.0697841 0.111382
      endloop
   endfacet
   facet normal 0.895421 -0.443569 0.0383269
      outer loop
         vertex 0.0412386 -0.070031 0.111404
         vertex 0.0413455 -0.0697841 0.111382
         vertex 0.0413455 -0.0694768 0.113603
      endloop
   endfacet
   facet normal 0.895421 -0.437312 0.08355
      outer loop
         vertex 0.0412386 -0.0697202 0.11365
         vertex 0.0413455 -0.0694768 0.113603
         vertex 0.0413455 -0.0689437 0.115781
      endloop
   endfacet
   facet normal 0.895421 -0.426456 0.127895
      outer loop
         vertex 0.0412386 -0.069181 0.115852
         vertex 0.0413455 -0.0689437 0.115781
         vertex 0.0413455 -0.0681904 0.117893
      endloop
   endfacet
   facet normal 0.895421 -0.411117 0.170894
      outer loop
         vertex 0.0412386 -0.0684192 0.117988
         vertex 0.0413455 -0.0681904 0.117893
         vertex 0.0413455 -0.0672248 0.119916
      endloop
   endfacet
   facet normal 0.842217 -0.465355 -0.272241
      outer loop
         vertex 0.0411055 -0.0672894 0.0982153
         vertex 0.0412386 -0.0670868 0.0983339
         vertex 0.0412386 -0.0681299 0.100347
      endloop
   endfacet
   facet normal 0.842217 -0.490788 -0.223154
      outer loop
         vertex 0.0411055 -0.0683437 0.10025
         vertex 0.0412386 -0.0681299 0.100347
         vertex 0.0412386 -0.0689614 0.102457
      endloop
   endfacet
   facet normal 0.842217 -0.51106 -0.17172
      outer loop
         vertex 0.0411055 -0.069184 0.102382
         vertex 0.0412386 -0.0689614 0.102457
         vertex 0.0412386 -0.0695725 0.10464
      endloop
   endfacet
   facet normal 0.842217 -0.525958 -0.118481
      outer loop
         vertex 0.0411055 -0.0698015 0.104589
         vertex 0.0412386 -0.0695725 0.10464
         vertex 0.0412386 -0.0699567 0.106875
      endloop
   endfacet
   facet normal 0.842217 -0.535327 -0.0639967
      outer loop
         vertex 0.0411055 -0.0701898 0.106847
         vertex 0.0412386 -0.0699567 0.106875
         vertex 0.0412386 -0.0701101 0.109137
      endloop
   endfacet
   facet normal 0.842217 -0.539066 -0.00883894
      outer loop
         vertex 0.0411055 -0.0703448 0.109134
         vertex 0.0412386 -0.0701101 0.109137
         vertex 0.0412386 -0.070031 0.111404
      endloop
   endfacet
   facet normal 0.842217 -0.537137 0.0464117
      outer loop
         vertex 0.0411055 -0.0702649 0.111424
         vertex 0.0412386 -0.070031 0.111404
         vertex 0.0412386 -0.0697202 0.11365
      endloop
   endfacet
   facet normal 0.842217 -0.52956 0.101174
      outer loop
         vertex 0.0411055 -0.0699508 0.113694
         vertex 0.0412386 -0.0697202 0.11365
         vertex 0.0412386 -0.069181 0.115852
      endloop
   endfacet
   facet normal 0.842217 -0.516415 0.154873
      outer loop
         vertex 0.0411055 -0.0694059 0.11592
         vertex 0.0412386 -0.069181 0.115852
         vertex 0.0412386 -0.0684192 0.117988
      endloop
   endfacet
   facet normal 0.842217 -0.49784 0.206943
      outer loop
         vertex 0.0411055 -0.068636 0.118078
         vertex 0.0412386 -0.0684192 0.117988
         vertex 0.0412386 -0.0674426 0.120034
      endloop
   endfacet
   facet normal 0.779201 -0.540997 -0.316493
      outer loop
         vertex 0.040948 -0.0674785 0.0981047
         vertex 0.0411055 -0.0672894 0.0982153
         vertex 0.0411055 -0.0683437 0.10025
      endloop
   endfacet
   facet normal 0.779201 -0.570564 -0.259427
      outer loop
         vertex 0.040948 -0.0685431 0.100159
         vertex 0.0411055 -0.0683437 0.10025
         vertex 0.0411055 -0.069184 0.102382
      endloop
   endfacet
   facet normal 0.779201 -0.594131 -0.199633
      outer loop
         vertex 0.040948 -0.0693916 0.102312
         vertex 0.0411055 -0.069184 0.102382
         vertex 0.0411055 -0.0698015 0.104589
      endloop
   endfacet
   facet normal 0.779201 -0.611452 -0.13774
      outer loop
         vertex 0.040948 -0.0700153 0.104541
         vertex 0.0411055 -0.0698015 0.104589
         vertex 0.0411055 -0.0701898 0.106847
      endloop
   endfacet
   facet normal 0.779201 -0.622343 -0.0743991
      outer loop
         vertex 0.040948 -0.0704074 0.106821
         vertex 0.0411055 -0.0701898 0.106847
         vertex 0.0411055 -0.0703448 0.109134
      endloop
   endfacet
   facet normal 0.779201 -0.62669 -0.0102757
      outer loop
         vertex 0.040948 -0.0705639 0.10913
         vertex 0.0411055 -0.0703448 0.109134
         vertex 0.0411055 -0.0702649 0.111424
      endloop
   endfacet
   facet normal 0.779201 -0.624447 0.0539558
      outer loop
         vertex 0.040948 -0.0704832 0.111443
         vertex 0.0411055 -0.0702649 0.111424
         vertex 0.0411055 -0.0699508 0.113694
      endloop
   endfacet
   facet normal 0.779201 -0.615639 0.11762
      outer loop
         vertex 0.040948 -0.070166 0.113735
         vertex 0.0411055 -0.0699508 0.113694
         vertex 0.0411055 -0.0694059 0.11592
      endloop
   endfacet
   facet normal 0.779201 -0.600357 0.180047
      outer loop
         vertex 0.040948 -0.0696158 0.115983
         vertex 0.0411055 -0.0694059 0.11592
         vertex 0.0411055 -0.068636 0.118078
      endloop
   endfacet
   facet normal 0.779201 -0.578762 0.240582
      outer loop
         vertex 0.040948 -0.0688383 0.118162
         vertex 0.0411055 -0.068636 0.118078
         vertex 0.0411055 -0.067649 0.120146
      endloop
   endfacet
   facet normal 0.779201 -0.551082 0.298586
      outer loop
         vertex 0.040948 -0.0678417 0.120251
         vertex 0.0411055 -0.067649 0.120146
         vertex 0.0411055 -0.0664555 0.122102
      endloop
   endfacet
   facet normal 0.707107 -0.610336 -0.357057
      outer loop
         vertex 0.0407678 -0.0676519 0.0980033
         vertex 0.040948 -0.0674785 0.0981047
         vertex 0.040948 -0.0685431 0.100159
      endloop
   endfacet
   facet normal 0.707107 -0.643692 -0.292677
      outer loop
         vertex 0.0407678 -0.0687259 0.100076
         vertex 0.040948 -0.0685431 0.100159
         vertex 0.040948 -0.0693916 0.102312
      endloop
   endfacet
   facet normal 0.707107 -0.670281 -0.22522
      outer loop
         vertex 0.0407678 -0.069582 0.102248
         vertex 0.040948 -0.0693916 0.102312
         vertex 0.040948 -0.0700153 0.104541
      endloop
   endfacet
   facet normal 0.707107 -0.689821 -0.155394
      outer loop
         vertex 0.0407678 -0.0702112 0.104497
         vertex 0.040948 -0.0700153 0.104541
         vertex 0.040948 -0.0704074 0.106821
      endloop
   endfacet
   facet normal 0.707107 -0.702108 -0.0839348
      outer loop
         vertex 0.0407678 -0.0706068 0.106797
         vertex 0.040948 -0.0704074 0.106821
         vertex 0.040948 -0.0705639 0.10913
      endloop
   endfacet
   facet normal 0.707107 -0.707012 -0.0115927
      outer loop
         vertex 0.0407678 -0.0707647 0.109127
         vertex 0.040948 -0.0705639 0.10913
         vertex 0.040948 -0.0704832 0.111443
      endloop
   endfacet
   facet normal 0.707107 -0.704482 0.0608713
      outer loop
         vertex 0.0407678 -0.0706832 0.11146
         vertex 0.040948 -0.0704832 0.111443
         vertex 0.040948 -0.070166 0.113735
      endloop
   endfacet
   facet normal 0.707107 -0.694544 0.132695
      outer loop
         vertex 0.0407678 -0.0703633 0.113773
         vertex 0.040948 -0.070166 0.113735
         vertex 0.040948 -0.0696158 0.115983
      endloop
   endfacet
   facet normal 0.707107 -0.677304 0.203124
      outer loop
         vertex 0.0407678 -0.0698082 0.11604
         vertex 0.040948 -0.0696158 0.115983
         vertex 0.040948 -0.0688383 0.118162
      endloop
   endfacet
   facet normal 0.707107 -0.652942 0.271417
      outer loop
         vertex 0.0407678 -0.0690237 0.118239
         vertex 0.040948 -0.0688383 0.118162
         vertex 0.040948 -0.0678417 0.120251
      endloop
   endfacet
   facet normal 0.707107 -0.621714 0.336856
      outer loop
         vertex 0.0407678 -0.0680182 0.120346
         vertex 0.040948 -0.0678417 0.120251
         vertex 0.040948 -0.0666364 0.122226
      endloop
   endfacet
   facet normal 0.626774 -0.672564 -0.393462
      outer loop
         vertex 0.0405669 -0.0678075 0.0979123
         vertex 0.0407678 -0.0676519 0.0980033
         vertex 0.0407678 -0.0687259 0.100076
      endloop
   endfacet
   facet normal 0.626774 -0.709321 -0.322518
      outer loop
         vertex 0.0405669 -0.06889 0.100002
         vertex 0.0407678 -0.0687259 0.100076
         vertex 0.0407678 -0.069582 0.102248
      endloop
   endfacet
   facet normal 0.626774 -0.73862 -0.248183
      outer loop
         vertex 0.0405669 -0.0697529 0.102191
         vertex 0.0407678 -0.069582 0.102248
         vertex 0.0407678 -0.0702112 0.104497
      endloop
   endfacet
   facet normal 0.626774 -0.760153 -0.171238
      outer loop
         vertex 0.0405669 -0.070387 0.104457
         vertex 0.0407678 -0.0702112 0.104497
         vertex 0.0407678 -0.0706068 0.106797
      endloop
   endfacet
   facet normal 0.626774 -0.773692 -0.0924925
      outer loop
         vertex 0.0405669 -0.0707858 0.106776
         vertex 0.0407678 -0.0706068 0.106797
         vertex 0.0407678 -0.0707647 0.109127
      endloop
   endfacet
   facet normal 0.626774 -0.779097 -0.0127747
      outer loop
         vertex 0.0405669 -0.0709449 0.109124
         vertex 0.0407678 -0.0707647 0.109127
         vertex 0.0407678 -0.0706832 0.11146
      endloop
   endfacet
   facet normal 0.626774 -0.776309 0.0670775
      outer loop
         vertex 0.0405669 -0.0708628 0.111475
         vertex 0.0407678 -0.0706832 0.11146
         vertex 0.0407678 -0.0703633 0.113773
      endloop
   endfacet
   facet normal 0.626774 -0.765358 0.146224
      outer loop
         vertex 0.0405669 -0.0705403 0.113806
         vertex 0.0407678 -0.0703633 0.113773
         vertex 0.0407678 -0.0698082 0.11604
      endloop
   endfacet
   facet normal 0.626774 -0.74636 0.223834
      outer loop
         vertex 0.0405669 -0.0699808 0.116092
         vertex 0.0407678 -0.0698082 0.11604
         vertex 0.0407678 -0.0690237 0.118239
      endloop
   endfacet
   facet normal 0.626774 -0.719514 0.29909
      outer loop
         vertex 0.0405669 -0.0691902 0.118308
         vertex 0.0407678 -0.0690237 0.118239
         vertex 0.0407678 -0.0680182 0.120346
      endloop
   endfacet
   facet normal 0.539138 -0.726956 -0.425282
      outer loop
         vertex 0.0403478 -0.0679434 0.0978327
         vertex 0.0405669 -0.0678075 0.0979123
         vertex 0.0405669 -0.06889 0.100002
      endloop
   endfacet
   facet normal 0.539138 -0.766686 -0.348601
      outer loop
         vertex 0.0403478 -0.0690334 0.0999364
         vertex 0.0405669 -0.06889 0.100002
         vertex 0.0405669 -0.0697529 0.102191
      endloop
   endfacet
   facet normal 0.539138 -0.798354 -0.268254
      outer loop
         vertex 0.0403478 -0.0699022 0.102141
         vertex 0.0405669 -0.0697529 0.102191
         vertex 0.0405669 -0.070387 0.104457
      endloop
   endfacet
   facet normal 0.539138 -0.821628 -0.185086
      outer loop
         vertex 0.0403478 -0.0705407 0.104422
         vertex 0.0405669 -0.070387 0.104457
         vertex 0.0405669 -0.0707858 0.106776
      endloop
   endfacet
   facet normal 0.539138 -0.836263 -0.0999726
      outer loop
         vertex 0.0403478 -0.0709422 0.106757
         vertex 0.0405669 -0.0707858 0.106776
         vertex 0.0405669 -0.0709449 0.109124
      endloop
   endfacet
   facet normal 0.539138 -0.842104 -0.0138078
      outer loop
         vertex 0.0403478 -0.0711024 0.109121
         vertex 0.0405669 -0.0709449 0.109124
         vertex 0.0405669 -0.0708628 0.111475
      endloop
   endfacet
   facet normal 0.539138 -0.839091 0.0725023
      outer loop
         vertex 0.0403478 -0.0710198 0.111489
         vertex 0.0405669 -0.0708628 0.111475
         vertex 0.0405669 -0.0705403 0.113806
      endloop
   endfacet
   facet normal 0.539138 -0.827255 0.15805
      outer loop
         vertex 0.0403478 -0.0706951 0.113836
         vertex 0.0405669 -0.0705403 0.113806
         vertex 0.0405669 -0.0699808 0.116092
      endloop
   endfacet
   facet normal 0.539138 -0.80672 0.241936
      outer loop
         vertex 0.0403478 -0.0701317 0.116137
         vertex 0.0405669 -0.0699808 0.116092
         vertex 0.0405669 -0.0691902 0.118308
      endloop
   endfacet
   facet normal 0.539138 -0.777703 0.323278
      outer loop
         vertex 0.0403478 -0.0693356 0.118369
         vertex 0.0405669 -0.0691902 0.118308
         vertex 0.0405669 -0.0681767 0.120432
      endloop
   endfacet
   facet normal 0.445221 -0.772878 -0.452147
      outer loop
         vertex 0.0401131 -0.0680583 0.0977656
         vertex 0.0403478 -0.0679434 0.0978327
         vertex 0.0403478 -0.0690334 0.0999364
      endloop
   endfacet
   facet normal 0.445221 -0.815118 -0.370622
      outer loop
         vertex 0.0401131 -0.0691545 0.0998814
         vertex 0.0403478 -0.0690334 0.0999364
         vertex 0.0403478 -0.0699022 0.102141
      endloop
   endfacet
   facet normal 0.445221 -0.848787 -0.2852
      outer loop
         vertex 0.0401131 -0.0700283 0.102098
         vertex 0.0403478 -0.0699022 0.102141
         vertex 0.0403478 -0.0705407 0.104422
      endloop
   endfacet
   facet normal 0.445221 -0.873531 -0.196778
      outer loop
         vertex 0.0401131 -0.0706705 0.104393
         vertex 0.0403478 -0.0705407 0.104422
         vertex 0.0403478 -0.0709422 0.106757
      endloop
   endfacet
   facet normal 0.445221 -0.88909 -0.106288
      outer loop
         vertex 0.0401131 -0.0710743 0.106742
         vertex 0.0403478 -0.0709422 0.106757
         vertex 0.0403478 -0.0711024 0.109121
      endloop
   endfacet
   facet normal 0.445221 -0.8953 -0.01468
      outer loop
         vertex 0.0401131 -0.0712354 0.109119
         vertex 0.0403478 -0.0711024 0.109121
         vertex 0.0403478 -0.0710198 0.111489
      endloop
   endfacet
   facet normal 0.445221 -0.892097 0.0770823
      outer loop
         vertex 0.0401131 -0.0711523 0.1115
         vertex 0.0403478 -0.0710198 0.111489
         vertex 0.0403478 -0.0706951 0.113836
      endloop
   endfacet
   facet normal 0.445221 -0.879513 0.168034
      outer loop
         vertex 0.0401131 -0.0708257 0.113861
         vertex 0.0403478 -0.0706951 0.113836
         vertex 0.0403478 -0.0701317 0.116137
      endloop
   endfacet
   facet normal 0.445221 -0.857681 0.257219
      outer loop
         vertex 0.0401131 -0.0702591 0.116176
         vertex 0.0403478 -0.0701317 0.116137
         vertex 0.0403478 -0.0693356 0.118369
      endloop
   endfacet
   facet normal 0.445221 -0.826831 0.343699
      outer loop
         vertex 0.0401131 -0.0694585 0.11842
         vertex 0.0403478 -0.0693356 0.118369
         vertex 0.0403478 -0.0683152 0.120507
      endloop
   endfacet
   facet normal 0.346117 -0.809796 -0.473745
      outer loop
         vertex 0.0398653 -0.0681505 0.0977116
         vertex 0.0401131 -0.0680583 0.0977656
         vertex 0.0401131 -0.0691545 0.0998814
      endloop
   endfacet
   facet normal 0.346117 -0.854053 -0.388325
      outer loop
         vertex 0.0398653 -0.0692518 0.0998371
         vertex 0.0401131 -0.0691545 0.0998814
         vertex 0.0401131 -0.0700283 0.102098
      endloop
   endfacet
   facet normal 0.346117 -0.88933 -0.298822
      outer loop
         vertex 0.0398653 -0.0701296 0.102064
         vertex 0.0401131 -0.0700283 0.102098
         vertex 0.0401131 -0.0706705 0.104393
      endloop
   endfacet
   facet normal 0.346117 -0.915256 -0.206178
      outer loop
         vertex 0.0398653 -0.0707748 0.10437
         vertex 0.0401131 -0.0706705 0.104393
         vertex 0.0401131 -0.0710743 0.106742
      endloop
   endfacet
   facet normal 0.346117 -0.931558 -0.111365
      outer loop
         vertex 0.0398653 -0.0711804 0.106729
         vertex 0.0401131 -0.0710743 0.106742
         vertex 0.0401131 -0.0712354 0.109119
      endloop
   endfacet
   facet normal 0.346117 -0.938065 -0.0153812
      outer loop
         vertex 0.0398653 -0.0713423 0.109117
         vertex 0.0401131 -0.0712354 0.109119
         vertex 0.0401131 -0.0711523 0.1115
      endloop
   endfacet
   facet normal 0.346117 -0.934709 0.0807642
      outer loop
         vertex 0.0398653 -0.0712588 0.11151
         vertex 0.0401131 -0.0711523 0.1115
         vertex 0.0401131 -0.0708257 0.113861
      endloop
   endfacet
   facet normal 0.346117 -0.921524 0.17606
      outer loop
         vertex 0.0398653 -0.0709307 0.113881
         vertex 0.0401131 -0.0708257 0.113861
         vertex 0.0401131 -0.0702591 0.116176
      endloop
   endfacet
   facet normal 0.346117 -0.898649 0.269505
      outer loop
         vertex 0.0398653 -0.0703615 0.116206
         vertex 0.0401131 -0.0702591 0.116176
         vertex 0.0401131 -0.0694585 0.11842
      endloop
   endfacet
   facet normal 0.346117 -0.866325 0.360116
      outer loop
         vertex 0.0398653 -0.0695572 0.118461
         vertex 0.0401131 -0.0694585 0.11842
         vertex 0.0401131 -0.0684322 0.120571
      endloop
   endfacet
   facet normal 0.24298 -0.837278 -0.489822
      outer loop
         vertex 0.0396075 -0.0682193 0.0976714
         vertex 0.0398653 -0.0681505 0.0977116
         vertex 0.0398653 -0.0692518 0.0998371
      endloop
   endfacet
   facet normal 0.24298 -0.883037 -0.401504
      outer loop
         vertex 0.0396075 -0.0693243 0.0998042
         vertex 0.0398653 -0.0692518 0.0998371
         vertex 0.0398653 -0.0701296 0.102064
      endloop
   endfacet
   facet normal 0.24298 -0.919512 -0.308964
      outer loop
         vertex 0.0396075 -0.0702051 0.102039
         vertex 0.0398653 -0.0701296 0.102064
         vertex 0.0398653 -0.0707748 0.10437
      endloop
   endfacet
   facet normal 0.24298 -0.946318 -0.213175
      outer loop
         vertex 0.0396075 -0.0708524 0.104352
         vertex 0.0398653 -0.0707748 0.10437
         vertex 0.0398653 -0.0711804 0.106729
      endloop
   endfacet
   facet normal 0.24298 -0.963173 -0.115144
      outer loop
         vertex 0.0396075 -0.0712595 0.106719
         vertex 0.0398653 -0.0711804 0.106729
         vertex 0.0398653 -0.0713423 0.109117
      endloop
   endfacet
   facet normal 0.24298 -0.969901 -0.0159032
      outer loop
         vertex 0.0396075 -0.0714219 0.109116
         vertex 0.0398653 -0.0713423 0.109117
         vertex 0.0398653 -0.0712588 0.11151
      endloop
   endfacet
   facet normal 0.24298 -0.96643 0.0835051
      outer loop
         vertex 0.0396075 -0.0713381 0.111517
         vertex 0.0398653 -0.0712588 0.11151
         vertex 0.0398653 -0.0709307 0.113881
      endloop
   endfacet
   facet normal 0.24298 -0.952798 0.182035
      outer loop
         vertex 0.0396075 -0.0710089 0.113896
         vertex 0.0398653 -0.0709307 0.113881
         vertex 0.0398653 -0.0703615 0.116206
      endloop
   endfacet
   facet normal 0.24298 -0.929147 0.278652
      outer loop
         vertex 0.0396075 -0.0704378 0.116229
         vertex 0.0398653 -0.0703615 0.116206
         vertex 0.0398653 -0.0695572 0.118461
      endloop
   endfacet
   facet normal 0.24298 -0.895726 0.372338
      outer loop
         vertex 0.0396075 -0.0696307 0.118492
         vertex 0.0398653 -0.0695572 0.118461
         vertex 0.0398653 -0.0685262 0.120621
      endloop
   endfacet
   facet normal 0.137012 -0.855005 -0.500193
      outer loop
         vertex 0.0393425 -0.0682636 0.0976455
         vertex 0.0396075 -0.0682193 0.0976714
         vertex 0.0396075 -0.0693243 0.0998042
      endloop
   endfacet
   facet normal 0.137012 -0.901734 -0.410005
      outer loop
         vertex 0.0393425 -0.069371 0.0997829
         vertex 0.0396075 -0.0693243 0.0998042
         vertex 0.0396075 -0.0702051 0.102039
      endloop
   endfacet
   facet normal 0.137012 -0.93898 -0.315505
      outer loop
         vertex 0.0393425 -0.0702538 0.102023
         vertex 0.0396075 -0.0702051 0.102039
         vertex 0.0396075 -0.0708524 0.104352
      endloop
   endfacet
   facet normal 0.137012 -0.966354 -0.217688
      outer loop
         vertex 0.0393425 -0.0709025 0.104341
         vertex 0.0396075 -0.0708524 0.104352
         vertex 0.0396075 -0.0712595 0.106719
      endloop
   endfacet
   facet normal 0.137012 -0.983566 -0.117582
      outer loop
         vertex 0.0393425 -0.0713104 0.106713
         vertex 0.0396075 -0.0712595 0.106719
         vertex 0.0396075 -0.0714219 0.109116
      endloop
   endfacet
   facet normal 0.137012 -0.990436 -0.01624
      outer loop
         vertex 0.0393425 -0.0714733 0.109115
         vertex 0.0396075 -0.0714219 0.109116
         vertex 0.0396075 -0.0713381 0.111517
      endloop
   endfacet
   facet normal 0.137012 -0.986892 0.0852731
      outer loop
         vertex 0.0393425 -0.0713893 0.111521
         vertex 0.0396075 -0.0713381 0.111517
         vertex 0.0396075 -0.0710089 0.113896
      endloop
   endfacet
   facet normal 0.137012 -0.972971 0.18589
      outer loop
         vertex 0.0393425 -0.0710593 0.113906
         vertex 0.0396075 -0.0710089 0.113896
         vertex 0.0396075 -0.0704378 0.116229
      endloop
   endfacet
   facet normal 0.137012 -0.948819 0.284551
      outer loop
         vertex 0.0393425 -0.070487 0.116244
         vertex 0.0396075 -0.0704378 0.116229
         vertex 0.0396075 -0.0696307 0.118492
      endloop
   endfacet
   facet normal 0.137012 -0.914691 0.380221
      outer loop
         vertex 0.0393425 -0.0696781 0.118511
         vertex 0.0396075 -0.0696307 0.118492
         vertex 0.0396075 -0.0685962 0.120659
      endloop
   endfacet
   facet normal 0.0294482 -0.862771 -0.504736
      outer loop
         vertex 0.0390736 -0.068283 0.0976341
         vertex 0.0393425 -0.0682636 0.0976455
         vertex 0.0393425 -0.069371 0.0997829
      endloop
   endfacet
   facet normal 0.0294482 -0.909924 -0.413729
      outer loop
         vertex 0.0390736 -0.0693915 0.0997736
         vertex 0.0393425 -0.069371 0.0997829
         vertex 0.0393425 -0.0702538 0.102023
      endloop
   endfacet
   facet normal 0.0294482 -0.947509 -0.318371
      outer loop
         vertex 0.0390736 -0.0702751 0.102015
         vertex 0.0393425 -0.0702538 0.102023
         vertex 0.0393425 -0.0709025 0.104341
      endloop
   endfacet
   facet normal 0.0294482 -0.975131 -0.219665
      outer loop
         vertex 0.0390736 -0.0709245 0.104336
         vertex 0.0393425 -0.0709025 0.104341
         vertex 0.0393425 -0.0713104 0.106713
      endloop
   endfacet
   facet normal 0.0294482 -0.992499 -0.11865
      outer loop
         vertex 0.0390736 -0.0713328 0.106711
         vertex 0.0393425 -0.0713104 0.106713
         vertex 0.0393425 -0.0714733 0.109115
      endloop
   endfacet
   facet normal 0.0294482 -0.999432 -0.0163875
      outer loop
         vertex 0.0390736 -0.0714958 0.109115
         vertex 0.0393425 -0.0714733 0.109115
         vertex 0.0393425 -0.0713893 0.111521
      endloop
   endfacet
   facet normal 0.0294482 -0.995856 0.0860476
      outer loop
         vertex 0.0390736 -0.0714117 0.111523
         vertex 0.0393425 -0.0713893 0.111521
         vertex 0.0393425 -0.0710593 0.113906
      endloop
   endfacet
   facet normal 0.0294482 -0.981808 0.187578
      outer loop
         vertex 0.0390736 -0.0710814 0.11391
         vertex 0.0393425 -0.0710593 0.113906
         vertex 0.0393425 -0.070487 0.116244
      endloop
   endfacet
   facet normal 0.0294482 -0.957437 0.287136
      outer loop
         vertex 0.0390736 -0.0705085 0.11625
         vertex 0.0393425 -0.070487 0.116244
         vertex 0.0393425 -0.0696781 0.118511
      endloop
   endfacet
   facet normal 0.0294482 -0.922999 0.383675
      outer loop
         vertex 0.0390736 -0.0696989 0.11852
         vertex 0.0393425 -0.0696781 0.118511
         vertex 0.0393425 -0.0686413 0.120684
      endloop
   endfacet
   facet normal 0.999998 -0.00174556 -0.000204836
      outer loop
         vertex 0.0415 -0.064576 0.119914
         vertex 0.0414787 -0.0650008 0.121038
         vertex 0.0414623 -0.0651195 0.120906
      endloop
   endfacet
   facet normal 0.999999 -0.00145463 0.000113378
      outer loop
         vertex 0.0415 -0.0645775 0.119912
         vertex 0.0414623 -0.0651195 0.120906
         vertex 0.0414522 -0.065239 0.120774
      endloop
   endfacet
   facet normal 0.999999 -0.0011637 0.000431592
      outer loop
         vertex 0.0415 -0.0645789 0.119911
         vertex 0.0414522 -0.065239 0.120774
         vertex 0.0414485 -0.0653591 0.120643
      endloop
   endfacet
   facet normal 0.999999 -0.000872778 0.000749806
      outer loop
         vertex 0.0415 -0.0645804 0.119909
         vertex 0.0414485 -0.0653591 0.120643
         vertex 0.0414511 -0.0654797 0.120512
      endloop
   endfacet
   facet normal 0.999999 -0.000581852 0.00106802
      outer loop
         vertex 0.0415 -0.0645818 0.119907
         vertex 0.0414511 -0.0654797 0.120512
         vertex 0.04146 -0.0656006 0.120381
      endloop
   endfacet
   facet normal 0.999999 -0.000290926 0.00138623
      outer loop
         vertex 0.0414997 -0.0645833 0.119906
         vertex 0.04146 -0.0656006 0.120381
         vertex 0.0414751 -0.0652174 0.120098
      endloop
   endfacet
   facet normal 0.993135 -0.0242073 0.114441
      outer loop
         vertex 0.04146 -0.0656006 0.120381
         vertex 0.0414557 -0.0657208 0.120251
         vertex 0.0414751 -0.0652174 0.120098
      endloop
   endfacet
   facet normal 0.989407 -0.14417 -0.016977
      outer loop
         vertex 0.0414787 -0.0650008 0.121038
         vertex 0.0414341 -0.0653225 0.121912
         vertex 0.0413828 -0.0655276 0.121676
      endloop
   endfacet
   facet normal 0.992678 -0.120422 0.00939743
      outer loop
         vertex 0.0414623 -0.0651195 0.120906
         vertex 0.0413828 -0.0655276 0.121676
         vertex 0.0413512 -0.065737 0.121441
      endloop
   endfacet
   facet normal 0.994688 -0.0965218 0.0357599
      outer loop
         vertex 0.0414522 -0.065239 0.120774
         vertex 0.0413512 -0.065737 0.121441
         vertex 0.0413392 -0.0659499 0.121206
      endloop
   endfacet
   facet normal 0.995435 -0.0724988 0.062077
      outer loop
         vertex 0.0414485 -0.0653591 0.120643
         vertex 0.0413392 -0.0659499 0.121206
         vertex 0.041347 -0.0661654 0.120974
      endloop
   endfacet
   facet normal 0.994917 -0.0483838 0.0883152
      outer loop
         vertex 0.0414511 -0.0654797 0.120512
         vertex 0.041347 -0.0661654 0.120974
         vertex 0.0413746 -0.0663826 0.120745
      endloop
   endfacet
   facet normal 0.993135 -0.0242073 0.114441
      outer loop
         vertex 0.04146 -0.0656006 0.120381
         vertex 0.0413746 -0.0663826 0.120745
         vertex 0.0414463 -0.0659663 0.120326
      endloop
   endfacet
   facet normal 0.978193 -0.0436236 0.203067
      outer loop
         vertex 0.0413746 -0.0663826 0.120745
         vertex 0.0414219 -0.0666007 0.12052
         vertex 0.0414463 -0.0659663 0.120326
      endloop
   endfacet
   facet normal 0.989407 -0.14417 -0.016977
      outer loop
         vertex 0.0414787 -0.0650008 0.121038
         vertex 0.0415 -0.064576 0.119914
         vertex 0.0415 -0.064576 0.119921
      endloop
   endfacet
   facet normal 0.999998 -0.00174556 -0.000204836
      outer loop
         vertex 0.0415 -0.064576 0.119914
         vertex 0.0415 -0.0645746 0.119915
         vertex 0.0415 -0.064576 0.119921
      endloop
   endfacet
   facet normal 0.966292 -0.255649 -0.0303823
      outer loop
         vertex 0.0414341 -0.0653225 0.121912
         vertex 0.0414787 -0.0650008 0.121038
         vertex 0.0415 -0.0648898 0.121163
      endloop
   endfacet
   facet normal 0.946289 -0.321022 -0.0384828
      outer loop
         vertex 0.0413979 -0.0655055 0.1224
         vertex 0.0414341 -0.0653225 0.121912
         vertex 0.0415 -0.065135 0.122133
      endloop
   endfacet
   facet normal 0.976551 -0.214629 0.01682
      outer loop
         vertex 0.0413828 -0.0655276 0.121676
         vertex 0.0413183 -0.0657416 0.1224
         vertex 0.0412946 -0.0658145 0.122396
      endloop
   endfacet
   facet normal 0.951388 -0.307774 0.0117078
      outer loop
         vertex 0.0412946 -0.0658145 0.122396
         vertex 0.0412714 -0.0658873 0.122384
         vertex 0.0413828 -0.0655276 0.121676
      endloop
   endfacet
   facet normal 0.950555 -0.310558 0
      outer loop
         vertex 0.0413183 -0.0657416 0.1224
         vertex 0.0413828 -0.0655276 0.121676
         vertex 0.0414341 -0.0653225 0.121912
      endloop
   endfacet
   facet normal 0.966292 -0.255649 -0.0303823
      outer loop
         vertex 0.0414341 -0.0653225 0.121912
         vertex 0.0413979 -0.0655055 0.1224
         vertex 0.0413183 -0.0657416 0.1224
      endloop
   endfacet
   facet normal 0.982888 -0.172747 0.0639548
      outer loop
         vertex 0.0413512 -0.065737 0.121441
         vertex 0.0412385 -0.0659964 0.12235
         vertex 0.0412294 -0.0660272 0.122338
      endloop
   endfacet
   facet normal 0.954853 -0.293007 0.0490276
      outer loop
         vertex 0.0412294 -0.0660272 0.122338
         vertex 0.0412109 -0.0660946 0.122305
         vertex 0.0413512 -0.065737 0.121441
      endloop
   endfacet
   facet normal 0.956185 -0.286168 0.0617906
      outer loop
         vertex 0.0412109 -0.0660946 0.122305
         vertex 0.0411947 -0.0661589 0.122266
         vertex 0.0413512 -0.065737 0.121441
      endloop
   endfacet
   facet normal 0.957531 -0.278561 0.0744185
      outer loop
         vertex 0.0411947 -0.0661589 0.122266
         vertex 0.0411808 -0.0662202 0.122222
         vertex 0.0413512 -0.065737 0.121441
      endloop
   endfacet
   facet normal 0.953587 -0.298908 0.036405
      outer loop
         vertex 0.0412497 -0.0659582 0.122364
         vertex 0.0413512 -0.065737 0.121441
         vertex 0.0413828 -0.0655276 0.121676
      endloop
   endfacet
   facet normal 0.976551 -0.214629 0.01682
      outer loop
         vertex 0.0413828 -0.0655276 0.121676
         vertex 0.0412714 -0.0658875 0.122384
         vertex 0.0412497 -0.0659582 0.122364
      endloop
   endfacet
   facet normal 0.953587 -0.298908 0.036405
      outer loop
         vertex 0.0412497 -0.0659582 0.122364
         vertex 0.0412385 -0.0659964 0.12235
         vertex 0.0413512 -0.065737 0.121441
      endloop
   endfacet
   facet normal 0.982888 -0.172747 0.0639548
      outer loop
         vertex 0.0413512 -0.065737 0.121441
         vertex 0.0411516 -0.0665599 0.121813
         vertex 0.0411523 -0.0665648 0.121804
      endloop
   endfacet
   facet normal 0.982888 -0.172747 0.0639548
      outer loop
         vertex 0.0413512 -0.065737 0.121441
         vertex 0.0411533 -0.0663913 0.122059
         vertex 0.0411497 -0.0664346 0.122006
      endloop
   endfacet
   facet normal 0.963641 -0.231321 0.133744
      outer loop
         vertex 0.0411497 -0.0664346 0.122006
         vertex 0.0411481 -0.0664796 0.121944
         vertex 0.0413512 -0.065737 0.121441
      endloop
   endfacet
   facet normal 0.964617 -0.220563 0.144449
      outer loop
         vertex 0.0411481 -0.0664796 0.121944
         vertex 0.0411487 -0.0665214 0.12188
         vertex 0.0413512 -0.065737 0.121441
      endloop
   endfacet
   facet normal 0.965495 -0.209466 0.154738
      outer loop
         vertex 0.0411487 -0.0665214 0.12188
         vertex 0.0411516 -0.0665599 0.121813
         vertex 0.0413512 -0.065737 0.121441
      endloop
   endfacet
   facet normal 0.982888 -0.172747 0.0639548
      outer loop
         vertex 0.0413512 -0.065737 0.121441
         vertex 0.041171 -0.0662704 0.122181
         vertex 0.0411694 -0.0662785 0.122174
      endloop
   endfacet
   facet normal 0.960154 -0.261338 0.0990264
      outer loop
         vertex 0.0411694 -0.0662785 0.122174
         vertex 0.0411603 -0.066334 0.122121
         vertex 0.0413512 -0.065737 0.121441
      endloop
   endfacet
   facet normal 0.9614 -0.251768 0.11101
      outer loop
         vertex 0.0411603 -0.066334 0.122121
         vertex 0.0411538 -0.0663861 0.122065
         vertex 0.0413512 -0.065737 0.121441
      endloop
   endfacet
   facet normal 0.962567 -0.241729 0.122605
      outer loop
         vertex 0.0411538 -0.0663861 0.122065
         vertex 0.0411533 -0.0663913 0.122059
         vertex 0.0413512 -0.065737 0.121441
      endloop
   endfacet
   facet normal 0.985277 -0.130171 0.110833
      outer loop
         vertex 0.0413392 -0.0659499 0.121206
         vertex 0.0412086 -0.0667151 0.121387
         vertex 0.0412165 -0.0667209 0.12135
      endloop
   endfacet
   facet normal 0.985277 -0.130171 0.110833
      outer loop
         vertex 0.0413392 -0.0659499 0.121206
         vertex 0.0411636 -0.066626 0.121676
         vertex 0.0411829 -0.0666777 0.121534
      endloop
   endfacet
   facet normal 0.968298 -0.151084 0.198926
      outer loop
         vertex 0.0411829 -0.0666777 0.121534
         vertex 0.0412086 -0.0667151 0.121387
         vertex 0.0413392 -0.0659499 0.121206
      endloop
   endfacet
   facet normal 0.985277 -0.130171 0.110833
      outer loop
         vertex 0.0413392 -0.0659499 0.121206
         vertex 0.0411566 -0.0665948 0.121745
         vertex 0.0411636 -0.066626 0.121676
      endloop
   endfacet
   facet normal 0.985277 -0.130171 0.110833
      outer loop
         vertex 0.0413392 -0.0659499 0.121206
         vertex 0.0411523 -0.0665648 0.121804
         vertex 0.0411566 -0.0665948 0.121745
      endloop
   endfacet
   facet normal 0.98371 -0.0870721 0.157266
      outer loop
         vertex 0.041347 -0.0661654 0.120974
         vertex 0.0413113 -0.0667354 0.120942
         vertex 0.0413205 -0.0667301 0.120906
      endloop
   endfacet
   facet normal 0.98371 -0.0870721 0.157266
      outer loop
         vertex 0.041347 -0.0661654 0.120974
         vertex 0.0412925 -0.0667421 0.121016
         vertex 0.0413113 -0.0667354 0.120942
      endloop
   endfacet
   facet normal 0.98371 -0.0870721 0.157266
      outer loop
         vertex 0.041347 -0.0661654 0.120974
         vertex 0.0412385 -0.0667369 0.121244
         vertex 0.0412396 -0.0667377 0.121239
      endloop
   endfacet
   facet normal 0.968858 -0.103444 0.224974
      outer loop
         vertex 0.0412396 -0.0667377 0.121239
         vertex 0.0412741 -0.0667446 0.12109
         vertex 0.041347 -0.0661654 0.120974
      endloop
   endfacet
   facet normal 0.96876 -0.0803414 0.234626
      outer loop
         vertex 0.0412741 -0.0667446 0.12109
         vertex 0.0412925 -0.0667421 0.121016
         vertex 0.041347 -0.0661654 0.120974
      endloop
   endfacet
   facet normal 0.98371 -0.0870721 0.157266
      outer loop
         vertex 0.041347 -0.0661654 0.120974
         vertex 0.0412165 -0.0667209 0.12135
         vertex 0.0412385 -0.0667369 0.121244
      endloop
   endfacet
   facet normal 0.978193 -0.0436236 0.203067
      outer loop
         vertex 0.0413746 -0.0663826 0.120745
         vertex 0.0413867 -0.0666647 0.120655
         vertex 0.0414046 -0.0666354 0.120587
      endloop
   endfacet
   facet normal 0.978193 -0.0436236 0.203067
      outer loop
         vertex 0.0413746 -0.0663826 0.120745
         vertex 0.0413683 -0.0666891 0.120725
         vertex 0.0413867 -0.0666647 0.120655
      endloop
   endfacet
   facet normal 0.978193 -0.0436236 0.203067
      outer loop
         vertex 0.0413746 -0.0663826 0.120745
         vertex 0.0413495 -0.0667089 0.120796
         vertex 0.0413683 -0.0666891 0.120725
      endloop
   endfacet
   facet normal 0.978193 -0.0436236 0.203067
      outer loop
         vertex 0.0413746 -0.0663826 0.120745
         vertex 0.0413454 -0.0667122 0.120811
         vertex 0.0413495 -0.0667089 0.120796
      endloop
   endfacet
   facet normal 0.978193 -0.0436236 0.203067
      outer loop
         vertex 0.0413746 -0.0663826 0.120745
         vertex 0.0413205 -0.0667301 0.120906
         vertex 0.0413304 -0.0667243 0.120868
      endloop
   endfacet
   facet normal 0.968442 -0.0471874 0.244732
      outer loop
         vertex 0.0413304 -0.0667243 0.120868
         vertex 0.0413454 -0.0667122 0.120811
         vertex 0.0413746 -0.0663826 0.120745
      endloop
   endfacet
   facet normal 0.968493 -0.00846156 0.248897
      outer loop
         vertex 0.0414046 -0.0666354 0.120587
         vertex 0.0414219 -0.0666007 0.12052
         vertex 0.0413746 -0.0663826 0.120745
      endloop
   endfacet
   facet normal 0.968501 -0.0527759 0.243353
      outer loop
         vertex 0.0413205 -0.0667301 0.120906
         vertex 0.0413746 -0.0663826 0.120745
         vertex 0.041347 -0.0661654 0.120974
      endloop
   endfacet
   facet normal 0.968817 -0.121148 0.216141
      outer loop
         vertex 0.0412165 -0.0667209 0.12135
         vertex 0.041347 -0.0661654 0.120974
         vertex 0.0413392 -0.0659499 0.121206
      endloop
   endfacet
   facet normal 0.966378 -0.196392 0.165961
      outer loop
         vertex 0.0411523 -0.0665648 0.121804
         vertex 0.0413392 -0.0659499 0.121206
         vertex 0.0413512 -0.065737 0.121441
      endloop
   endfacet
   facet normal 0.95886 -0.270276 0.0868286
      outer loop
         vertex 0.0411808 -0.0662202 0.122222
         vertex 0.041171 -0.0662704 0.122181
         vertex 0.0413512 -0.065737 0.121441
      endloop
   endfacet
   facet normal 0.95242 -0.303845 0.0239545
      outer loop
         vertex 0.0412714 -0.0658873 0.122384
         vertex 0.0412714 -0.0658875 0.122384
         vertex 0.0413828 -0.0655276 0.121676
      endloop
   endfacet
   facet normal 0.953124 -0.293239 -0.074601
      outer loop
         vertex 0.0415 -0.065135 0.122133
         vertex 0.0415 -0.0652024 0.1224
         vertex 0.0413979 -0.0655055 0.1224
      endloop
   endfacet
   facet normal 0.985149 -0.166501 -0.0419468
      outer loop
         vertex 0.0415 -0.0648898 0.121163
         vertex 0.0415 -0.065135 0.122133
         vertex 0.0414341 -0.0653225 0.121912
      endloop
   endfacet
   facet normal 0.999996 -0.00274281 -0.000690675
      outer loop
         vertex 0.0415 -0.064576 0.119921
         vertex 0.0415 -0.0648898 0.121163
         vertex 0.0414787 -0.0650008 0.121038
      endloop
   endfacet
   facet normal 0.999998 -0.00202432 -0.000509751
      outer loop
         vertex 0.0415 -0.0645746 0.119915
         vertex 0.0415 -0.064576 0.119914
         vertex 0.0415 -0.0645708 0.1199
      endloop
   endfacet
   facet normal 0.985424 -0.000490906 0.170116
      outer loop
         vertex 0.0414463 -0.0659663 0.120326
         vertex 0.0414557 -0.0657208 0.120251
         vertex 0.04146 -0.0656006 0.120381
      endloop
   endfacet
   facet normal 0.978193 -0.0436236 0.203067
      outer loop
         vertex 0.0413746 -0.0663826 0.120745
         vertex 0.04146 -0.0656006 0.120381
         vertex 0.0414511 -0.0654797 0.120512
      endloop
   endfacet
   facet normal 0.98371 -0.0870721 0.157266
      outer loop
         vertex 0.041347 -0.0661654 0.120974
         vertex 0.0414511 -0.0654797 0.120512
         vertex 0.0414485 -0.0653591 0.120643
      endloop
   endfacet
   facet normal 0.985277 -0.130171 0.110833
      outer loop
         vertex 0.0413392 -0.0659499 0.121206
         vertex 0.0414485 -0.0653591 0.120643
         vertex 0.0414522 -0.065239 0.120774
      endloop
   endfacet
   facet normal 0.982888 -0.172747 0.0639548
      outer loop
         vertex 0.0413512 -0.065737 0.121441
         vertex 0.0414522 -0.065239 0.120774
         vertex 0.0414623 -0.0651195 0.120906
      endloop
   endfacet
   facet normal 0.976551 -0.214629 0.01682
      outer loop
         vertex 0.0413828 -0.0655276 0.121676
         vertex 0.0414623 -0.0651195 0.120906
         vertex 0.0414787 -0.0650008 0.121038
      endloop
   endfacet
   facet normal 0.996896 -0.000250855 0.0787311
      outer loop
         vertex 0.0414751 -0.0652174 0.120098
         vertex 0.0414995 -0.0645847 0.119904
         vertex 0.0414997 -0.0645833 0.119906
      endloop
   endfacet
   facet normal 0.993135 -0.0242073 0.114441
      outer loop
         vertex 0.04146 -0.0656006 0.120381
         vertex 0.0414997 -0.0645833 0.119906
         vertex 0.0415 -0.0645818 0.119907
      endloop
   endfacet
   facet normal 0.994917 -0.0483838 0.0883152
      outer loop
         vertex 0.0414511 -0.0654797 0.120512
         vertex 0.0415 -0.0645818 0.119907
         vertex 0.0415 -0.0645804 0.119909
      endloop
   endfacet
   facet normal 0.995435 -0.0724988 0.062077
      outer loop
         vertex 0.0414485 -0.0653591 0.120643
         vertex 0.0415 -0.0645804 0.119909
         vertex 0.0415 -0.0645789 0.119911
      endloop
   endfacet
   facet normal 0.994688 -0.0965218 0.0357599
      outer loop
         vertex 0.0414522 -0.065239 0.120774
         vertex 0.0415 -0.0645789 0.119911
         vertex 0.0415 -0.0645775 0.119912
      endloop
   endfacet
   facet normal 0.992678 -0.120422 0.00939743
      outer loop
         vertex 0.0414623 -0.0651195 0.120906
         vertex 0.0415 -0.0645775 0.119912
         vertex 0.0415 -0.064576 0.119914
      endloop
   endfacet
   facet normal 1 0 -2.77556e-15
      outer loop
         vertex 0.0415 -0.0645708 0.1199
         vertex 0.0414997 -0.0645833 0.119906
         vertex 0.0414995 -0.0645847 0.119904
      endloop
   endfacet
   facet normal 1 0 -2.77556e-15
      outer loop
         vertex 0.0415 -0.0645708 0.1199
         vertex 0.0415 -0.0645818 0.119907
         vertex 0.0414997 -0.0645833 0.119906
      endloop
   endfacet
   facet normal 1 0 -2.77556e-15
      outer loop
         vertex 0.0415 -0.0645708 0.1199
         vertex 0.0415 -0.0645804 0.119909
         vertex 0.0415 -0.0645818 0.119907
      endloop
   endfacet
   facet normal 1 0 -2.77556e-15
      outer loop
         vertex 0.0415 -0.0645708 0.1199
         vertex 0.0415 -0.0645789 0.119911
         vertex 0.0415 -0.0645804 0.119909
      endloop
   endfacet
   facet normal 1 0 -2.77556e-15
      outer loop
         vertex 0.0415 -0.0645708 0.1199
         vertex 0.0415 -0.0645775 0.119912
         vertex 0.0415 -0.0645789 0.119911
      endloop
   endfacet
   facet normal 1 0 -2.77556e-15
      outer loop
         vertex 0.0415 -0.0645708 0.1199
         vertex 0.0415 -0.064576 0.119914
         vertex 0.0415 -0.0645775 0.119912
      endloop
   endfacet
   facet normal 0.985152 0 0.171685
      outer loop
         vertex 0.0414463 -0.0659663 0.120326
         vertex 0.041425 -0.0665935 0.120507
         vertex 0.0414353 -0.0665692 0.120465
      endloop
   endfacet
   facet normal 0.985152 0 0.171685
      outer loop
         vertex 0.0414463 -0.0659663 0.120326
         vertex 0.0414219 -0.0666007 0.12052
         vertex 0.041425 -0.0665935 0.120507
      endloop
   endfacet
   facet normal 0.996811 0 0.0797953
      outer loop
         vertex 0.0414886 -0.0663591 0.120099
         vertex 0.0414557 -0.0657208 0.120251
         vertex 0.0414463 -0.0659663 0.120326
      endloop
   endfacet
   facet normal 0.985152 0 0.171685
      outer loop
         vertex 0.0414463 -0.0659663 0.120326
         vertex 0.0414741 -0.0664415 0.120242
         vertex 0.0414831 -0.0664117 0.12019
      endloop
   endfacet
   facet normal 0.996811 0 0.0797953
      outer loop
         vertex 0.0414886 -0.0663591 0.120099
         vertex 0.0414751 -0.0652174 0.120098
         vertex 0.0414557 -0.0657208 0.120251
      endloop
   endfacet
   facet normal 0.985152 0 0.171685
      outer loop
         vertex 0.0414463 -0.0659663 0.120326
         vertex 0.0414591 -0.0664907 0.120328
         vertex 0.0414741 -0.0664415 0.120242
      endloop
   endfacet
   facet normal 1 0 2.22045e-14
      outer loop
         vertex 0.0415 -0.0662439 0.1199
         vertex 0.0415 -0.0645708 0.1199
         vertex 0.0414995 -0.0645847 0.119904
      endloop
   endfacet
   facet normal 0.999999 0 0.00170631
      outer loop
         vertex 0.0414995 -0.0645847 0.119904
         vertex 0.0414961 -0.0662864 0.119973
         vertex 0.0415 -0.0662493 0.119909
      endloop
   endfacet
   facet normal 0.999999 0 0.00170631
      outer loop
         vertex 0.0414995 -0.0645847 0.119904
         vertex 0.0414886 -0.0663591 0.120099
         vertex 0.0414961 -0.0662864 0.119973
      endloop
   endfacet
   facet normal 0.999999 0 0.00170631
      outer loop
         vertex 0.0414995 -0.0645847 0.119904
         vertex 0.0415 -0.0662493 0.119909
         vertex 0.0415 -0.0662439 0.1199
      endloop
   endfacet
   facet normal 0.999999 0 0.00170631
      outer loop
         vertex 0.0414995 -0.0645847 0.119904
         vertex 0.0414751 -0.0652174 0.120098
         vertex 0.0414886 -0.0663591 0.120099
      endloop
   endfacet
   facet normal 0.985152 0 0.171685
      outer loop
         vertex 0.0414463 -0.0659663 0.120326
         vertex 0.0414831 -0.0664117 0.12019
         vertex 0.0414886 -0.0663591 0.120099
      endloop
   endfacet
   facet normal 0.974135 0 0.225968
      outer loop
         vertex 0.0414353 -0.0665692 0.120465
         vertex 0.0414591 -0.0664907 0.120328
         vertex 0.0414463 -0.0659663 0.120326
      endloop
   endfacet
   facet normal 1 0 0
      outer loop
         vertex 0.0415 0 0.0966
         vertex 0.0415 -0.0427577 0.109216
         vertex 0.0415 -0.0428192 0.108651
      endloop
   endfacet
   facet normal 1 0 0
      outer loop
         vertex 0.0415 0 0.0966
         vertex 0.0415 0 0.1224
         vertex 0.0415 -0.0427577 0.109784
      endloop
   endfacet
   facet normal 1 0 0
      outer loop
         vertex 0.0415 -0.0686269 0.113441
         vertex 0.0415 -0.0531808 0.110349
         vertex 0.0415 -0.0530586 0.110905
      endloop
   endfacet
   facet normal 1 0 0
      outer loop
         vertex 0.0415 -0.0530586 0.110905
         vertex 0.0415 -0.066464 0.119504
         vertex 0.0415 -0.0673914 0.117561
      endloop
   endfacet
   facet normal 1 0 0
      outer loop
         vertex 0.0415 -0.0427577 0.109784
         vertex 0.0415 -0.0427577 0.109216
         vertex 0.0415 0 0.0966
      endloop
   endfacet
   facet normal 1 0 0
      outer loop
         vertex 0.0415 0 0.1224
         vertex 0.0415 -0.0429414 0.110905
         vertex 0.0415 -0.0428192 0.110349
      endloop
   endfacet
   facet normal 1 0 0
      outer loop
         vertex 0.0415 -0.0673914 0.117561
         vertex 0.0415 -0.0681149 0.115532
         vertex 0.0415 -0.0530586 0.110905
      endloop
   endfacet
   facet normal 1 0 0
      outer loop
         vertex 0.0415 -0.066464 0.119504
         vertex 0.0415 -0.0530586 0.110905
         vertex 0.0415 -0.0645708 0.1199
      endloop
   endfacet
   facet normal 1 0 0
      outer loop
         vertex 0.0415 0 0.0966
         vertex 0.0415 -0.0429414 0.108095
         vertex 0.0415 -0.0431229 0.107557
      endloop
   endfacet
   facet normal 1 0 0
      outer loop
         vertex 0.0415 -0.0428192 0.110349
         vertex 0.0415 -0.0427577 0.109784
         vertex 0.0415 0 0.1224
      endloop
   endfacet
   facet normal 1 0 0
      outer loop
         vertex 0.0415 -0.0645708 0.1199
         vertex 0.0415 -0.0662439 0.1199
         vertex 0.0415 -0.066464 0.119504
      endloop
   endfacet
   facet normal 1 0 0
      outer loop
         vertex 0.0415 -0.068922 0.111308
         vertex 0.0415 -0.0532423 0.109784
         vertex 0.0415 -0.0531808 0.110349
      endloop
   endfacet
   facet normal 1 0 0
      outer loop
         vertex 0.0415 0 0.0966
         vertex 0.0415 -0.0433616 0.107041
         vertex 0.0415 -0.0436546 0.106554
      endloop
   endfacet
   facet normal 1 0 0
      outer loop
         vertex 0.0415 -0.0428192 0.108651
         vertex 0.0415 -0.0429414 0.108095
         vertex 0.0415 0 0.0966
      endloop
   endfacet
   facet normal 1 0 0
      outer loop
         vertex 0.0415 0 0.1224
         vertex 0.0415 -0.0433616 0.111959
         vertex 0.0415 -0.0431229 0.111443
      endloop
   endfacet
   facet normal 1 0 0
      outer loop
         vertex 0.0415 0 0.1224
         vertex 0.0415 -0.0448228 0.113679
         vertex 0.0415 -0.0443896 0.113311
      endloop
   endfacet
   facet normal 1 0 0
      outer loop
         vertex 0.0415 0 0.1224
         vertex 0.0415 -0.0457956 0.114265
         vertex 0.0415 -0.0452933 0.113999
      endloop
   endfacet
   facet normal 1 0 0
      outer loop
         vertex 0.0415 -0.0523454 0.112446
         vertex 0.0415 -0.064576 0.119921
         vertex 0.0415 -0.0645746 0.119915
      endloop
   endfacet
   facet normal 1 0 0
      outer loop
         vertex 0.0415 -0.0531808 0.110349
         vertex 0.0415 -0.0686269 0.113441
         vertex 0.0415 -0.068922 0.111308
      endloop
   endfacet
   facet normal 1 0 0
      outer loop
         vertex 0.0415 -0.0689972 0.109156
         vertex 0.0415 -0.0532423 0.109216
         vertex 0.0415 -0.0532423 0.109784
      endloop
   endfacet
   facet normal 1 0 0
      outer loop
         vertex 0.0415 -0.0688515 0.107007
         vertex 0.0415 -0.0531808 0.108651
         vertex 0.0415 -0.0532423 0.109216
      endloop
   endfacet
   facet normal 1 0 0
      outer loop
         vertex 0.0415 -0.0684866 0.104885
         vertex 0.0415 -0.0530586 0.108095
         vertex 0.0415 -0.0531808 0.108651
      endloop
   endfacet
   facet normal 1 0 0
      outer loop
         vertex 0.0415 -0.0679063 0.102811
         vertex 0.0415 -0.0671167 0.100808
         vertex 0.0415 -0.0528771 0.107557
      endloop
   endfacet
   facet normal 1 0 0
      outer loop
         vertex 0.0415 -0.0436546 0.106554
         vertex 0.0415 -0.0439986 0.106101
         vertex 0.0415 0 0.0966
      endloop
   endfacet
   facet normal 1 0 0
      outer loop
         vertex 0.0415 -0.0431229 0.111443
         vertex 0.0415 -0.0429414 0.110905
         vertex 0.0415 0 0.1224
      endloop
   endfacet
   facet normal 1 0 0
      outer loop
         vertex 0.0415 0 0.1224
         vertex 0.0415 -0.0439986 0.112899
         vertex 0.0415 -0.0436546 0.112446
      endloop
   endfacet
   facet normal 1 0 0
      outer loop
         vertex 0.0415 -0.0452933 0.113999
         vertex 0.0415 -0.0448228 0.113679
         vertex 0.0415 0 0.1224
      endloop
   endfacet
   facet normal 1 0 0
      outer loop
         vertex 0.0415 -0.0520014 0.112899
         vertex 0.0415 -0.065135 0.122133
         vertex 0.0415 -0.0648898 0.121163
      endloop
   endfacet
   facet normal 1 0 0
      outer loop
         vertex 0.0415 -0.0645746 0.119915
         vertex 0.0415 -0.0526384 0.111959
         vertex 0.0415 -0.0523454 0.112446
      endloop
   endfacet
   facet normal 1 0 0
      outer loop
         vertex 0.0415 -0.0532423 0.109784
         vertex 0.0415 -0.068922 0.111308
         vertex 0.0415 -0.0689972 0.109156
      endloop
   endfacet
   facet normal 1 0 0
      outer loop
         vertex 0.0415 -0.0531808 0.108651
         vertex 0.0415 -0.0688515 0.107007
         vertex 0.0415 -0.0684866 0.104885
      endloop
   endfacet
   facet normal 1 0 0
      outer loop
         vertex 0.0415 -0.0530586 0.108095
         vertex 0.0415 -0.0684866 0.104885
         vertex 0.0415 -0.0679063 0.102811
      endloop
   endfacet
   facet normal 1 0 0
      outer loop
         vertex 0.0415 -0.0671167 0.100808
         vertex 0.0415 -0.0661261 0.0988959
         vertex 0.0415 -0.0526384 0.107041
      endloop
   endfacet
   facet normal 1 0 0
      outer loop
         vertex 0.0415 -0.0661261 0.0988959
         vertex 0.0415 -0.0649448 0.0970955
         vertex 0.0415 -0.0523454 0.106554
      endloop
   endfacet
   facet normal 1 0 0
      outer loop
         vertex 0.0415 -0.0645708 0.0966
         vertex 0.0415 -0.0520014 0.106101
         vertex 0.0415 -0.0523454 0.106554
      endloop
   endfacet
   facet normal 1 0 0
      outer loop
         vertex 0.0415 -0.0645708 0.0966
         vertex 0.0415 -0.0507067 0.105001
         vertex 0.0415 -0.0511772 0.105321
      endloop
   endfacet
   facet normal 1 0 0
      outer loop
         vertex 0.0415 0 0.0966
         vertex 0.0415 -0.0468714 0.104373
         vertex 0.0415 -0.0474324 0.104281
      endloop
   endfacet
   facet normal 1 0 0
      outer loop
         vertex 0.0415 0 0.0966
         vertex 0.0415 -0.0443896 0.105689
         vertex 0.0415 -0.0448228 0.105321
      endloop
   endfacet
   facet normal 1 0 0
      outer loop
         vertex 0.0415 -0.0431229 0.107557
         vertex 0.0415 -0.0433616 0.107041
         vertex 0.0415 0 0.0966
      endloop
   endfacet
   facet normal 1 0 0
      outer loop
         vertex 0.0415 -0.0443896 0.113311
         vertex 0.0415 -0.0439986 0.112899
         vertex 0.0415 0 0.1224
      endloop
   endfacet
   facet normal 1 0 0
      outer loop
         vertex 0.0415 -0.0652024 0.1224
         vertex 0.0415 -0.0516104 0.113311
         vertex 0.0415 -0.0511772 0.113679
      endloop
   endfacet
   facet normal 1 0 0
      outer loop
         vertex 0.0415 -0.0520014 0.112899
         vertex 0.0415 -0.0652024 0.1224
         vertex 0.0415 -0.065135 0.122133
      endloop
   endfacet
   facet normal 1 0 0
      outer loop
         vertex 0.0415 -0.0523454 0.112446
         vertex 0.0415 -0.0648898 0.121163
         vertex 0.0415 -0.064576 0.119921
      endloop
   endfacet
   facet normal 1 0 0
      outer loop
         vertex 0.0415 -0.0532423 0.109216
         vertex 0.0415 -0.0689972 0.109156
         vertex 0.0415 -0.0688515 0.107007
      endloop
   endfacet
   facet normal 1 0 0
      outer loop
         vertex 0.0415 -0.0526384 0.107041
         vertex 0.0415 -0.0528771 0.107557
         vertex 0.0415 -0.0671167 0.100808
      endloop
   endfacet
   facet normal 1 0 0
      outer loop
         vertex 0.0415 -0.0523454 0.106554
         vertex 0.0415 -0.0649448 0.0970955
         vertex 0.0415 -0.0645708 0.0966
      endloop
   endfacet
   facet normal 1 0 0
      outer loop
         vertex 0.0415 -0.0511772 0.105321
         vertex 0.0415 -0.0516104 0.105689
         vertex 0.0415 -0.0645708 0.0966
      endloop
   endfacet
   facet normal 1 0 0
      outer loop
         vertex 0.0415 -0.0474324 0.104281
         vertex 0.0415 -0.0645708 0.0966
         vertex 0.0415 0 0.0966
      endloop
   endfacet
   facet normal 1 0 0
      outer loop
         vertex 0.0415 0 0.0966
         vertex 0.0415 -0.0457956 0.104735
         vertex 0.0415 -0.0463237 0.104525
      endloop
   endfacet
   facet normal 1 0 0
      outer loop
         vertex 0.0415 -0.0448228 0.105321
         vertex 0.0415 -0.0452933 0.105001
         vertex 0.0415 0 0.0966
      endloop
   endfacet
   facet normal 1 0 0
      outer loop
         vertex 0.0415 -0.0436546 0.112446
         vertex 0.0415 -0.0433616 0.111959
         vertex 0.0415 0 0.1224
      endloop
   endfacet
   facet normal 1 0 0
      outer loop
         vertex 0.0415 0 0.1224
         vertex 0.0415 -0.0652024 0.1224
         vertex 0.0415 -0.0474324 0.114719
      endloop
   endfacet
   facet normal 1 0 0
      outer loop
         vertex 0.0415 -0.0652024 0.1224
         vertex 0.0415 -0.0520014 0.112899
         vertex 0.0415 -0.0516104 0.113311
      endloop
   endfacet
   facet normal 1 0 0
      outer loop
         vertex 0.0415 -0.0645746 0.119915
         vertex 0.0415 -0.0645708 0.1199
         vertex 0.0415 -0.0526384 0.111959
      endloop
   endfacet
   facet normal 1 0 0
      outer loop
         vertex 0.0415 -0.0645708 0.1199
         vertex 0.0415 -0.0530586 0.110905
         vertex 0.0415 -0.0528771 0.111443
      endloop
   endfacet
   facet normal 1 0 0
      outer loop
         vertex 0.0415 -0.0528771 0.107557
         vertex 0.0415 -0.0530586 0.108095
         vertex 0.0415 -0.0679063 0.102811
      endloop
   endfacet
   facet normal 1 0 0
      outer loop
         vertex 0.0415 -0.0516104 0.105689
         vertex 0.0415 -0.0520014 0.106101
         vertex 0.0415 -0.0645708 0.0966
      endloop
   endfacet
   facet normal 1 0 0
      outer loop
         vertex 0.0415 -0.0463237 0.104525
         vertex 0.0415 -0.0468714 0.104373
         vertex 0.0415 0 0.0966
      endloop
   endfacet
   facet normal 1 0 0
      outer loop
         vertex 0.0415 -0.0439986 0.106101
         vertex 0.0415 -0.0443896 0.105689
         vertex 0.0415 0 0.0966
      endloop
   endfacet
   facet normal 1 0 0
      outer loop
         vertex 0.0415 0 0.1224
         vertex 0.0415 -0.0468714 0.114627
         vertex 0.0415 -0.0463237 0.114475
      endloop
   endfacet
   facet normal 1 0 0
      outer loop
         vertex 0.0415 -0.0652024 0.1224
         vertex 0.0415 -0.048 0.11475
         vertex 0.0415 -0.0474324 0.114719
      endloop
   endfacet
   facet normal 1 0 0
      outer loop
         vertex 0.0415 -0.0652024 0.1224
         vertex 0.0415 -0.0491286 0.114627
         vertex 0.0415 -0.0485676 0.114719
      endloop
   endfacet
   facet normal 1 0 0
      outer loop
         vertex 0.0415 -0.0652024 0.1224
         vertex 0.0415 -0.0502044 0.114265
         vertex 0.0415 -0.0496763 0.114475
      endloop
   endfacet
   facet normal 1 0 0
      outer loop
         vertex 0.0415 -0.0511772 0.113679
         vertex 0.0415 -0.0507067 0.113999
         vertex 0.0415 -0.0652024 0.1224
      endloop
   endfacet
   facet normal 1 0 0
      outer loop
         vertex 0.0415 -0.0528771 0.111443
         vertex 0.0415 -0.0526384 0.111959
         vertex 0.0415 -0.0645708 0.1199
      endloop
   endfacet
   facet normal 1 0 0
      outer loop
         vertex 0.0415 -0.0523454 0.106554
         vertex 0.0415 -0.0526384 0.107041
         vertex 0.0415 -0.0661261 0.0988959
      endloop
   endfacet
   facet normal 1 0 0
      outer loop
         vertex 0.0415 -0.0645708 0.0966
         vertex 0.0415 -0.0491286 0.104373
         vertex 0.0415 -0.0496763 0.104525
      endloop
   endfacet
   facet normal 1 0 0
      outer loop
         vertex 0.0415 -0.0645708 0.0966
         vertex 0.0415 -0.048 0.10425
         vertex 0.0415 -0.0485676 0.104281
      endloop
   endfacet
   facet normal 1 0 0
      outer loop
         vertex 0.0415 -0.0452933 0.105001
         vertex 0.0415 -0.0457956 0.104735
         vertex 0.0415 0 0.0966
      endloop
   endfacet
   facet normal 1 0 0
      outer loop
         vertex 0.0415 -0.0474324 0.114719
         vertex 0.0415 -0.0468714 0.114627
         vertex 0.0415 0 0.1224
      endloop
   endfacet
   facet normal 1 0 0
      outer loop
         vertex 0.0415 -0.0496763 0.114475
         vertex 0.0415 -0.0491286 0.114627
         vertex 0.0415 -0.0652024 0.1224
      endloop
   endfacet
   facet normal 1 0 0
      outer loop
         vertex 0.0415 -0.0648898 0.121163
         vertex 0.0415 -0.0523454 0.112446
         vertex 0.0415 -0.0520014 0.112899
      endloop
   endfacet
   facet normal 1 0 0
      outer loop
         vertex 0.0415 -0.0645708 0.0966
         vertex 0.0415 -0.0502044 0.104735
         vertex 0.0415 -0.0507067 0.105001
      endloop
   endfacet
   facet normal 1 0 0
      outer loop
         vertex 0.0415 -0.0485676 0.104281
         vertex 0.0415 -0.0491286 0.104373
         vertex 0.0415 -0.0645708 0.0966
      endloop
   endfacet
   facet normal 1 0 0
      outer loop
         vertex 0.0415 -0.0463237 0.114475
         vertex 0.0415 -0.0457956 0.114265
         vertex 0.0415 0 0.1224
      endloop
   endfacet
   facet normal 1 0 0
      outer loop
         vertex 0.0415 -0.0507067 0.113999
         vertex 0.0415 -0.0502044 0.114265
         vertex 0.0415 -0.0652024 0.1224
      endloop
   endfacet
   facet normal 1 0 0
      outer loop
         vertex 0.0415 -0.0496763 0.104525
         vertex 0.0415 -0.0502044 0.104735
         vertex 0.0415 -0.0645708 0.0966
      endloop
   endfacet
   facet normal 1 0 0
      outer loop
         vertex 0.0415 -0.0485676 0.114719
         vertex 0.0415 -0.048 0.11475
         vertex 0.0415 -0.0652024 0.1224
      endloop
   endfacet
   facet normal 1 0 0
      outer loop
         vertex 0.0415 -0.0474324 0.104281
         vertex 0.0415 -0.048 0.10425
         vertex 0.0415 -0.0645708 0.0966
      endloop
   endfacet
   facet normal 1 0 0
      outer loop
         vertex 0.0415 -0.0530586 0.110905
         vertex 0.0415 -0.0681149 0.115532
         vertex 0.0415 -0.0686269 0.113441
      endloop
   endfacet
   facet normal 0 0.108119 -0.994138
      outer loop
         vertex -0.0415 -0.0485676 0.114719
         vertex -0.0415 -0.048 0.11475
         vertex 0.0415 -0.048 0.11475
      endloop
   endfacet
   facet normal 0 0.21497 -0.976621
      outer loop
         vertex -0.0415 -0.0491286 0.114627
         vertex -0.0415 -0.0485676 0.114719
         vertex 0.0415 -0.0485676 0.114719
      endloop
   endfacet
   facet normal 0 0.319302 -0.947653
      outer loop
         vertex -0.0415 -0.0496763 0.114475
         vertex -0.0415 -0.0491286 0.114627
         vertex 0.0415 -0.0491286 0.114627
      endloop
   endfacet
   facet normal 0 0.419889 -0.907575
      outer loop
         vertex -0.0415 -0.0502044 0.114265
         vertex -0.0415 -0.0496763 0.114475
         vertex 0.0415 -0.0496763 0.114475
      endloop
   endfacet
   facet normal 0 0.515554 -0.856857
      outer loop
         vertex -0.0415 -0.0507067 0.113999
         vertex -0.0415 -0.0502044 0.114265
         vertex 0.0415 -0.0502044 0.114265
      endloop
   endfacet
   facet normal 0 0.605174 -0.796093
      outer loop
         vertex -0.0415 -0.0511772 0.113679
         vertex -0.0415 -0.0507067 0.113999
         vertex 0.0415 -0.0507067 0.113999
      endloop
   endfacet
   facet normal 0 0.687699 -0.725995
      outer loop
         vertex -0.0415 -0.0516104 0.113311
         vertex -0.0415 -0.0511772 0.113679
         vertex 0.0415 -0.0511772 0.113679
      endloop
   endfacet
   facet normal 0 0.762162 -0.647386
      outer loop
         vertex -0.0415 -0.0520014 0.112899
         vertex -0.0415 -0.0516104 0.113311
         vertex 0.0415 -0.0516104 0.113311
      endloop
   endfacet
   facet normal 0 0.827689 -0.561187
      outer loop
         vertex -0.0415 -0.0523454 0.112446
         vertex -0.0415 -0.0520014 0.112899
         vertex 0.0415 -0.0520014 0.112899
      endloop
   endfacet
   facet normal 0 0.883512 -0.468408
      outer loop
         vertex -0.0415 -0.0526384 0.111959
         vertex -0.0415 -0.0523454 0.112446
         vertex 0.0415 -0.0523454 0.112446
      endloop
   endfacet
   facet normal 0 0.928977 -0.370138
      outer loop
         vertex -0.0415 -0.0528771 0.111443
         vertex -0.0415 -0.0526384 0.111959
         vertex 0.0415 -0.0526384 0.111959
      endloop
   endfacet
   facet normal 0 0.96355 -0.267528
      outer loop
         vertex -0.0415 -0.0530586 0.110905
         vertex -0.0415 -0.0528771 0.111443
         vertex 0.0415 -0.0528771 0.111443
      endloop
   endfacet
   facet normal 0 0.986827 -0.161782
      outer loop
         vertex -0.0415 -0.0531808 0.110349
         vertex -0.0415 -0.0530586 0.110905
         vertex 0.0415 -0.0530586 0.110905
      endloop
   endfacet
   facet normal 0 0.998533 -0.0541389
      outer loop
         vertex -0.0415 -0.0532423 0.109784
         vertex -0.0415 -0.0531808 0.110349
         vertex 0.0415 -0.0531808 0.110349
      endloop
   endfacet
   facet normal 0 0.998533 0.0541389
      outer loop
         vertex -0.0415 -0.0532423 0.109216
         vertex -0.0415 -0.0532423 0.109784
         vertex 0.0415 -0.0532423 0.109784
      endloop
   endfacet
   facet normal 0 0.986827 0.161782
      outer loop
         vertex -0.0415 -0.0531808 0.108651
         vertex -0.0415 -0.0532423 0.109216
         vertex 0.0415 -0.0532423 0.109216
      endloop
   endfacet
   facet normal 0 0.96355 0.267528
      outer loop
         vertex -0.0415 -0.0530586 0.108095
         vertex -0.0415 -0.0531808 0.108651
         vertex 0.0415 -0.0531808 0.108651
      endloop
   endfacet
   facet normal 0 0.928977 0.370138
      outer loop
         vertex -0.0415 -0.0528771 0.107557
         vertex -0.0415 -0.0530586 0.108095
         vertex 0.0415 -0.0530586 0.108095
      endloop
   endfacet
   facet normal 0 0.883512 0.468408
      outer loop
         vertex -0.0415 -0.0526384 0.107041
         vertex -0.0415 -0.0528771 0.107557
         vertex 0.0415 -0.0528771 0.107557
      endloop
   endfacet
   facet normal 0 0.827689 0.561187
      outer loop
         vertex -0.0415 -0.0523454 0.106554
         vertex -0.0415 -0.0526384 0.107041
         vertex 0.0415 -0.0526384 0.107041
      endloop
   endfacet
   facet normal 0 0.762162 0.647386
      outer loop
         vertex -0.0415 -0.0520014 0.106101
         vertex -0.0415 -0.0523454 0.106554
         vertex 0.0415 -0.0523454 0.106554
      endloop
   endfacet
   facet normal 0 0.687699 0.725995
      outer loop
         vertex -0.0415 -0.0516104 0.105689
         vertex -0.0415 -0.0520014 0.106101
         vertex 0.0415 -0.0520014 0.106101
      endloop
   endfacet
   facet normal 0 0.605174 0.796093
      outer loop
         vertex -0.0415 -0.0511772 0.105321
         vertex -0.0415 -0.0516104 0.105689
         vertex 0.0415 -0.0516104 0.105689
      endloop
   endfacet
   facet normal 0 0.515554 0.856857
      outer loop
         vertex -0.0415 -0.0507067 0.105001
         vertex -0.0415 -0.0511772 0.105321
         vertex 0.0415 -0.0511772 0.105321
      endloop
   endfacet
   facet normal 0 0.419889 0.907575
      outer loop
         vertex -0.0415 -0.0502044 0.104735
         vertex -0.0415 -0.0507067 0.105001
         vertex 0.0415 -0.0507067 0.105001
      endloop
   endfacet
   facet normal 0 0.319302 0.947653
      outer loop
         vertex -0.0415 -0.0496763 0.104525
         vertex -0.0415 -0.0502044 0.104735
         vertex 0.0415 -0.0502044 0.104735
      endloop
   endfacet
   facet normal 0 0.21497 0.976621
      outer loop
         vertex -0.0415 -0.0491286 0.104373
         vertex -0.0415 -0.0496763 0.104525
         vertex 0.0415 -0.0496763 0.104525
      endloop
   endfacet
   facet normal 0 0.108119 0.994138
      outer loop
         vertex -0.0415 -0.0485676 0.104281
         vertex -0.0415 -0.0491286 0.104373
         vertex 0.0415 -0.0491286 0.104373
      endloop
   endfacet
   facet normal 0 -1.22465e-16 1
      outer loop
         vertex -0.0415 -0.048 0.10425
         vertex -0.0415 -0.0485676 0.104281
         vertex 0.0415 -0.0485676 0.104281
      endloop
   endfacet
   facet normal 0 -0.108119 0.994138
      outer loop
         vertex -0.0415 -0.0474324 0.104281
         vertex -0.0415 -0.048 0.10425
         vertex 0.0415 -0.048 0.10425
      endloop
   endfacet
   facet normal 0 -0.21497 0.976621
      outer loop
         vertex -0.0415 -0.0468714 0.104373
         vertex -0.0415 -0.0474324 0.104281
         vertex 0.0415 -0.0474324 0.104281
      endloop
   endfacet
   facet normal 0 -0.319302 0.947653
      outer loop
         vertex -0.0415 -0.0463237 0.104525
         vertex -0.0415 -0.0468714 0.104373
         vertex 0.0415 -0.0468714 0.104373
      endloop
   endfacet
   facet normal 0 -0.419889 0.907575
      outer loop
         vertex -0.0415 -0.0457956 0.104735
         vertex -0.0415 -0.0463237 0.104525
         vertex 0.0415 -0.0463237 0.104525
      endloop
   endfacet
   facet normal 0 -0.515554 0.856857
      outer loop
         vertex -0.0415 -0.0452933 0.105001
         vertex -0.0415 -0.0457956 0.104735
         vertex 0.0415 -0.0457956 0.104735
      endloop
   endfacet
   facet normal 0 -0.605174 0.796093
      outer loop
         vertex -0.0415 -0.0448228 0.105321
         vertex -0.0415 -0.0452933 0.105001
         vertex 0.0415 -0.0452933 0.105001
      endloop
   endfacet
   facet normal 0 -0.687699 0.725995
      outer loop
         vertex -0.0415 -0.0443896 0.105689
         vertex -0.0415 -0.0448228 0.105321
         vertex 0.0415 -0.0448228 0.105321
      endloop
   endfacet
   facet normal 0 -0.762162 0.647386
      outer loop
         vertex -0.0415 -0.0439986 0.106101
         vertex -0.0415 -0.0443896 0.105689
         vertex 0.0415 -0.0443896 0.105689
      endloop
   endfacet
   facet normal 0 -0.827689 0.561187
      outer loop
         vertex -0.0415 -0.0436546 0.106554
         vertex -0.0415 -0.0439986 0.106101
         vertex 0.0415 -0.0439986 0.106101
      endloop
   endfacet
   facet normal 0 -0.883512 0.468408
      outer loop
         vertex -0.0415 -0.0433616 0.107041
         vertex -0.0415 -0.0436546 0.106554
         vertex 0.0415 -0.0436546 0.106554
      endloop
   endfacet
   facet normal 0 -0.928977 0.370138
      outer loop
         vertex -0.0415 -0.0431229 0.107557
         vertex -0.0415 -0.0433616 0.107041
         vertex 0.0415 -0.0433616 0.107041
      endloop
   endfacet
   facet normal 0 -0.96355 0.267528
      outer loop
         vertex -0.0415 -0.0429414 0.108095
         vertex -0.0415 -0.0431229 0.107557
         vertex 0.0415 -0.0431229 0.107557
      endloop
   endfacet
   facet normal 0 -0.986827 0.161782
      outer loop
         vertex -0.0415 -0.0428192 0.108651
         vertex -0.0415 -0.0429414 0.108095
         vertex 0.0415 -0.0429414 0.108095
      endloop
   endfacet
   facet normal 0 -0.998533 0.0541389
      outer loop
         vertex -0.0415 -0.0427577 0.109216
         vertex -0.0415 -0.0428192 0.108651
         vertex 0.0415 -0.0428192 0.108651
      endloop
   endfacet
   facet normal 0 -0.998533 -0.0541389
      outer loop
         vertex -0.0415 -0.0427577 0.109784
         vertex -0.0415 -0.0427577 0.109216
         vertex 0.0415 -0.0427577 0.109216
      endloop
   endfacet
   facet normal 0 -0.986827 -0.161782
      outer loop
         vertex -0.0415 -0.0428192 0.110349
         vertex -0.0415 -0.0427577 0.109784
         vertex 0.0415 -0.0427577 0.109784
      endloop
   endfacet
   facet normal 0 -0.96355 -0.267528
      outer loop
         vertex -0.0415 -0.0429414 0.110905
         vertex -0.0415 -0.0428192 0.110349
         vertex 0.0415 -0.0428192 0.110349
      endloop
   endfacet
   facet normal 0 -0.928977 -0.370138
      outer loop
         vertex -0.0415 -0.0431229 0.111443
         vertex -0.0415 -0.0429414 0.110905
         vertex 0.0415 -0.0429414 0.110905
      endloop
   endfacet
   facet normal 0 -0.883512 -0.468408
      outer loop
         vertex -0.0415 -0.0433616 0.111959
         vertex -0.0415 -0.0431229 0.111443
         vertex 0.0415 -0.0431229 0.111443
      endloop
   endfacet
   facet normal 0 -0.827689 -0.561187
      outer loop
         vertex -0.0415 -0.0436546 0.112446
         vertex -0.0415 -0.0433616 0.111959
         vertex 0.0415 -0.0433616 0.111959
      endloop
   endfacet
   facet normal 0 -0.762162 -0.647386
      outer loop
         vertex -0.0415 -0.0439986 0.112899
         vertex -0.0415 -0.0436546 0.112446
         vertex 0.0415 -0.0436546 0.112446
      endloop
   endfacet
   facet normal 0 -0.687699 -0.725995
      outer loop
         vertex -0.0415 -0.0443896 0.113311
         vertex -0.0415 -0.0439986 0.112899
         vertex 0.0415 -0.0439986 0.112899
      endloop
   endfacet
   facet normal 0 -0.605174 -0.796093
      outer loop
         vertex -0.0415 -0.0448228 0.113679
         vertex -0.0415 -0.0443896 0.113311
         vertex 0.0415 -0.0443896 0.113311
      endloop
   endfacet
   facet normal 0 -0.515554 -0.856857
      outer loop
         vertex -0.0415 -0.0452933 0.113999
         vertex -0.0415 -0.0448228 0.113679
         vertex 0.0415 -0.0448228 0.113679
      endloop
   endfacet
   facet normal 0 -0.419889 -0.907575
      outer loop
         vertex -0.0415 -0.0457956 0.114265
         vertex -0.0415 -0.0452933 0.113999
         vertex 0.0415 -0.0452933 0.113999
      endloop
   endfacet
   facet normal 0 -0.319302 -0.947653
      outer loop
         vertex -0.0415 -0.0463237 0.114475
         vertex -0.0415 -0.0457956 0.114265
         vertex 0.0415 -0.0457956 0.114265
      endloop
   endfacet
   facet normal 0 -0.21497 -0.976621
      outer loop
         vertex -0.0415 -0.0468714 0.114627
         vertex -0.0415 -0.0463237 0.114475
         vertex 0.0415 -0.0463237 0.114475
      endloop
   endfacet
   facet normal 0 -0.108119 -0.994138
      outer loop
         vertex -0.0415 -0.0474324 0.114719
         vertex -0.0415 -0.0468714 0.114627
         vertex 0.0415 -0.0468714 0.114627
      endloop
   endfacet
   facet normal 0 0 -1
      outer loop
         vertex -0.0415 -0.048 0.11475
         vertex -0.0415 -0.0474324 0.114719
         vertex 0.0415 -0.0474324 0.114719
      endloop
   endfacet
   facet normal 0 -0.108119 -0.994138
      outer loop
         vertex 0.0415 -0.0474324 0.114719
         vertex 0.0415 -0.048 0.11475
         vertex -0.0415 -0.048 0.11475
      endloop
   endfacet
   facet normal 0 -0.21497 -0.976621
      outer loop
         vertex 0.0415 -0.0468714 0.114627
         vertex 0.0415 -0.0474324 0.114719
         vertex -0.0415 -0.0474324 0.114719
      endloop
   endfacet
   facet normal 0 -0.319302 -0.947653
      outer loop
         vertex 0.0415 -0.0463237 0.114475
         vertex 0.0415 -0.0468714 0.114627
         vertex -0.0415 -0.0468714 0.114627
      endloop
   endfacet
   facet normal 0 -0.419889 -0.907575
      outer loop
         vertex 0.0415 -0.0457956 0.114265
         vertex 0.0415 -0.0463237 0.114475
         vertex -0.0415 -0.0463237 0.114475
      endloop
   endfacet
   facet normal 0 -0.515554 -0.856857
      outer loop
         vertex 0.0415 -0.0452933 0.113999
         vertex 0.0415 -0.0457956 0.114265
         vertex -0.0415 -0.0457956 0.114265
      endloop
   endfacet
   facet normal 0 -0.605174 -0.796093
      outer loop
         vertex 0.0415 -0.0448228 0.113679
         vertex 0.0415 -0.0452933 0.113999
         vertex -0.0415 -0.0452933 0.113999
      endloop
   endfacet
   facet normal 0 -0.687699 -0.725995
      outer loop
         vertex 0.0415 -0.0443896 0.113311
         vertex 0.0415 -0.0448228 0.113679
         vertex -0.0415 -0.0448228 0.113679
      endloop
   endfacet
   facet normal 0 -0.762162 -0.647386
      outer loop
         vertex 0.0415 -0.0439986 0.112899
         vertex 0.0415 -0.0443896 0.113311
         vertex -0.0415 -0.0443896 0.113311
      endloop
   endfacet
   facet normal 0 -0.827689 -0.561187
      outer loop
         vertex 0.0415 -0.0436546 0.112446
         vertex 0.0415 -0.0439986 0.112899
         vertex -0.0415 -0.0439986 0.112899
      endloop
   endfacet
   facet normal 0 -0.883512 -0.468408
      outer loop
         vertex 0.0415 -0.0433616 0.111959
         vertex 0.0415 -0.0436546 0.112446
         vertex -0.0415 -0.0436546 0.112446
      endloop
   endfacet
   facet normal 0 -0.928977 -0.370138
      outer loop
         vertex 0.0415 -0.0431229 0.111443
         vertex 0.0415 -0.0433616 0.111959
         vertex -0.0415 -0.0433616 0.111959
      endloop
   endfacet
   facet normal 0 -0.96355 -0.267528
      outer loop
         vertex 0.0415 -0.0429414 0.110905
         vertex 0.0415 -0.0431229 0.111443
         vertex -0.0415 -0.0431229 0.111443
      endloop
   endfacet
   facet normal 0 -0.986827 -0.161782
      outer loop
         vertex 0.0415 -0.0428192 0.110349
         vertex 0.0415 -0.0429414 0.110905
         vertex -0.0415 -0.0429414 0.110905
      endloop
   endfacet
   facet normal 0 -0.998533 -0.0541389
      outer loop
         vertex 0.0415 -0.0427577 0.109784
         vertex 0.0415 -0.0428192 0.110349
         vertex -0.0415 -0.0428192 0.110349
      endloop
   endfacet
   facet normal 0 -0.998533 0.0541389
      outer loop
         vertex 0.0415 -0.0427577 0.109216
         vertex 0.0415 -0.0427577 0.109784
         vertex -0.0415 -0.0427577 0.109784
      endloop
   endfacet
   facet normal 0 -0.986827 0.161782
      outer loop
         vertex 0.0415 -0.0428192 0.108651
         vertex 0.0415 -0.0427577 0.109216
         vertex -0.0415 -0.0427577 0.109216
      endloop
   endfacet
   facet normal 0 -0.96355 0.267528
      outer loop
         vertex 0.0415 -0.0429414 0.108095
         vertex 0.0415 -0.0428192 0.108651
         vertex -0.0415 -0.0428192 0.108651
      endloop
   endfacet
   facet normal 0 -0.928977 0.370138
      outer loop
         vertex 0.0415 -0.0431229 0.107557
         vertex 0.0415 -0.0429414 0.108095
         vertex -0.0415 -0.0429414 0.108095
      endloop
   endfacet
   facet normal 0 -0.883512 0.468408
      outer loop
         vertex 0.0415 -0.0433616 0.107041
         vertex 0.0415 -0.0431229 0.107557
         vertex -0.0415 -0.0431229 0.107557
      endloop
   endfacet
   facet normal 0 -0.827689 0.561187
      outer loop
         vertex 0.0415 -0.0436546 0.106554
         vertex 0.0415 -0.0433616 0.107041
         vertex -0.0415 -0.0433616 0.107041
      endloop
   endfacet
   facet normal 0 -0.762162 0.647386
      outer loop
         vertex 0.0415 -0.0439986 0.106101
         vertex 0.0415 -0.0436546 0.106554
         vertex -0.0415 -0.0436546 0.106554
      endloop
   endfacet
   facet normal 0 -0.687699 0.725995
      outer loop
         vertex 0.0415 -0.0443896 0.105689
         vertex 0.0415 -0.0439986 0.106101
         vertex -0.0415 -0.0439986 0.106101
      endloop
   endfacet
   facet normal 0 -0.605174 0.796093
      outer loop
         vertex 0.0415 -0.0448228 0.105321
         vertex 0.0415 -0.0443896 0.105689
         vertex -0.0415 -0.0443896 0.105689
      endloop
   endfacet
   facet normal 0 -0.515554 0.856857
      outer loop
         vertex 0.0415 -0.0452933 0.105001
         vertex 0.0415 -0.0448228 0.105321
         vertex -0.0415 -0.0448228 0.105321
      endloop
   endfacet
   facet normal 0 -0.419889 0.907575
      outer loop
         vertex 0.0415 -0.0457956 0.104735
         vertex 0.0415 -0.0452933 0.105001
         vertex -0.0415 -0.0452933 0.105001
      endloop
   endfacet
   facet normal 0 -0.319302 0.947653
      outer loop
         vertex 0.0415 -0.0463237 0.104525
         vertex 0.0415 -0.0457956 0.104735
         vertex -0.0415 -0.0457956 0.104735
      endloop
   endfacet
   facet normal 0 -0.21497 0.976621
      outer loop
         vertex 0.0415 -0.0468714 0.104373
         vertex 0.0415 -0.0463237 0.104525
         vertex -0.0415 -0.0463237 0.104525
      endloop
   endfacet
   facet normal 0 -0.108119 0.994138
      outer loop
         vertex 0.0415 -0.0474324 0.104281
         vertex 0.0415 -0.0468714 0.104373
         vertex -0.0415 -0.0468714 0.104373
      endloop
   endfacet
   facet normal 0 -1.22465e-16 1
      outer loop
         vertex 0.0415 -0.048 0.10425
         vertex 0.0415 -0.0474324 0.104281
         vertex -0.0415 -0.0474324 0.104281
      endloop
   endfacet
   facet normal 0 0.108119 0.994138
      outer loop
         vertex 0.0415 -0.0485676 0.104281
         vertex 0.0415 -0.048 0.10425
         vertex -0.0415 -0.048 0.10425
      endloop
   endfacet
   facet normal 0 0.21497 0.976621
      outer loop
         vertex 0.0415 -0.0491286 0.104373
         vertex 0.0415 -0.0485676 0.104281
         vertex -0.0415 -0.0485676 0.104281
      endloop
   endfacet
   facet normal 0 0.319302 0.947653
      outer loop
         vertex 0.0415 -0.0496763 0.104525
         vertex 0.0415 -0.0491286 0.104373
         vertex -0.0415 -0.0491286 0.104373
      endloop
   endfacet
   facet normal 0 0.419889 0.907575
      outer loop
         vertex 0.0415 -0.0502044 0.104735
         vertex 0.0415 -0.0496763 0.104525
         vertex -0.0415 -0.0496763 0.104525
      endloop
   endfacet
   facet normal 0 0.515554 0.856857
      outer loop
         vertex 0.0415 -0.0507067 0.105001
         vertex 0.0415 -0.0502044 0.104735
         vertex -0.0415 -0.0502044 0.104735
      endloop
   endfacet
   facet normal 0 0.605174 0.796093
      outer loop
         vertex 0.0415 -0.0511772 0.105321
         vertex 0.0415 -0.0507067 0.105001
         vertex -0.0415 -0.0507067 0.105001
      endloop
   endfacet
   facet normal 0 0.687699 0.725995
      outer loop
         vertex 0.0415 -0.0516104 0.105689
         vertex 0.0415 -0.0511772 0.105321
         vertex -0.0415 -0.0511772 0.105321
      endloop
   endfacet
   facet normal 0 0.762162 0.647386
      outer loop
         vertex 0.0415 -0.0520014 0.106101
         vertex 0.0415 -0.0516104 0.105689
         vertex -0.0415 -0.0516104 0.105689
      endloop
   endfacet
   facet normal 0 0.827689 0.561187
      outer loop
         vertex 0.0415 -0.0523454 0.106554
         vertex 0.0415 -0.0520014 0.106101
         vertex -0.0415 -0.0520014 0.106101
      endloop
   endfacet
   facet normal 0 0.883512 0.468408
      outer loop
         vertex 0.0415 -0.0526384 0.107041
         vertex 0.0415 -0.0523454 0.106554
         vertex -0.0415 -0.0523454 0.106554
      endloop
   endfacet
   facet normal 0 0.928977 0.370138
      outer loop
         vertex 0.0415 -0.0528771 0.107557
         vertex 0.0415 -0.0526384 0.107041
         vertex -0.0415 -0.0526384 0.107041
      endloop
   endfacet
   facet normal 0 0.96355 0.267528
      outer loop
         vertex 0.0415 -0.0530586 0.108095
         vertex 0.0415 -0.0528771 0.107557
         vertex -0.0415 -0.0528771 0.107557
      endloop
   endfacet
   facet normal 0 0.986827 0.161782
      outer loop
         vertex 0.0415 -0.0531808 0.108651
         vertex 0.0415 -0.0530586 0.108095
         vertex -0.0415 -0.0530586 0.108095
      endloop
   endfacet
   facet normal 0 0.998533 0.0541389
      outer loop
         vertex 0.0415 -0.0532423 0.109216
         vertex 0.0415 -0.0531808 0.108651
         vertex -0.0415 -0.0531808 0.108651
      endloop
   endfacet
   facet normal 0 0.998533 -0.0541389
      outer loop
         vertex 0.0415 -0.0532423 0.109784
         vertex 0.0415 -0.0532423 0.109216
         vertex -0.0415 -0.0532423 0.109216
      endloop
   endfacet
   facet normal 0 0.986827 -0.161782
      outer loop
         vertex 0.0415 -0.0531808 0.110349
         vertex 0.0415 -0.0532423 0.109784
         vertex -0.0415 -0.0532423 0.109784
      endloop
   endfacet
   facet normal 0 0.96355 -0.267528
      outer loop
         vertex 0.0415 -0.0530586 0.110905
         vertex 0.0415 -0.0531808 0.110349
         vertex -0.0415 -0.0531808 0.110349
      endloop
   endfacet
   facet normal 0 0.928977 -0.370138
      outer loop
         vertex 0.0415 -0.0528771 0.111443
         vertex 0.0415 -0.0530586 0.110905
         vertex -0.0415 -0.0530586 0.110905
      endloop
   endfacet
   facet normal 0 0.883512 -0.468408
      outer loop
         vertex 0.0415 -0.0526384 0.111959
         vertex 0.0415 -0.0528771 0.111443
         vertex -0.0415 -0.0528771 0.111443
      endloop
   endfacet
   facet normal 0 0.827689 -0.561187
      outer loop
         vertex 0.0415 -0.0523454 0.112446
         vertex 0.0415 -0.0526384 0.111959
         vertex -0.0415 -0.0526384 0.111959
      endloop
   endfacet
   facet normal 0 0.762162 -0.647386
      outer loop
         vertex 0.0415 -0.0520014 0.112899
         vertex 0.0415 -0.0523454 0.112446
         vertex -0.0415 -0.0523454 0.112446
      endloop
   endfacet
   facet normal 0 0.687699 -0.725995
      outer loop
         vertex 0.0415 -0.0516104 0.113311
         vertex 0.0415 -0.0520014 0.112899
         vertex -0.0415 -0.0520014 0.112899
      endloop
   endfacet
   facet normal 0 0.605174 -0.796093
      outer loop
         vertex 0.0415 -0.0511772 0.113679
         vertex 0.0415 -0.0516104 0.113311
         vertex -0.0415 -0.0516104 0.113311
      endloop
   endfacet
   facet normal 0 0.515554 -0.856857
      outer loop
         vertex 0.0415 -0.0507067 0.113999
         vertex 0.0415 -0.0511772 0.113679
         vertex -0.0415 -0.0511772 0.113679
      endloop
   endfacet
   facet normal 0 0.419889 -0.907575
      outer loop
         vertex 0.0415 -0.0502044 0.114265
         vertex 0.0415 -0.0507067 0.113999
         vertex -0.0415 -0.0507067 0.113999
      endloop
   endfacet
   facet normal 0 0.319302 -0.947653
      outer loop
         vertex 0.0415 -0.0496763 0.114475
         vertex 0.0415 -0.0502044 0.114265
         vertex -0.0415 -0.0502044 0.114265
      endloop
   endfacet
   facet normal 0 0.21497 -0.976621
      outer loop
         vertex 0.0415 -0.0491286 0.114627
         vertex 0.0415 -0.0496763 0.114475
         vertex -0.0415 -0.0496763 0.114475
      endloop
   endfacet
   facet normal 0 0.108119 -0.994138
      outer loop
         vertex 0.0415 -0.0485676 0.114719
         vertex 0.0415 -0.0491286 0.114627
         vertex -0.0415 -0.0491286 0.114627
      endloop
   endfacet
   facet normal 0 0 -1
      outer loop
         vertex 0.0415 -0.048 0.11475
         vertex 0.0415 -0.0485676 0.114719
         vertex -0.0415 -0.0485676 0.114719
      endloop
   endfacet
   facet normal -1 0 0
      outer loop
         vertex -0.0415 -0.0684866 0.104885
         vertex -0.0415 -0.0688515 0.107007
         vertex -0.0415 -0.0531808 0.108651
      endloop
   endfacet
   facet normal -1 0 0
      outer loop
         vertex -0.0415 -0.0688515 0.107007
         vertex -0.0415 -0.0689972 0.109155
         vertex -0.0415 -0.0532423 0.109216
      endloop
   endfacet
   facet normal -1 0 0
      outer loop
         vertex -0.0415 -0.0679063 0.102811
         vertex -0.0415 -0.0530586 0.108095
         vertex -0.0415 -0.0528771 0.107557
      endloop
   endfacet
   facet normal -1 0 0
      outer loop
         vertex -0.0415 -0.0532423 0.109216
         vertex -0.0415 -0.0531808 0.108651
         vertex -0.0415 -0.0688515 0.107007
      endloop
   endfacet
   facet normal -1 0 0
      outer loop
         vertex -0.0415 -0.0689972 0.109155
         vertex -0.0415 -0.0689221 0.111308
         vertex -0.0415 -0.0532423 0.109784
      endloop
   endfacet
   facet normal -1 0 0
      outer loop
         vertex -0.0415 -0.0689221 0.111308
         vertex -0.0415 -0.068627 0.113441
         vertex -0.0415 -0.0531808 0.110349
      endloop
   endfacet
   facet normal -1 0 0
      outer loop
         vertex -0.0415 -0.068627 0.113441
         vertex -0.0415 -0.068115 0.115532
         vertex -0.0415 -0.0530586 0.110905
      endloop
   endfacet
   facet normal -1 0 0
      outer loop
         vertex -0.0415 1.90586e-18 0.1224
         vertex -0.0415 -0.0427577 0.109784
         vertex -0.0415 -0.0428192 0.110349
      endloop
   endfacet
   facet normal -1 0 0
      outer loop
         vertex -0.0415 1.90586e-18 0.1224
         vertex -0.0415 1.90586e-18 0.0966
         vertex -0.0415 -0.0427577 0.109216
      endloop
   endfacet
   facet normal -1 0 0
      outer loop
         vertex -0.0415 -0.0671167 0.100808
         vertex -0.0415 -0.0528771 0.107557
         vertex -0.0415 -0.0526384 0.107041
      endloop
   endfacet
   facet normal -1 0 0
      outer loop
         vertex -0.0415 -0.0528771 0.107557
         vertex -0.0415 -0.0671167 0.100808
         vertex -0.0415 -0.0679063 0.102811
      endloop
   endfacet
   facet normal -1 0 0
      outer loop
         vertex -0.0415 -0.0532423 0.109784
         vertex -0.0415 -0.0532423 0.109216
         vertex -0.0415 -0.0689972 0.109155
      endloop
   endfacet
   facet normal -1 0 0
      outer loop
         vertex -0.0415 -0.0530586 0.110905
         vertex -0.0415 -0.0531808 0.110349
         vertex -0.0415 -0.068627 0.113441
      endloop
   endfacet
   facet normal -1 0 0
      outer loop
         vertex -0.0415 -0.0427577 0.109216
         vertex -0.0415 -0.0427577 0.109784
         vertex -0.0415 1.90586e-18 0.1224
      endloop
   endfacet
   facet normal -1 0 0
      outer loop
         vertex -0.0415 1.90586e-18 0.0966
         vertex -0.0415 -0.0429414 0.108095
         vertex -0.0415 -0.0428192 0.108651
      endloop
   endfacet
   facet normal -1 0 0
      outer loop
         vertex -0.0415 -0.0645708 0.0966
         vertex -0.0415 -0.0516104 0.105689
         vertex -0.0415 -0.0511772 0.105321
      endloop
   endfacet
   facet normal -1 0 0
      outer loop
         vertex -0.0415 -0.0645708 0.0966
         vertex -0.0415 -0.0649448 0.0970954
         vertex -0.0415 -0.0523454 0.106554
      endloop
   endfacet
   facet normal -1 0 0
      outer loop
         vertex -0.0415 -0.066126 0.0988959
         vertex -0.0415 -0.0526384 0.107041
         vertex -0.0415 -0.0523454 0.106554
      endloop
   endfacet
   facet normal -1 0 0
      outer loop
         vertex -0.0415 -0.0679063 0.102811
         vertex -0.0415 -0.0684866 0.104885
         vertex -0.0415 -0.0530586 0.108095
      endloop
   endfacet
   facet normal -1 0 0
      outer loop
         vertex -0.0415 -0.0531808 0.110349
         vertex -0.0415 -0.0532423 0.109784
         vertex -0.0415 -0.0689221 0.111308
      endloop
   endfacet
   facet normal -1 0 0
      outer loop
         vertex -0.0415 -0.068115 0.115532
         vertex -0.0415 -0.0673915 0.11756
         vertex -0.0415 -0.0528771 0.111443
      endloop
   endfacet
   facet normal -1 0 0
      outer loop
         vertex -0.0415 -0.0673915 0.11756
         vertex -0.0415 -0.0664642 0.119504
         vertex -0.0415 -0.0526384 0.111959
      endloop
   endfacet
   facet normal -1 0 0
      outer loop
         vertex -0.0415 1.90586e-18 0.1224
         vertex -0.0415 -0.0448228 0.113679
         vertex -0.0415 -0.0452933 0.113999
      endloop
   endfacet
   facet normal -1 0 0
      outer loop
         vertex -0.0415 1.90586e-18 0.1224
         vertex -0.0415 -0.0439986 0.112899
         vertex -0.0415 -0.0443896 0.113311
      endloop
   endfacet
   facet normal -1 0 0
      outer loop
         vertex -0.0415 1.90586e-18 0.1224
         vertex -0.0415 -0.0429414 0.110905
         vertex -0.0415 -0.0431229 0.111443
      endloop
   endfacet
   facet normal -1 0 0
      outer loop
         vertex -0.0415 -0.0428192 0.108651
         vertex -0.0415 -0.0427577 0.109216
         vertex -0.0415 1.90586e-18 0.0966
      endloop
   endfacet
   facet normal -1 0 0
      outer loop
         vertex -0.0415 -0.0645708 0.0966
         vertex -0.0415 -0.0520014 0.106101
         vertex -0.0415 -0.0516104 0.105689
      endloop
   endfacet
   facet normal -1 0 0
      outer loop
         vertex -0.0415 -0.0523454 0.106554
         vertex -0.0415 -0.0649448 0.0970954
         vertex -0.0415 -0.066126 0.0988959
      endloop
   endfacet
   facet normal -1 0 0
      outer loop
         vertex -0.0415 -0.0531808 0.108651
         vertex -0.0415 -0.0530586 0.108095
         vertex -0.0415 -0.0684866 0.104885
      endloop
   endfacet
   facet normal -1 0 0
      outer loop
         vertex -0.0415 -0.0526384 0.111959
         vertex -0.0415 -0.0528771 0.111443
         vertex -0.0415 -0.0673915 0.11756
      endloop
   endfacet
   facet normal -1 0 0
      outer loop
         vertex -0.0415 -0.0526384 0.111959
         vertex -0.0415 -0.0664642 0.119504
         vertex -0.0415 -0.0645708 0.1199
      endloop
   endfacet
   facet normal -1 0 0
      outer loop
         vertex -0.0415 -0.0443896 0.113311
         vertex -0.0415 -0.0448228 0.113679
         vertex -0.0415 1.90586e-18 0.1224
      endloop
   endfacet
   facet normal -1 0 0
      outer loop
         vertex -0.0415 1.90586e-18 0.1224
         vertex -0.0415 -0.0433616 0.111959
         vertex -0.0415 -0.0436546 0.112446
      endloop
   endfacet
   facet normal -1 0 0
      outer loop
         vertex -0.0415 -0.0428192 0.110349
         vertex -0.0415 -0.0429414 0.110905
         vertex -0.0415 1.90586e-18 0.1224
      endloop
   endfacet
   facet normal -1 0 0
      outer loop
         vertex -0.0415 1.90586e-18 0.0966
         vertex -0.0415 -0.0433616 0.107041
         vertex -0.0415 -0.0431229 0.107557
      endloop
   endfacet
   facet normal -1 0 0
      outer loop
         vertex -0.0415 -0.0523454 0.106554
         vertex -0.0415 -0.0520014 0.106101
         vertex -0.0415 -0.0645708 0.0966
      endloop
   endfacet
   facet normal -1 0 0
      outer loop
         vertex -0.0415 -0.0528771 0.111443
         vertex -0.0415 -0.0530586 0.110905
         vertex -0.0415 -0.068115 0.115532
      endloop
   endfacet
   facet normal -1 0 0
      outer loop
         vertex -0.0415 -0.0664642 0.119504
         vertex -0.0415 -0.0662439 0.1199
         vertex -0.0415 -0.0645708 0.1199
      endloop
   endfacet
   facet normal -1 0 0
      outer loop
         vertex -0.0415 -0.0645708 0.1199
         vertex -0.0415 -0.0507067 0.113999
         vertex -0.0415 -0.0511772 0.113679
      endloop
   endfacet
   facet normal -1 0 0
      outer loop
         vertex -0.0415 -0.0436546 0.112446
         vertex -0.0415 -0.0439986 0.112899
         vertex -0.0415 1.90586e-18 0.1224
      endloop
   endfacet
   facet normal -1 0 0
      outer loop
         vertex -0.0415 -0.0431229 0.107557
         vertex -0.0415 -0.0429414 0.108095
         vertex -0.0415 1.90586e-18 0.0966
      endloop
   endfacet
   facet normal -1 0 0
      outer loop
         vertex -0.0415 1.90586e-18 0.0966
         vertex -0.0415 -0.0439986 0.106101
         vertex -0.0415 -0.0436546 0.106554
      endloop
   endfacet
   facet normal -1 0 0
      outer loop
         vertex -0.0415 -0.0526384 0.107041
         vertex -0.0415 -0.066126 0.0988959
         vertex -0.0415 -0.0671167 0.100808
      endloop
   endfacet
   facet normal -1 0 0
      outer loop
         vertex -0.0415 -0.0645708 0.1199
         vertex -0.0415 -0.0520014 0.112899
         vertex -0.0415 -0.0523454 0.112446
      endloop
   endfacet
   facet normal -1 0 0
      outer loop
         vertex -0.0415 -0.0511772 0.113679
         vertex -0.0415 -0.0516104 0.113311
         vertex -0.0415 -0.0645708 0.1199
      endloop
   endfacet
   facet normal -1 0 0
      outer loop
         vertex -0.0415 1.90586e-18 0.1224
         vertex -0.0415 -0.0468714 0.114627
         vertex -0.0415 -0.0474324 0.114719
      endloop
   endfacet
   facet normal -1 0 0
      outer loop
         vertex -0.0415 -0.0431229 0.111443
         vertex -0.0415 -0.0433616 0.111959
         vertex -0.0415 1.90586e-18 0.1224
      endloop
   endfacet
   facet normal -1 0 0
      outer loop
         vertex -0.0415 1.90586e-18 0.0966
         vertex -0.0415 -0.0443896 0.105689
         vertex -0.0415 -0.0439986 0.106101
      endloop
   endfacet
   facet normal -1 0 0
      outer loop
         vertex -0.0415 1.90586e-18 0.0966
         vertex -0.0415 -0.0452933 0.105001
         vertex -0.0415 -0.0448228 0.105321
      endloop
   endfacet
   facet normal -1 0 0
      outer loop
         vertex -0.0415 -0.0645708 0.1199
         vertex -0.0415 -0.0523454 0.112446
         vertex -0.0415 -0.0526384 0.111959
      endloop
   endfacet
   facet normal -1 0 0
      outer loop
         vertex -0.0415 -0.0645708 0.1199
         vertex -0.0415 -0.0502044 0.114265
         vertex -0.0415 -0.0507067 0.113999
      endloop
   endfacet
   facet normal -1 0 0
      outer loop
         vertex -0.0415 -0.0474324 0.114719
         vertex -0.0415 -0.0645708 0.1224
         vertex -0.0415 1.90586e-18 0.1224
      endloop
   endfacet
   facet normal -1 0 0
      outer loop
         vertex -0.0415 1.90586e-18 0.1224
         vertex -0.0415 -0.0457956 0.114265
         vertex -0.0415 -0.0463237 0.114475
      endloop
   endfacet
   facet normal -1 0 0
      outer loop
         vertex -0.0415 -0.0436546 0.106554
         vertex -0.0415 -0.0433616 0.107041
         vertex -0.0415 1.90586e-18 0.0966
      endloop
   endfacet
   facet normal -1 0 0
      outer loop
         vertex -0.0415 1.90586e-18 0.0966
         vertex -0.0415 -0.0457956 0.104735
         vertex -0.0415 -0.0452933 0.105001
      endloop
   endfacet
   facet normal -1 0 0
      outer loop
         vertex -0.0415 1.90586e-18 0.0966
         vertex -0.0415 -0.0645708 0.0966
         vertex -0.0415 -0.0474324 0.104281
      endloop
   endfacet
   facet normal -1 0 0
      outer loop
         vertex -0.0415 -0.0645708 0.0966
         vertex -0.0415 -0.0491286 0.104373
         vertex -0.0415 -0.0485676 0.104281
      endloop
   endfacet
   facet normal -1 0 0
      outer loop
         vertex -0.0415 -0.0645708 0.0966
         vertex -0.0415 -0.0502044 0.104735
         vertex -0.0415 -0.0496763 0.104525
      endloop
   endfacet
   facet normal -1 0 0
      outer loop
         vertex -0.0415 -0.0516104 0.113311
         vertex -0.0415 -0.0520014 0.112899
         vertex -0.0415 -0.0645708 0.1199
      endloop
   endfacet
   facet normal -1 0 0
      outer loop
         vertex -0.0415 -0.0463237 0.114475
         vertex -0.0415 -0.0468714 0.114627
         vertex -0.0415 1.90586e-18 0.1224
      endloop
   endfacet
   facet normal -1 0 0
      outer loop
         vertex -0.0415 -0.0448228 0.105321
         vertex -0.0415 -0.0443896 0.105689
         vertex -0.0415 1.90586e-18 0.0966
      endloop
   endfacet
   facet normal -1 0 0
      outer loop
         vertex -0.0415 1.90586e-18 0.0966
         vertex -0.0415 -0.0468714 0.104373
         vertex -0.0415 -0.0463237 0.104525
      endloop
   endfacet
   facet normal -1 0 0
      outer loop
         vertex -0.0415 -0.0645708 0.0966
         vertex -0.0415 -0.048 0.10425
         vertex -0.0415 -0.0474324 0.104281
      endloop
   endfacet
   facet normal -1 0 0
      outer loop
         vertex -0.0415 -0.0496763 0.104525
         vertex -0.0415 -0.0491286 0.104373
         vertex -0.0415 -0.0645708 0.0966
      endloop
   endfacet
   facet normal -1 0 0
      outer loop
         vertex -0.0415 -0.0511772 0.105321
         vertex -0.0415 -0.0507067 0.105001
         vertex -0.0415 -0.0645708 0.0966
      endloop
   endfacet
   facet normal -1 0 0
      outer loop
         vertex -0.0415 -0.0645708 0.1199
         vertex -0.0415 -0.0491286 0.114627
         vertex -0.0415 -0.0496763 0.114475
      endloop
   endfacet
   facet normal -1 0 0
      outer loop
         vertex -0.0415 -0.0645708 0.1199
         vertex -0.0415 -0.048 0.11475
         vertex -0.0415 -0.0485676 0.114719
      endloop
   endfacet
   facet normal -1 0 0
      outer loop
         vertex -0.0415 -0.0452933 0.113999
         vertex -0.0415 -0.0457956 0.114265
         vertex -0.0415 1.90586e-18 0.1224
      endloop
   endfacet
   facet normal -1 0 0
      outer loop
         vertex -0.0415 -0.0474324 0.104281
         vertex -0.0415 -0.0468714 0.104373
         vertex -0.0415 1.90586e-18 0.0966
      endloop
   endfacet
   facet normal -1 0 0
      outer loop
         vertex -0.0415 -0.0507067 0.105001
         vertex -0.0415 -0.0502044 0.104735
         vertex -0.0415 -0.0645708 0.0966
      endloop
   endfacet
   facet normal -1 0 0
      outer loop
         vertex -0.0415 -0.0485676 0.114719
         vertex -0.0415 -0.0491286 0.114627
         vertex -0.0415 -0.0645708 0.1199
      endloop
   endfacet
   facet normal -1 0 0
      outer loop
         vertex -0.0415 -0.0463237 0.104525
         vertex -0.0415 -0.0457956 0.104735
         vertex -0.0415 1.90586e-18 0.0966
      endloop
   endfacet
   facet normal -1 0 0
      outer loop
         vertex -0.0415 -0.0496763 0.114475
         vertex -0.0415 -0.0502044 0.114265
         vertex -0.0415 -0.0645708 0.1199
      endloop
   endfacet
   facet normal -1 0 0
      outer loop
         vertex -0.0415 -0.0485676 0.104281
         vertex -0.0415 -0.048 0.10425
         vertex -0.0415 -0.0645708 0.0966
      endloop
   endfacet
   facet normal -1 0 0
      outer loop
         vertex -0.0415 -0.0474324 0.114719
         vertex -0.0415 -0.048 0.11475
         vertex -0.0415 -0.0645708 0.1224
      endloop
   endfacet
   facet normal -1 0 0
      outer loop
         vertex -0.0415 -0.0645708 0.1199
         vertex -0.0415 -0.0645708 0.1224
         vertex -0.0415 -0.048 0.11475
      endloop
   endfacet
   facet normal -0.137012 -0.855004 -0.500195
      outer loop
         vertex -0.0393425 -0.0682635 0.0976454
         vertex -0.0390736 -0.068283 0.0976341
         vertex -0.0390736 -0.0693915 0.0997735
      endloop
   endfacet
   facet normal -0.137012 -0.901732 -0.410009
      outer loop
         vertex -0.0393425 -0.069371 0.0997828
         vertex -0.0390736 -0.0693915 0.0997735
         vertex -0.0390736 -0.070275 0.102015
      endloop
   endfacet
   facet normal -0.137012 -0.938978 -0.315511
      outer loop
         vertex -0.0393425 -0.0702537 0.102022
         vertex -0.0390736 -0.070275 0.102015
         vertex -0.0390736 -0.0709244 0.104336
      endloop
   endfacet
   facet normal -0.137012 -0.966352 -0.217696
      outer loop
         vertex -0.0393425 -0.0709025 0.104341
         vertex -0.0390736 -0.0709244 0.104336
         vertex -0.0390736 -0.0713328 0.10671
      endloop
   endfacet
   facet normal -0.137012 -0.983565 -0.117592
      outer loop
         vertex -0.0393425 -0.0713104 0.106713
         vertex -0.0390736 -0.0713328 0.10671
         vertex -0.0390736 -0.0714958 0.109114
      endloop
   endfacet
   facet normal -0.137012 -0.990436 -0.0162514
      outer loop
         vertex -0.0393425 -0.0714733 0.109115
         vertex -0.0390736 -0.0714958 0.109114
         vertex -0.0390736 -0.0714117 0.111523
      endloop
   endfacet
   facet normal -0.137012 -0.986893 0.08526
      outer loop
         vertex -0.0393425 -0.0713893 0.111521
         vertex -0.0390736 -0.0714117 0.111523
         vertex -0.0390736 -0.0710815 0.113909
      endloop
   endfacet
   facet normal -0.137012 -0.972974 0.185875
      outer loop
         vertex -0.0393425 -0.0710594 0.113905
         vertex -0.0390736 -0.0710815 0.113909
         vertex -0.0390736 -0.0705086 0.11625
      endloop
   endfacet
   facet normal -0.137012 -0.948824 0.284535
      outer loop
         vertex -0.0393425 -0.0704871 0.116243
         vertex -0.0390736 -0.0705086 0.11625
         vertex -0.0390736 -0.069699 0.118519
      endloop
   endfacet
   facet normal -0.137012 -0.914698 0.380204
      outer loop
         vertex -0.0393425 -0.0696783 0.118511
         vertex -0.0390736 -0.069699 0.118519
         vertex -0.0390736 -0.0686613 0.120694
      endloop
   endfacet
   facet normal -0.24298 -0.837277 -0.489824
      outer loop
         vertex -0.0396075 -0.0682192 0.0976713
         vertex -0.0393425 -0.0682635 0.0976454
         vertex -0.0393425 -0.069371 0.0997828
      endloop
   endfacet
   facet normal -0.24298 -0.883036 -0.401508
      outer loop
         vertex -0.0396075 -0.0693242 0.0998041
         vertex -0.0393425 -0.069371 0.0997828
         vertex -0.0393425 -0.0702537 0.102022
      endloop
   endfacet
   facet normal -0.24298 -0.91951 -0.308969
      outer loop
         vertex -0.0396075 -0.0702051 0.102039
         vertex -0.0393425 -0.0702537 0.102022
         vertex -0.0393425 -0.0709025 0.104341
      endloop
   endfacet
   facet normal -0.24298 -0.946316 -0.213182
      outer loop
         vertex -0.0396075 -0.0708524 0.104352
         vertex -0.0393425 -0.0709025 0.104341
         vertex -0.0393425 -0.0713104 0.106713
      endloop
   endfacet
   facet normal -0.24298 -0.963172 -0.115154
      outer loop
         vertex -0.0396075 -0.0712594 0.106719
         vertex -0.0393425 -0.0713104 0.106713
         vertex -0.0393425 -0.0714733 0.109115
      endloop
   endfacet
   facet normal -0.24298 -0.969901 -0.0159144
      outer loop
         vertex -0.0396075 -0.0714219 0.109116
         vertex -0.0393425 -0.0714733 0.109115
         vertex -0.0393425 -0.0713893 0.111521
      endloop
   endfacet
   facet normal -0.24298 -0.966431 0.0834922
      outer loop
         vertex -0.0396075 -0.0713381 0.111516
         vertex -0.0393425 -0.0713893 0.111521
         vertex -0.0393425 -0.0710594 0.113905
      endloop
   endfacet
   facet normal -0.24298 -0.952801 0.182021
      outer loop
         vertex -0.0396075 -0.071009 0.113896
         vertex -0.0393425 -0.0710594 0.113905
         vertex -0.0393425 -0.0704871 0.116243
      endloop
   endfacet
   facet normal -0.24298 -0.929152 0.278636
      outer loop
         vertex -0.0396075 -0.0704379 0.116229
         vertex -0.0393425 -0.0704871 0.116243
         vertex -0.0393425 -0.0696783 0.118511
      endloop
   endfacet
   facet normal -0.24298 -0.895733 0.372321
      outer loop
         vertex -0.0396075 -0.0696309 0.118491
         vertex -0.0393425 -0.0696783 0.118511
         vertex -0.0393425 -0.0686416 0.120683
      endloop
   endfacet
   facet normal -0.346117 -0.809795 -0.473747
      outer loop
         vertex -0.0398653 -0.0681505 0.0977115
         vertex -0.0396075 -0.0682192 0.0976713
         vertex -0.0396075 -0.0693242 0.0998041
      endloop
   endfacet
   facet normal -0.346117 -0.854051 -0.388329
      outer loop
         vertex -0.0398653 -0.0692518 0.099837
         vertex -0.0396075 -0.0693242 0.0998041
         vertex -0.0396075 -0.0702051 0.102039
      endloop
   endfacet
   facet normal -0.346117 -0.889328 -0.298828
      outer loop
         vertex -0.0398653 -0.0701296 0.102064
         vertex -0.0396075 -0.0702051 0.102039
         vertex -0.0396075 -0.0708524 0.104352
      endloop
   endfacet
   facet normal -0.346117 -0.915254 -0.206185
      outer loop
         vertex -0.0398653 -0.0707747 0.104369
         vertex -0.0396075 -0.0708524 0.104352
         vertex -0.0396075 -0.0712594 0.106719
      endloop
   endfacet
   facet normal -0.346117 -0.931557 -0.111374
      outer loop
         vertex -0.0398653 -0.0711804 0.106729
         vertex -0.0396075 -0.0712594 0.106719
         vertex -0.0396075 -0.0714219 0.109116
      endloop
   endfacet
   facet normal -0.346117 -0.938065 -0.015392
      outer loop
         vertex -0.0398653 -0.0713423 0.109117
         vertex -0.0396075 -0.0714219 0.109116
         vertex -0.0396075 -0.0713381 0.111516
      endloop
   endfacet
   facet normal -0.346117 -0.93471 0.0807517
      outer loop
         vertex -0.0398653 -0.0712588 0.111509
         vertex -0.0396075 -0.0713381 0.111516
         vertex -0.0396075 -0.071009 0.113896
      endloop
   endfacet
   facet normal -0.346117 -0.921526 0.176046
      outer loop
         vertex -0.0398653 -0.0709308 0.113881
         vertex -0.0396075 -0.071009 0.113896
         vertex -0.0396075 -0.0704379 0.116229
      endloop
   endfacet
   facet normal -0.346117 -0.898653 0.26949
      outer loop
         vertex -0.0398653 -0.0703616 0.116206
         vertex -0.0396075 -0.0704379 0.116229
         vertex -0.0396075 -0.0696309 0.118491
      endloop
   endfacet
   facet normal -0.346117 -0.866332 0.3601
      outer loop
         vertex -0.0398653 -0.0695574 0.118461
         vertex -0.0396075 -0.0696309 0.118491
         vertex -0.0396075 -0.0685964 0.120659
      endloop
   endfacet
   facet normal -0.445221 -0.772877 -0.452149
      outer loop
         vertex -0.0401131 -0.0680582 0.0977655
         vertex -0.0398653 -0.0681505 0.0977115
         vertex -0.0398653 -0.0692518 0.099837
      endloop
   endfacet
   facet normal -0.445221 -0.815116 -0.370625
      outer loop
         vertex -0.0401131 -0.0691544 0.0998813
         vertex -0.0398653 -0.0692518 0.099837
         vertex -0.0398653 -0.0701296 0.102064
      endloop
   endfacet
   facet normal -0.445221 -0.848785 -0.285205
      outer loop
         vertex -0.0401131 -0.0700282 0.102098
         vertex -0.0398653 -0.0701296 0.102064
         vertex -0.0398653 -0.0707747 0.104369
      endloop
   endfacet
   facet normal -0.445221 -0.873529 -0.196785
      outer loop
         vertex -0.0401131 -0.0706704 0.104393
         vertex -0.0398653 -0.0707747 0.104369
         vertex -0.0398653 -0.0711804 0.106729
      endloop
   endfacet
   facet normal -0.445221 -0.889089 -0.106297
      outer loop
         vertex -0.0401131 -0.0710742 0.106741
         vertex -0.0398653 -0.0711804 0.106729
         vertex -0.0398653 -0.0713423 0.109117
      endloop
   endfacet
   facet normal -0.445221 -0.8953 -0.0146903
      outer loop
         vertex -0.0401131 -0.0712354 0.109119
         vertex -0.0398653 -0.0713423 0.109117
         vertex -0.0398653 -0.0712588 0.111509
      endloop
   endfacet
   facet normal -0.445221 -0.892098 0.0770704
      outer loop
         vertex -0.0401131 -0.0711523 0.1115
         vertex -0.0398653 -0.0712588 0.111509
         vertex -0.0398653 -0.0709308 0.113881
      endloop
   endfacet
   facet normal -0.445221 -0.879515 0.168021
      outer loop
         vertex -0.0401131 -0.0708258 0.113861
         vertex -0.0398653 -0.0709308 0.113881
         vertex -0.0398653 -0.0703616 0.116206
      endloop
   endfacet
   facet normal -0.445221 -0.857685 0.257204
      outer loop
         vertex -0.0401131 -0.0702592 0.116175
         vertex -0.0398653 -0.0703616 0.116206
         vertex -0.0398653 -0.0695574 0.118461
      endloop
   endfacet
   facet normal -0.445221 -0.826837 0.343684
      outer loop
         vertex -0.0401131 -0.0694586 0.11842
         vertex -0.0398653 -0.0695574 0.118461
         vertex -0.0398653 -0.0685264 0.120621
      endloop
   endfacet
   facet normal -0.539138 -0.726955 -0.425284
      outer loop
         vertex -0.0403478 -0.0679434 0.0978327
         vertex -0.0401131 -0.0680582 0.0977655
         vertex -0.0401131 -0.0691544 0.0998813
      endloop
   endfacet
   facet normal -0.539138 -0.766685 -0.348604
      outer loop
         vertex -0.0403478 -0.0690334 0.0999363
         vertex -0.0401131 -0.0691544 0.0998813
         vertex -0.0401131 -0.0700282 0.102098
      endloop
   endfacet
   facet normal -0.539138 -0.798353 -0.268259
      outer loop
         vertex -0.0403478 -0.0699022 0.102141
         vertex -0.0401131 -0.0700282 0.102098
         vertex -0.0401131 -0.0706704 0.104393
      endloop
   endfacet
   facet normal -0.539138 -0.821627 -0.185093
      outer loop
         vertex -0.0403478 -0.0705407 0.104422
         vertex -0.0401131 -0.0706704 0.104393
         vertex -0.0401131 -0.0710742 0.106741
      endloop
   endfacet
   facet normal -0.539138 -0.836262 -0.0999807
      outer loop
         vertex -0.0403478 -0.0709422 0.106757
         vertex -0.0401131 -0.0710742 0.106741
         vertex -0.0401131 -0.0712354 0.109119
      endloop
   endfacet
   facet normal -0.539138 -0.842104 -0.0138175
      outer loop
         vertex -0.0403478 -0.0711024 0.109121
         vertex -0.0401131 -0.0712354 0.109119
         vertex -0.0401131 -0.0711523 0.1115
      endloop
   endfacet
   facet normal -0.539138 -0.839092 0.0724911
      outer loop
         vertex -0.0403478 -0.0710198 0.111489
         vertex -0.0401131 -0.0711523 0.1115
         vertex -0.0401131 -0.0708258 0.113861
      endloop
   endfacet
   facet normal -0.539138 -0.827257 0.158037
      outer loop
         vertex -0.0403478 -0.0706951 0.113836
         vertex -0.0401131 -0.0708258 0.113861
         vertex -0.0401131 -0.0702592 0.116175
      endloop
   endfacet
   facet normal -0.539138 -0.806724 0.241922
      outer loop
         vertex -0.0403478 -0.0701318 0.116137
         vertex -0.0401131 -0.0702592 0.116175
         vertex -0.0401131 -0.0694586 0.11842
      endloop
   endfacet
   facet normal -0.539138 -0.777709 0.323263
      outer loop
         vertex -0.0403478 -0.0693358 0.118368
         vertex -0.0401131 -0.0694586 0.11842
         vertex -0.0401131 -0.0684324 0.12057
      endloop
   endfacet
   facet normal -0.626774 -0.672563 -0.393463
      outer loop
         vertex -0.0405669 -0.0678074 0.0979122
         vertex -0.0403478 -0.0679434 0.0978327
         vertex -0.0403478 -0.0690334 0.0999363
      endloop
   endfacet
   facet normal -0.626774 -0.70932 -0.322521
      outer loop
         vertex -0.0405669 -0.06889 0.100002
         vertex -0.0403478 -0.0690334 0.0999363
         vertex -0.0403478 -0.0699022 0.102141
      endloop
   endfacet
   facet normal -0.626774 -0.738619 -0.248187
      outer loop
         vertex -0.0405669 -0.0697528 0.102191
         vertex -0.0403478 -0.0699022 0.102141
         vertex -0.0403478 -0.0705407 0.104422
      endloop
   endfacet
   facet normal -0.626774 -0.760151 -0.171244
      outer loop
         vertex -0.0405669 -0.070387 0.104457
         vertex -0.0403478 -0.0705407 0.104422
         vertex -0.0403478 -0.0709422 0.106757
      endloop
   endfacet
   facet normal -0.626774 -0.773691 -0.0925
      outer loop
         vertex -0.0405669 -0.0707857 0.106776
         vertex -0.0403478 -0.0709422 0.106757
         vertex -0.0403478 -0.0711024 0.109121
      endloop
   endfacet
   facet normal -0.626774 -0.779096 -0.0127836
      outer loop
         vertex -0.0405669 -0.0709449 0.109124
         vertex -0.0403478 -0.0711024 0.109121
         vertex -0.0403478 -0.0710198 0.111489
      endloop
   endfacet
   facet normal -0.626774 -0.77631 0.0670672
      outer loop
         vertex -0.0405669 -0.0708628 0.111475
         vertex -0.0403478 -0.0710198 0.111489
         vertex -0.0403478 -0.0706951 0.113836
      endloop
   endfacet
   facet normal -0.626774 -0.76536 0.146213
      outer loop
         vertex -0.0405669 -0.0705404 0.113806
         vertex -0.0403478 -0.0706951 0.113836
         vertex -0.0403478 -0.0701318 0.116137
      endloop
   endfacet
   facet normal -0.626774 -0.746364 0.223821
      outer loop
         vertex -0.0405669 -0.0699809 0.116092
         vertex -0.0403478 -0.0701318 0.116137
         vertex -0.0403478 -0.0693358 0.118368
      endloop
   endfacet
   facet normal -0.626774 -0.719519 0.299076
      outer loop
         vertex -0.0405669 -0.0691903 0.118308
         vertex -0.0403478 -0.0693358 0.118368
         vertex -0.0403478 -0.0683155 0.120507
      endloop
   endfacet
   facet normal -0.707107 -0.610335 -0.357059
      outer loop
         vertex -0.0407678 -0.0676519 0.0980032
         vertex -0.0405669 -0.0678074 0.0979122
         vertex -0.0405669 -0.06889 0.100002
      endloop
   endfacet
   facet normal -0.707107 -0.643691 -0.29268
      outer loop
         vertex -0.0407678 -0.0687259 0.100076
         vertex -0.0405669 -0.06889 0.100002
         vertex -0.0405669 -0.0697528 0.102191
      endloop
   endfacet
   facet normal -0.707107 -0.670279 -0.225224
      outer loop
         vertex -0.0407678 -0.069582 0.102248
         vertex -0.0405669 -0.0697528 0.102191
         vertex -0.0405669 -0.070387 0.104457
      endloop
   endfacet
   facet normal -0.707107 -0.689819 -0.1554
      outer loop
         vertex -0.0407678 -0.0702111 0.104496
         vertex -0.0405669 -0.070387 0.104457
         vertex -0.0405669 -0.0707857 0.106776
      endloop
   endfacet
   facet normal -0.707107 -0.702107 -0.0839416
      outer loop
         vertex -0.0407678 -0.0706068 0.106797
         vertex -0.0405669 -0.0707857 0.106776
         vertex -0.0405669 -0.0709449 0.109124
      endloop
   endfacet
   facet normal -0.707107 -0.707012 -0.0116009
      outer loop
         vertex -0.0407678 -0.0707647 0.109126
         vertex -0.0405669 -0.0709449 0.109124
         vertex -0.0405669 -0.0708628 0.111475
      endloop
   endfacet
   facet normal -0.707107 -0.704483 0.0608619
      outer loop
         vertex -0.0407678 -0.0706833 0.11146
         vertex -0.0405669 -0.0708628 0.111475
         vertex -0.0405669 -0.0705404 0.113806
      endloop
   endfacet
   facet normal -0.707107 -0.694546 0.132685
      outer loop
         vertex -0.0407678 -0.0703633 0.113772
         vertex -0.0405669 -0.0705404 0.113806
         vertex -0.0405669 -0.0699809 0.116092
      endloop
   endfacet
   facet normal -0.707107 -0.677307 0.203112
      outer loop
         vertex -0.0407678 -0.0698083 0.11604
         vertex -0.0405669 -0.0699809 0.116092
         vertex -0.0405669 -0.0691903 0.118308
      endloop
   endfacet
   facet normal -0.707107 -0.652947 0.271404
      outer loop
         vertex -0.0407678 -0.0690239 0.118239
         vertex -0.0405669 -0.0691903 0.118308
         vertex -0.0405669 -0.0681769 0.120432
      endloop
   endfacet
   facet normal -0.779201 -0.540996 -0.316494
      outer loop
         vertex -0.040948 -0.0674785 0.0981047
         vertex -0.0407678 -0.0676519 0.0980032
         vertex -0.0407678 -0.0687259 0.100076
      endloop
   endfacet
   facet normal -0.779201 -0.570563 -0.259429
      outer loop
         vertex -0.040948 -0.0685431 0.100159
         vertex -0.0407678 -0.0687259 0.100076
         vertex -0.0407678 -0.069582 0.102248
      endloop
   endfacet
   facet normal -0.779201 -0.59413 -0.199637
      outer loop
         vertex -0.040948 -0.0693916 0.102312
         vertex -0.0407678 -0.069582 0.102248
         vertex -0.0407678 -0.0702111 0.104496
      endloop
   endfacet
   facet normal -0.779201 -0.61145 -0.137745
      outer loop
         vertex -0.040948 -0.0700152 0.104541
         vertex -0.0407678 -0.0702111 0.104496
         vertex -0.0407678 -0.0706068 0.106797
      endloop
   endfacet
   facet normal -0.779201 -0.622342 -0.0744052
      outer loop
         vertex -0.040948 -0.0704074 0.106821
         vertex -0.0407678 -0.0706068 0.106797
         vertex -0.0407678 -0.0707647 0.109126
      endloop
   endfacet
   facet normal -0.779201 -0.626689 -0.0102829
      outer loop
         vertex -0.040948 -0.0705639 0.10913
         vertex -0.0407678 -0.0707647 0.109126
         vertex -0.0407678 -0.0706833 0.11146
      endloop
   endfacet
   facet normal -0.779201 -0.624448 0.0539475
      outer loop
         vertex -0.040948 -0.0704832 0.111442
         vertex -0.0407678 -0.0706833 0.11146
         vertex -0.0407678 -0.0703633 0.113772
      endloop
   endfacet
   facet normal -0.779201 -0.61564 0.117611
      outer loop
         vertex -0.040948 -0.0701661 0.113735
         vertex -0.0407678 -0.0703633 0.113772
         vertex -0.0407678 -0.0698083 0.11604
      endloop
   endfacet
   facet normal -0.779201 -0.60036 0.180037
      outer loop
         vertex -0.040948 -0.0696159 0.115982
         vertex -0.0407678 -0.0698083 0.11604
         vertex -0.0407678 -0.0690239 0.118239
      endloop
   endfacet
   facet normal -0.779201 -0.578767 0.240571
      outer loop
         vertex -0.040948 -0.0688385 0.118162
         vertex -0.0407678 -0.0690239 0.118239
         vertex -0.0407678 -0.0680185 0.120346
      endloop
   endfacet
   facet normal -0.779201 -0.551088 0.298575
      outer loop
         vertex -0.040948 -0.0678419 0.12025
         vertex -0.0407678 -0.0680185 0.120346
         vertex -0.0407678 -0.0668026 0.122339
      endloop
   endfacet
   facet normal -0.842217 -0.465354 -0.272242
      outer loop
         vertex -0.0411055 -0.0672894 0.0982153
         vertex -0.040948 -0.0674785 0.0981047
         vertex -0.040948 -0.0685431 0.100159
      endloop
   endfacet
   facet normal -0.842217 -0.490787 -0.223156
      outer loop
         vertex -0.0411055 -0.0683436 0.10025
         vertex -0.040948 -0.0685431 0.100159
         vertex -0.040948 -0.0693916 0.102312
      endloop
   endfacet
   facet normal -0.842217 -0.511059 -0.171724
      outer loop
         vertex -0.0411055 -0.0691839 0.102382
         vertex -0.040948 -0.0693916 0.102312
         vertex -0.040948 -0.0700152 0.104541
      endloop
   endfacet
   facet normal -0.842217 -0.525958 -0.118486
      outer loop
         vertex -0.0411055 -0.0698015 0.104589
         vertex -0.040948 -0.0700152 0.104541
         vertex -0.040948 -0.0704074 0.106821
      endloop
   endfacet
   facet normal -0.842217 -0.535326 -0.0640018
      outer loop
         vertex -0.0411055 -0.0701898 0.106847
         vertex -0.040948 -0.0704074 0.106821
         vertex -0.040948 -0.0705639 0.10913
      endloop
   endfacet
   facet normal -0.842217 -0.539066 -0.00884515
      outer loop
         vertex -0.0411055 -0.0703448 0.109133
         vertex -0.040948 -0.0705639 0.10913
         vertex -0.040948 -0.0704832 0.111442
      endloop
   endfacet
   facet normal -0.842217 -0.537138 0.0464045
      outer loop
         vertex -0.0411055 -0.0702649 0.111424
         vertex -0.040948 -0.0704832 0.111442
         vertex -0.040948 -0.0701661 0.113735
      endloop
   endfacet
   facet normal -0.842217 -0.529562 0.101166
      outer loop
         vertex -0.0411055 -0.0699509 0.113693
         vertex -0.040948 -0.0701661 0.113735
         vertex -0.040948 -0.0696159 0.115982
      endloop
   endfacet
   facet normal -0.842217 -0.516418 0.154864
      outer loop
         vertex -0.0411055 -0.069406 0.115919
         vertex -0.040948 -0.0696159 0.115982
         vertex -0.040948 -0.0688385 0.118162
      endloop
   endfacet
   facet normal -0.842217 -0.497844 0.206934
      outer loop
         vertex -0.0411055 -0.0686361 0.118078
         vertex -0.040948 -0.0688385 0.118162
         vertex -0.040948 -0.0678419 0.12025
      endloop
   endfacet
   facet normal -0.842217 -0.474035 0.256828
      outer loop
         vertex -0.0411055 -0.0676493 0.120146
         vertex -0.040948 -0.0678419 0.12025
         vertex -0.040948 -0.0666367 0.122226
      endloop
   endfacet
   facet normal -0.895421 -0.38429 -0.224818
      outer loop
         vertex -0.0412386 -0.0670868 0.0983339
         vertex -0.0411055 -0.0672894 0.0982153
         vertex -0.0411055 -0.0683436 0.10025
      endloop
   endfacet
   facet normal -0.895421 -0.405292 -0.184282
      outer loop
         vertex -0.0412386 -0.0681299 0.100347
         vertex -0.0411055 -0.0683436 0.10025
         vertex -0.0411055 -0.0691839 0.102382
      endloop
   endfacet
   facet normal -0.895421 -0.422033 -0.14181
      outer loop
         vertex -0.0412386 -0.0689614 0.102457
         vertex -0.0411055 -0.0691839 0.102382
         vertex -0.0411055 -0.0698015 0.104589
      endloop
   endfacet
   facet normal -0.895421 -0.434337 -0.0978456
      outer loop
         vertex -0.0412386 -0.0695724 0.10464
         vertex -0.0411055 -0.0698015 0.104589
         vertex -0.0411055 -0.0701898 0.106847
      endloop
   endfacet
   facet normal -0.895421 -0.442073 -0.0528528
      outer loop
         vertex -0.0412386 -0.0699567 0.106875
         vertex -0.0411055 -0.0701898 0.106847
         vertex -0.0411055 -0.0703448 0.109133
      endloop
   endfacet
   facet normal -0.895421 -0.445161 -0.00730434
      outer loop
         vertex -0.0412386 -0.0701101 0.109137
         vertex -0.0411055 -0.0703448 0.109133
         vertex -0.0411055 -0.0702649 0.111424
      endloop
   endfacet
   facet normal -0.895421 -0.443569 0.0383209
      outer loop
         vertex -0.0412386 -0.070031 0.111403
         vertex -0.0411055 -0.0702649 0.111424
         vertex -0.0411055 -0.0699509 0.113693
      endloop
   endfacet
   facet normal -0.895421 -0.437313 0.0835433
      outer loop
         vertex -0.0412386 -0.0697203 0.113649
         vertex -0.0411055 -0.0699509 0.113693
         vertex -0.0411055 -0.069406 0.115919
      endloop
   endfacet
   facet normal -0.895421 -0.426459 0.127887
      outer loop
         vertex -0.0412386 -0.0691812 0.115852
         vertex -0.0411055 -0.069406 0.115919
         vertex -0.0411055 -0.0686361 0.118078
      endloop
   endfacet
   facet normal -0.895421 -0.41112 0.170887
      outer loop
         vertex -0.0412386 -0.0684193 0.117988
         vertex -0.0411055 -0.0686361 0.118078
         vertex -0.0411055 -0.0676493 0.120146
      endloop
   endfacet
   facet normal -0.938191 -0.298749 -0.174774
      outer loop
         vertex -0.0413455 -0.0668729 0.098459
         vertex -0.0412386 -0.0670868 0.0983339
         vertex -0.0412386 -0.0681299 0.100347
      endloop
   endfacet
   facet normal -0.938191 -0.315076 -0.143262
      outer loop
         vertex -0.0413455 -0.0679043 0.10045
         vertex -0.0412386 -0.0681299 0.100347
         vertex -0.0412386 -0.0689614 0.102457
      endloop
   endfacet
   facet normal -0.938191 -0.328091 -0.110243
      outer loop
         vertex -0.0413455 -0.0687265 0.102536
         vertex -0.0412386 -0.0689614 0.102457
         vertex -0.0412386 -0.0695724 0.10464
      endloop
   endfacet
   facet normal -0.938191 -0.337655 -0.0760656
      outer loop
         vertex -0.0413455 -0.0693307 0.104695
         vertex -0.0412386 -0.0695724 0.10464
         vertex -0.0412386 -0.0699567 0.106875
      endloop
   endfacet
   facet normal -0.938191 -0.34367 -0.041088
      outer loop
         vertex -0.0413455 -0.0697107 0.106904
         vertex -0.0412386 -0.0699567 0.106875
         vertex -0.0412386 -0.0701101 0.109137
      endloop
   endfacet
   facet normal -0.938191 -0.34607 -0.00567843
      outer loop
         vertex -0.0413455 -0.0698623 0.109141
         vertex -0.0412386 -0.0701101 0.109137
         vertex -0.0412386 -0.070031 0.111403
      endloop
   endfacet
   facet normal -0.938191 -0.344833 0.0297909
      outer loop
         vertex -0.0413455 -0.0697841 0.111382
         vertex -0.0412386 -0.070031 0.111403
         vertex -0.0412386 -0.0697203 0.113649
      endloop
   endfacet
   facet normal -0.938191 -0.339969 0.0649469
      outer loop
         vertex -0.0413455 -0.0694769 0.113603
         vertex -0.0412386 -0.0697203 0.113649
         vertex -0.0412386 -0.0691812 0.115852
      endloop
   endfacet
   facet normal -0.938191 -0.331531 0.0994201
      outer loop
         vertex -0.0413455 -0.0689438 0.115781
         vertex -0.0412386 -0.0691812 0.115852
         vertex -0.0412386 -0.0684193 0.117988
      endloop
   endfacet
   facet normal -0.938191 -0.319607 0.132848
      outer loop
         vertex -0.0413455 -0.0681906 0.117892
         vertex -0.0412386 -0.0684193 0.117988
         vertex -0.0412386 -0.0674428 0.120034
      endloop
   endfacet
   facet normal -0.970031 -0.209727 -0.122695
      outer loop
         vertex -0.0414251 -0.0666503 0.0985892
         vertex -0.0413455 -0.0668729 0.098459
         vertex -0.0413455 -0.0679043 0.10045
      endloop
   endfacet
   facet normal -0.970031 -0.221189 -0.100572
      outer loop
         vertex -0.0414251 -0.0676696 0.100556
         vertex -0.0413455 -0.0679043 0.10045
         vertex -0.0413455 -0.0687265 0.102536
      endloop
   endfacet
   facet normal -0.970031 -0.230325 -0.0773928
      outer loop
         vertex -0.0414251 -0.0684821 0.102618
         vertex -0.0413455 -0.0687265 0.102536
         vertex -0.0413455 -0.0693307 0.104695
      endloop
   endfacet
   facet normal -0.970031 -0.23704 -0.0533994
      outer loop
         vertex -0.0414251 -0.0690792 0.104751
         vertex -0.0413455 -0.0693307 0.104695
         vertex -0.0413455 -0.0697107 0.106904
      endloop
   endfacet
   facet normal -0.970031 -0.241262 -0.0288445
      outer loop
         vertex -0.0414251 -0.0694547 0.106935
         vertex -0.0413455 -0.0697107 0.106904
         vertex -0.0413455 -0.0698623 0.109141
      endloop
   endfacet
   facet normal -0.970031 -0.242947 -0.00398635
      outer loop
         vertex -0.0414251 -0.0696045 0.109146
         vertex -0.0413455 -0.0698623 0.109141
         vertex -0.0413455 -0.0697841 0.111382
      endloop
   endfacet
   facet normal -0.970031 -0.242078 0.0209137
      outer loop
         vertex -0.0414251 -0.0695273 0.11136
         vertex -0.0413455 -0.0697841 0.111382
         vertex -0.0413455 -0.0694769 0.113603
      endloop
   endfacet
   facet normal -0.970031 -0.238664 0.0455939
      outer loop
         vertex -0.0414251 -0.0692236 0.113555
         vertex -0.0413455 -0.0694769 0.113603
         vertex -0.0413455 -0.0689438 0.115781
      endloop
   endfacet
   facet normal -0.970031 -0.23274 0.0697947
      outer loop
         vertex -0.0414251 -0.0686969 0.115707
         vertex -0.0413455 -0.0689438 0.115781
         vertex -0.0413455 -0.0681906 0.117892
      endloop
   endfacet
   facet normal -0.970031 -0.224369 0.0932616
      outer loop
         vertex -0.0414251 -0.0679525 0.117793
         vertex -0.0413455 -0.0681906 0.117892
         vertex -0.0413455 -0.067225 0.119916
      endloop
   endfacet
   facet normal -0.990569 -0.110555 -0.0809323
      outer loop
         vertex -0.0414764 -0.0652212 0.0968931
         vertex -0.0414251 -0.065435 0.0967366
         vertex -0.0414251 -0.0666503 0.0985892
      endloop
   endfacet
   facet normal -0.990569 -0.118261 -0.0691854
      outer loop
         vertex -0.0414764 -0.0664217 0.0987229
         vertex -0.0414251 -0.0666503 0.0985892
         vertex -0.0414251 -0.0676696 0.100556
      endloop
   endfacet
   facet normal -0.990569 -0.124725 -0.0567111
      outer loop
         vertex -0.0414764 -0.0674285 0.100666
         vertex -0.0414251 -0.0676696 0.100556
         vertex -0.0414251 -0.0684821 0.102618
      endloop
   endfacet
   facet normal -0.990569 -0.129876 -0.0436405
      outer loop
         vertex -0.0414764 -0.068231 0.102702
         vertex -0.0414251 -0.0684821 0.102618
         vertex -0.0414251 -0.0690792 0.104751
      endloop
   endfacet
   facet normal -0.990569 -0.133663 -0.030111
      outer loop
         vertex -0.0414764 -0.0688208 0.10481
         vertex -0.0414251 -0.0690792 0.104751
         vertex -0.0414251 -0.0694547 0.106935
      endloop
   endfacet
   facet normal -0.990569 -0.136044 -0.0162649
      outer loop
         vertex -0.0414764 -0.0691916 0.106966
         vertex -0.0414251 -0.0694547 0.106935
         vertex -0.0414251 -0.0696045 0.109146
      endloop
   endfacet
   facet normal -0.990569 -0.136994 -0.00224784
      outer loop
         vertex -0.0414764 -0.0693397 0.10915
         vertex -0.0414251 -0.0696045 0.109146
         vertex -0.0414251 -0.0695273 0.11136
      endloop
   endfacet
   facet normal -0.990569 -0.136504 0.0117929
      outer loop
         vertex -0.0414764 -0.0692633 0.111337
         vertex -0.0414251 -0.0695273 0.11136
         vertex -0.0414251 -0.0692236 0.113555
      endloop
   endfacet
   facet normal -0.990569 -0.134579 0.0257096
      outer loop
         vertex -0.0414764 -0.0689634 0.113505
         vertex -0.0414251 -0.0692236 0.113555
         vertex -0.0414251 -0.0686969 0.115707
      endloop
   endfacet
   facet normal -0.990569 -0.131238 0.039356
      outer loop
         vertex -0.0414764 -0.0684431 0.115631
         vertex -0.0414251 -0.0686969 0.115707
         vertex -0.0414251 -0.0679525 0.117793
      endloop
   endfacet
   facet normal -0.990569 -0.126518 0.0525886
      outer loop
         vertex -0.0414764 -0.0677078 0.117692
         vertex -0.0414251 -0.0679525 0.117793
         vertex -0.0414251 -0.0669983 0.119793
      endloop
   endfacet
   facet normal -0.999566 -0.0237616 -0.0173948
      outer loop
         vertex -0.0414989 -0.0650042 0.097052
         vertex -0.0414764 -0.0652212 0.0968931
         vertex -0.0414764 -0.0664217 0.0987229
      endloop
   endfacet
   facet normal -0.999566 -0.025418 -0.0148701
      outer loop
         vertex -0.0414989 -0.0661896 0.0988587
         vertex -0.0414764 -0.0664217 0.0987229
         vertex -0.0414764 -0.0674285 0.100666
      endloop
   endfacet
   facet normal -0.999566 -0.0268072 -0.012189
      outer loop
         vertex -0.0414989 -0.0671837 0.100777
         vertex -0.0414764 -0.0674285 0.100666
         vertex -0.0414764 -0.068231 0.102702
      endloop
   endfacet
   facet normal -0.999566 -0.0279145 -0.00937968
      outer loop
         vertex -0.0414989 -0.0679761 0.102788
         vertex -0.0414764 -0.068231 0.102702
         vertex -0.0414764 -0.0688208 0.10481
      endloop
   endfacet
   facet normal -0.999566 -0.0287282 -0.00647178
      outer loop
         vertex -0.0414989 -0.0685584 0.104869
         vertex -0.0414764 -0.0688208 0.10481
         vertex -0.0414764 -0.0691916 0.106966
      endloop
   endfacet
   facet normal -0.999566 -0.0292399 -0.00349583
      outer loop
         vertex -0.0414989 -0.0689246 0.106998
         vertex -0.0414764 -0.0691916 0.106966
         vertex -0.0414764 -0.0693397 0.10915
      endloop
   endfacet
   facet normal -0.999566 -0.0294442 -0.000483129
      outer loop
         vertex -0.0414989 -0.0690708 0.109154
         vertex -0.0414764 -0.0693397 0.10915
         vertex -0.0414764 -0.0692633 0.111337
      endloop
   endfacet
   facet normal -0.999566 -0.0293389 0.00253465
      outer loop
         vertex -0.0414989 -0.0689954 0.111314
         vertex -0.0414764 -0.0692633 0.111337
         vertex -0.0414764 -0.0689634 0.113505
      endloop
   endfacet
   facet normal -0.999566 -0.0289251 0.00552579
      outer loop
         vertex -0.0414989 -0.0686993 0.113454
         vertex -0.0414764 -0.0689634 0.113505
         vertex -0.0414764 -0.0684431 0.115631
      endloop
   endfacet
   facet normal -0.999566 -0.0282071 0.00845882
      outer loop
         vertex -0.0414989 -0.0681855 0.115553
         vertex -0.0414764 -0.0684431 0.115631
         vertex -0.0414764 -0.0677078 0.117692
      endloop
   endfacet
   facet normal -0.999566 -0.0271926 0.0113029
      outer loop
         vertex -0.0414989 -0.0674595 0.117589
         vertex -0.0414764 -0.0677078 0.117692
         vertex -0.0414764 -0.0667653 0.119667
      endloop
   endfacet
   facet normal -1 -1.38778e-15 6.93889e-16
      outer loop
         vertex -0.0415 -0.0673915 0.11756
         vertex -0.0414989 -0.0674595 0.117589
         vertex -0.0414989 -0.0665289 0.119539
      endloop
   endfacet
   facet normal -1 -1.38778e-15 6.93889e-16
      outer loop
         vertex -0.0415 -0.068115 0.115532
         vertex -0.0414989 -0.0681855 0.115553
         vertex -0.0414989 -0.0674595 0.117589
      endloop
   endfacet
   facet normal -1 -1.38778e-15 6.93889e-16
      outer loop
         vertex -0.0415 -0.068627 0.113441
         vertex -0.0414989 -0.0686993 0.113454
         vertex -0.0414989 -0.0681855 0.115553
      endloop
   endfacet
   facet normal -1 -1.38778e-15 6.93889e-16
      outer loop
         vertex -0.0415 -0.0689221 0.111308
         vertex -0.0414989 -0.0689954 0.111314
         vertex -0.0414989 -0.0686993 0.113454
      endloop
   endfacet
   facet normal -1 -1.38778e-15 6.93889e-16
      outer loop
         vertex -0.0415 -0.0689972 0.109155
         vertex -0.0414989 -0.0690708 0.109154
         vertex -0.0414989 -0.0689954 0.111314
      endloop
   endfacet
   facet normal -1 -1.38778e-15 6.93889e-16
      outer loop
         vertex -0.0415 -0.0688515 0.107007
         vertex -0.0414989 -0.0689246 0.106998
         vertex -0.0414989 -0.0690708 0.109154
      endloop
   endfacet
   facet normal -1 -1.38778e-15 6.93889e-16
      outer loop
         vertex -0.0415 -0.0684866 0.104885
         vertex -0.0414989 -0.0685584 0.104869
         vertex -0.0414989 -0.0689246 0.106998
      endloop
   endfacet
   facet normal -1 -1.38778e-15 6.93889e-16
      outer loop
         vertex -0.0415 -0.0679063 0.102811
         vertex -0.0414989 -0.0679761 0.102788
         vertex -0.0414989 -0.0685584 0.104869
      endloop
   endfacet
   facet normal -1 -1.38778e-15 6.93889e-16
      outer loop
         vertex -0.0415 -0.0671167 0.100808
         vertex -0.0414989 -0.0671837 0.100777
         vertex -0.0414989 -0.0679761 0.102788
      endloop
   endfacet
   facet normal -1 -1.38778e-15 6.93889e-16
      outer loop
         vertex -0.0415 -0.066126 0.0988959
         vertex -0.0414989 -0.0661896 0.0988587
         vertex -0.0414989 -0.0671837 0.100777
      endloop
   endfacet
   facet normal -1 -1.38778e-15 6.93889e-16
      outer loop
         vertex -0.0415 -0.0649448 0.0970954
         vertex -0.0414989 -0.0650042 0.097052
         vertex -0.0414989 -0.0661896 0.0988587
      endloop
   endfacet
   facet normal -1 -1.38778e-15 6.93889e-16
      outer loop
         vertex -0.0415 -0.0649448 0.0970954
         vertex -0.0415 -0.0645708 0.0966
         vertex -0.0414951 -0.0646631 0.0966
      endloop
   endfacet
   facet normal -0.999566 -0.0237616 -0.0173948
      outer loop
         vertex -0.0414989 -0.0650042 0.097052
         vertex -0.0414951 -0.0646631 0.0966
         vertex -0.0414776 -0.0649917 0.0965999
      endloop
   endfacet
   facet normal -0.990569 -0.110555 -0.0809323
      outer loop
         vertex -0.0414764 -0.0652212 0.0968931
         vertex -0.0414776 -0.0649917 0.0965999
         vertex -0.0414236 -0.0653335 0.0965999
      endloop
   endfacet
   facet normal -0.970031 -0.19606 -0.143527
      outer loop
         vertex -0.0414251 -0.065435 0.0967366
         vertex -0.0414236 -0.0653335 0.0965999
         vertex -0.0414185 -0.0653661 0.0965999
      endloop
   endfacet
   facet normal -0.970031 -0.209727 -0.122695
      outer loop
         vertex -0.0414251 -0.0666503 0.0985892
         vertex -0.0413506 -0.0656225 0.0966
         vertex -0.0413426 -0.0656529 0.0966
      endloop
   endfacet
   facet normal -0.970031 -0.209727 -0.122695
      outer loop
         vertex -0.0414251 -0.0666503 0.0985892
         vertex -0.0414251 -0.065435 0.0967366
         vertex -0.0413506 -0.0656225 0.0966
      endloop
   endfacet
   facet normal -0.938191 -0.298749 -0.174774
      outer loop
         vertex -0.0413455 -0.0668729 0.098459
         vertex -0.0413225 -0.0657286 0.0966
         vertex -0.0412359 -0.0659586 0.0965999
      endloop
   endfacet
   facet normal -0.938191 -0.298749 -0.174774
      outer loop
         vertex -0.0413455 -0.0668729 0.098459
         vertex -0.0413426 -0.0656529 0.0966
         vertex -0.0413225 -0.0657286 0.0966
      endloop
   endfacet
   facet normal -0.895421 -0.38429 -0.224818
      outer loop
         vertex -0.0412386 -0.0670868 0.0983339
         vertex -0.0412055 -0.0660393 0.0965999
         vertex -0.0411026 -0.0662461 0.0965999
      endloop
   endfacet
   facet normal -0.895421 -0.38429 -0.224818
      outer loop
         vertex -0.0412386 -0.0670868 0.0983339
         vertex -0.0412359 -0.0659586 0.0965999
         vertex -0.0412055 -0.0660393 0.0965999
      endloop
   endfacet
   facet normal -0.842217 -0.465354 -0.272242
      outer loop
         vertex -0.0411055 -0.0672894 0.0982153
         vertex -0.0410557 -0.0663403 0.0965999
         vertex -0.0409453 -0.0665135 0.0966
      endloop
   endfacet
   facet normal -0.842217 -0.465354 -0.272242
      outer loop
         vertex -0.0411055 -0.0672894 0.0982153
         vertex -0.0411026 -0.0662461 0.0965999
         vertex -0.0410557 -0.0663403 0.0965999
      endloop
   endfacet
   facet normal -0.779201 -0.540996 -0.316494
      outer loop
         vertex -0.040948 -0.0674785 0.0981047
         vertex -0.0408859 -0.0666068 0.0966
         vertex -0.040766 -0.0667584 0.0966
      endloop
   endfacet
   facet normal -0.779201 -0.540996 -0.316494
      outer loop
         vertex -0.040948 -0.0674785 0.0981047
         vertex -0.0409453 -0.0665135 0.0966
         vertex -0.0408859 -0.0666068 0.0966
      endloop
   endfacet
   facet normal -0.707107 -0.610335 -0.357059
      outer loop
         vertex -0.0407678 -0.0676519 0.0980032
         vertex -0.0407157 -0.066822 0.0966
         vertex -0.0405653 -0.0669764 0.0966
      endloop
   endfacet
   facet normal -0.707107 -0.610335 -0.357059
      outer loop
         vertex -0.0407678 -0.0676519 0.0980032
         vertex -0.040766 -0.0667584 0.0966
         vertex -0.0407157 -0.066822 0.0966
      endloop
   endfacet
   facet normal -0.626774 -0.672563 -0.393463
      outer loop
         vertex -0.0405669 -0.0678074 0.0979122
         vertex -0.0405147 -0.0670283 0.0965999
         vertex -0.0403086 -0.0671987 0.0966
      endloop
   endfacet
   facet normal -0.626774 -0.672563 -0.393463
      outer loop
         vertex -0.0405669 -0.0678074 0.0979122
         vertex -0.0405653 -0.0669764 0.0966
         vertex -0.0405147 -0.0670283 0.0965999
      endloop
   endfacet
   facet normal -0.539138 -0.726955 -0.425284
      outer loop
         vertex -0.0403478 -0.0679434 0.0978327
         vertex -0.0403086 -0.0671987 0.0966
         vertex -0.0401127 -0.0673284 0.0966
      endloop
   endfacet
   facet normal -0.445221 -0.772877 -0.452149
      outer loop
         vertex -0.0401131 -0.0680582 0.0977655
         vertex -0.0400972 -0.0673386 0.0966
         vertex -0.039899 -0.0674424 0.0966
      endloop
   endfacet
   facet normal -0.445221 -0.772877 -0.452149
      outer loop
         vertex -0.0401131 -0.0680582 0.0977655
         vertex -0.0401127 -0.0673284 0.0966
         vertex -0.0400972 -0.0673386 0.0966
      endloop
   endfacet
   facet normal -0.346117 -0.809795 -0.473747
      outer loop
         vertex -0.0398653 -0.0681505 0.0977115
         vertex -0.0396779 -0.0675306 0.0966
         vertex -0.0396069 -0.0675505 0.0966
      endloop
   endfacet
   facet normal -0.346117 -0.809795 -0.473747
      outer loop
         vertex -0.0398653 -0.0681505 0.0977115
         vertex -0.039899 -0.0674424 0.0966
         vertex -0.0396779 -0.0675306 0.0966
      endloop
   endfacet
   facet normal -0.24298 -0.837277 -0.489824
      outer loop
         vertex -0.0396075 -0.0682192 0.0976713
         vertex -0.0394597 -0.0675918 0.0966
         vertex -0.0393422 -0.0676117 0.0966
      endloop
   endfacet
   facet normal -0.24298 -0.837277 -0.489824
      outer loop
         vertex -0.0396075 -0.0682192 0.0976713
         vertex -0.0396069 -0.0675505 0.0966
         vertex -0.0394597 -0.0675918 0.0966
      endloop
   endfacet
   facet normal -0.0294482 -0.86277 -0.504738
      outer loop
         vertex -0.0390736 -0.068283 0.0976341
         vertex -0.0393425 -0.0682635 0.0976454
         vertex -0.0392415 -0.0676288 0.0966
      endloop
   endfacet
   facet normal -0.137012 -0.855004 -0.500195
      outer loop
         vertex -0.0393425 -0.0682635 0.0976454
         vertex -0.0393422 -0.0676117 0.0966
         vertex -0.0392415 -0.0676288 0.0966
      endloop
   endfacet
   facet normal 0 -0.863144 -0.504957
      outer loop
         vertex -0.039 -0.0682839 0.0976335
         vertex -0.0390736 -0.068283 0.0976341
         vertex -0.0390365 -0.0676425 0.0966
      endloop
   endfacet
   facet normal -0.0294482 -0.86277 -0.504738
      outer loop
         vertex -0.0390736 -0.068283 0.0976341
         vertex -0.0390736 -0.06764 0.0966
         vertex -0.0390365 -0.0676425 0.0966
      endloop
   endfacet
   facet normal -0.0294482 -0.86277 -0.504738
      outer loop
         vertex -0.0390736 -0.068283 0.0976341
         vertex -0.039 -0.0682839 0.0976335
         vertex -0.039 -0.0688663 0.0987576
      endloop
   endfacet
   facet normal 0 -0.889094 -0.457725
      outer loop
         vertex -0.039 -0.0688663 0.0987576
         vertex -0.0390736 -0.0693915 0.0997735
         vertex -0.0390736 -0.068283 0.0976341
      endloop
   endfacet
   facet normal -0.0294482 -0.909922 -0.413733
      outer loop
         vertex -0.0390736 -0.0693915 0.0997735
         vertex -0.039 -0.0693924 0.0997731
         vertex -0.039 -0.0698831 0.101018
      endloop
   endfacet
   facet normal 0 -0.932408 -0.361408
      outer loop
         vertex -0.039 -0.0698831 0.101018
         vertex -0.0390736 -0.070275 0.102015
         vertex -0.0390736 -0.0693915 0.0997735
      endloop
   endfacet
   facet normal -0.0294482 -0.947507 -0.318377
      outer loop
         vertex -0.0390736 -0.070275 0.102015
         vertex -0.039 -0.0702761 0.102015
         vertex -0.039 -0.0706561 0.103373
      endloop
   endfacet
   facet normal 0 -0.965322 -0.261061
      outer loop
         vertex -0.039 -0.0706561 0.103373
         vertex -0.0390736 -0.0709244 0.104336
         vertex -0.0390736 -0.070275 0.102015
      endloop
   endfacet
   facet normal -0.0294482 -0.975129 -0.219673
      outer loop
         vertex -0.0390736 -0.0709244 0.104336
         vertex -0.039 -0.0709255 0.104335
         vertex -0.039 -0.0711767 0.105796
      endloop
   endfacet
   facet normal 0 -0.987471 -0.157802
      outer loop
         vertex -0.039 -0.0711767 0.105796
         vertex -0.0390736 -0.0713328 0.10671
         vertex -0.0390736 -0.0709244 0.104336
      endloop
   endfacet
   facet normal -0.0294482 -0.992498 -0.11866
      outer loop
         vertex -0.0390736 -0.0713328 0.10671
         vertex -0.039 -0.0713338 0.10671
         vertex -0.039 -0.071439 0.108261
      endloop
   endfacet
   facet normal 0 -0.998606 -0.052784
      outer loop
         vertex -0.039 -0.071439 0.108261
         vertex -0.0390736 -0.0714958 0.109114
         vertex -0.0390736 -0.0713328 0.10671
      endloop
   endfacet
   facet normal -0.0294482 -0.999432 -0.016399
      outer loop
         vertex -0.0390736 -0.0714958 0.109114
         vertex -0.039 -0.0714968 0.109114
         vertex -0.039 -0.0714401 0.11074
      endloop
   endfacet
   facet normal 0 -0.998604 0.0528226
      outer loop
         vertex -0.039 -0.0714401 0.11074
         vertex -0.0390736 -0.0714117 0.111523
         vertex -0.0390736 -0.0714958 0.109114
      endloop
   endfacet
   facet normal -0.0294482 -0.995857 0.0860344
      outer loop
         vertex -0.0390736 -0.0714117 0.111523
         vertex -0.039 -0.0714128 0.111523
         vertex -0.039 -0.07118 0.113205
      endloop
   endfacet
   facet normal 0 -0.987465 0.15784
      outer loop
         vertex -0.039 -0.07118 0.113205
         vertex -0.0390736 -0.0710815 0.113909
         vertex -0.0390736 -0.0714117 0.111523
      endloop
   endfacet
   facet normal -0.0294482 -0.981811 0.187563
      outer loop
         vertex -0.0390736 -0.0710815 0.113909
         vertex -0.039 -0.0710826 0.11391
         vertex -0.039 -0.0706616 0.115629
      endloop
   endfacet
   facet normal 0 -0.965313 0.261096
      outer loop
         vertex -0.039 -0.0706616 0.115629
         vertex -0.0390736 -0.0705086 0.11625
         vertex -0.0390736 -0.0710815 0.113909
      endloop
   endfacet
   facet normal -0.0294482 -0.957442 0.28712
      outer loop
         vertex -0.0390736 -0.0705086 0.11625
         vertex -0.039 -0.0705096 0.11625
         vertex -0.039 -0.0698906 0.117986
      endloop
   endfacet
   facet normal 0 -0.932396 0.361439
      outer loop
         vertex -0.039 -0.0698906 0.117986
         vertex -0.0390736 -0.069699 0.118519
         vertex -0.0390736 -0.0705086 0.11625
      endloop
   endfacet
   facet normal -0.0294482 -0.923006 0.383657
      outer loop
         vertex -0.0390736 -0.069699 0.118519
         vertex -0.039 -0.0697 0.11852
         vertex -0.039 -0.0688755 0.120248
      endloop
   endfacet
   facet normal 0 -0.88908 0.457751
      outer loop
         vertex -0.039 -0.0688755 0.120248
         vertex -0.0390736 -0.0686613 0.120694
         vertex -0.0390736 -0.069699 0.118519
      endloop
   endfacet
   facet normal -0.0294482 -0.878865 0.476161
      outer loop
         vertex -0.0390736 -0.0686613 0.120694
         vertex -0.039 -0.0686623 0.120695
         vertex -0.039 -0.0676428 0.1224
      endloop
   endfacet
   facet normal -0.0294482 -0.878865 0.476161
      outer loop
         vertex -0.0390736 -0.0686613 0.120694
         vertex -0.0390735 -0.0676388 0.1224
         vertex -0.0392268 -0.0676304 0.1224
      endloop
   endfacet
   facet normal -0.0907298 -0.832258 0.546914
      outer loop
         vertex -0.0392268 -0.0676304 0.1224
         vertex -0.0393425 -0.0686416 0.120683
         vertex -0.0390736 -0.0686613 0.120694
      endloop
   endfacet
   facet normal -0.24298 -0.852896 0.462092
      outer loop
         vertex -0.0396075 -0.0685964 0.120659
         vertex -0.0393425 -0.0686416 0.120683
         vertex -0.0393422 -0.0676118 0.1224
      endloop
   endfacet
   facet normal -0.137016 -0.827585 0.544362
      outer loop
         vertex -0.0393422 -0.0676118 0.1224
         vertex -0.0394417 -0.0675957 0.1224
         vertex -0.0396075 -0.0685964 0.120659
      endloop
   endfacet
   facet normal -0.346117 -0.824901 0.446924
      outer loop
         vertex -0.0398653 -0.0685264 0.120621
         vertex -0.0396075 -0.0685964 0.120659
         vertex -0.0396548 -0.0675382 0.1224
      endloop
   endfacet
   facet normal -0.445221 -0.787295 0.426549
      outer loop
         vertex -0.0401131 -0.0684324 0.12057
         vertex -0.0398653 -0.0685264 0.120621
         vertex -0.0398653 -0.0674576 0.1224
      endloop
   endfacet
   facet normal -0.346117 -0.781947 0.518423
      outer loop
         vertex -0.0398653 -0.0674576 0.1224
         vertex -0.0398653 -0.0674576 0.1224
         vertex -0.0401131 -0.0684324 0.12057
      endloop
   endfacet
   facet normal -0.539138 -0.740516 0.401205
      outer loop
         vertex -0.0403478 -0.0683155 0.120507
         vertex -0.0401131 -0.0684324 0.12057
         vertex -0.0400724 -0.0673529 0.1224
      endloop
   endfacet
   facet normal -0.428958 -0.751644 0.501025
      outer loop
         vertex -0.0400724 -0.0673529 0.1224
         vertex -0.0402748 -0.0672233 0.1224
         vertex -0.0403478 -0.0683155 0.120507
      endloop
   endfacet
   facet normal -0.626774 -0.68511 0.371186
      outer loop
         vertex -0.0405669 -0.0681769 0.120432
         vertex -0.0403478 -0.0683155 0.120507
         vertex -0.0403465 -0.0671665 0.1224
      endloop
   endfacet
   facet normal -0.539141 -0.6987 0.470261
      outer loop
         vertex -0.0403465 -0.0671665 0.1224
         vertex -0.0404696 -0.0670689 0.1224
         vertex -0.0405669 -0.0681769 0.120432
      endloop
   endfacet
   facet normal -0.707107 -0.621721 0.336843
      outer loop
         vertex -0.0407678 -0.0680185 0.120346
         vertex -0.0406341 -0.0669111 0.1224
         vertex -0.0406502 -0.0668925 0.1224
      endloop
   endfacet
   facet normal -0.707107 -0.621721 0.336843
      outer loop
         vertex -0.0407678 -0.0680185 0.120346
         vertex -0.0405669 -0.0681769 0.120432
         vertex -0.0405656 -0.0669768 0.1224
      endloop
   endfacet
   facet normal -0.626793 -0.644395 0.438048
      outer loop
         vertex -0.0405656 -0.0669768 0.1224
         vertex -0.0406341 -0.0669111 0.1224
         vertex -0.0407678 -0.0680185 0.120346
      endloop
   endfacet
   facet normal -0.707107 -0.583958 0.398739
      outer loop
         vertex -0.0407678 -0.0668026 0.122339
         vertex -0.0407661 -0.0667582 0.1224
         vertex -0.0408157 -0.0667007 0.1224
      endloop
   endfacet
   facet normal -0.726261 -0.565846 0.390337
      outer loop
         vertex -0.0408157 -0.0667007 0.1224
         vertex -0.040948 -0.0666367 0.122226
         vertex -0.0407678 -0.0668026 0.122339
      endloop
   endfacet
   facet normal -0.842217 -0.445243 0.304022
      outer loop
         vertex -0.0411055 -0.0664558 0.122102
         vertex -0.040948 -0.0666367 0.122226
         vertex -0.0409462 -0.0665141 0.1224
      endloop
   endfacet
   facet normal -0.779243 -0.514206 0.35829
      outer loop
         vertex -0.0409462 -0.0665141 0.1224
         vertex -0.0409849 -0.0664589 0.1224
         vertex -0.0411055 -0.0664558 0.122102
      endloop
   endfacet
   facet normal -0.895472 -0.361515 0.259688
      outer loop
         vertex -0.0412359 -0.0659584 0.1224
         vertex -0.0412702 -0.065879 0.1224
         vertex -0.0412713 -0.0658879 0.122384
      endloop
   endfacet
   facet normal -0.908525 -0.339045 0.244195
      outer loop
         vertex -0.0412713 -0.0658879 0.122384
         vertex -0.0412495 -0.0659587 0.122364
         vertex -0.0412359 -0.0659584 0.1224
      endloop
   endfacet
   facet normal -0.908078 -0.339627 0.245047
      outer loop
         vertex -0.0412702 -0.065879 0.1224
         vertex -0.0412944 -0.0658151 0.122396
         vertex -0.0412713 -0.0658879 0.122384
      endloop
   endfacet
   facet normal -0.908078 -0.339627 0.245047
      outer loop
         vertex -0.0412702 -0.065879 0.1224
         vertex -0.0413181 -0.0657423 0.1224
         vertex -0.0412944 -0.0658151 0.122396
      endloop
   endfacet
   facet normal -0.842217 -0.445243 0.304022
      outer loop
         vertex -0.0411055 -0.0664558 0.122102
         vertex -0.0411604 -0.0663341 0.122121
         vertex -0.0411539 -0.0663863 0.122064
      endloop
   endfacet
   facet normal -0.842263 -0.440169 0.311197
      outer loop
         vertex -0.0411035 -0.0662466 0.1224
         vertex -0.0411694 -0.0662787 0.122173
         vertex -0.0411604 -0.0663341 0.122121
      endloop
   endfacet
   facet normal -0.864156 -0.41451 0.285336
      outer loop
         vertex -0.0411604 -0.0663341 0.122121
         vertex -0.0411055 -0.0664558 0.122102
         vertex -0.0411035 -0.0662466 0.1224
      endloop
   endfacet
   facet normal -0.842263 -0.440169 0.311197
      outer loop
         vertex -0.0411035 -0.0662466 0.1224
         vertex -0.0411809 -0.0662205 0.122222
         vertex -0.0411694 -0.0662787 0.122173
      endloop
   endfacet
   facet normal -0.842263 -0.440169 0.311197
      outer loop
         vertex -0.0411035 -0.0662466 0.1224
         vertex -0.0411947 -0.0661593 0.122265
         vertex -0.0411927 -0.066168 0.122259
      endloop
   endfacet
   facet normal -0.8771 -0.39306 0.276042
      outer loop
         vertex -0.0411927 -0.066168 0.122259
         vertex -0.0411809 -0.0662205 0.122222
         vertex -0.0411035 -0.0662466 0.1224
      endloop
   endfacet
   facet normal -0.877876 -0.391774 0.275405
      outer loop
         vertex -0.0411947 -0.0661593 0.122265
         vertex -0.0411035 -0.0662466 0.1224
         vertex -0.0411379 -0.0661849 0.1224
      endloop
   endfacet
   facet normal -0.855157 -0.422791 0.299924
      outer loop
         vertex -0.0411379 -0.0661849 0.1224
         vertex -0.0412109 -0.0660949 0.122304
         vertex -0.0411947 -0.0661593 0.122265
      endloop
   endfacet
   facet normal -0.855157 -0.422791 0.299924
      outer loop
         vertex -0.0411379 -0.0661849 0.1224
         vertex -0.0412294 -0.0660277 0.122337
         vertex -0.0412109 -0.0660949 0.122304
      endloop
   endfacet
   facet normal -0.855157 -0.422791 0.299924
      outer loop
         vertex -0.0411379 -0.0661849 0.1224
         vertex -0.0412359 -0.0659584 0.1224
         vertex -0.0412385 -0.0659966 0.122349
      endloop
   endfacet
   facet normal -0.895425 -0.362334 0.258704
      outer loop
         vertex -0.0412385 -0.0659966 0.122349
         vertex -0.0412294 -0.0660277 0.122337
         vertex -0.0411379 -0.0661849 0.1224
      endloop
   endfacet
   facet normal -0.842217 -0.474035 0.256828
      outer loop
         vertex -0.0411055 -0.0676493 0.120146
         vertex -0.0412086 -0.0667151 0.121387
         vertex -0.0412385 -0.0667369 0.121244
      endloop
   endfacet
   facet normal -0.842217 -0.474035 0.256828
      outer loop
         vertex -0.0411055 -0.0676493 0.120146
         vertex -0.041183 -0.0666777 0.121533
         vertex -0.0412038 -0.066708 0.121415
      endloop
   endfacet
   facet normal -0.881556 -0.39818 0.253598
      outer loop
         vertex -0.0412038 -0.066708 0.121415
         vertex -0.0412086 -0.0667151 0.121387
         vertex -0.0411055 -0.0676493 0.120146
      endloop
   endfacet
   facet normal -0.842217 -0.445243 0.304022
      outer loop
         vertex -0.0411055 -0.0664558 0.122102
         vertex -0.0411517 -0.0665598 0.121813
         vertex -0.0411567 -0.0665948 0.121745
      endloop
   endfacet
   facet normal -0.862682 -0.422391 0.278147
      outer loop
         vertex -0.0411567 -0.0665948 0.121745
         vertex -0.0411055 -0.0676493 0.120146
         vertex -0.0411055 -0.0664558 0.122102
      endloop
   endfacet
   facet normal -0.842217 -0.445243 0.304022
      outer loop
         vertex -0.0411055 -0.0664558 0.122102
         vertex -0.0411488 -0.0665214 0.12188
         vertex -0.0411517 -0.0665598 0.121813
      endloop
   endfacet
   facet normal -0.842217 -0.445243 0.304022
      outer loop
         vertex -0.0411055 -0.0664558 0.122102
         vertex -0.0411482 -0.0664797 0.121944
         vertex -0.0411487 -0.0665124 0.121894
      endloop
   endfacet
   facet normal -0.859471 -0.424781 0.284378
      outer loop
         vertex -0.0411487 -0.0665124 0.121894
         vertex -0.0411488 -0.0665214 0.12188
         vertex -0.0411055 -0.0664558 0.122102
      endloop
   endfacet
   facet normal -0.842217 -0.445243 0.304022
      outer loop
         vertex -0.0411055 -0.0664558 0.122102
         vertex -0.0411498 -0.0664347 0.122005
         vertex -0.0411482 -0.0664797 0.121944
      endloop
   endfacet
   facet normal -0.842217 -0.445243 0.304022
      outer loop
         vertex -0.0411055 -0.0664558 0.122102
         vertex -0.0411534 -0.0663914 0.122058
         vertex -0.0411498 -0.0664347 0.122005
      endloop
   endfacet
   facet normal -0.862682 -0.422391 0.278147
      outer loop
         vertex -0.0411567 -0.0665948 0.121745
         vertex -0.0411637 -0.0666261 0.121675
         vertex -0.0411055 -0.0676493 0.120146
      endloop
   endfacet
   facet normal -0.865475 -0.419316 0.274094
      outer loop
         vertex -0.0411637 -0.0666261 0.121675
         vertex -0.041183 -0.0666777 0.121533
         vertex -0.0411055 -0.0676493 0.120146
      endloop
   endfacet
   facet normal -0.938191 -0.304322 0.164879
      outer loop
         vertex -0.0413455 -0.067225 0.119916
         vertex -0.0413113 -0.0667354 0.120942
         vertex -0.0413127 -0.0667346 0.120936
      endloop
   endfacet
   facet normal -0.938191 -0.304322 0.164879
      outer loop
         vertex -0.0413455 -0.067225 0.119916
         vertex -0.0412742 -0.0667446 0.12109
         vertex -0.0412925 -0.0667421 0.121016
      endloop
   endfacet
   facet normal -0.916988 -0.339883 0.208837
      outer loop
         vertex -0.0412925 -0.0667421 0.121016
         vertex -0.0413113 -0.0667354 0.120942
         vertex -0.0413455 -0.067225 0.119916
      endloop
   endfacet
   facet normal -0.92509 -0.324129 0.197862
      outer loop
         vertex -0.0413127 -0.0667346 0.120936
         vertex -0.0413304 -0.0667243 0.120868
         vertex -0.0413455 -0.067225 0.119916
      endloop
   endfacet
   facet normal -0.938191 -0.304322 0.164879
      outer loop
         vertex -0.0413455 -0.067225 0.119916
         vertex -0.0412396 -0.0667377 0.121239
         vertex -0.0412742 -0.0667446 0.12109
      endloop
   endfacet
   facet normal -0.895421 -0.391459 0.212089
      outer loop
         vertex -0.0412386 -0.0674428 0.120034
         vertex -0.0412385 -0.0667369 0.121244
         vertex -0.0412396 -0.0667377 0.121239
      endloop
   endfacet
   facet normal -0.895831 -0.376596 0.235927
      outer loop
         vertex -0.0412396 -0.0667377 0.121239
         vertex -0.0413455 -0.067225 0.119916
         vertex -0.0412386 -0.0674428 0.120034
      endloop
   endfacet
   facet normal -0.938191 -0.304322 0.164879
      outer loop
         vertex -0.0413455 -0.067225 0.119916
         vertex -0.0414219 -0.0666007 0.12052
         vertex -0.041425 -0.0665935 0.120507
      endloop
   endfacet
   facet normal -0.938191 -0.304322 0.164879
      outer loop
         vertex -0.0413455 -0.067225 0.119916
         vertex -0.0414046 -0.0666354 0.120587
         vertex -0.0414219 -0.0666007 0.12052
      endloop
   endfacet
   facet normal -0.938191 -0.304322 0.164879
      outer loop
         vertex -0.0413455 -0.067225 0.119916
         vertex -0.0413454 -0.0667122 0.120811
         vertex -0.0413495 -0.0667089 0.120796
      endloop
   endfacet
   facet normal -0.939796 -0.292552 0.176628
      outer loop
         vertex -0.0413495 -0.0667089 0.120796
         vertex -0.0413683 -0.0666891 0.120724
         vertex -0.0413455 -0.067225 0.119916
      endloop
   endfacet
   facet normal -0.947319 -0.274576 0.164907
      outer loop
         vertex -0.0413683 -0.0666891 0.120724
         vertex -0.0413867 -0.0666647 0.120655
         vertex -0.0413455 -0.067225 0.119916
      endloop
   endfacet
   facet normal -0.954691 -0.255453 0.15267
      outer loop
         vertex -0.0413867 -0.0666647 0.120655
         vertex -0.0414046 -0.0666354 0.120587
         vertex -0.0413455 -0.067225 0.119916
      endloop
   endfacet
   facet normal -0.970031 -0.213639 0.115748
      outer loop
         vertex -0.0414251 -0.0669983 0.119793
         vertex -0.0414591 -0.0664907 0.120328
         vertex -0.0414741 -0.0664415 0.120242
      endloop
   endfacet
   facet normal -0.970031 -0.213639 0.115748
      outer loop
         vertex -0.0414251 -0.0669983 0.119793
         vertex -0.041425 -0.0665935 0.120507
         vertex -0.0414353 -0.0665692 0.120465
      endloop
   endfacet
   facet normal -0.974135 -0.194577 0.114896
      outer loop
         vertex -0.0414353 -0.0665692 0.120465
         vertex -0.0414591 -0.0664907 0.120328
         vertex -0.0414251 -0.0669983 0.119793
      endloop
   endfacet
   facet normal -0.990569 -0.120468 0.0652682
      outer loop
         vertex -0.0414764 -0.0667653 0.119667
         vertex -0.0414886 -0.0663591 0.120099
         vertex -0.0414961 -0.0662864 0.119973
      endloop
   endfacet
   facet normal -0.990569 -0.120468 0.0652682
      outer loop
         vertex -0.0414764 -0.0667653 0.119667
         vertex -0.0414741 -0.0664415 0.120242
         vertex -0.0414831 -0.0664117 0.12019
      endloop
   endfacet
   facet normal -0.993241 -0.100378 0.0582815
      outer loop
         vertex -0.0414831 -0.0664117 0.12019
         vertex -0.0414886 -0.0663591 0.120099
         vertex -0.0414764 -0.0667653 0.119667
      endloop
   endfacet
   facet normal -0.999566 -0.0258922 0.0140282
      outer loop
         vertex -0.0414989 -0.0665289 0.119539
         vertex -0.0415 -0.0662493 0.119909
         vertex -0.0415 -0.0662439 0.1199
      endloop
   endfacet
   facet normal -0.999566 -0.0258922 0.0140282
      outer loop
         vertex -0.0414989 -0.0665289 0.119539
         vertex -0.0414961 -0.0662864 0.119973
         vertex -0.0415 -0.0662493 0.119909
      endloop
   endfacet
   facet normal -1 6.93889e-15 -3.46945e-15
      outer loop
         vertex -0.0415 -0.0662439 0.1199
         vertex -0.0415 -0.0664642 0.119504
         vertex -0.0414989 -0.0665289 0.119539
      endloop
   endfacet
   facet normal -0.99957 -0.0254595 0.0145817
      outer loop
         vertex -0.0414961 -0.0662864 0.119973
         vertex -0.0414989 -0.0665289 0.119539
         vertex -0.0414764 -0.0667653 0.119667
      endloop
   endfacet
   facet normal -0.990582 -0.118312 0.0689163
      outer loop
         vertex -0.0414741 -0.0664415 0.120242
         vertex -0.0414764 -0.0667653 0.119667
         vertex -0.0414251 -0.0669983 0.119793
      endloop
   endfacet
   facet normal -0.970032 -0.209086 0.12378
      outer loop
         vertex -0.041425 -0.0665935 0.120507
         vertex -0.0414251 -0.0669983 0.119793
         vertex -0.0413455 -0.067225 0.119916
      endloop
   endfacet
   facet normal -0.932176 -0.30944 0.187868
      outer loop
         vertex -0.0413304 -0.0667243 0.120868
         vertex -0.0413454 -0.0667122 0.120811
         vertex -0.0413455 -0.067225 0.119916
      endloop
   endfacet
   facet normal -0.895423 -0.377242 0.236443
      outer loop
         vertex -0.0412385 -0.0667369 0.121244
         vertex -0.0412386 -0.0674428 0.120034
         vertex -0.0411055 -0.0676493 0.120146
      endloop
   endfacet
   facet normal -0.861541 -0.419166 0.286439
      outer loop
         vertex -0.0411539 -0.0663863 0.122064
         vertex -0.0411534 -0.0663914 0.122058
         vertex -0.0411055 -0.0664558 0.122102
      endloop
   endfacet
   facet normal -0.899815 -0.354669 0.254052
      outer loop
         vertex -0.0412495 -0.0659587 0.122364
         vertex -0.0412385 -0.0659966 0.122349
         vertex -0.0412359 -0.0659584 0.1224
      endloop
   endfacet
   facet normal -0.793948 -0.498346 0.348279
      outer loop
         vertex -0.0409849 -0.0664589 0.1224
         vertex -0.0411035 -0.0662466 0.1224
         vertex -0.0411055 -0.0664558 0.122102
      endloop
   endfacet
   facet normal -0.726261 -0.565846 0.390337
      outer loop
         vertex -0.0408157 -0.0667007 0.1224
         vertex -0.0409462 -0.0665141 0.1224
         vertex -0.040948 -0.0666367 0.122226
      endloop
   endfacet
   facet normal -0.707144 -0.582596 0.400659
      outer loop
         vertex -0.0407661 -0.0667582 0.1224
         vertex -0.0407678 -0.0668026 0.122339
         vertex -0.0406502 -0.0668925 0.1224
      endloop
   endfacet
   facet normal -0.660343 -0.620178 0.423469
      outer loop
         vertex -0.0406502 -0.0668925 0.1224
         vertex -0.0407678 -0.0668026 0.122339
         vertex -0.0407678 -0.0680185 0.120346
      endloop
   endfacet
   facet normal -0.587835 -0.670057 0.453291
      outer loop
         vertex -0.0404696 -0.0670689 0.1224
         vertex -0.0405656 -0.0669768 0.1224
         vertex -0.0405669 -0.0681769 0.120432
      endloop
   endfacet
   facet normal -0.509916 -0.714297 0.479338
      outer loop
         vertex -0.0402748 -0.0672233 0.1224
         vertex -0.0403465 -0.0671665 0.1224
         vertex -0.0403478 -0.0683155 0.120507
      endloop
   endfacet
   facet normal -0.346131 -0.781942 0.51842
      outer loop
         vertex -0.0398653 -0.0674576 0.1224
         vertex -0.0400724 -0.0673529 0.1224
         vertex -0.0401131 -0.0684324 0.12057
      endloop
   endfacet
   facet normal -0.261915 -0.80538 0.531755
      outer loop
         vertex -0.0396548 -0.0675382 0.1224
         vertex -0.0398653 -0.0674576 0.1224
         vertex -0.0398653 -0.0685264 0.120621
      endloop
   endfacet
   facet normal -0.176686 -0.822115 0.54121
      outer loop
         vertex -0.0394417 -0.0675957 0.1224
         vertex -0.0396548 -0.0675382 0.1224
         vertex -0.0396075 -0.0685964 0.120659
      endloop
   endfacet
   facet normal -0.0907298 -0.832258 0.546914
      outer loop
         vertex -0.0392268 -0.0676304 0.1224
         vertex -0.0393422 -0.0676118 0.1224
         vertex -0.0393425 -0.0686416 0.120683
      endloop
   endfacet
   facet normal 0 -0.835855 0.548951
      outer loop
         vertex -0.039 -0.0676428 0.1224
         vertex -0.0390735 -0.0676388 0.1224
         vertex -0.0390736 -0.0686613 0.120694
      endloop
   endfacet
   facet normal 0 -0.88908 0.457751
      outer loop
         vertex -0.039 -0.0688755 0.120248
         vertex -0.039 -0.0686623 0.120695
         vertex -0.0390736 -0.0686613 0.120694
      endloop
   endfacet
   facet normal 0 -0.932396 0.361439
      outer loop
         vertex -0.039 -0.0698906 0.117986
         vertex -0.039 -0.0697 0.11852
         vertex -0.0390736 -0.069699 0.118519
      endloop
   endfacet
   facet normal 0 -0.965313 0.261096
      outer loop
         vertex -0.039 -0.0706616 0.115629
         vertex -0.039 -0.0705096 0.11625
         vertex -0.0390736 -0.0705086 0.11625
      endloop
   endfacet
   facet normal 0 -0.987465 0.15784
      outer loop
         vertex -0.039 -0.07118 0.113205
         vertex -0.039 -0.0710826 0.11391
         vertex -0.0390736 -0.0710815 0.113909
      endloop
   endfacet
   facet normal 0 -0.998604 0.0528226
      outer loop
         vertex -0.039 -0.0714401 0.11074
         vertex -0.039 -0.0714128 0.111523
         vertex -0.0390736 -0.0714117 0.111523
      endloop
   endfacet
   facet normal 0 -0.998606 -0.052784
      outer loop
         vertex -0.039 -0.071439 0.108261
         vertex -0.039 -0.0714968 0.109114
         vertex -0.0390736 -0.0714958 0.109114
      endloop
   endfacet
   facet normal 0 -0.987471 -0.157802
      outer loop
         vertex -0.039 -0.0711767 0.105796
         vertex -0.039 -0.0713338 0.10671
         vertex -0.0390736 -0.0713328 0.10671
      endloop
   endfacet
   facet normal 0 -0.965322 -0.261061
      outer loop
         vertex -0.039 -0.0706561 0.103373
         vertex -0.039 -0.0709255 0.104335
         vertex -0.0390736 -0.0709244 0.104336
      endloop
   endfacet
   facet normal 0 -0.932408 -0.361408
      outer loop
         vertex -0.039 -0.0698831 0.101018
         vertex -0.039 -0.0702761 0.102015
         vertex -0.0390736 -0.070275 0.102015
      endloop
   endfacet
   facet normal 0 -0.889094 -0.457725
      outer loop
         vertex -0.039 -0.0688663 0.0987576
         vertex -0.039 -0.0693924 0.0997731
         vertex -0.0390736 -0.0693915 0.0997735
      endloop
   endfacet
   facet normal -0.0145948 -0.835771 -0.548884
      outer loop
         vertex -0.0390365 -0.0676425 0.0966
         vertex -0.039 -0.0676428 0.0966
         vertex -0.039 -0.0682839 0.0976335
      endloop
   endfacet
   facet normal -0.0965858 -0.831777 -0.546642
      outer loop
         vertex -0.0392415 -0.0676288 0.0966
         vertex -0.0390736 -0.06764 0.0966
         vertex -0.0390736 -0.068283 0.0976341
      endloop
   endfacet
   facet normal -0.137009 -0.827586 -0.544362
      outer loop
         vertex -0.0393422 -0.0676117 0.0966
         vertex -0.0393425 -0.0682635 0.0976454
         vertex -0.0396075 -0.0682192 0.0976713
      endloop
   endfacet
   facet normal -0.242995 -0.809657 -0.534237
      outer loop
         vertex -0.0396069 -0.0675505 0.0966
         vertex -0.0396075 -0.0682192 0.0976713
         vertex -0.0398653 -0.0681505 0.0977115
      endloop
   endfacet
   facet normal -0.359619 -0.77752 -0.515884
      outer loop
         vertex -0.039899 -0.0674424 0.0966
         vertex -0.0398653 -0.0681505 0.0977115
         vertex -0.0401131 -0.0680582 0.0977655
      endloop
   endfacet
   facet normal -0.445213 -0.744782 -0.497076
      outer loop
         vertex -0.0401127 -0.0673284 0.0966
         vertex -0.0401131 -0.0680582 0.0977655
         vertex -0.0403478 -0.0679434 0.0978327
      endloop
   endfacet
   facet normal -0.523458 -0.70723 -0.475203
      outer loop
         vertex -0.0403086 -0.0671987 0.0966
         vertex -0.0403478 -0.0679434 0.0978327
         vertex -0.0405669 -0.0678074 0.0979122
      endloop
   endfacet
   facet normal -0.626773 -0.644404 -0.438062
      outer loop
         vertex -0.0405653 -0.0669764 0.0966
         vertex -0.0405669 -0.0678074 0.0979122
         vertex -0.0407678 -0.0676519 0.0980032
      endloop
   endfacet
   facet normal -0.707118 -0.582624 -0.400667
      outer loop
         vertex -0.040766 -0.0667584 0.0966
         vertex -0.0407678 -0.0676519 0.0980032
         vertex -0.040948 -0.0674785 0.0981047
      endloop
   endfacet
   facet normal -0.779228 -0.51422 -0.358303
      outer loop
         vertex -0.0409453 -0.0665135 0.0966
         vertex -0.040948 -0.0674785 0.0981047
         vertex -0.0411055 -0.0672894 0.0982153
      endloop
   endfacet
   facet normal -0.842248 -0.440187 -0.311213
      outer loop
         vertex -0.0411026 -0.0662461 0.0965999
         vertex -0.0411055 -0.0672894 0.0982153
         vertex -0.0412386 -0.0670868 0.0983339
      endloop
   endfacet
   facet normal -0.895447 -0.361557 -0.259715
      outer loop
         vertex -0.0412359 -0.0659586 0.0965999
         vertex -0.0412386 -0.0670868 0.0983339
         vertex -0.0413455 -0.0668729 0.098459
      endloop
   endfacet
   facet normal -0.938215 -0.279401 -0.204175
      outer loop
         vertex -0.0413426 -0.0656529 0.0966
         vertex -0.0413455 -0.0668729 0.098459
         vertex -0.0414251 -0.0666503 0.0985892
      endloop
   endfacet
   facet normal -0.967396 -0.203313 -0.151028
      outer loop
         vertex -0.0414185 -0.0653661 0.0965999
         vertex -0.0413506 -0.0656225 0.0966
         vertex -0.0414251 -0.065435 0.0967366
      endloop
   endfacet
   facet normal -0.970039 -0.194897 -0.145048
      outer loop
         vertex -0.0414236 -0.0653335 0.0965999
         vertex -0.0414251 -0.065435 0.0967366
         vertex -0.0414764 -0.0652212 0.0968931
      endloop
   endfacet
   facet normal -0.991044 -0.106355 -0.0807453
      outer loop
         vertex -0.0414776 -0.0649917 0.0965999
         vertex -0.0414764 -0.0652212 0.0968931
         vertex -0.0414989 -0.0650042 0.097052
      endloop
   endfacet
   facet normal -0.999573 -0.0231077 -0.0178892
      outer loop
         vertex -0.0414951 -0.0646631 0.0966
         vertex -0.0414989 -0.0650042 0.097052
         vertex -0.0415 -0.0649448 0.0970954
      endloop
   endfacet
   facet normal -0.999566 -0.025418 -0.0148701
      outer loop
         vertex -0.0414989 -0.0661896 0.0988587
         vertex -0.0415 -0.066126 0.0988959
         vertex -0.0415 -0.0649448 0.0970954
      endloop
   endfacet
   facet normal -0.999566 -0.0268072 -0.012189
      outer loop
         vertex -0.0414989 -0.0671837 0.100777
         vertex -0.0415 -0.0671167 0.100808
         vertex -0.0415 -0.066126 0.0988959
      endloop
   endfacet
   facet normal -0.999566 -0.0279145 -0.00937968
      outer loop
         vertex -0.0414989 -0.0679761 0.102788
         vertex -0.0415 -0.0679063 0.102811
         vertex -0.0415 -0.0671167 0.100808
      endloop
   endfacet
   facet normal -0.999566 -0.0287282 -0.00647178
      outer loop
         vertex -0.0414989 -0.0685584 0.104869
         vertex -0.0415 -0.0684866 0.104885
         vertex -0.0415 -0.0679063 0.102811
      endloop
   endfacet
   facet normal -0.999566 -0.0292399 -0.00349583
      outer loop
         vertex -0.0414989 -0.0689246 0.106998
         vertex -0.0415 -0.0688515 0.107007
         vertex -0.0415 -0.0684866 0.104885
      endloop
   endfacet
   facet normal -0.999566 -0.0294442 -0.000483129
      outer loop
         vertex -0.0414989 -0.0690708 0.109154
         vertex -0.0415 -0.0689972 0.109155
         vertex -0.0415 -0.0688515 0.107007
      endloop
   endfacet
   facet normal -0.999566 -0.0293389 0.00253465
      outer loop
         vertex -0.0414989 -0.0689954 0.111314
         vertex -0.0415 -0.0689221 0.111308
         vertex -0.0415 -0.0689972 0.109155
      endloop
   endfacet
   facet normal -0.999566 -0.0289251 0.00552579
      outer loop
         vertex -0.0414989 -0.0686993 0.113454
         vertex -0.0415 -0.068627 0.113441
         vertex -0.0415 -0.0689221 0.111308
      endloop
   endfacet
   facet normal -0.999566 -0.0282071 0.00845882
      outer loop
         vertex -0.0414989 -0.0681855 0.115553
         vertex -0.0415 -0.068115 0.115532
         vertex -0.0415 -0.068627 0.113441
      endloop
   endfacet
   facet normal -0.999566 -0.0271926 0.0113029
      outer loop
         vertex -0.0414989 -0.0674595 0.117589
         vertex -0.0415 -0.0673915 0.11756
         vertex -0.0415 -0.068115 0.115532
      endloop
   endfacet
   facet normal -0.999566 -0.0258922 0.0140282
      outer loop
         vertex -0.0414989 -0.0665289 0.119539
         vertex -0.0415 -0.0664642 0.119504
         vertex -0.0415 -0.0673915 0.11756
      endloop
   endfacet
   facet normal -0.990569 -0.120468 0.0652682
      outer loop
         vertex -0.0414764 -0.0667653 0.119667
         vertex -0.0414989 -0.0665289 0.119539
         vertex -0.0414989 -0.0674595 0.117589
      endloop
   endfacet
   facet normal -0.990569 -0.126518 0.0525886
      outer loop
         vertex -0.0414764 -0.0677078 0.117692
         vertex -0.0414989 -0.0674595 0.117589
         vertex -0.0414989 -0.0681855 0.115553
      endloop
   endfacet
   facet normal -0.990569 -0.131238 0.039356
      outer loop
         vertex -0.0414764 -0.0684431 0.115631
         vertex -0.0414989 -0.0681855 0.115553
         vertex -0.0414989 -0.0686993 0.113454
      endloop
   endfacet
   facet normal -0.990569 -0.134579 0.0257096
      outer loop
         vertex -0.0414764 -0.0689634 0.113505
         vertex -0.0414989 -0.0686993 0.113454
         vertex -0.0414989 -0.0689954 0.111314
      endloop
   endfacet
   facet normal -0.990569 -0.136504 0.0117929
      outer loop
         vertex -0.0414764 -0.0692633 0.111337
         vertex -0.0414989 -0.0689954 0.111314
         vertex -0.0414989 -0.0690708 0.109154
      endloop
   endfacet
   facet normal -0.990569 -0.136994 -0.00224784
      outer loop
         vertex -0.0414764 -0.0693397 0.10915
         vertex -0.0414989 -0.0690708 0.109154
         vertex -0.0414989 -0.0689246 0.106998
      endloop
   endfacet
   facet normal -0.990569 -0.136044 -0.0162649
      outer loop
         vertex -0.0414764 -0.0691916 0.106966
         vertex -0.0414989 -0.0689246 0.106998
         vertex -0.0414989 -0.0685584 0.104869
      endloop
   endfacet
   facet normal -0.990569 -0.133663 -0.030111
      outer loop
         vertex -0.0414764 -0.0688208 0.10481
         vertex -0.0414989 -0.0685584 0.104869
         vertex -0.0414989 -0.0679761 0.102788
      endloop
   endfacet
   facet normal -0.990569 -0.129876 -0.0436405
      outer loop
         vertex -0.0414764 -0.068231 0.102702
         vertex -0.0414989 -0.0679761 0.102788
         vertex -0.0414989 -0.0671837 0.100777
      endloop
   endfacet
   facet normal -0.990569 -0.124725 -0.0567111
      outer loop
         vertex -0.0414764 -0.0674285 0.100666
         vertex -0.0414989 -0.0671837 0.100777
         vertex -0.0414989 -0.0661896 0.0988587
      endloop
   endfacet
   facet normal -0.990569 -0.118261 -0.0691854
      outer loop
         vertex -0.0414764 -0.0664217 0.0987229
         vertex -0.0414989 -0.0661896 0.0988587
         vertex -0.0414989 -0.0650042 0.097052
      endloop
   endfacet
   facet normal -0.970031 -0.213639 0.115748
      outer loop
         vertex -0.0414251 -0.0669983 0.119793
         vertex -0.0414764 -0.0667653 0.119667
         vertex -0.0414764 -0.0677078 0.117692
      endloop
   endfacet
   facet normal -0.970031 -0.224369 0.0932616
      outer loop
         vertex -0.0414251 -0.0679525 0.117793
         vertex -0.0414764 -0.0677078 0.117692
         vertex -0.0414764 -0.0684431 0.115631
      endloop
   endfacet
   facet normal -0.970031 -0.23274 0.0697947
      outer loop
         vertex -0.0414251 -0.0686969 0.115707
         vertex -0.0414764 -0.0684431 0.115631
         vertex -0.0414764 -0.0689634 0.113505
      endloop
   endfacet
   facet normal -0.970031 -0.238664 0.0455939
      outer loop
         vertex -0.0414251 -0.0692236 0.113555
         vertex -0.0414764 -0.0689634 0.113505
         vertex -0.0414764 -0.0692633 0.111337
      endloop
   endfacet
   facet normal -0.970031 -0.242078 0.0209137
      outer loop
         vertex -0.0414251 -0.0695273 0.11136
         vertex -0.0414764 -0.0692633 0.111337
         vertex -0.0414764 -0.0693397 0.10915
      endloop
   endfacet
   facet normal -0.970031 -0.242947 -0.00398635
      outer loop
         vertex -0.0414251 -0.0696045 0.109146
         vertex -0.0414764 -0.0693397 0.10915
         vertex -0.0414764 -0.0691916 0.106966
      endloop
   endfacet
   facet normal -0.970031 -0.241262 -0.0288445
      outer loop
         vertex -0.0414251 -0.0694547 0.106935
         vertex -0.0414764 -0.0691916 0.106966
         vertex -0.0414764 -0.0688208 0.10481
      endloop
   endfacet
   facet normal -0.970031 -0.23704 -0.0533994
      outer loop
         vertex -0.0414251 -0.0690792 0.104751
         vertex -0.0414764 -0.0688208 0.10481
         vertex -0.0414764 -0.068231 0.102702
      endloop
   endfacet
   facet normal -0.970031 -0.230325 -0.0773928
      outer loop
         vertex -0.0414251 -0.0684821 0.102618
         vertex -0.0414764 -0.068231 0.102702
         vertex -0.0414764 -0.0674285 0.100666
      endloop
   endfacet
   facet normal -0.970031 -0.221189 -0.100572
      outer loop
         vertex -0.0414251 -0.0676696 0.100556
         vertex -0.0414764 -0.0674285 0.100666
         vertex -0.0414764 -0.0664217 0.0987229
      endloop
   endfacet
   facet normal -0.970031 -0.209727 -0.122695
      outer loop
         vertex -0.0414251 -0.0666503 0.0985892
         vertex -0.0414764 -0.0664217 0.0987229
         vertex -0.0414764 -0.0652212 0.0968931
      endloop
   endfacet
   facet normal -0.938191 -0.304322 0.164879
      outer loop
         vertex -0.0413455 -0.067225 0.119916
         vertex -0.0414251 -0.0669983 0.119793
         vertex -0.0414251 -0.0679525 0.117793
      endloop
   endfacet
   facet normal -0.938191 -0.319607 0.132848
      outer loop
         vertex -0.0413455 -0.0681906 0.117892
         vertex -0.0414251 -0.0679525 0.117793
         vertex -0.0414251 -0.0686969 0.115707
      endloop
   endfacet
   facet normal -0.938191 -0.331531 0.0994201
      outer loop
         vertex -0.0413455 -0.0689438 0.115781
         vertex -0.0414251 -0.0686969 0.115707
         vertex -0.0414251 -0.0692236 0.113555
      endloop
   endfacet
   facet normal -0.938191 -0.339969 0.0649469
      outer loop
         vertex -0.0413455 -0.0694769 0.113603
         vertex -0.0414251 -0.0692236 0.113555
         vertex -0.0414251 -0.0695273 0.11136
      endloop
   endfacet
   facet normal -0.938191 -0.344833 0.0297909
      outer loop
         vertex -0.0413455 -0.0697841 0.111382
         vertex -0.0414251 -0.0695273 0.11136
         vertex -0.0414251 -0.0696045 0.109146
      endloop
   endfacet
   facet normal -0.938191 -0.34607 -0.00567843
      outer loop
         vertex -0.0413455 -0.0698623 0.109141
         vertex -0.0414251 -0.0696045 0.109146
         vertex -0.0414251 -0.0694547 0.106935
      endloop
   endfacet
   facet normal -0.938191 -0.34367 -0.041088
      outer loop
         vertex -0.0413455 -0.0697107 0.106904
         vertex -0.0414251 -0.0694547 0.106935
         vertex -0.0414251 -0.0690792 0.104751
      endloop
   endfacet
   facet normal -0.938191 -0.337655 -0.0760656
      outer loop
         vertex -0.0413455 -0.0693307 0.104695
         vertex -0.0414251 -0.0690792 0.104751
         vertex -0.0414251 -0.0684821 0.102618
      endloop
   endfacet
   facet normal -0.938191 -0.328091 -0.110243
      outer loop
         vertex -0.0413455 -0.0687265 0.102536
         vertex -0.0414251 -0.0684821 0.102618
         vertex -0.0414251 -0.0676696 0.100556
      endloop
   endfacet
   facet normal -0.938191 -0.315076 -0.143262
      outer loop
         vertex -0.0413455 -0.0679043 0.10045
         vertex -0.0414251 -0.0676696 0.100556
         vertex -0.0414251 -0.0666503 0.0985892
      endloop
   endfacet
   facet normal -0.895421 -0.391459 0.212089
      outer loop
         vertex -0.0412386 -0.0674428 0.120034
         vertex -0.0413455 -0.067225 0.119916
         vertex -0.0413455 -0.0681906 0.117892
      endloop
   endfacet
   facet normal -0.895421 -0.41112 0.170887
      outer loop
         vertex -0.0412386 -0.0684193 0.117988
         vertex -0.0413455 -0.0681906 0.117892
         vertex -0.0413455 -0.0689438 0.115781
      endloop
   endfacet
   facet normal -0.895421 -0.426459 0.127887
      outer loop
         vertex -0.0412386 -0.0691812 0.115852
         vertex -0.0413455 -0.0689438 0.115781
         vertex -0.0413455 -0.0694769 0.113603
      endloop
   endfacet
   facet normal -0.895421 -0.437313 0.0835433
      outer loop
         vertex -0.0412386 -0.0697203 0.113649
         vertex -0.0413455 -0.0694769 0.113603
         vertex -0.0413455 -0.0697841 0.111382
      endloop
   endfacet
   facet normal -0.895421 -0.443569 0.0383209
      outer loop
         vertex -0.0412386 -0.070031 0.111403
         vertex -0.0413455 -0.0697841 0.111382
         vertex -0.0413455 -0.0698623 0.109141
      endloop
   endfacet
   facet normal -0.895421 -0.445161 -0.00730434
      outer loop
         vertex -0.0412386 -0.0701101 0.109137
         vertex -0.0413455 -0.0698623 0.109141
         vertex -0.0413455 -0.0697107 0.106904
      endloop
   endfacet
   facet normal -0.895421 -0.442073 -0.0528528
      outer loop
         vertex -0.0412386 -0.0699567 0.106875
         vertex -0.0413455 -0.0697107 0.106904
         vertex -0.0413455 -0.0693307 0.104695
      endloop
   endfacet
   facet normal -0.895421 -0.434337 -0.0978456
      outer loop
         vertex -0.0412386 -0.0695724 0.10464
         vertex -0.0413455 -0.0693307 0.104695
         vertex -0.0413455 -0.0687265 0.102536
      endloop
   endfacet
   facet normal -0.895421 -0.422033 -0.14181
      outer loop
         vertex -0.0412386 -0.0689614 0.102457
         vertex -0.0413455 -0.0687265 0.102536
         vertex -0.0413455 -0.0679043 0.10045
      endloop
   endfacet
   facet normal -0.895421 -0.405292 -0.184282
      outer loop
         vertex -0.0412386 -0.0681299 0.100347
         vertex -0.0413455 -0.0679043 0.10045
         vertex -0.0413455 -0.0668729 0.098459
      endloop
   endfacet
   facet normal -0.842217 -0.474035 0.256828
      outer loop
         vertex -0.0411055 -0.0676493 0.120146
         vertex -0.0412386 -0.0674428 0.120034
         vertex -0.0412386 -0.0684193 0.117988
      endloop
   endfacet
   facet normal -0.842217 -0.497844 0.206934
      outer loop
         vertex -0.0411055 -0.0686361 0.118078
         vertex -0.0412386 -0.0684193 0.117988
         vertex -0.0412386 -0.0691812 0.115852
      endloop
   endfacet
   facet normal -0.842217 -0.516418 0.154864
      outer loop
         vertex -0.0411055 -0.069406 0.115919
         vertex -0.0412386 -0.0691812 0.115852
         vertex -0.0412386 -0.0697203 0.113649
      endloop
   endfacet
   facet normal -0.842217 -0.529562 0.101166
      outer loop
         vertex -0.0411055 -0.0699509 0.113693
         vertex -0.0412386 -0.0697203 0.113649
         vertex -0.0412386 -0.070031 0.111403
      endloop
   endfacet
   facet normal -0.842217 -0.537138 0.0464045
      outer loop
         vertex -0.0411055 -0.0702649 0.111424
         vertex -0.0412386 -0.070031 0.111403
         vertex -0.0412386 -0.0701101 0.109137
      endloop
   endfacet
   facet normal -0.842217 -0.539066 -0.00884515
      outer loop
         vertex -0.0411055 -0.0703448 0.109133
         vertex -0.0412386 -0.0701101 0.109137
         vertex -0.0412386 -0.0699567 0.106875
      endloop
   endfacet
   facet normal -0.842217 -0.535326 -0.0640018
      outer loop
         vertex -0.0411055 -0.0701898 0.106847
         vertex -0.0412386 -0.0699567 0.106875
         vertex -0.0412386 -0.0695724 0.10464
      endloop
   endfacet
   facet normal -0.842217 -0.525958 -0.118486
      outer loop
         vertex -0.0411055 -0.0698015 0.104589
         vertex -0.0412386 -0.0695724 0.10464
         vertex -0.0412386 -0.0689614 0.102457
      endloop
   endfacet
   facet normal -0.842217 -0.511059 -0.171724
      outer loop
         vertex -0.0411055 -0.0691839 0.102382
         vertex -0.0412386 -0.0689614 0.102457
         vertex -0.0412386 -0.0681299 0.100347
      endloop
   endfacet
   facet normal -0.842217 -0.490787 -0.223156
      outer loop
         vertex -0.0411055 -0.0683436 0.10025
         vertex -0.0412386 -0.0681299 0.100347
         vertex -0.0412386 -0.0670868 0.0983339
      endloop
   endfacet
   facet normal -0.779201 -0.517616 0.353439
      outer loop
         vertex -0.040948 -0.0666367 0.122226
         vertex -0.0411055 -0.0664558 0.122102
         vertex -0.0411055 -0.0676493 0.120146
      endloop
   endfacet
   facet normal -0.779201 -0.551088 0.298575
      outer loop
         vertex -0.040948 -0.0678419 0.12025
         vertex -0.0411055 -0.0676493 0.120146
         vertex -0.0411055 -0.0686361 0.118078
      endloop
   endfacet
   facet normal -0.779201 -0.578767 0.240571
      outer loop
         vertex -0.040948 -0.0688385 0.118162
         vertex -0.0411055 -0.0686361 0.118078
         vertex -0.0411055 -0.069406 0.115919
      endloop
   endfacet
   facet normal -0.779201 -0.60036 0.180037
      outer loop
         vertex -0.040948 -0.0696159 0.115982
         vertex -0.0411055 -0.069406 0.115919
         vertex -0.0411055 -0.0699509 0.113693
      endloop
   endfacet
   facet normal -0.779201 -0.61564 0.117611
      outer loop
         vertex -0.040948 -0.0701661 0.113735
         vertex -0.0411055 -0.0699509 0.113693
         vertex -0.0411055 -0.0702649 0.111424
      endloop
   endfacet
   facet normal -0.779201 -0.624448 0.0539475
      outer loop
         vertex -0.040948 -0.0704832 0.111442
         vertex -0.0411055 -0.0702649 0.111424
         vertex -0.0411055 -0.0703448 0.109133
      endloop
   endfacet
   facet normal -0.779201 -0.626689 -0.0102829
      outer loop
         vertex -0.040948 -0.0705639 0.10913
         vertex -0.0411055 -0.0703448 0.109133
         vertex -0.0411055 -0.0701898 0.106847
      endloop
   endfacet
   facet normal -0.779201 -0.622342 -0.0744052
      outer loop
         vertex -0.040948 -0.0704074 0.106821
         vertex -0.0411055 -0.0701898 0.106847
         vertex -0.0411055 -0.0698015 0.104589
      endloop
   endfacet
   facet normal -0.779201 -0.61145 -0.137745
      outer loop
         vertex -0.040948 -0.0700152 0.104541
         vertex -0.0411055 -0.0698015 0.104589
         vertex -0.0411055 -0.0691839 0.102382
      endloop
   endfacet
   facet normal -0.779201 -0.59413 -0.199637
      outer loop
         vertex -0.040948 -0.0693916 0.102312
         vertex -0.0411055 -0.0691839 0.102382
         vertex -0.0411055 -0.0683436 0.10025
      endloop
   endfacet
   facet normal -0.779201 -0.570563 -0.259429
      outer loop
         vertex -0.040948 -0.0685431 0.100159
         vertex -0.0411055 -0.0683436 0.10025
         vertex -0.0411055 -0.0672894 0.0982153
      endloop
   endfacet
   facet normal -0.707107 -0.583958 0.398739
      outer loop
         vertex -0.0407678 -0.0668026 0.122339
         vertex -0.040948 -0.0666367 0.122226
         vertex -0.040948 -0.0678419 0.12025
      endloop
   endfacet
   facet normal -0.707107 -0.621721 0.336843
      outer loop
         vertex -0.0407678 -0.0680185 0.120346
         vertex -0.040948 -0.0678419 0.12025
         vertex -0.040948 -0.0688385 0.118162
      endloop
   endfacet
   facet normal -0.707107 -0.652947 0.271404
      outer loop
         vertex -0.0407678 -0.0690239 0.118239
         vertex -0.040948 -0.0688385 0.118162
         vertex -0.040948 -0.0696159 0.115982
      endloop
   endfacet
   facet normal -0.707107 -0.677307 0.203112
      outer loop
         vertex -0.0407678 -0.0698083 0.11604
         vertex -0.040948 -0.0696159 0.115982
         vertex -0.040948 -0.0701661 0.113735
      endloop
   endfacet
   facet normal -0.707107 -0.694546 0.132685
      outer loop
         vertex -0.0407678 -0.0703633 0.113772
         vertex -0.040948 -0.0701661 0.113735
         vertex -0.040948 -0.0704832 0.111442
      endloop
   endfacet
   facet normal -0.707107 -0.704483 0.0608619
      outer loop
         vertex -0.0407678 -0.0706833 0.11146
         vertex -0.040948 -0.0704832 0.111442
         vertex -0.040948 -0.0705639 0.10913
      endloop
   endfacet
   facet normal -0.707107 -0.707012 -0.0116009
      outer loop
         vertex -0.0407678 -0.0707647 0.109126
         vertex -0.040948 -0.0705639 0.10913
         vertex -0.040948 -0.0704074 0.106821
      endloop
   endfacet
   facet normal -0.707107 -0.702107 -0.0839416
      outer loop
         vertex -0.0407678 -0.0706068 0.106797
         vertex -0.040948 -0.0704074 0.106821
         vertex -0.040948 -0.0700152 0.104541
      endloop
   endfacet
   facet normal -0.707107 -0.689819 -0.1554
      outer loop
         vertex -0.0407678 -0.0702111 0.104496
         vertex -0.040948 -0.0700152 0.104541
         vertex -0.040948 -0.0693916 0.102312
      endloop
   endfacet
   facet normal -0.707107 -0.670279 -0.225224
      outer loop
         vertex -0.0407678 -0.069582 0.102248
         vertex -0.040948 -0.0693916 0.102312
         vertex -0.040948 -0.0685431 0.100159
      endloop
   endfacet
   facet normal -0.707107 -0.643691 -0.29268
      outer loop
         vertex -0.0407678 -0.0687259 0.100076
         vertex -0.040948 -0.0685431 0.100159
         vertex -0.040948 -0.0674785 0.0981047
      endloop
   endfacet
   facet normal -0.626774 -0.68511 0.371186
      outer loop
         vertex -0.0405669 -0.0681769 0.120432
         vertex -0.0407678 -0.0680185 0.120346
         vertex -0.0407678 -0.0690239 0.118239
      endloop
   endfacet
   facet normal -0.626774 -0.719519 0.299076
      outer loop
         vertex -0.0405669 -0.0691903 0.118308
         vertex -0.0407678 -0.0690239 0.118239
         vertex -0.0407678 -0.0698083 0.11604
      endloop
   endfacet
   facet normal -0.626774 -0.746364 0.223821
      outer loop
         vertex -0.0405669 -0.0699809 0.116092
         vertex -0.0407678 -0.0698083 0.11604
         vertex -0.0407678 -0.0703633 0.113772
      endloop
   endfacet
   facet normal -0.626774 -0.76536 0.146213
      outer loop
         vertex -0.0405669 -0.0705404 0.113806
         vertex -0.0407678 -0.0703633 0.113772
         vertex -0.0407678 -0.0706833 0.11146
      endloop
   endfacet
   facet normal -0.626774 -0.77631 0.0670672
      outer loop
         vertex -0.0405669 -0.0708628 0.111475
         vertex -0.0407678 -0.0706833 0.11146
         vertex -0.0407678 -0.0707647 0.109126
      endloop
   endfacet
   facet normal -0.626774 -0.779096 -0.0127836
      outer loop
         vertex -0.0405669 -0.0709449 0.109124
         vertex -0.0407678 -0.0707647 0.109126
         vertex -0.0407678 -0.0706068 0.106797
      endloop
   endfacet
   facet normal -0.626774 -0.773691 -0.0925
      outer loop
         vertex -0.0405669 -0.0707857 0.106776
         vertex -0.0407678 -0.0706068 0.106797
         vertex -0.0407678 -0.0702111 0.104496
      endloop
   endfacet
   facet normal -0.626774 -0.760151 -0.171244
      outer loop
         vertex -0.0405669 -0.070387 0.104457
         vertex -0.0407678 -0.0702111 0.104496
         vertex -0.0407678 -0.069582 0.102248
      endloop
   endfacet
   facet normal -0.626774 -0.738619 -0.248187
      outer loop
         vertex -0.0405669 -0.0697528 0.102191
         vertex -0.0407678 -0.069582 0.102248
         vertex -0.0407678 -0.0687259 0.100076
      endloop
   endfacet
   facet normal -0.626774 -0.70932 -0.322521
      outer loop
         vertex -0.0405669 -0.06889 0.100002
         vertex -0.0407678 -0.0687259 0.100076
         vertex -0.0407678 -0.0676519 0.0980032
      endloop
   endfacet
   facet normal -0.539138 -0.740516 0.401205
      outer loop
         vertex -0.0403478 -0.0683155 0.120507
         vertex -0.0405669 -0.0681769 0.120432
         vertex -0.0405669 -0.0691903 0.118308
      endloop
   endfacet
   facet normal -0.539138 -0.777709 0.323263
      outer loop
         vertex -0.0403478 -0.0693358 0.118368
         vertex -0.0405669 -0.0691903 0.118308
         vertex -0.0405669 -0.0699809 0.116092
      endloop
   endfacet
   facet normal -0.539138 -0.806724 0.241922
      outer loop
         vertex -0.0403478 -0.0701318 0.116137
         vertex -0.0405669 -0.0699809 0.116092
         vertex -0.0405669 -0.0705404 0.113806
      endloop
   endfacet
   facet normal -0.539138 -0.827257 0.158037
      outer loop
         vertex -0.0403478 -0.0706951 0.113836
         vertex -0.0405669 -0.0705404 0.113806
         vertex -0.0405669 -0.0708628 0.111475
      endloop
   endfacet
   facet normal -0.539138 -0.839092 0.0724911
      outer loop
         vertex -0.0403478 -0.0710198 0.111489
         vertex -0.0405669 -0.0708628 0.111475
         vertex -0.0405669 -0.0709449 0.109124
      endloop
   endfacet
   facet normal -0.539138 -0.842104 -0.0138175
      outer loop
         vertex -0.0403478 -0.0711024 0.109121
         vertex -0.0405669 -0.0709449 0.109124
         vertex -0.0405669 -0.0707857 0.106776
      endloop
   endfacet
   facet normal -0.539138 -0.836262 -0.0999807
      outer loop
         vertex -0.0403478 -0.0709422 0.106757
         vertex -0.0405669 -0.0707857 0.106776
         vertex -0.0405669 -0.070387 0.104457
      endloop
   endfacet
   facet normal -0.539138 -0.821627 -0.185093
      outer loop
         vertex -0.0403478 -0.0705407 0.104422
         vertex -0.0405669 -0.070387 0.104457
         vertex -0.0405669 -0.0697528 0.102191
      endloop
   endfacet
   facet normal -0.539138 -0.798353 -0.268259
      outer loop
         vertex -0.0403478 -0.0699022 0.102141
         vertex -0.0405669 -0.0697528 0.102191
         vertex -0.0405669 -0.06889 0.100002
      endloop
   endfacet
   facet normal -0.539138 -0.766685 -0.348604
      outer loop
         vertex -0.0403478 -0.0690334 0.0999363
         vertex -0.0405669 -0.06889 0.100002
         vertex -0.0405669 -0.0678074 0.0979122
      endloop
   endfacet
   facet normal -0.445221 -0.787295 0.426549
      outer loop
         vertex -0.0401131 -0.0684324 0.12057
         vertex -0.0403478 -0.0683155 0.120507
         vertex -0.0403478 -0.0693358 0.118368
      endloop
   endfacet
   facet normal -0.445221 -0.826837 0.343684
      outer loop
         vertex -0.0401131 -0.0694586 0.11842
         vertex -0.0403478 -0.0693358 0.118368
         vertex -0.0403478 -0.0701318 0.116137
      endloop
   endfacet
   facet normal -0.445221 -0.857685 0.257204
      outer loop
         vertex -0.0401131 -0.0702592 0.116175
         vertex -0.0403478 -0.0701318 0.116137
         vertex -0.0403478 -0.0706951 0.113836
      endloop
   endfacet
   facet normal -0.445221 -0.879515 0.168021
      outer loop
         vertex -0.0401131 -0.0708258 0.113861
         vertex -0.0403478 -0.0706951 0.113836
         vertex -0.0403478 -0.0710198 0.111489
      endloop
   endfacet
   facet normal -0.445221 -0.892098 0.0770704
      outer loop
         vertex -0.0401131 -0.0711523 0.1115
         vertex -0.0403478 -0.0710198 0.111489
         vertex -0.0403478 -0.0711024 0.109121
      endloop
   endfacet
   facet normal -0.445221 -0.8953 -0.0146903
      outer loop
         vertex -0.0401131 -0.0712354 0.109119
         vertex -0.0403478 -0.0711024 0.109121
         vertex -0.0403478 -0.0709422 0.106757
      endloop
   endfacet
   facet normal -0.445221 -0.889089 -0.106297
      outer loop
         vertex -0.0401131 -0.0710742 0.106741
         vertex -0.0403478 -0.0709422 0.106757
         vertex -0.0403478 -0.0705407 0.104422
      endloop
   endfacet
   facet normal -0.445221 -0.873529 -0.196785
      outer loop
         vertex -0.0401131 -0.0706704 0.104393
         vertex -0.0403478 -0.0705407 0.104422
         vertex -0.0403478 -0.0699022 0.102141
      endloop
   endfacet
   facet normal -0.445221 -0.848785 -0.285205
      outer loop
         vertex -0.0401131 -0.0700282 0.102098
         vertex -0.0403478 -0.0699022 0.102141
         vertex -0.0403478 -0.0690334 0.0999363
      endloop
   endfacet
   facet normal -0.445221 -0.815116 -0.370625
      outer loop
         vertex -0.0401131 -0.0691544 0.0998813
         vertex -0.0403478 -0.0690334 0.0999363
         vertex -0.0403478 -0.0679434 0.0978327
      endloop
   endfacet
   facet normal -0.346117 -0.824901 0.446924
      outer loop
         vertex -0.0398653 -0.0685264 0.120621
         vertex -0.0401131 -0.0684324 0.12057
         vertex -0.0401131 -0.0694586 0.11842
      endloop
   endfacet
   facet normal -0.346117 -0.866332 0.3601
      outer loop
         vertex -0.0398653 -0.0695574 0.118461
         vertex -0.0401131 -0.0694586 0.11842
         vertex -0.0401131 -0.0702592 0.116175
      endloop
   endfacet
   facet normal -0.346117 -0.898653 0.26949
      outer loop
         vertex -0.0398653 -0.0703616 0.116206
         vertex -0.0401131 -0.0702592 0.116175
         vertex -0.0401131 -0.0708258 0.113861
      endloop
   endfacet
   facet normal -0.346117 -0.921526 0.176046
      outer loop
         vertex -0.0398653 -0.0709308 0.113881
         vertex -0.0401131 -0.0708258 0.113861
         vertex -0.0401131 -0.0711523 0.1115
      endloop
   endfacet
   facet normal -0.346117 -0.93471 0.0807517
      outer loop
         vertex -0.0398653 -0.0712588 0.111509
         vertex -0.0401131 -0.0711523 0.1115
         vertex -0.0401131 -0.0712354 0.109119
      endloop
   endfacet
   facet normal -0.346117 -0.938065 -0.015392
      outer loop
         vertex -0.0398653 -0.0713423 0.109117
         vertex -0.0401131 -0.0712354 0.109119
         vertex -0.0401131 -0.0710742 0.106741
      endloop
   endfacet
   facet normal -0.346117 -0.931557 -0.111374
      outer loop
         vertex -0.0398653 -0.0711804 0.106729
         vertex -0.0401131 -0.0710742 0.106741
         vertex -0.0401131 -0.0706704 0.104393
      endloop
   endfacet
   facet normal -0.346117 -0.915254 -0.206185
      outer loop
         vertex -0.0398653 -0.0707747 0.104369
         vertex -0.0401131 -0.0706704 0.104393
         vertex -0.0401131 -0.0700282 0.102098
      endloop
   endfacet
   facet normal -0.346117 -0.889328 -0.298828
      outer loop
         vertex -0.0398653 -0.0701296 0.102064
         vertex -0.0401131 -0.0700282 0.102098
         vertex -0.0401131 -0.0691544 0.0998813
      endloop
   endfacet
   facet normal -0.346117 -0.854051 -0.388329
      outer loop
         vertex -0.0398653 -0.0692518 0.099837
         vertex -0.0401131 -0.0691544 0.0998813
         vertex -0.0401131 -0.0680582 0.0977655
      endloop
   endfacet
   facet normal -0.24298 -0.852896 0.462092
      outer loop
         vertex -0.0396075 -0.0685964 0.120659
         vertex -0.0398653 -0.0685264 0.120621
         vertex -0.0398653 -0.0695574 0.118461
      endloop
   endfacet
   facet normal -0.24298 -0.895733 0.372321
      outer loop
         vertex -0.0396075 -0.0696309 0.118491
         vertex -0.0398653 -0.0695574 0.118461
         vertex -0.0398653 -0.0703616 0.116206
      endloop
   endfacet
   facet normal -0.24298 -0.929152 0.278636
      outer loop
         vertex -0.0396075 -0.0704379 0.116229
         vertex -0.0398653 -0.0703616 0.116206
         vertex -0.0398653 -0.0709308 0.113881
      endloop
   endfacet
   facet normal -0.24298 -0.952801 0.182021
      outer loop
         vertex -0.0396075 -0.071009 0.113896
         vertex -0.0398653 -0.0709308 0.113881
         vertex -0.0398653 -0.0712588 0.111509
      endloop
   endfacet
   facet normal -0.24298 -0.966431 0.0834922
      outer loop
         vertex -0.0396075 -0.0713381 0.111516
         vertex -0.0398653 -0.0712588 0.111509
         vertex -0.0398653 -0.0713423 0.109117
      endloop
   endfacet
   facet normal -0.24298 -0.969901 -0.0159144
      outer loop
         vertex -0.0396075 -0.0714219 0.109116
         vertex -0.0398653 -0.0713423 0.109117
         vertex -0.0398653 -0.0711804 0.106729
      endloop
   endfacet
   facet normal -0.24298 -0.963172 -0.115154
      outer loop
         vertex -0.0396075 -0.0712594 0.106719
         vertex -0.0398653 -0.0711804 0.106729
         vertex -0.0398653 -0.0707747 0.104369
      endloop
   endfacet
   facet normal -0.24298 -0.946316 -0.213182
      outer loop
         vertex -0.0396075 -0.0708524 0.104352
         vertex -0.0398653 -0.0707747 0.104369
         vertex -0.0398653 -0.0701296 0.102064
      endloop
   endfacet
   facet normal -0.24298 -0.91951 -0.308969
      outer loop
         vertex -0.0396075 -0.0702051 0.102039
         vertex -0.0398653 -0.0701296 0.102064
         vertex -0.0398653 -0.0692518 0.099837
      endloop
   endfacet
   facet normal -0.24298 -0.883036 -0.401508
      outer loop
         vertex -0.0396075 -0.0693242 0.0998041
         vertex -0.0398653 -0.0692518 0.099837
         vertex -0.0398653 -0.0681505 0.0977115
      endloop
   endfacet
   facet normal -0.137012 -0.870954 0.471875
      outer loop
         vertex -0.0393425 -0.0686416 0.120683
         vertex -0.0396075 -0.0685964 0.120659
         vertex -0.0396075 -0.0696309 0.118491
      endloop
   endfacet
   facet normal -0.137012 -0.914698 0.380204
      outer loop
         vertex -0.0393425 -0.0696783 0.118511
         vertex -0.0396075 -0.0696309 0.118491
         vertex -0.0396075 -0.0704379 0.116229
      endloop
   endfacet
   facet normal -0.137012 -0.948824 0.284535
      outer loop
         vertex -0.0393425 -0.0704871 0.116243
         vertex -0.0396075 -0.0704379 0.116229
         vertex -0.0396075 -0.071009 0.113896
      endloop
   endfacet
   facet normal -0.137012 -0.972974 0.185875
      outer loop
         vertex -0.0393425 -0.0710594 0.113905
         vertex -0.0396075 -0.071009 0.113896
         vertex -0.0396075 -0.0713381 0.111516
      endloop
   endfacet
   facet normal -0.137012 -0.986893 0.08526
      outer loop
         vertex -0.0393425 -0.0713893 0.111521
         vertex -0.0396075 -0.0713381 0.111516
         vertex -0.0396075 -0.0714219 0.109116
      endloop
   endfacet
   facet normal -0.137012 -0.990436 -0.0162514
      outer loop
         vertex -0.0393425 -0.0714733 0.109115
         vertex -0.0396075 -0.0714219 0.109116
         vertex -0.0396075 -0.0712594 0.106719
      endloop
   endfacet
   facet normal -0.137012 -0.983565 -0.117592
      outer loop
         vertex -0.0393425 -0.0713104 0.106713
         vertex -0.0396075 -0.0712594 0.106719
         vertex -0.0396075 -0.0708524 0.104352
      endloop
   endfacet
   facet normal -0.137012 -0.966352 -0.217696
      outer loop
         vertex -0.0393425 -0.0709025 0.104341
         vertex -0.0396075 -0.0708524 0.104352
         vertex -0.0396075 -0.0702051 0.102039
      endloop
   endfacet
   facet normal -0.137012 -0.938978 -0.315511
      outer loop
         vertex -0.0393425 -0.0702537 0.102022
         vertex -0.0396075 -0.0702051 0.102039
         vertex -0.0396075 -0.0693242 0.0998041
      endloop
   endfacet
   facet normal -0.137012 -0.901732 -0.410009
      outer loop
         vertex -0.0393425 -0.069371 0.0997828
         vertex -0.0396075 -0.0693242 0.0998041
         vertex -0.0396075 -0.0682192 0.0976713
      endloop
   endfacet
   facet normal -0.0294482 -0.878865 0.476161
      outer loop
         vertex -0.0390736 -0.0686613 0.120694
         vertex -0.0393425 -0.0686416 0.120683
         vertex -0.0393425 -0.0696783 0.118511
      endloop
   endfacet
   facet normal -0.0294482 -0.923006 0.383657
      outer loop
         vertex -0.0390736 -0.069699 0.118519
         vertex -0.0393425 -0.0696783 0.118511
         vertex -0.0393425 -0.0704871 0.116243
      endloop
   endfacet
   facet normal -0.0294482 -0.957442 0.28712
      outer loop
         vertex -0.0390736 -0.0705086 0.11625
         vertex -0.0393425 -0.0704871 0.116243
         vertex -0.0393425 -0.0710594 0.113905
      endloop
   endfacet
   facet normal -0.0294482 -0.981811 0.187563
      outer loop
         vertex -0.0390736 -0.0710815 0.113909
         vertex -0.0393425 -0.0710594 0.113905
         vertex -0.0393425 -0.0713893 0.111521
      endloop
   endfacet
   facet normal -0.0294482 -0.995857 0.0860344
      outer loop
         vertex -0.0390736 -0.0714117 0.111523
         vertex -0.0393425 -0.0713893 0.111521
         vertex -0.0393425 -0.0714733 0.109115
      endloop
   endfacet
   facet normal -0.0294482 -0.999432 -0.016399
      outer loop
         vertex -0.0390736 -0.0714958 0.109114
         vertex -0.0393425 -0.0714733 0.109115
         vertex -0.0393425 -0.0713104 0.106713
      endloop
   endfacet
   facet normal -0.0294482 -0.992498 -0.11866
      outer loop
         vertex -0.0390736 -0.0713328 0.10671
         vertex -0.0393425 -0.0713104 0.106713
         vertex -0.0393425 -0.0709025 0.104341
      endloop
   endfacet
   facet normal -0.0294482 -0.975129 -0.219673
      outer loop
         vertex -0.0390736 -0.0709244 0.104336
         vertex -0.0393425 -0.0709025 0.104341
         vertex -0.0393425 -0.0702537 0.102022
      endloop
   endfacet
   facet normal -0.0294482 -0.947507 -0.318377
      outer loop
         vertex -0.0390736 -0.070275 0.102015
         vertex -0.0393425 -0.0702537 0.102022
         vertex -0.0393425 -0.069371 0.0997828
      endloop
   endfacet
   facet normal -0.0294482 -0.909922 -0.413733
      outer loop
         vertex -0.0390736 -0.0693915 0.0997735
         vertex -0.0393425 -0.069371 0.0997828
         vertex -0.0393425 -0.0682635 0.0976454
      endloop
   endfacet
   facet normal -0.999999 -0.000311025 0.00136611
      outer loop
         vertex -0.0414997 -0.0645832 0.119906
         vertex -0.0414995 -0.0645848 0.119904
         vertex -0.0414751 -0.0652174 0.120098
      endloop
   endfacet
   facet normal -0.996908 -0.000296659 0.0785819
      outer loop
         vertex -0.0414751 -0.0652174 0.120098
         vertex -0.0414592 -0.0655926 0.12039
         vertex -0.0414997 -0.0645832 0.119906
      endloop
   endfacet
   facet normal -0.999999 -0.000311025 0.00136611
      outer loop
         vertex -0.0414997 -0.0645832 0.119906
         vertex -0.0414592 -0.0655926 0.12039
         vertex -0.0414504 -0.0654631 0.12053
      endloop
   endfacet
   facet normal -0.999999 -0.00062205 0.00102458
      outer loop
         vertex -0.0415 -0.0645817 0.119908
         vertex -0.0414504 -0.0654631 0.12053
         vertex -0.0414488 -0.0653339 0.120671
      endloop
   endfacet
   facet normal -0.999999 -0.000933074 0.000683055
      outer loop
         vertex -0.0415 -0.0645802 0.119909
         vertex -0.0414488 -0.0653339 0.120671
         vertex -0.0414545 -0.0652053 0.120812
      endloop
   endfacet
   facet normal -0.999999 -0.0012441 0.000341527
      outer loop
         vertex -0.0415 -0.0645786 0.119911
         vertex -0.0414545 -0.0652053 0.120812
         vertex -0.0414753 -0.0649566 0.120702
      endloop
   endfacet
   facet normal -0.994236 -0.103423 0.0282497
      outer loop
         vertex -0.0414545 -0.0652053 0.120812
         vertex -0.0414675 -0.0650774 0.120953
         vertex -0.0414753 -0.0649566 0.120702
      endloop
   endfacet
   facet normal -0.993303 -0.0259502 0.112587
      outer loop
         vertex -0.0414592 -0.0655926 0.12039
         vertex -0.0414557 -0.0657215 0.120252
         vertex -0.0414463 -0.0659663 0.120326
      endloop
   endfacet
   facet normal -0.985437 -0.000515474 0.170042
      outer loop
         vertex -0.0414463 -0.0659663 0.120326
         vertex -0.041372 -0.066367 0.120761
         vertex -0.0414592 -0.0655926 0.12039
      endloop
   endfacet
   facet normal -0.993303 -0.0259502 0.112587
      outer loop
         vertex -0.0414592 -0.0655926 0.12039
         vertex -0.041372 -0.066367 0.120761
         vertex -0.0413447 -0.0661344 0.121007
      endloop
   endfacet
   facet normal -0.995066 -0.0518625 0.0845843
      outer loop
         vertex -0.0414504 -0.0654631 0.12053
         vertex -0.0413447 -0.0661344 0.121007
         vertex -0.0413401 -0.065904 0.121256
      endloop
   endfacet
   facet normal -0.995377 -0.0776992 0.0564582
      outer loop
         vertex -0.0414488 -0.0653339 0.120671
         vertex -0.0413401 -0.065904 0.121256
         vertex -0.0413582 -0.0656767 0.121508
      endloop
   endfacet
   facet normal -0.981476 -0.1848 0.0505384
      outer loop
         vertex -0.0413582 -0.0656767 0.121508
         vertex -0.0414154 -0.0653633 0.121566
         vertex -0.0414675 -0.0650774 0.120953
      endloop
   endfacet
   facet normal -0.981476 -0.1848 0.0505384
      outer loop
         vertex -0.0413582 -0.0656767 0.121508
         vertex -0.0413989 -0.0654537 0.12176
         vertex -0.0414154 -0.0653633 0.121566
      endloop
   endfacet
   facet normal -0.978715 -0.0467371 0.19983
      outer loop
         vertex -0.041372 -0.066367 0.120761
         vertex -0.0413454 -0.0667122 0.120811
         vertex -0.0413304 -0.0667243 0.120868
      endloop
   endfacet
   facet normal -0.978715 -0.0467371 0.19983
      outer loop
         vertex -0.041372 -0.066367 0.120761
         vertex -0.0414219 -0.0666007 0.12052
         vertex -0.0414046 -0.0666354 0.120587
      endloop
   endfacet
   facet normal -0.968492 -0.00845613 0.248901
      outer loop
         vertex -0.0414046 -0.0666354 0.120587
         vertex -0.0413867 -0.0666647 0.120655
         vertex -0.041372 -0.066367 0.120761
      endloop
   endfacet
   facet normal -0.968362 -0.017433 0.248939
      outer loop
         vertex -0.0413867 -0.0666647 0.120655
         vertex -0.0413683 -0.0666891 0.120724
         vertex -0.041372 -0.066367 0.120761
      endloop
   endfacet
   facet normal -0.968327 -0.0268953 0.248232
      outer loop
         vertex -0.0413683 -0.0666891 0.120724
         vertex -0.0413495 -0.0667089 0.120796
         vertex -0.041372 -0.066367 0.120761
      endloop
   endfacet
   facet normal -0.968362 -0.0368186 0.24682
      outer loop
         vertex -0.0413495 -0.0667089 0.120796
         vertex -0.0413454 -0.0667122 0.120811
         vertex -0.041372 -0.066367 0.120761
      endloop
   endfacet
   facet normal -0.984173 -0.0932588 0.150684
      outer loop
         vertex -0.0413447 -0.0661344 0.121007
         vertex -0.0412385 -0.0667369 0.121244
         vertex -0.0412086 -0.0667151 0.121387
      endloop
   endfacet
   facet normal -0.984173 -0.0932588 0.150684
      outer loop
         vertex -0.0413447 -0.0661344 0.121007
         vertex -0.0412742 -0.0667446 0.12109
         vertex -0.0412396 -0.0667377 0.121239
      endloop
   endfacet
   facet normal -0.984173 -0.0932588 0.150684
      outer loop
         vertex -0.0413447 -0.0661344 0.121007
         vertex -0.0412925 -0.0667421 0.121016
         vertex -0.0412742 -0.0667446 0.12109
      endloop
   endfacet
   facet normal -0.984173 -0.0932588 0.150684
      outer loop
         vertex -0.0413447 -0.0661344 0.121007
         vertex -0.041372 -0.066367 0.120761
         vertex -0.0413127 -0.0667346 0.120936
      endloop
   endfacet
   facet normal -0.968543 -0.0571934 0.242185
      outer loop
         vertex -0.0413127 -0.0667346 0.120936
         vertex -0.0413113 -0.0667354 0.120942
         vertex -0.0413447 -0.0661344 0.121007
      endloop
   endfacet
   facet normal -0.968549 -0.057983 0.241971
      outer loop
         vertex -0.0413113 -0.0667354 0.120942
         vertex -0.0412925 -0.0667421 0.121016
         vertex -0.0413447 -0.0661344 0.121007
      endloop
   endfacet
   facet normal -0.968872 -0.103398 0.224936
      outer loop
         vertex -0.0412396 -0.0667377 0.121239
         vertex -0.0412385 -0.0667369 0.121244
         vertex -0.0413447 -0.0661344 0.121007
      endloop
   endfacet
   facet normal -0.985095 -0.139351 0.100844
      outer loop
         vertex -0.0413401 -0.065904 0.121256
         vertex -0.0411517 -0.0665598 0.121813
         vertex -0.0411488 -0.0665214 0.12188
      endloop
   endfacet
   facet normal -0.985095 -0.139351 0.100844
      outer loop
         vertex -0.0413401 -0.065904 0.121256
         vertex -0.0411567 -0.0665948 0.121745
         vertex -0.0411517 -0.0665598 0.121813
      endloop
   endfacet
   facet normal -0.985095 -0.139351 0.100844
      outer loop
         vertex -0.0413401 -0.065904 0.121256
         vertex -0.0413447 -0.0661344 0.121007
         vertex -0.0412038 -0.066708 0.121415
      endloop
   endfacet
   facet normal -0.968724 -0.131658 0.210333
      outer loop
         vertex -0.0412038 -0.066708 0.121415
         vertex -0.041183 -0.0666777 0.121533
         vertex -0.0413401 -0.065904 0.121256
      endloop
   endfacet
   facet normal -0.968328 -0.150976 0.198865
      outer loop
         vertex -0.041183 -0.0666777 0.121533
         vertex -0.0411637 -0.0666261 0.121675
         vertex -0.0413401 -0.065904 0.121256
      endloop
   endfacet
   facet normal -0.967529 -0.174599 0.182765
      outer loop
         vertex -0.0411637 -0.0666261 0.121675
         vertex -0.0411567 -0.0665948 0.121745
         vertex -0.0413401 -0.065904 0.121256
      endloop
   endfacet
   facet normal -0.981476 -0.1848 0.0505384
      outer loop
         vertex -0.0413582 -0.0656767 0.121508
         vertex -0.0411694 -0.0662787 0.122173
         vertex -0.0411809 -0.0662205 0.122222
      endloop
   endfacet
   facet normal -0.981476 -0.1848 0.0505384
      outer loop
         vertex -0.0413582 -0.0656767 0.121508
         vertex -0.0411604 -0.0663341 0.122121
         vertex -0.0411694 -0.0662787 0.122173
      endloop
   endfacet
   facet normal -0.981476 -0.1848 0.0505384
      outer loop
         vertex -0.0413582 -0.0656767 0.121508
         vertex -0.0411539 -0.0663863 0.122064
         vertex -0.0411604 -0.0663341 0.122121
      endloop
   endfacet
   facet normal -0.981476 -0.1848 0.0505384
      outer loop
         vertex -0.0413582 -0.0656767 0.121508
         vertex -0.0411534 -0.0663914 0.122058
         vertex -0.0411539 -0.0663863 0.122064
      endloop
   endfacet
   facet normal -0.981476 -0.1848 0.0505384
      outer loop
         vertex -0.0413582 -0.0656767 0.121508
         vertex -0.0411482 -0.0664797 0.121944
         vertex -0.0411498 -0.0664347 0.122005
      endloop
   endfacet
   facet normal -0.981476 -0.1848 0.0505384
      outer loop
         vertex -0.0413582 -0.0656767 0.121508
         vertex -0.0413401 -0.065904 0.121256
         vertex -0.0411487 -0.0665124 0.121894
      endloop
   endfacet
   facet normal -0.965364 -0.21174 0.152441
      outer loop
         vertex -0.0411487 -0.0665124 0.121894
         vertex -0.0411482 -0.0664797 0.121944
         vertex -0.0413582 -0.0656767 0.121508
      endloop
   endfacet
   facet normal -0.963686 -0.231165 0.133686
      outer loop
         vertex -0.0411498 -0.0664347 0.122005
         vertex -0.0411534 -0.0663914 0.122058
         vertex -0.0413582 -0.0656767 0.121508
      endloop
   endfacet
   facet normal -0.981476 -0.1848 0.0505384
      outer loop
         vertex -0.0413582 -0.0656767 0.121508
         vertex -0.0412385 -0.0659966 0.122349
         vertex -0.0413287 -0.0657045 0.122316
      endloop
   endfacet
   facet normal -0.954022 -0.299737 -3.65808e-06
      outer loop
         vertex -0.0413287 -0.0657045 0.122316
         vertex -0.0412713 -0.0658879 0.122384
         vertex -0.0412944 -0.0658151 0.122396
      endloop
   endfacet
   facet normal -0.954022 -0.299737 -3.65808e-06
      outer loop
         vertex -0.0413287 -0.0657045 0.122316
         vertex -0.0412495 -0.0659587 0.122364
         vertex -0.0412713 -0.0658879 0.122384
      endloop
   endfacet
   facet normal -0.954022 -0.299737 -3.65808e-06
      outer loop
         vertex -0.0413287 -0.0657045 0.122316
         vertex -0.0412385 -0.0659966 0.122349
         vertex -0.0412495 -0.0659587 0.122364
      endloop
   endfacet
   facet normal -0.951444 -0.307599 0.0116777
      outer loop
         vertex -0.0412944 -0.0658151 0.122396
         vertex -0.0413181 -0.0657423 0.1224
         vertex -0.0413287 -0.0657045 0.122316
      endloop
   endfacet
   facet normal -0.981476 -0.1848 0.0505384
      outer loop
         vertex -0.0413582 -0.0656767 0.121508
         vertex -0.0412109 -0.0660949 0.122304
         vertex -0.0412294 -0.0660277 0.122337
      endloop
   endfacet
   facet normal -0.981476 -0.1848 0.0505384
      outer loop
         vertex -0.0413582 -0.0656767 0.121508
         vertex -0.0411947 -0.0661593 0.122265
         vertex -0.0412109 -0.0660949 0.122304
      endloop
   endfacet
   facet normal -0.981476 -0.1848 0.0505384
      outer loop
         vertex -0.0413582 -0.0656767 0.121508
         vertex -0.0411927 -0.066168 0.122259
         vertex -0.0411947 -0.0661593 0.122265
      endloop
   endfacet
   facet normal -0.954914 -0.292813 0.0489873
      outer loop
         vertex -0.0412294 -0.0660277 0.122337
         vertex -0.0412385 -0.0659966 0.122349
         vertex -0.0413582 -0.0656767 0.121508
      endloop
   endfacet
   facet normal -0.954022 -0.299737 -3.65808e-06
      outer loop
         vertex -0.0413287 -0.0657045 0.122316
         vertex -0.0413989 -0.0654537 0.12176
         vertex -0.0413582 -0.0656767 0.121508
      endloop
   endfacet
   facet normal -0.958915 -0.270091 0.0867885
      outer loop
         vertex -0.0411809 -0.0662205 0.122222
         vertex -0.0411927 -0.066168 0.122259
         vertex -0.0413582 -0.0656767 0.121508
      endloop
   endfacet
   facet normal -0.965535 -0.209342 0.154657
      outer loop
         vertex -0.0411488 -0.0665214 0.12188
         vertex -0.0411487 -0.0665124 0.121894
         vertex -0.0413401 -0.065904 0.121256
      endloop
   endfacet
   facet normal -0.968755 -0.127157 0.212941
      outer loop
         vertex -0.0412086 -0.0667151 0.121387
         vertex -0.0412038 -0.066708 0.121415
         vertex -0.0413447 -0.0661344 0.121007
      endloop
   endfacet
   facet normal -0.968443 -0.0471869 0.244729
      outer loop
         vertex -0.0413304 -0.0667243 0.120868
         vertex -0.0413127 -0.0667346 0.120936
         vertex -0.041372 -0.066367 0.120761
      endloop
   endfacet
   facet normal -0.991645 -0.128995 0
      outer loop
         vertex -0.0414675 -0.0650774 0.120953
         vertex -0.0414545 -0.0652053 0.120812
         vertex -0.0413582 -0.0656767 0.121508
      endloop
   endfacet
   facet normal -0.981476 -0.1848 0.0505384
      outer loop
         vertex -0.0413582 -0.0656767 0.121508
         vertex -0.0414545 -0.0652053 0.120812
         vertex -0.0414488 -0.0653339 0.120671
      endloop
   endfacet
   facet normal -0.985095 -0.139351 0.100844
      outer loop
         vertex -0.0413401 -0.065904 0.121256
         vertex -0.0414488 -0.0653339 0.120671
         vertex -0.0414504 -0.0654631 0.12053
      endloop
   endfacet
   facet normal -0.984173 -0.0932588 0.150684
      outer loop
         vertex -0.0413447 -0.0661344 0.121007
         vertex -0.0414504 -0.0654631 0.12053
         vertex -0.0414592 -0.0655926 0.12039
      endloop
   endfacet
   facet normal -0.985437 -0.000515474 0.170042
      outer loop
         vertex -0.0414463 -0.0659663 0.120326
         vertex -0.0414219 -0.0666007 0.12052
         vertex -0.041372 -0.066367 0.120761
      endloop
   endfacet
   facet normal -0.995177 -0.0980972 -0.000122293
      outer loop
         vertex -0.0414753 -0.0649566 0.120702
         vertex -0.0415 -0.064577 0.119913
         vertex -0.0415 -0.0645786 0.119911
      endloop
   endfacet
   facet normal -0.994236 -0.103423 0.0282497
      outer loop
         vertex -0.0414545 -0.0652053 0.120812
         vertex -0.0415 -0.0645786 0.119911
         vertex -0.0415 -0.0645802 0.119909
      endloop
   endfacet
   facet normal -0.995377 -0.0776992 0.0564582
      outer loop
         vertex -0.0414488 -0.0653339 0.120671
         vertex -0.0415 -0.0645802 0.119909
         vertex -0.0415 -0.0645817 0.119908
      endloop
   endfacet
   facet normal -0.995066 -0.0518625 0.0845843
      outer loop
         vertex -0.0414504 -0.0654631 0.12053
         vertex -0.0415 -0.0645817 0.119908
         vertex -0.0414997 -0.0645832 0.119906
      endloop
   endfacet
   facet normal -0.996908 -0.000296659 0.0785819
      outer loop
         vertex -0.0414751 -0.0652174 0.120098
         vertex -0.0414557 -0.0657215 0.120252
         vertex -0.0414592 -0.0655926 0.12039
      endloop
   endfacet
   facet normal -1 0 0
      outer loop
         vertex -0.0415 -0.0645708 0.1199
         vertex -0.0415 -0.0645786 0.119911
         vertex -0.0415 -0.064577 0.119913
      endloop
   endfacet
   facet normal -1 0 0
      outer loop
         vertex -0.0415 -0.0645708 0.1199
         vertex -0.0415 -0.0645802 0.119909
         vertex -0.0415 -0.0645786 0.119911
      endloop
   endfacet
   facet normal -1 0 0
      outer loop
         vertex -0.0415 -0.0645708 0.1199
         vertex -0.0415 -0.0645817 0.119908
         vertex -0.0415 -0.0645802 0.119909
      endloop
   endfacet
   facet normal -1 0 0
      outer loop
         vertex -0.0415 -0.0645708 0.1199
         vertex -0.0414997 -0.0645832 0.119906
         vertex -0.0415 -0.0645817 0.119908
      endloop
   endfacet
   facet normal -1 0 0
      outer loop
         vertex -0.0415 -0.0645708 0.1199
         vertex -0.0414995 -0.0645848 0.119904
         vertex -0.0414997 -0.0645832 0.119906
      endloop
   endfacet
   facet normal -0.985151 -1.04083e-15 0.171687
      outer loop
         vertex -0.0414463 -0.0659663 0.120326
         vertex -0.0414591 -0.0664907 0.120328
         vertex -0.0414353 -0.0665692 0.120465
      endloop
   endfacet
   facet normal -0.974135 -1.99493e-15 0.225968
      outer loop
         vertex -0.0414353 -0.0665692 0.120465
         vertex -0.041425 -0.0665935 0.120507
         vertex -0.0414463 -0.0659663 0.120326
      endloop
   endfacet
   facet normal -0.996811 5.20417e-16 0.0797962
      outer loop
         vertex -0.0414886 -0.0663591 0.120099
         vertex -0.0414831 -0.0664117 0.12019
         vertex -0.0414463 -0.0659663 0.120326
      endloop
   endfacet
   facet normal -0.985151 -1.04083e-15 0.171687
      outer loop
         vertex -0.0414463 -0.0659663 0.120326
         vertex -0.0414557 -0.0657215 0.120252
         vertex -0.0414886 -0.0663591 0.120099
      endloop
   endfacet
   facet normal -0.993241 -8.67362e-17 0.116071
      outer loop
         vertex -0.0414831 -0.0664117 0.12019
         vertex -0.0414741 -0.0664415 0.120242
         vertex -0.0414463 -0.0659663 0.120326
      endloop
   endfacet
   facet normal -0.989908 -5.20417e-16 0.141709
      outer loop
         vertex -0.0414557 -0.0657215 0.120252
         vertex -0.0414751 -0.0652174 0.120098
         vertex -0.0414886 -0.0663591 0.120099
      endloop
   endfacet
   facet normal -1 1.82146e-15 1.40243e-14
      outer loop
         vertex -0.0415 -0.0662439 0.1199
         vertex -0.0415 -0.0662493 0.119909
         vertex -0.0414751 -0.0652174 0.120098
      endloop
   endfacet
   facet normal -0.99683 4.98733e-16 0.0795548
      outer loop
         vertex -0.0414751 -0.0652174 0.120098
         vertex -0.0414995 -0.0645848 0.119904
         vertex -0.0415 -0.0662439 0.1199
      endloop
   endfacet
   facet normal -0.999993 1.73472e-15 0.0037108
      outer loop
         vertex -0.0415 -0.0662493 0.119909
         vertex -0.0414961 -0.0662864 0.119973
         vertex -0.0414751 -0.0652174 0.120098
      endloop
   endfacet
   facet normal -0.999999 1.79978e-15 0.00171573
      outer loop
         vertex -0.0414995 -0.0645848 0.119904
         vertex -0.0415 -0.0645708 0.1199
         vertex -0.0415 -0.0662439 0.1199
      endloop
   endfacet
   facet normal -0.999568 1.30104e-15 0.0293837
      outer loop
         vertex -0.0414961 -0.0662864 0.119973
         vertex -0.0414886 -0.0663591 0.120099
         vertex -0.0414751 -0.0652174 0.120098
      endloop
   endfacet
   facet normal -0.990577 -4.33681e-16 0.136956
      outer loop
         vertex -0.0414741 -0.0664415 0.120242
         vertex -0.0414591 -0.0664907 0.120328
         vertex -0.0414463 -0.0659663 0.120326
      endloop
   endfacet
   facet normal -0.970031 -2.34188e-15 0.242979
      outer loop
         vertex -0.041425 -0.0665935 0.120507
         vertex -0.0414219 -0.0666007 0.12052
         vertex -0.0414463 -0.0659663 0.120326
      endloop
   endfacet
   facet normal -0.978747 -0.205072 0
      outer loop
         vertex -0.041419 -0.0653638 0.1224
         vertex -0.0413989 -0.0654537 0.12176
         vertex -0.0413287 -0.0657045 0.122316
      endloop
   endfacet
   facet normal -0.978747 -0.205072 0
      outer loop
         vertex -0.041419 -0.0653638 0.1224
         vertex -0.0414154 -0.0653633 0.121566
         vertex -0.0413989 -0.0654537 0.12176
      endloop
   endfacet
   facet normal -0.99521 -0.0977558 0
      outer loop
         vertex -0.0414812 -0.0649568 0.1224
         vertex -0.0414675 -0.0650774 0.120953
         vertex -0.0414154 -0.0653633 0.121566
      endloop
   endfacet
   facet normal -0.99521 -0.0977558 0
      outer loop
         vertex -0.0414812 -0.0649568 0.1224
         vertex -0.0414753 -0.0649566 0.120702
         vertex -0.0414675 -0.0650774 0.120953
      endloop
   endfacet
   facet normal -1 0 0
      outer loop
         vertex -0.0415 -0.0645708 0.1224
         vertex -0.0415 -0.064577 0.119913
         vertex -0.0414753 -0.0649566 0.120702
      endloop
   endfacet
   facet normal -1 0 0
      outer loop
         vertex -0.0415 -0.0645708 0.1224
         vertex -0.0415 -0.0645708 0.1199
         vertex -0.0415 -0.064577 0.119913
      endloop
   endfacet
   facet normal -0.99521 -0.0977558 0
      outer loop
         vertex -0.0414753 -0.0649566 0.120702
         vertex -0.0414812 -0.0649568 0.1224
         vertex -0.0415 -0.0645708 0.1224
      endloop
   endfacet
   facet normal -0.978747 -0.205072 0
      outer loop
         vertex -0.0414154 -0.0653633 0.121566
         vertex -0.041419 -0.0653638 0.1224
         vertex -0.0414812 -0.0649568 0.1224
      endloop
   endfacet
   facet normal -0.954017 -0.299752 0
      outer loop
         vertex -0.0413287 -0.0657045 0.122316
         vertex -0.04133 -0.065705 0.1224
         vertex -0.041419 -0.0653638 0.1224
      endloop
   endfacet
   facet normal -0.954017 -0.299752 0
      outer loop
         vertex -0.04133 -0.065705 0.1224
         vertex -0.0413287 -0.0657045 0.122316
         vertex -0.0413181 -0.0657423 0.1224
      endloop
   endfacet
   facet normal -0.0744048 0.762422 0.642788
      outer loop
         vertex 0.0230296 -0.0677927 0.120915
         vertex 0.0240494 -0.0676428 0.120915
         vertex 0.0235339 -0.0676428 0.120811
      endloop
   endfacet
   facet normal -0.0744048 0.762422 0.642788
      outer loop
         vertex 0.0230296 -0.0677927 0.120915
         vertex 0.0230149 -0.0676428 0.120736
         vertex 0.0225092 -0.0676428 0.120692
      endloop
   endfacet
   facet normal -0.0374593 0.765128 0.642788
      outer loop
         vertex 0.0225092 -0.0676428 0.120692
         vertex 0.022 -0.0678428 0.120915
         vertex 0.0230296 -0.0677927 0.120915
      endloop
   endfacet
   facet normal -0.0374593 0.765128 0.642788
      outer loop
         vertex 0.0225092 -0.0676428 0.120692
         vertex 0.022 -0.0676428 0.120677
         vertex 0.022 -0.0678428 0.120915
      endloop
   endfacet
   facet normal -0.111772 0.757846 0.642788
      outer loop
         vertex 0.0235339 -0.0676428 0.120811
         vertex 0.0230149 -0.0676428 0.120736
         vertex 0.0230296 -0.0677927 0.120915
      endloop
   endfacet
   facet normal 2.50731e-16 0.766044 0.642788
      outer loop
         vertex 0.022 -0.0678428 0.120915
         vertex 0.022 -0.0676428 0.120677
         vertex -0.022 -0.0676428 0.120677
      endloop
   endfacet
   facet normal 2.50731e-16 0.766044 0.642788
      outer loop
         vertex -0.022 -0.0676428 0.120677
         vertex -0.022 -0.0678428 0.120915
         vertex 0.022 -0.0678428 0.120915
      endloop
   endfacet
   facet normal -0.0971286 0.995272 0
      outer loop
         vertex 0.0230296 -0.0677927 0.120915
         vertex 0.022 -0.0678428 0.120915
         vertex 0.022 -0.0678428 0.121485
      endloop
   endfacet
   facet normal -0.193339 0.981132 0
      outer loop
         vertex 0.0240494 -0.0676428 0.120915
         vertex 0.0230296 -0.0677927 0.120915
         vertex 0.0230296 -0.0677927 0.121485
      endloop
   endfacet
   facet normal -0.0971286 0.995272 0
      outer loop
         vertex 0.0230296 -0.0677927 0.121485
         vertex 0.0240494 -0.0676428 0.121485
         vertex 0.0240494 -0.0676428 0.120915
      endloop
   endfacet
   facet normal -3.27306e-16 1 0
      outer loop
         vertex 0.022 -0.0678428 0.121485
         vertex 0.0230296 -0.0677927 0.121485
         vertex 0.0230296 -0.0677927 0.120915
      endloop
   endfacet
   facet normal 0.0744048 0.762422 0.642788
      outer loop
         vertex -0.0230296 -0.0677927 0.120915
         vertex -0.022 -0.0678428 0.120915
         vertex -0.0225092 -0.0676428 0.120692
      endloop
   endfacet
   facet normal 2.50731e-16 0.766044 0.642788
      outer loop
         vertex -0.022 -0.0678428 0.120915
         vertex -0.022 -0.0676428 0.120677
         vertex -0.0225092 -0.0676428 0.120692
      endloop
   endfacet
   facet normal 0.0744048 0.762422 0.642788
      outer loop
         vertex -0.0230296 -0.0677927 0.120915
         vertex -0.0230149 -0.0676428 0.120736
         vertex -0.0235339 -0.0676428 0.120811
      endloop
   endfacet
   facet normal 0.111772 0.757846 0.642788
      outer loop
         vertex -0.0235339 -0.0676428 0.120811
         vertex -0.0240494 -0.0676428 0.120915
         vertex -0.0230296 -0.0677927 0.120915
      endloop
   endfacet
   facet normal 0.0374593 0.765128 0.642788
      outer loop
         vertex -0.0225092 -0.0676428 0.120692
         vertex -0.0230149 -0.0676428 0.120736
         vertex -0.0230296 -0.0677927 0.120915
      endloop
   endfacet
   facet normal 1.22465e-16 1 0
      outer loop
         vertex -0.022 -0.0678428 0.120915
         vertex -0.022 -0.0678428 0.121485
         vertex 0.022 -0.0678428 0.121485
      endloop
   endfacet
   facet normal 1.22465e-16 1 0
      outer loop
         vertex 0.022 -0.0678428 0.121485
         vertex 0.022 -0.0678428 0.120915
         vertex -0.022 -0.0678428 0.120915
      endloop
   endfacet
   facet normal -0.0744048 0.762422 -0.642788
      outer loop
         vertex 0.0230296 -0.0677927 0.121485
         vertex 0.022 -0.0678428 0.121485
         vertex 0.0225092 -0.0676428 0.121708
      endloop
   endfacet
   facet normal -2.50731e-16 0.766044 -0.642788
      outer loop
         vertex 0.022 -0.0678428 0.121485
         vertex 0.022 -0.0676428 0.121723
         vertex 0.0225092 -0.0676428 0.121708
      endloop
   endfacet
   facet normal -0.0744048 0.762422 -0.642788
      outer loop
         vertex 0.0230296 -0.0677927 0.121485
         vertex 0.0230149 -0.0676428 0.121664
         vertex 0.0235339 -0.0676428 0.121589
      endloop
   endfacet
   facet normal -0.111772 0.757846 -0.642788
      outer loop
         vertex 0.0235339 -0.0676428 0.121589
         vertex 0.0240494 -0.0676428 0.121485
         vertex 0.0230296 -0.0677927 0.121485
      endloop
   endfacet
   facet normal -0.0374593 0.765128 -0.642788
      outer loop
         vertex 0.0225092 -0.0676428 0.121708
         vertex 0.0230149 -0.0676428 0.121664
         vertex 0.0230296 -0.0677927 0.121485
      endloop
   endfacet
   facet normal 0 -1 0
      outer loop
         vertex 0.022 -0.0676428 0.120677
         vertex 0.0225092 -0.0676428 0.120692
         vertex 0.0225092 -0.0676428 0.121708
      endloop
   endfacet
   facet normal 0 -1 0
      outer loop
         vertex 0.0225092 -0.0676428 0.121708
         vertex 0.0225092 -0.0676428 0.120692
         vertex 0.0230149 -0.0676428 0.120736
      endloop
   endfacet
   facet normal 0 -1 0
      outer loop
         vertex 0.0230149 -0.0676428 0.120736
         vertex 0.0230149 -0.0676428 0.121664
         vertex 0.0225092 -0.0676428 0.121708
      endloop
   endfacet
   facet normal 0 -1 0
      outer loop
         vertex 0.0230149 -0.0676428 0.121664
         vertex 0.0230149 -0.0676428 0.120736
         vertex 0.0235339 -0.0676428 0.120811
      endloop
   endfacet
   facet normal 0 -1 0
      outer loop
         vertex -0.0225092 -0.0676428 0.121708
         vertex -0.0230149 -0.0676428 0.121664
         vertex -0.0230149 -0.0676428 0.120736
      endloop
   endfacet
   facet normal 0 -1 0
      outer loop
         vertex -0.022 -0.0676428 0.120677
         vertex -0.022 -0.0676428 0.121723
         vertex -0.0225092 -0.0676428 0.121708
      endloop
   endfacet
   facet normal 0 -1 0
      outer loop
         vertex 0.0235339 -0.0676428 0.120811
         vertex 0.0235339 -0.0676428 0.121589
         vertex 0.0230149 -0.0676428 0.121664
      endloop
   endfacet
   facet normal 0 -1 0
      outer loop
         vertex 0.0235339 -0.0676428 0.121589
         vertex 0.0235339 -0.0676428 0.120811
         vertex 0.0240494 -0.0676428 0.120915
      endloop
   endfacet
   facet normal 0 -1 0
      outer loop
         vertex -0.0225092 -0.0676428 0.121708
         vertex -0.0225092 -0.0676428 0.120692
         vertex -0.022 -0.0676428 0.120677
      endloop
   endfacet
   facet normal 0 -1 0
      outer loop
         vertex -0.0230149 -0.0676428 0.120736
         vertex -0.0230149 -0.0676428 0.121664
         vertex -0.0235339 -0.0676428 0.121589
      endloop
   endfacet
   facet normal 0 -1 0
      outer loop
         vertex 0.0240494 -0.0676428 0.120915
         vertex 0.0240494 -0.0676428 0.121485
         vertex 0.0235339 -0.0676428 0.121589
      endloop
   endfacet
   facet normal 0 -1 0
      outer loop
         vertex -0.022 -0.0676428 0.120677
         vertex 0.022 -0.0676428 0.120677
         vertex 0.022 -0.0676428 0.121723
      endloop
   endfacet
   facet normal 0 -1 0
      outer loop
         vertex -0.0235339 -0.0676428 0.121589
         vertex -0.0240494 -0.0676428 0.121485
         vertex -0.0240494 -0.0676428 0.120915
      endloop
   endfacet
   facet normal 0 -1 0
      outer loop
         vertex -0.0235339 -0.0676428 0.121589
         vertex -0.0235339 -0.0676428 0.120811
         vertex -0.0230149 -0.0676428 0.120736
      endloop
   endfacet
   facet normal 0 -1 0
      outer loop
         vertex 0.022 -0.0676428 0.121723
         vertex -0.022 -0.0676428 0.121723
         vertex -0.022 -0.0676428 0.120677
      endloop
   endfacet
   facet normal 0 -1 0
      outer loop
         vertex -0.0230149 -0.0676428 0.120736
         vertex -0.0225092 -0.0676428 0.120692
         vertex -0.0225092 -0.0676428 0.121708
      endloop
   endfacet
   facet normal 0 -1 0
      outer loop
         vertex -0.0240494 -0.0676428 0.120915
         vertex -0.0235339 -0.0676428 0.120811
         vertex -0.0235339 -0.0676428 0.121589
      endloop
   endfacet
   facet normal 0 -1 0
      outer loop
         vertex 0.0225092 -0.0676428 0.121708
         vertex 0.022 -0.0676428 0.121723
         vertex 0.022 -0.0676428 0.120677
      endloop
   endfacet
   facet normal 9.38134e-17 0.766044 -0.642788
      outer loop
         vertex -0.022 -0.0678428 0.121485
         vertex -0.022 -0.0676428 0.121723
         vertex 0.022 -0.0676428 0.121723
      endloop
   endfacet
   facet normal 9.38134e-17 0.766044 -0.642788
      outer loop
         vertex 0.022 -0.0676428 0.121723
         vertex 0.022 -0.0678428 0.121485
         vertex -0.022 -0.0678428 0.121485
      endloop
   endfacet
   facet normal 0.0971286 0.995272 0
      outer loop
         vertex -0.0230296 -0.0677927 0.120915
         vertex -0.0240494 -0.0676428 0.120915
         vertex -0.0240494 -0.0676428 0.121485
      endloop
   endfacet
   facet normal -3.27306e-16 1 0
      outer loop
         vertex -0.022 -0.0678428 0.120915
         vertex -0.0230296 -0.0677927 0.120915
         vertex -0.0230296 -0.0677927 0.121485
      endloop
   endfacet
   facet normal 0.0971286 0.995272 0
      outer loop
         vertex -0.0230296 -0.0677927 0.121485
         vertex -0.022 -0.0678428 0.121485
         vertex -0.022 -0.0678428 0.120915
      endloop
   endfacet
   facet normal 0.193339 0.981132 0
      outer loop
         vertex -0.0240494 -0.0676428 0.121485
         vertex -0.0230296 -0.0677927 0.121485
         vertex -0.0230296 -0.0677927 0.120915
      endloop
   endfacet
   facet normal 0.0744048 0.762422 -0.642788
      outer loop
         vertex -0.0230296 -0.0677927 0.121485
         vertex -0.0240494 -0.0676428 0.121485
         vertex -0.0235339 -0.0676428 0.121589
      endloop
   endfacet
   facet normal 0.0744048 0.762422 -0.642788
      outer loop
         vertex -0.0230296 -0.0677927 0.121485
         vertex -0.0230149 -0.0676428 0.121664
         vertex -0.0225092 -0.0676428 0.121708
      endloop
   endfacet
   facet normal 0.0374593 0.765128 -0.642788
      outer loop
         vertex -0.0225092 -0.0676428 0.121708
         vertex -0.022 -0.0678428 0.121485
         vertex -0.0230296 -0.0677927 0.121485
      endloop
   endfacet
   facet normal 0.0374593 0.765128 -0.642788
      outer loop
         vertex -0.0225092 -0.0676428 0.121708
         vertex -0.022 -0.0676428 0.121723
         vertex -0.022 -0.0678428 0.121485
      endloop
   endfacet
   facet normal 0.111772 0.757846 -0.642788
      outer loop
         vertex -0.0235339 -0.0676428 0.121589
         vertex -0.0230149 -0.0676428 0.121664
         vertex -0.0230296 -0.0677927 0.121485
      endloop
   endfacet
   facet normal 0 0.707107 -0.707107
      outer loop
         vertex 0.0235 -0.0704991 0.1122
         vertex 0.0235 -0.0676428 0.115056
         vertex 0.0237205 -0.0676428 0.115045
      endloop
   endfacet
   facet normal -0.0723649 0.703394 -0.707107
      outer loop
         vertex 0.0240117 -0.0704729 0.1122
         vertex 0.0237205 -0.0676428 0.115045
         vertex 0.0239458 -0.0676428 0.11501
      endloop
   endfacet
   facet normal -0.14397 0.692295 -0.707107
      outer loop
         vertex 0.024518 -0.0703944 0.1122
         vertex 0.0239458 -0.0676428 0.11501
         vertex 0.0241809 -0.0676428 0.114951
      endloop
   endfacet
   facet normal -0.214063 0.673927 -0.707107
      outer loop
         vertex 0.0250137 -0.0702645 0.1122
         vertex 0.0241809 -0.0676428 0.114951
         vertex 0.0244319 -0.0676428 0.114863
      endloop
   endfacet
   facet normal -0.281908 0.648481 -0.707107
      outer loop
         vertex 0.0254934 -0.0700846 0.1122
         vertex 0.0244319 -0.0676428 0.114863
         vertex 0.0247064 -0.0676428 0.11474
      endloop
   endfacet
   facet normal -0.346793 0.616226 -0.707107
      outer loop
         vertex 0.0259522 -0.0698565 0.1122
         vertex 0.0247064 -0.0676428 0.11474
         vertex 0.0250146 -0.0676428 0.114575
      endloop
   endfacet
   facet normal -0.408037 0.5775 -0.707107
      outer loop
         vertex 0.0263853 -0.0695827 0.1122
         vertex 0.0250146 -0.0676428 0.114575
         vertex 0.0253994 -0.0676428 0.114321
      endloop
   endfacet
   facet normal -0.464995 0.53271 -0.707107
      outer loop
         vertex 0.026788 -0.069266 0.1122
         vertex 0.0253994 -0.0676428 0.114321
         vertex 0.0257981 -0.0676428 0.114057
      endloop
   endfacet
   facet normal -0.517071 0.482325 -0.707107
      outer loop
         vertex 0.0271562 -0.0689097 0.1122
         vertex 0.0257981 -0.0676428 0.114057
         vertex 0.026515 -0.0676428 0.113457
      endloop
   endfacet
   facet normal -0.563717 0.426876 -0.707107
      outer loop
         vertex 0.0274861 -0.0685176 0.1122
         vertex 0.026515 -0.0676428 0.113457
         vertex 0.0272583 -0.0676428 0.112835
      endloop
   endfacet
   facet normal -0.638823 0.30316 -0.707107
      outer loop
         vertex 0.0280172 -0.0676428 0.1122
         vertex 0.0277741 -0.0680938 0.1122
         vertex 0.0272583 -0.0676428 0.112835
      endloop
   endfacet
   facet normal -0.614217 0.350339 -0.707107
      outer loop
         vertex 0.0272583 -0.0676428 0.112835
         vertex 0.0277741 -0.0680938 0.1122
         vertex 0.0274861 -0.0685176 0.1122
      endloop
   endfacet
   facet normal -0.576288 0.409747 -0.707107
      outer loop
         vertex 0.026515 -0.0676428 0.113457
         vertex 0.0274861 -0.0685176 0.1122
         vertex 0.0271562 -0.0689097 0.1122
      endloop
   endfacet
   facet normal -0.517071 0.482325 -0.707107
      outer loop
         vertex 0.0257981 -0.0676428 0.114057
         vertex 0.0271562 -0.0689097 0.1122
         vertex 0.026788 -0.069266 0.1122
      endloop
   endfacet
   facet normal -0.468936 0.529244 -0.707107
      outer loop
         vertex 0.0253994 -0.0676428 0.114321
         vertex 0.026788 -0.069266 0.1122
         vertex 0.0263853 -0.0695827 0.1122
      endloop
   endfacet
   facet normal -0.408037 0.5775 -0.707107
      outer loop
         vertex 0.0250146 -0.0676428 0.114575
         vertex 0.0263853 -0.0695827 0.1122
         vertex 0.0259522 -0.0698565 0.1122
      endloop
   endfacet
   facet normal -0.346793 0.616226 -0.707107
      outer loop
         vertex 0.0247064 -0.0676428 0.11474
         vertex 0.0259522 -0.0698565 0.1122
         vertex 0.0254934 -0.0700846 0.1122
      endloop
   endfacet
   facet normal -0.281908 0.648481 -0.707107
      outer loop
         vertex 0.0244319 -0.0676428 0.114863
         vertex 0.0254934 -0.0700846 0.1122
         vertex 0.0250137 -0.0702645 0.1122
      endloop
   endfacet
   facet normal -0.214063 0.673927 -0.707107
      outer loop
         vertex 0.0241809 -0.0676428 0.114951
         vertex 0.0250137 -0.0702645 0.1122
         vertex 0.024518 -0.0703944 0.1122
      endloop
   endfacet
   facet normal -0.14397 0.692295 -0.707107
      outer loop
         vertex 0.0239458 -0.0676428 0.11501
         vertex 0.024518 -0.0703944 0.1122
         vertex 0.0240117 -0.0704729 0.1122
      endloop
   endfacet
   facet normal -0.0723649 0.703394 -0.707107
      outer loop
         vertex 0.0237205 -0.0676428 0.115045
         vertex 0.0240117 -0.0704729 0.1122
         vertex 0.0235 -0.0704991 0.1122
      endloop
   endfacet
   facet normal 0 0.707107 -0.707107
      outer loop
         vertex 0.0095 -0.0704991 0.1122
         vertex 0.0095 -0.0676428 0.115056
         vertex 0.0235 -0.0676428 0.115056
      endloop
   endfacet
   facet normal 0 0.707107 -0.707107
      outer loop
         vertex 0.0235 -0.0676428 0.115056
         vertex 0.0235 -0.0704991 0.1122
         vertex 0.0095 -0.0704991 0.1122
      endloop
   endfacet
   facet normal -0.102339 0.99475 0
      outer loop
         vertex 0.0240117 -0.0704729 0.1072
         vertex 0.0235 -0.0704991 0.1072
         vertex 0.0235 -0.0704991 0.1122
      endloop
   endfacet
   facet normal -0.203604 0.979053 0
      outer loop
         vertex 0.024518 -0.0703944 0.1072
         vertex 0.0240117 -0.0704729 0.1072
         vertex 0.0240117 -0.0704729 0.1122
      endloop
   endfacet
   facet normal -0.302731 0.953076 0
      outer loop
         vertex 0.0250137 -0.0702645 0.1072
         vertex 0.024518 -0.0703944 0.1072
         vertex 0.024518 -0.0703944 0.1122
      endloop
   endfacet
   facet normal -0.398678 0.917091 0
      outer loop
         vertex 0.0254934 -0.0700846 0.1072
         vertex 0.0250137 -0.0702645 0.1072
         vertex 0.0250137 -0.0702645 0.1122
      endloop
   endfacet
   facet normal -0.49044 0.871475 0
      outer loop
         vertex 0.0259522 -0.0698565 0.1072
         vertex 0.0254934 -0.0700846 0.1072
         vertex 0.0254934 -0.0700846 0.1122
      endloop
   endfacet
   facet normal -0.577051 0.816708 0
      outer loop
         vertex 0.0263853 -0.0695827 0.1072
         vertex 0.0259522 -0.0698565 0.1072
         vertex 0.0259522 -0.0698565 0.1122
      endloop
   endfacet
   facet normal -0.657602 0.753365 0
      outer loop
         vertex 0.026788 -0.069266 0.1072
         vertex 0.0263853 -0.0695827 0.1072
         vertex 0.0263853 -0.0695827 0.1122
      endloop
   endfacet
   facet normal -0.731249 0.682111 0
      outer loop
         vertex 0.0271562 -0.0689097 0.1072
         vertex 0.026788 -0.069266 0.1072
         vertex 0.026788 -0.069266 0.1122
      endloop
   endfacet
   facet normal -0.797216 0.603694 0
      outer loop
         vertex 0.0274861 -0.0685176 0.1072
         vertex 0.0271562 -0.0689097 0.1072
         vertex 0.0271562 -0.0689097 0.1122
      endloop
   endfacet
   facet normal -0.854812 0.518938 0
      outer loop
         vertex 0.0277741 -0.0680938 0.1072
         vertex 0.0274861 -0.0685176 0.1072
         vertex 0.0274861 -0.0685176 0.1122
      endloop
   endfacet
   facet normal -0.903432 0.428732 0
      outer loop
         vertex 0.0280172 -0.0676428 0.1072
         vertex 0.0277741 -0.0680938 0.1072
         vertex 0.0277741 -0.0680938 0.1122
      endloop
   endfacet
   facet normal -0.854812 0.518938 0
      outer loop
         vertex 0.0277741 -0.0680938 0.1122
         vertex 0.0280172 -0.0676428 0.1122
         vertex 0.0280172 -0.0676428 0.1072
      endloop
   endfacet
   facet normal -0.797216 0.603694 0
      outer loop
         vertex 0.0274861 -0.0685176 0.1122
         vertex 0.0277741 -0.0680938 0.1122
         vertex 0.0277741 -0.0680938 0.1072
      endloop
   endfacet
   facet normal -0.731249 0.682111 0
      outer loop
         vertex 0.0271562 -0.0689097 0.1122
         vertex 0.0274861 -0.0685176 0.1122
         vertex 0.0274861 -0.0685176 0.1072
      endloop
   endfacet
   facet normal -0.657602 0.753365 0
      outer loop
         vertex 0.026788 -0.069266 0.1122
         vertex 0.0271562 -0.0689097 0.1122
         vertex 0.0271562 -0.0689097 0.1072
      endloop
   endfacet
   facet normal -0.577051 0.816708 0
      outer loop
         vertex 0.0263853 -0.0695827 0.1122
         vertex 0.026788 -0.069266 0.1122
         vertex 0.026788 -0.069266 0.1072
      endloop
   endfacet
   facet normal -0.49044 0.871475 0
      outer loop
         vertex 0.0259522 -0.0698565 0.1122
         vertex 0.0263853 -0.0695827 0.1122
         vertex 0.0263853 -0.0695827 0.1072
      endloop
   endfacet
   facet normal -0.398678 0.917091 0
      outer loop
         vertex 0.0254934 -0.0700846 0.1122
         vertex 0.0259522 -0.0698565 0.1122
         vertex 0.0259522 -0.0698565 0.1072
      endloop
   endfacet
   facet normal -0.302731 0.953076 0
      outer loop
         vertex 0.0250137 -0.0702645 0.1122
         vertex 0.0254934 -0.0700846 0.1122
         vertex 0.0254934 -0.0700846 0.1072
      endloop
   endfacet
   facet normal -0.203604 0.979053 0
      outer loop
         vertex 0.024518 -0.0703944 0.1122
         vertex 0.0250137 -0.0702645 0.1122
         vertex 0.0250137 -0.0702645 0.1072
      endloop
   endfacet
   facet normal -0.102339 0.99475 0
      outer loop
         vertex 0.0240117 -0.0704729 0.1122
         vertex 0.024518 -0.0703944 0.1122
         vertex 0.024518 -0.0703944 0.1072
      endloop
   endfacet
   facet normal 0 1 0
      outer loop
         vertex 0.0235 -0.0704991 0.1122
         vertex 0.0240117 -0.0704729 0.1122
         vertex 0.0240117 -0.0704729 0.1072
      endloop
   endfacet
   facet normal -0.563717 0.426876 0.707107
      outer loop
         vertex 0.0274861 -0.0685176 0.1072
         vertex 0.0277741 -0.0680938 0.1072
         vertex 0.0272583 -0.0676428 0.106565
      endloop
   endfacet
   facet normal -0.517071 0.482325 0.707107
      outer loop
         vertex 0.0271562 -0.0689097 0.1072
         vertex 0.0274861 -0.0685176 0.1072
         vertex 0.026515 -0.0676428 0.105943
      endloop
   endfacet
   facet normal -0.464995 0.53271 0.707107
      outer loop
         vertex 0.026788 -0.069266 0.1072
         vertex 0.0271562 -0.0689097 0.1072
         vertex 0.0257981 -0.0676428 0.105343
      endloop
   endfacet
   facet normal -0.408037 0.5775 0.707107
      outer loop
         vertex 0.0263853 -0.0695827 0.1072
         vertex 0.026788 -0.069266 0.1072
         vertex 0.0253994 -0.0676428 0.105079
      endloop
   endfacet
   facet normal -0.346793 0.616226 0.707107
      outer loop
         vertex 0.0259522 -0.0698565 0.1072
         vertex 0.0263853 -0.0695827 0.1072
         vertex 0.0250146 -0.0676428 0.104825
      endloop
   endfacet
   facet normal -0.281908 0.648481 0.707107
      outer loop
         vertex 0.0254934 -0.0700846 0.1072
         vertex 0.0259522 -0.0698565 0.1072
         vertex 0.0247064 -0.0676428 0.10466
      endloop
   endfacet
   facet normal -0.214063 0.673927 0.707107
      outer loop
         vertex 0.0250137 -0.0702645 0.1072
         vertex 0.0254934 -0.0700846 0.1072
         vertex 0.0244319 -0.0676428 0.104537
      endloop
   endfacet
   facet normal -0.14397 0.692295 0.707107
      outer loop
         vertex 0.024518 -0.0703944 0.1072
         vertex 0.0250137 -0.0702645 0.1072
         vertex 0.0241809 -0.0676428 0.104449
      endloop
   endfacet
   facet normal -0.0723649 0.703394 0.707107
      outer loop
         vertex 0.0240117 -0.0704729 0.1072
         vertex 0.024518 -0.0703944 0.1072
         vertex 0.0239458 -0.0676428 0.10439
      endloop
   endfacet
   facet normal 0 0.707107 0.707107
      outer loop
         vertex 0.0235 -0.0704991 0.1072
         vertex 0.0240117 -0.0704729 0.1072
         vertex 0.0237205 -0.0676428 0.104355
      endloop
   endfacet
   facet normal -0.0723649 0.703394 0.707107
      outer loop
         vertex 0.0237205 -0.0676428 0.104355
         vertex 0.0235 -0.0676428 0.104344
         vertex 0.0235 -0.0704991 0.1072
      endloop
   endfacet
   facet normal -0.14397 0.692295 0.707107
      outer loop
         vertex 0.0239458 -0.0676428 0.10439
         vertex 0.0237205 -0.0676428 0.104355
         vertex 0.0240117 -0.0704729 0.1072
      endloop
   endfacet
   facet normal -0.214063 0.673927 0.707107
      outer loop
         vertex 0.0241809 -0.0676428 0.104449
         vertex 0.0239458 -0.0676428 0.10439
         vertex 0.024518 -0.0703944 0.1072
      endloop
   endfacet
   facet normal -0.281908 0.648481 0.707107
      outer loop
         vertex 0.0244319 -0.0676428 0.104537
         vertex 0.0241809 -0.0676428 0.104449
         vertex 0.0250137 -0.0702645 0.1072
      endloop
   endfacet
   facet normal -0.346793 0.616226 0.707107
      outer loop
         vertex 0.0247064 -0.0676428 0.10466
         vertex 0.0244319 -0.0676428 0.104537
         vertex 0.0254934 -0.0700846 0.1072
      endloop
   endfacet
   facet normal -0.408037 0.5775 0.707107
      outer loop
         vertex 0.0250146 -0.0676428 0.104825
         vertex 0.0247064 -0.0676428 0.10466
         vertex 0.0259522 -0.0698565 0.1072
      endloop
   endfacet
   facet normal -0.468936 0.529244 0.707107
      outer loop
         vertex 0.0253994 -0.0676428 0.105079
         vertex 0.0250146 -0.0676428 0.104825
         vertex 0.0263853 -0.0695827 0.1072
      endloop
   endfacet
   facet normal -0.517071 0.482325 0.707107
      outer loop
         vertex 0.0257981 -0.0676428 0.105343
         vertex 0.0253994 -0.0676428 0.105079
         vertex 0.026788 -0.069266 0.1072
      endloop
   endfacet
   facet normal -0.576288 0.409747 0.707107
      outer loop
         vertex 0.026515 -0.0676428 0.105943
         vertex 0.0257981 -0.0676428 0.105343
         vertex 0.0271562 -0.0689097 0.1072
      endloop
   endfacet
   facet normal -0.614217 0.350339 0.707107
      outer loop
         vertex 0.0272583 -0.0676428 0.106565
         vertex 0.026515 -0.0676428 0.105943
         vertex 0.0274861 -0.0685176 0.1072
      endloop
   endfacet
   facet normal -0.614217 0.350339 0.707107
      outer loop
         vertex 0.0272583 -0.0676428 0.106565
         vertex 0.0277741 -0.0680938 0.1072
         vertex 0.0280172 -0.0676428 0.1072
      endloop
   endfacet
   facet normal 0 0.707107 0.707107
      outer loop
         vertex 0.0235 -0.0704991 0.1072
         vertex 0.0235 -0.0676428 0.104344
         vertex 0.0095 -0.0676428 0.104344
      endloop
   endfacet
   facet normal 0 0.707107 0.707107
      outer loop
         vertex 0.0095 -0.0676428 0.104344
         vertex 0.0095 -0.0704991 0.1072
         vertex 0.0235 -0.0704991 0.1072
      endloop
   endfacet
   facet normal 0 -1 0
      outer loop
         vertex 0.00574172 -0.0676428 0.106565
         vertex 0.0095 -0.0676428 0.115056
         vertex 0.00927946 -0.0676428 0.115045
      endloop
   endfacet
   facet normal 0 -1 0
      outer loop
         vertex 0.0095 -0.0676428 0.115056
         vertex 0.0090542 -0.0676428 0.10439
         vertex 0.00927946 -0.0676428 0.104355
      endloop
   endfacet
   facet normal 0 -1 0
      outer loop
         vertex 0.00927946 -0.0676428 0.115045
         vertex 0.0090542 -0.0676428 0.11501
         vertex 0.00574172 -0.0676428 0.106565
      endloop
   endfacet
   facet normal 0 -1 0
      outer loop
         vertex 0.0253994 -0.0676428 0.105079
         vertex 0.0239458 -0.0676428 0.11501
         vertex 0.0237205 -0.0676428 0.115045
      endloop
   endfacet
   facet normal 0 -1 0
      outer loop
         vertex 0.0235 -0.0676428 0.115056
         vertex 0.0235 -0.0676428 0.104344
         vertex 0.0237205 -0.0676428 0.104355
      endloop
   endfacet
   facet normal 0 -1 0
      outer loop
         vertex 0.0095 -0.0676428 0.115056
         vertex 0.0088191 -0.0676428 0.104449
         vertex 0.0090542 -0.0676428 0.10439
      endloop
   endfacet
   facet normal 0 -1 0
      outer loop
         vertex 0.0090542 -0.0676428 0.11501
         vertex 0.0088191 -0.0676428 0.114951
         vertex 0.00574172 -0.0676428 0.106565
      endloop
   endfacet
   facet normal 0 -1 0
      outer loop
         vertex 0.0253994 -0.0676428 0.105079
         vertex 0.0241809 -0.0676428 0.114951
         vertex 0.0239458 -0.0676428 0.11501
      endloop
   endfacet
   facet normal 0 -1 0
      outer loop
         vertex 0.0237205 -0.0676428 0.104355
         vertex 0.0239458 -0.0676428 0.10439
         vertex 0.0235 -0.0676428 0.115056
      endloop
   endfacet
   facet normal 0 -1 0
      outer loop
         vertex 0.0095 -0.0676428 0.115056
         vertex 0.00856811 -0.0676428 0.104537
         vertex 0.0088191 -0.0676428 0.104449
      endloop
   endfacet
   facet normal 0 -1 0
      outer loop
         vertex 0.00574172 -0.0676428 0.106565
         vertex 0.00829361 -0.0676428 0.11474
         vertex 0.00798538 -0.0676428 0.114575
      endloop
   endfacet
   facet normal 0 -1 0
      outer loop
         vertex 0.0088191 -0.0676428 0.114951
         vertex 0.00856811 -0.0676428 0.114863
         vertex 0.00574172 -0.0676428 0.106565
      endloop
   endfacet
   facet normal 0 -1 0
      outer loop
         vertex 0.0253994 -0.0676428 0.105079
         vertex 0.0244319 -0.0676428 0.114863
         vertex 0.0241809 -0.0676428 0.114951
      endloop
   endfacet
   facet normal 0 -1 0
      outer loop
         vertex 0.0272583 -0.0676428 0.112835
         vertex 0.0272583 -0.0676428 0.106565
         vertex 0.0280172 -0.0676428 0.1072
      endloop
   endfacet
   facet normal 0 -1 0
      outer loop
         vertex 0.0239458 -0.0676428 0.10439
         vertex 0.0241809 -0.0676428 0.104449
         vertex 0.0235 -0.0676428 0.115056
      endloop
   endfacet
   facet normal 0 -1 0
      outer loop
         vertex 0.0095 -0.0676428 0.115056
         vertex 0.00829361 -0.0676428 0.10466
         vertex 0.00856811 -0.0676428 0.104537
      endloop
   endfacet
   facet normal 0 -1 0
      outer loop
         vertex 0.0095 -0.0676428 0.115056
         vertex 0.00760061 -0.0676428 0.105079
         vertex 0.00798538 -0.0676428 0.104825
      endloop
   endfacet
   facet normal 0 -1 0
      outer loop
         vertex 0.00574172 -0.0676428 0.106565
         vertex 0.00574172 -0.0676428 0.112835
         vertex 0.00498284 -0.0676428 0.1122
      endloop
   endfacet
   facet normal 0 -1 0
      outer loop
         vertex 0.00574172 -0.0676428 0.106565
         vertex 0.00760061 -0.0676428 0.114321
         vertex 0.00720191 -0.0676428 0.114057
      endloop
   endfacet
   facet normal 0 -1 0
      outer loop
         vertex 0.00856811 -0.0676428 0.114863
         vertex 0.00829361 -0.0676428 0.11474
         vertex 0.00574172 -0.0676428 0.106565
      endloop
   endfacet
   facet normal 0 -1 0
      outer loop
         vertex 0.0253994 -0.0676428 0.105079
         vertex 0.0247064 -0.0676428 0.11474
         vertex 0.0244319 -0.0676428 0.114863
      endloop
   endfacet
   facet normal 0 -1 0
      outer loop
         vertex 0.0253994 -0.0676428 0.105079
         vertex 0.0253994 -0.0676428 0.114321
         vertex 0.0250146 -0.0676428 0.114575
      endloop
   endfacet
   facet normal 0 -1 0
      outer loop
         vertex 0.0272583 -0.0676428 0.112835
         vertex 0.026515 -0.0676428 0.105943
         vertex 0.0272583 -0.0676428 0.106565
      endloop
   endfacet
   facet normal 0 -1 0
      outer loop
         vertex 0.0235 -0.0676428 0.115056
         vertex 0.0247064 -0.0676428 0.10466
         vertex 0.0250146 -0.0676428 0.104825
      endloop
   endfacet
   facet normal 0 -1 0
      outer loop
         vertex 0.0241809 -0.0676428 0.104449
         vertex 0.0244319 -0.0676428 0.104537
         vertex 0.0235 -0.0676428 0.115056
      endloop
   endfacet
   facet normal 0 -1 0
      outer loop
         vertex 0.0235 -0.0676428 0.115056
         vertex 0.0095 -0.0676428 0.115056
         vertex 0.0095 -0.0676428 0.104344
      endloop
   endfacet
   facet normal 0 -1 0
      outer loop
         vertex 0.00798538 -0.0676428 0.104825
         vertex 0.00829361 -0.0676428 0.10466
         vertex 0.0095 -0.0676428 0.115056
      endloop
   endfacet
   facet normal 0 -1 0
      outer loop
         vertex 0.0095 -0.0676428 0.115056
         vertex 0.00648505 -0.0676428 0.105943
         vertex 0.00720191 -0.0676428 0.105343
      endloop
   endfacet
   facet normal 0 -1 0
      outer loop
         vertex 0.00574172 -0.0676428 0.106565
         vertex 0.00648505 -0.0676428 0.113457
         vertex 0.00574172 -0.0676428 0.112835
      endloop
   endfacet
   facet normal 0 -1 0
      outer loop
         vertex 0.00798538 -0.0676428 0.114575
         vertex 0.00760061 -0.0676428 0.114321
         vertex 0.00574172 -0.0676428 0.106565
      endloop
   endfacet
   facet normal 0 -1 0
      outer loop
         vertex 0.0250146 -0.0676428 0.114575
         vertex 0.0247064 -0.0676428 0.11474
         vertex 0.0253994 -0.0676428 0.105079
      endloop
   endfacet
   facet normal 0 -1 0
      outer loop
         vertex 0.0253994 -0.0676428 0.105079
         vertex 0.026515 -0.0676428 0.113457
         vertex 0.0257981 -0.0676428 0.114057
      endloop
   endfacet
   facet normal 0 -1 0
      outer loop
         vertex 0.0280172 -0.0676428 0.1072
         vertex 0.0280172 -0.0676428 0.1122
         vertex 0.0272583 -0.0676428 0.112835
      endloop
   endfacet
   facet normal 0 -1 0
      outer loop
         vertex 0.026515 -0.0676428 0.113457
         vertex 0.0253994 -0.0676428 0.105079
         vertex 0.0257981 -0.0676428 0.105343
      endloop
   endfacet
   facet normal 0 -1 0
      outer loop
         vertex 0.0244319 -0.0676428 0.104537
         vertex 0.0247064 -0.0676428 0.10466
         vertex 0.0235 -0.0676428 0.115056
      endloop
   endfacet
   facet normal 0 -1 0
      outer loop
         vertex 0.00927946 -0.0676428 0.104355
         vertex 0.0095 -0.0676428 0.104344
         vertex 0.0095 -0.0676428 0.115056
      endloop
   endfacet
   facet normal 0 -1 0
      outer loop
         vertex 0.0095 -0.0676428 0.115056
         vertex 0.00574172 -0.0676428 0.106565
         vertex 0.00648505 -0.0676428 0.105943
      endloop
   endfacet
   facet normal 0 -1 0
      outer loop
         vertex 0.00720191 -0.0676428 0.114057
         vertex 0.00648505 -0.0676428 0.113457
         vertex 0.00574172 -0.0676428 0.106565
      endloop
   endfacet
   facet normal 0 -1 0
      outer loop
         vertex 0.0257981 -0.0676428 0.114057
         vertex 0.0253994 -0.0676428 0.114321
         vertex 0.0253994 -0.0676428 0.105079
      endloop
   endfacet
   facet normal 0 -1 0
      outer loop
         vertex 0.0257981 -0.0676428 0.105343
         vertex 0.026515 -0.0676428 0.105943
         vertex 0.026515 -0.0676428 0.113457
      endloop
   endfacet
   facet normal 0 -1 0
      outer loop
         vertex 0.0095 -0.0676428 0.104344
         vertex 0.0235 -0.0676428 0.104344
         vertex 0.0235 -0.0676428 0.115056
      endloop
   endfacet
   facet normal 0 -1 0
      outer loop
         vertex 0.00498284 -0.0676428 0.1122
         vertex 0.00498284 -0.0676428 0.1072
         vertex 0.00574172 -0.0676428 0.106565
      endloop
   endfacet
   facet normal 0 -1 0
      outer loop
         vertex 0.0272583 -0.0676428 0.112835
         vertex 0.026515 -0.0676428 0.113457
         vertex 0.026515 -0.0676428 0.105943
      endloop
   endfacet
   facet normal 0 -1 0
      outer loop
         vertex 0.00720191 -0.0676428 0.105343
         vertex 0.00760061 -0.0676428 0.105079
         vertex 0.0095 -0.0676428 0.115056
      endloop
   endfacet
   facet normal 0 -1 0
      outer loop
         vertex 0.0250146 -0.0676428 0.104825
         vertex 0.0253994 -0.0676428 0.105079
         vertex 0.0235 -0.0676428 0.115056
      endloop
   endfacet
   facet normal 0 -1 0
      outer loop
         vertex 0.0237205 -0.0676428 0.115045
         vertex 0.0235 -0.0676428 0.115056
         vertex 0.0253994 -0.0676428 0.105079
      endloop
   endfacet
   facet normal 0.854812 0.518938 0
      outer loop
         vertex 0.00522594 -0.0680938 0.1072
         vertex 0.00498284 -0.0676428 0.1072
         vertex 0.00498284 -0.0676428 0.1122
      endloop
   endfacet
   facet normal 0.797216 0.603694 0
      outer loop
         vertex 0.00551392 -0.0685176 0.1072
         vertex 0.00522594 -0.0680938 0.1072
         vertex 0.00522594 -0.0680938 0.1122
      endloop
   endfacet
   facet normal 0.731249 0.682111 0
      outer loop
         vertex 0.00584376 -0.0689097 0.1072
         vertex 0.00551392 -0.0685176 0.1072
         vertex 0.00551392 -0.0685176 0.1122
      endloop
   endfacet
   facet normal 0.657602 0.753365 0
      outer loop
         vertex 0.00621199 -0.069266 0.1072
         vertex 0.00584376 -0.0689097 0.1072
         vertex 0.00584376 -0.0689097 0.1122
      endloop
   endfacet
   facet normal 0.577051 0.816708 0
      outer loop
         vertex 0.00661475 -0.0695827 0.1072
         vertex 0.00621199 -0.069266 0.1072
         vertex 0.00621199 -0.069266 0.1122
      endloop
   endfacet
   facet normal 0.49044 0.871475 0
      outer loop
         vertex 0.0070478 -0.0698565 0.1072
         vertex 0.00661475 -0.0695827 0.1072
         vertex 0.00661475 -0.0695827 0.1122
      endloop
   endfacet
   facet normal 0.398678 0.917091 0
      outer loop
         vertex 0.00750661 -0.0700846 0.1072
         vertex 0.0070478 -0.0698565 0.1072
         vertex 0.0070478 -0.0698565 0.1122
      endloop
   endfacet
   facet normal 0.302731 0.953076 0
      outer loop
         vertex 0.00798635 -0.0702645 0.1072
         vertex 0.00750661 -0.0700846 0.1072
         vertex 0.00750661 -0.0700846 0.1122
      endloop
   endfacet
   facet normal 0.203604 0.979053 0
      outer loop
         vertex 0.00848198 -0.0703944 0.1072
         vertex 0.00798635 -0.0702645 0.1072
         vertex 0.00798635 -0.0702645 0.1122
      endloop
   endfacet
   facet normal 0.102339 0.99475 0
      outer loop
         vertex 0.0089883 -0.0704729 0.1072
         vertex 0.00848198 -0.0703944 0.1072
         vertex 0.00848198 -0.0703944 0.1122
      endloop
   endfacet
   facet normal -3.46945e-16 1 0
      outer loop
         vertex 0.0095 -0.0704991 0.1072
         vertex 0.0089883 -0.0704729 0.1072
         vertex 0.0089883 -0.0704729 0.1122
      endloop
   endfacet
   facet normal 0.102339 0.99475 0
      outer loop
         vertex 0.0089883 -0.0704729 0.1122
         vertex 0.0095 -0.0704991 0.1122
         vertex 0.0095 -0.0704991 0.1072
      endloop
   endfacet
   facet normal 0.203604 0.979053 0
      outer loop
         vertex 0.00848198 -0.0703944 0.1122
         vertex 0.0089883 -0.0704729 0.1122
         vertex 0.0089883 -0.0704729 0.1072
      endloop
   endfacet
   facet normal 0.302731 0.953076 0
      outer loop
         vertex 0.00798635 -0.0702645 0.1122
         vertex 0.00848198 -0.0703944 0.1122
         vertex 0.00848198 -0.0703944 0.1072
      endloop
   endfacet
   facet normal 0.398678 0.917091 0
      outer loop
         vertex 0.00750661 -0.0700846 0.1122
         vertex 0.00798635 -0.0702645 0.1122
         vertex 0.00798635 -0.0702645 0.1072
      endloop
   endfacet
   facet normal 0.49044 0.871475 0
      outer loop
         vertex 0.0070478 -0.0698565 0.1122
         vertex 0.00750661 -0.0700846 0.1122
         vertex 0.00750661 -0.0700846 0.1072
      endloop
   endfacet
   facet normal 0.577051 0.816708 0
      outer loop
         vertex 0.00661475 -0.0695827 0.1122
         vertex 0.0070478 -0.0698565 0.1122
         vertex 0.0070478 -0.0698565 0.1072
      endloop
   endfacet
   facet normal 0.657602 0.753365 0
      outer loop
         vertex 0.00621199 -0.069266 0.1122
         vertex 0.00661475 -0.0695827 0.1122
         vertex 0.00661475 -0.0695827 0.1072
      endloop
   endfacet
   facet normal 0.731249 0.682111 0
      outer loop
         vertex 0.00584376 -0.0689097 0.1122
         vertex 0.00621199 -0.069266 0.1122
         vertex 0.00621199 -0.069266 0.1072
      endloop
   endfacet
   facet normal 0.797216 0.603694 0
      outer loop
         vertex 0.00551392 -0.0685176 0.1122
         vertex 0.00584376 -0.0689097 0.1122
         vertex 0.00584376 -0.0689097 0.1072
      endloop
   endfacet
   facet normal 0.854812 0.518938 0
      outer loop
         vertex 0.00522594 -0.0680938 0.1122
         vertex 0.00551392 -0.0685176 0.1122
         vertex 0.00551392 -0.0685176 0.1072
      endloop
   endfacet
   facet normal 0.903432 0.428732 0
      outer loop
         vertex 0.00498284 -0.0676428 0.1122
         vertex 0.00522594 -0.0680938 0.1122
         vertex 0.00522594 -0.0680938 0.1072
      endloop
   endfacet
   facet normal -3.46945e-16 1 0
      outer loop
         vertex 0.0095 -0.0704991 0.1122
         vertex 0.0235 -0.0704991 0.1122
         vertex 0.0235 -0.0704991 0.1072
      endloop
   endfacet
   facet normal -3.46945e-16 1 0
      outer loop
         vertex 0.0235 -0.0704991 0.1072
         vertex 0.0095 -0.0704991 0.1072
         vertex 0.0095 -0.0704991 0.1122
      endloop
   endfacet
   facet normal 0.563717 0.426876 -0.707107
      outer loop
         vertex 0.00551392 -0.0685176 0.1122
         vertex 0.00522594 -0.0680938 0.1122
         vertex 0.00574172 -0.0676428 0.112835
      endloop
   endfacet
   facet normal 0.517071 0.482325 -0.707107
      outer loop
         vertex 0.00584376 -0.0689097 0.1122
         vertex 0.00551392 -0.0685176 0.1122
         vertex 0.00648505 -0.0676428 0.113457
      endloop
   endfacet
   facet normal 0.464995 0.53271 -0.707107
      outer loop
         vertex 0.00621199 -0.069266 0.1122
         vertex 0.00584376 -0.0689097 0.1122
         vertex 0.00720191 -0.0676428 0.114057
      endloop
   endfacet
   facet normal 0.408037 0.5775 -0.707107
      outer loop
         vertex 0.00661475 -0.0695827 0.1122
         vertex 0.00621199 -0.069266 0.1122
         vertex 0.00760061 -0.0676428 0.114321
      endloop
   endfacet
   facet normal 0.346793 0.616226 -0.707107
      outer loop
         vertex 0.0070478 -0.0698565 0.1122
         vertex 0.00661475 -0.0695827 0.1122
         vertex 0.00798538 -0.0676428 0.114575
      endloop
   endfacet
   facet normal 0.281908 0.648481 -0.707107
      outer loop
         vertex 0.00750661 -0.0700846 0.1122
         vertex 0.0070478 -0.0698565 0.1122
         vertex 0.00829361 -0.0676428 0.11474
      endloop
   endfacet
   facet normal 0.214063 0.673927 -0.707107
      outer loop
         vertex 0.00798635 -0.0702645 0.1122
         vertex 0.00750661 -0.0700846 0.1122
         vertex 0.00856811 -0.0676428 0.114863
      endloop
   endfacet
   facet normal 0.14397 0.692295 -0.707107
      outer loop
         vertex 0.00848198 -0.0703944 0.1122
         vertex 0.00798635 -0.0702645 0.1122
         vertex 0.0088191 -0.0676428 0.114951
      endloop
   endfacet
   facet normal 0.0723649 0.703394 -0.707107
      outer loop
         vertex 0.0089883 -0.0704729 0.1122
         vertex 0.00848198 -0.0703944 0.1122
         vertex 0.0090542 -0.0676428 0.11501
      endloop
   endfacet
   facet normal -2.45327e-16 0.707107 -0.707107
      outer loop
         vertex 0.0095 -0.0704991 0.1122
         vertex 0.0089883 -0.0704729 0.1122
         vertex 0.00927946 -0.0676428 0.115045
      endloop
   endfacet
   facet normal 0.0723649 0.703394 -0.707107
      outer loop
         vertex 0.00927946 -0.0676428 0.115045
         vertex 0.0095 -0.0676428 0.115056
         vertex 0.0095 -0.0704991 0.1122
      endloop
   endfacet
   facet normal 0.14397 0.692295 -0.707107
      outer loop
         vertex 0.0090542 -0.0676428 0.11501
         vertex 0.00927946 -0.0676428 0.115045
         vertex 0.0089883 -0.0704729 0.1122
      endloop
   endfacet
   facet normal 0.214063 0.673927 -0.707107
      outer loop
         vertex 0.0088191 -0.0676428 0.114951
         vertex 0.0090542 -0.0676428 0.11501
         vertex 0.00848198 -0.0703944 0.1122
      endloop
   endfacet
   facet normal 0.281908 0.648481 -0.707107
      outer loop
         vertex 0.00856811 -0.0676428 0.114863
         vertex 0.0088191 -0.0676428 0.114951
         vertex 0.00798635 -0.0702645 0.1122
      endloop
   endfacet
   facet normal 0.346793 0.616226 -0.707107
      outer loop
         vertex 0.00829361 -0.0676428 0.11474
         vertex 0.00856811 -0.0676428 0.114863
         vertex 0.00750661 -0.0700846 0.1122
      endloop
   endfacet
   facet normal 0.408037 0.5775 -0.707107
      outer loop
         vertex 0.00798538 -0.0676428 0.114575
         vertex 0.00829361 -0.0676428 0.11474
         vertex 0.0070478 -0.0698565 0.1122
      endloop
   endfacet
   facet normal 0.468936 0.529244 -0.707107
      outer loop
         vertex 0.00760061 -0.0676428 0.114321
         vertex 0.00798538 -0.0676428 0.114575
         vertex 0.00661475 -0.0695827 0.1122
      endloop
   endfacet
   facet normal 0.517071 0.482325 -0.707107
      outer loop
         vertex 0.00720191 -0.0676428 0.114057
         vertex 0.00760061 -0.0676428 0.114321
         vertex 0.00621199 -0.069266 0.1122
      endloop
   endfacet
   facet normal 0.576288 0.409747 -0.707107
      outer loop
         vertex 0.00648505 -0.0676428 0.113457
         vertex 0.00720191 -0.0676428 0.114057
         vertex 0.00584376 -0.0689097 0.1122
      endloop
   endfacet
   facet normal 0.614217 0.350339 -0.707107
      outer loop
         vertex 0.00574172 -0.0676428 0.112835
         vertex 0.00648505 -0.0676428 0.113457
         vertex 0.00551392 -0.0685176 0.1122
      endloop
   endfacet
   facet normal 0.614217 0.350339 -0.707107
      outer loop
         vertex 0.00574172 -0.0676428 0.112835
         vertex 0.00522594 -0.0680938 0.1122
         vertex 0.00498284 -0.0676428 0.1122
      endloop
   endfacet
   facet normal 2.45327e-16 0.707107 0.707107
      outer loop
         vertex 0.0095 -0.0704991 0.1072
         vertex 0.0095 -0.0676428 0.104344
         vertex 0.00927946 -0.0676428 0.104355
      endloop
   endfacet
   facet normal 0.0723649 0.703394 0.707107
      outer loop
         vertex 0.0089883 -0.0704729 0.1072
         vertex 0.00927946 -0.0676428 0.104355
         vertex 0.0090542 -0.0676428 0.10439
      endloop
   endfacet
   facet normal 0.14397 0.692295 0.707107
      outer loop
         vertex 0.00848198 -0.0703944 0.1072
         vertex 0.0090542 -0.0676428 0.10439
         vertex 0.0088191 -0.0676428 0.104449
      endloop
   endfacet
   facet normal 0.214063 0.673927 0.707107
      outer loop
         vertex 0.00798635 -0.0702645 0.1072
         vertex 0.0088191 -0.0676428 0.104449
         vertex 0.00856811 -0.0676428 0.104537
      endloop
   endfacet
   facet normal 0.281908 0.648481 0.707107
      outer loop
         vertex 0.00750661 -0.0700846 0.1072
         vertex 0.00856811 -0.0676428 0.104537
         vertex 0.00829361 -0.0676428 0.10466
      endloop
   endfacet
   facet normal 0.346793 0.616226 0.707107
      outer loop
         vertex 0.0070478 -0.0698565 0.1072
         vertex 0.00829361 -0.0676428 0.10466
         vertex 0.00798538 -0.0676428 0.104825
      endloop
   endfacet
   facet normal 0.408037 0.5775 0.707107
      outer loop
         vertex 0.00661475 -0.0695827 0.1072
         vertex 0.00798538 -0.0676428 0.104825
         vertex 0.00760061 -0.0676428 0.105079
      endloop
   endfacet
   facet normal 0.464995 0.53271 0.707107
      outer loop
         vertex 0.00621199 -0.069266 0.1072
         vertex 0.00760061 -0.0676428 0.105079
         vertex 0.00720191 -0.0676428 0.105343
      endloop
   endfacet
   facet normal 0.517071 0.482325 0.707107
      outer loop
         vertex 0.00584376 -0.0689097 0.1072
         vertex 0.00720191 -0.0676428 0.105343
         vertex 0.00648505 -0.0676428 0.105943
      endloop
   endfacet
   facet normal 0.563717 0.426876 0.707107
      outer loop
         vertex 0.00551392 -0.0685176 0.1072
         vertex 0.00648505 -0.0676428 0.105943
         vertex 0.00574172 -0.0676428 0.106565
      endloop
   endfacet
   facet normal 0.638823 0.30316 0.707107
      outer loop
         vertex 0.00498284 -0.0676428 0.1072
         vertex 0.00522594 -0.0680938 0.1072
         vertex 0.00574172 -0.0676428 0.106565
      endloop
   endfacet
   facet normal 0.614217 0.350339 0.707107
      outer loop
         vertex 0.00574172 -0.0676428 0.106565
         vertex 0.00522594 -0.0680938 0.1072
         vertex 0.00551392 -0.0685176 0.1072
      endloop
   endfacet
   facet normal 0.576288 0.409747 0.707107
      outer loop
         vertex 0.00648505 -0.0676428 0.105943
         vertex 0.00551392 -0.0685176 0.1072
         vertex 0.00584376 -0.0689097 0.1072
      endloop
   endfacet
   facet normal 0.517071 0.482325 0.707107
      outer loop
         vertex 0.00720191 -0.0676428 0.105343
         vertex 0.00584376 -0.0689097 0.1072
         vertex 0.00621199 -0.069266 0.1072
      endloop
   endfacet
   facet normal 0.468936 0.529244 0.707107
      outer loop
         vertex 0.00760061 -0.0676428 0.105079
         vertex 0.00621199 -0.069266 0.1072
         vertex 0.00661475 -0.0695827 0.1072
      endloop
   endfacet
   facet normal 0.408037 0.5775 0.707107
      outer loop
         vertex 0.00798538 -0.0676428 0.104825
         vertex 0.00661475 -0.0695827 0.1072
         vertex 0.0070478 -0.0698565 0.1072
      endloop
   endfacet
   facet normal 0.346793 0.616226 0.707107
      outer loop
         vertex 0.00829361 -0.0676428 0.10466
         vertex 0.0070478 -0.0698565 0.1072
         vertex 0.00750661 -0.0700846 0.1072
      endloop
   endfacet
   facet normal 0.281908 0.648481 0.707107
      outer loop
         vertex 0.00856811 -0.0676428 0.104537
         vertex 0.00750661 -0.0700846 0.1072
         vertex 0.00798635 -0.0702645 0.1072
      endloop
   endfacet
   facet normal 0.214063 0.673927 0.707107
      outer loop
         vertex 0.0088191 -0.0676428 0.104449
         vertex 0.00798635 -0.0702645 0.1072
         vertex 0.00848198 -0.0703944 0.1072
      endloop
   endfacet
   facet normal 0.14397 0.692295 0.707107
      outer loop
         vertex 0.0090542 -0.0676428 0.10439
         vertex 0.00848198 -0.0703944 0.1072
         vertex 0.0089883 -0.0704729 0.1072
      endloop
   endfacet
   facet normal 0.0723649 0.703394 0.707107
      outer loop
         vertex 0.00927946 -0.0676428 0.104355
         vertex 0.0089883 -0.0704729 0.1072
         vertex 0.0095 -0.0704991 0.1072
      endloop
   endfacet
endsolid urdf_head_base. Units = meters