solid urdf_shoulder_horizontal. STL generated by ONSHAPE BY PTC INC, 1.219. Units = meters
   facet normal 0 0 -1
      outer loop
         vertex 0.065 6.93889e-18 -0.0904
         vertex 0.0232462 0.004541 -0.0904
         vertex 0.0239819 0.00902876 -0.0904
      endloop
   endfacet
   facet normal 0 0 -1
      outer loop
         vertex 0.0239819 0.00902876 -0.0904
         vertex 0.0251986 0.0134107 -0.0904
         vertex 0.065 6.93889e-18 -0.0904
      endloop
   endfacet
   facet normal 0 0 -1
      outer loop
         vertex 0.0251986 0.0134107 -0.0904
         vertex 0.0268818 0.0176353 -0.0904
         vertex 0.065 6.93889e-18 -0.0904
      endloop
   endfacet
   facet normal 0 0 -1
      outer loop
         vertex 0.0268818 0.0176353 -0.0904
         vertex 0.029012 0.0216533 -0.0904
         vertex 0.065 6.93889e-18 -0.0904
      endloop
   endfacet
   facet normal 0 0 -1
      outer loop
         vertex 0.029012 0.0216533 -0.0904
         vertex 0.0315641 0.0254173 -0.0904
         vertex 0.065 6.93889e-18 -0.0904
      endloop
   endfacet
   facet normal 0 0 -1
      outer loop
         vertex 0.0315641 0.0254173 -0.0904
         vertex 0.0345082 0.0288834 -0.0904
         vertex 0.065 6.93889e-18 -0.0904
      endloop
   endfacet
   facet normal 0 0 -1
      outer loop
         vertex 0.0345082 0.0288834 -0.0904
         vertex 0.0378098 0.0320108 -0.0904
         vertex 0.065 6.93889e-18 -0.0904
      endloop
   endfacet
   facet normal 0 0 -1
      outer loop
         vertex 0.0378098 0.0320108 -0.0904
         vertex 0.0414301 0.0347629 -0.0904
         vertex 0.065 6.93889e-18 -0.0904
      endloop
   endfacet
   facet normal 0 0 -1
      outer loop
         vertex 0.0414301 0.0347629 -0.0904
         vertex 0.0453268 0.0371075 -0.0904
         vertex 0.065 6.93889e-18 -0.0904
      endloop
   endfacet
   facet normal 0 0 -1
      outer loop
         vertex 0.0453268 0.0371075 -0.0904
         vertex 0.0494542 0.039017 -0.0904
         vertex 0.065 6.93889e-18 -0.0904
      endloop
   endfacet
   facet normal 0 0 -1
      outer loop
         vertex 0.0494542 0.039017 -0.0904
         vertex 0.0537638 0.0404691 -0.0904
         vertex 0.065 6.93889e-18 -0.0904
      endloop
   endfacet
   facet normal 0 0 -1
      outer loop
         vertex 0.0537638 0.0404691 -0.0904
         vertex 0.0582052 0.0414467 -0.0904
         vertex 0.065 6.93889e-18 -0.0904
      endloop
   endfacet
   facet normal 0 0 -1
      outer loop
         vertex 0.0582052 0.0414467 -0.0904
         vertex 0.0627262 0.0419384 -0.0904
         vertex 0.065 6.93889e-18 -0.0904
      endloop
   endfacet
   facet normal 0 0 -1
      outer loop
         vertex 0.0627262 0.0419384 -0.0904
         vertex 0.0672738 0.0419384 -0.0904
         vertex 0.065 6.93889e-18 -0.0904
      endloop
   endfacet
   facet normal 0 0 -1
      outer loop
         vertex 0.0672738 0.0419384 -0.0904
         vertex 0.0717948 0.0414467 -0.0904
         vertex 0.065 6.93889e-18 -0.0904
      endloop
   endfacet
   facet normal 0 0 -1
      outer loop
         vertex 0.0717948 0.0414467 -0.0904
         vertex 0.0762362 0.0404691 -0.0904
         vertex 0.065 6.93889e-18 -0.0904
      endloop
   endfacet
   facet normal 0 0 -1
      outer loop
         vertex 0.0762362 0.0404691 -0.0904
         vertex 0.0805458 0.039017 -0.0904
         vertex 0.065 6.93889e-18 -0.0904
      endloop
   endfacet
   facet normal 0 0 -1
      outer loop
         vertex 0.0805458 0.039017 -0.0904
         vertex 0.0846732 0.0371075 -0.0904
         vertex 0.065 6.93889e-18 -0.0904
      endloop
   endfacet
   facet normal 0 0 -1
      outer loop
         vertex 0.0846732 0.0371075 -0.0904
         vertex 0.0885699 0.0347629 -0.0904
         vertex 0.065 6.93889e-18 -0.0904
      endloop
   endfacet
   facet normal 0 0 -1
      outer loop
         vertex 0.0885699 0.0347629 -0.0904
         vertex 0.0921902 0.0320108 -0.0904
         vertex 0.065 6.93889e-18 -0.0904
      endloop
   endfacet
   facet normal 0 0 -1
      outer loop
         vertex 0.0921902 0.0320108 -0.0904
         vertex 0.0954918 0.0288834 -0.0904
         vertex 0.065 6.93889e-18 -0.0904
      endloop
   endfacet
   facet normal 0 0 -1
      outer loop
         vertex 0.0954918 0.0288834 -0.0904
         vertex 0.0984359 0.0254173 -0.0904
         vertex 0.065 6.93889e-18 -0.0904
      endloop
   endfacet
   facet normal 0 0 -1
      outer loop
         vertex 0.0984359 0.0254173 -0.0904
         vertex 0.100988 0.0216533 -0.0904
         vertex 0.065 6.93889e-18 -0.0904
      endloop
   endfacet
   facet normal 0 0 -1
      outer loop
         vertex 0.100988 0.0216533 -0.0904
         vertex 0.103118 0.0176353 -0.0904
         vertex 0.065 6.93889e-18 -0.0904
      endloop
   endfacet
   facet normal 0 0 -1
      outer loop
         vertex 0.103118 0.0176353 -0.0904
         vertex 0.104801 0.0134107 -0.0904
         vertex 0.065 6.93889e-18 -0.0904
      endloop
   endfacet
   facet normal 0 0 -1
      outer loop
         vertex 0.104801 0.0134107 -0.0904
         vertex 0.106018 0.00902876 -0.0904
         vertex 0.065 6.93889e-18 -0.0904
      endloop
   endfacet
   facet normal 0 0 -1
      outer loop
         vertex 0.106018 0.00902876 -0.0904
         vertex 0.106754 0.004541 -0.0904
         vertex 0.065 6.93889e-18 -0.0904
      endloop
   endfacet
   facet normal 0 0 -1
      outer loop
         vertex 0.106754 0.004541 -0.0904
         vertex 0.107 1.20824e-17 -0.0904
         vertex 0.065 6.93889e-18 -0.0904
      endloop
   endfacet
   facet normal 0 0 -1
      outer loop
         vertex 0.107 1.20824e-17 -0.0904
         vertex 0.106754 -0.004541 -0.0904
         vertex 0.065 6.93889e-18 -0.0904
      endloop
   endfacet
   facet normal 0 0 -1
      outer loop
         vertex 0.106754 -0.004541 -0.0904
         vertex 0.106018 -0.00902876 -0.0904
         vertex 0.065 6.93889e-18 -0.0904
      endloop
   endfacet
   facet normal 0 0 -1
      outer loop
         vertex 0.106018 -0.00902876 -0.0904
         vertex 0.104801 -0.0134107 -0.0904
         vertex 0.065 6.93889e-18 -0.0904
      endloop
   endfacet
   facet normal 0 0 -1
      outer loop
         vertex 0.104801 -0.0134107 -0.0904
         vertex 0.103118 -0.0176353 -0.0904
         vertex 0.065 6.93889e-18 -0.0904
      endloop
   endfacet
   facet normal 0 0 -1
      outer loop
         vertex 0.103118 -0.0176353 -0.0904
         vertex 0.100988 -0.0216533 -0.0904
         vertex 0.065 6.93889e-18 -0.0904
      endloop
   endfacet
   facet normal 0 0 -1
      outer loop
         vertex 0.100988 -0.0216533 -0.0904
         vertex 0.0984359 -0.0254173 -0.0904
         vertex 0.065 6.93889e-18 -0.0904
      endloop
   endfacet
   facet normal 0 0 -1
      outer loop
         vertex 0.0984359 -0.0254173 -0.0904
         vertex 0.0954918 -0.0288834 -0.0904
         vertex 0.065 6.93889e-18 -0.0904
      endloop
   endfacet
   facet normal 0 0 -1
      outer loop
         vertex 0.0954918 -0.0288834 -0.0904
         vertex 0.0921902 -0.0320108 -0.0904
         vertex 0.065 6.93889e-18 -0.0904
      endloop
   endfacet
   facet normal 0 0 -1
      outer loop
         vertex 0.0921902 -0.0320108 -0.0904
         vertex 0.0885699 -0.0347629 -0.0904
         vertex 0.065 6.93889e-18 -0.0904
      endloop
   endfacet
   facet normal 0 0 -1
      outer loop
         vertex 0.0885699 -0.0347629 -0.0904
         vertex 0.0846732 -0.0371075 -0.0904
         vertex 0.065 6.93889e-18 -0.0904
      endloop
   endfacet
   facet normal 0 0 -1
      outer loop
         vertex 0.0846732 -0.0371075 -0.0904
         vertex 0.0805458 -0.039017 -0.0904
         vertex 0.065 6.93889e-18 -0.0904
      endloop
   endfacet
   facet normal 0 0 -1
      outer loop
         vertex 0.0805458 -0.039017 -0.0904
         vertex 0.0762362 -0.0404691 -0.0904
         vertex 0.065 6.93889e-18 -0.0904
      endloop
   endfacet
   facet normal 0 0 -1
      outer loop
         vertex 0.0762362 -0.0404691 -0.0904
         vertex 0.0717948 -0.0414467 -0.0904
         vertex 0.065 6.93889e-18 -0.0904
      endloop
   endfacet
   facet normal 0 0 -1
      outer loop
         vertex 0.0717948 -0.0414467 -0.0904
         vertex 0.0672738 -0.0419384 -0.0904
         vertex 0.065 6.93889e-18 -0.0904
      endloop
   endfacet
   facet normal 0 0 -1
      outer loop
         vertex 0.0672738 -0.0419384 -0.0904
         vertex 0.0627262 -0.0419384 -0.0904
         vertex 0.065 6.93889e-18 -0.0904
      endloop
   endfacet
   facet normal 0 0 -1
      outer loop
         vertex 0.0627262 -0.0419384 -0.0904
         vertex 0.0582052 -0.0414467 -0.0904
         vertex 0.065 6.93889e-18 -0.0904
      endloop
   endfacet
   facet normal 0 0 -1
      outer loop
         vertex 0.0582052 -0.0414467 -0.0904
         vertex 0.0537638 -0.0404691 -0.0904
         vertex 0.065 6.93889e-18 -0.0904
      endloop
   endfacet
   facet normal 0 0 -1
      outer loop
         vertex 0.0537638 -0.0404691 -0.0904
         vertex 0.0494542 -0.039017 -0.0904
         vertex 0.065 6.93889e-18 -0.0904
      endloop
   endfacet
   facet normal 0 0 -1
      outer loop
         vertex 0.0494542 -0.039017 -0.0904
         vertex 0.0453268 -0.0371075 -0.0904
         vertex 0.065 6.93889e-18 -0.0904
      endloop
   endfacet
   facet normal 0 0 -1
      outer loop
         vertex 0.0453268 -0.0371075 -0.0904
         vertex 0.0414301 -0.0347629 -0.0904
         vertex 0.065 6.93889e-18 -0.0904
      endloop
   endfacet
   facet normal 0 0 -1
      outer loop
         vertex 0.0414301 -0.0347629 -0.0904
         vertex 0.0378098 -0.0320108 -0.0904
         vertex 0.065 6.93889e-18 -0.0904
      endloop
   endfacet
   facet normal 0 0 -1
      outer loop
         vertex 0.0378098 -0.0320108 -0.0904
         vertex 0.0345082 -0.0288834 -0.0904
         vertex 0.065 6.93889e-18 -0.0904
      endloop
   endfacet
   facet normal 0 0 -1
      outer loop
         vertex 0.0345082 -0.0288834 -0.0904
         vertex 0.0315641 -0.0254173 -0.0904
         vertex 0.065 6.93889e-18 -0.0904
      endloop
   endfacet
   facet normal 0 0 -1
      outer loop
         vertex 0.0315641 -0.0254173 -0.0904
         vertex 0.029012 -0.0216533 -0.0904
         vertex 0.065 6.93889e-18 -0.0904
      endloop
   endfacet
   facet normal 0 0 -1
      outer loop
         vertex 0.029012 -0.0216533 -0.0904
         vertex 0.0268818 -0.0176353 -0.0904
         vertex 0.065 6.93889e-18 -0.0904
      endloop
   endfacet
   facet normal 0 0 -1
      outer loop
         vertex 0.0268818 -0.0176353 -0.0904
         vertex 0.0251986 -0.0134107 -0.0904
         vertex 0.065 6.93889e-18 -0.0904
      endloop
   endfacet
   facet normal 0 0 -1
      outer loop
         vertex 0.0251986 -0.0134107 -0.0904
         vertex 0.0239819 -0.00902876 -0.0904
         vertex 0.065 6.93889e-18 -0.0904
      endloop
   endfacet
   facet normal 0 0 -1
      outer loop
         vertex 0.0239819 -0.00902876 -0.0904
         vertex 0.0232462 -0.004541 -0.0904
         vertex 0.065 6.93889e-18 -0.0904
      endloop
   endfacet
   facet normal 0 0 -1
      outer loop
         vertex 0.0232462 -0.004541 -0.0904
         vertex 0.023 6.93889e-18 -0.0904
         vertex 0.065 6.93889e-18 -0.0904
      endloop
   endfacet
   facet normal 0 0 -1
      outer loop
         vertex 0.023 6.93889e-18 -0.0904
         vertex 0.0232462 0.004541 -0.0904
         vertex 0.065 6.93889e-18 -0.0904
      endloop
   endfacet
   facet normal 0.994138 0.108119 0
      outer loop
         vertex 0.0232462 -0.004541 -0.1395
         vertex 0.023 3.90989e-17 -0.1395
         vertex 0.023 6.93889e-18 -0.0904
      endloop
   endfacet
   facet normal 0.976621 0.21497 0
      outer loop
         vertex 0.0239819 -0.00902876 -0.1395
         vertex 0.0232462 -0.004541 -0.1395
         vertex 0.0232462 -0.004541 -0.0904
      endloop
   endfacet
   facet normal 0.947653 0.319302 0
      outer loop
         vertex 0.0251986 -0.0134107 -0.1395
         vertex 0.0239819 -0.00902876 -0.1395
         vertex 0.0239819 -0.00902876 -0.0904
      endloop
   endfacet
   facet normal 0.907575 0.419889 0
      outer loop
         vertex 0.0268818 -0.0176353 -0.1395
         vertex 0.0251986 -0.0134107 -0.1395
         vertex 0.0251986 -0.0134107 -0.0904
      endloop
   endfacet
   facet normal 0.856857 0.515554 0
      outer loop
         vertex 0.029012 -0.0216533 -0.1395
         vertex 0.0268818 -0.0176353 -0.1395
         vertex 0.0268818 -0.0176353 -0.0904
      endloop
   endfacet
   facet normal 0.796093 0.605174 0
      outer loop
         vertex 0.0315641 -0.0254173 -0.1395
         vertex 0.029012 -0.0216533 -0.1395
         vertex 0.029012 -0.0216533 -0.0904
      endloop
   endfacet
   facet normal 0.725995 0.687699 0
      outer loop
         vertex 0.0345082 -0.0288834 -0.1395
         vertex 0.0315641 -0.0254173 -0.1395
         vertex 0.0315641 -0.0254173 -0.0904
      endloop
   endfacet
   facet normal 0.647386 0.762162 0
      outer loop
         vertex 0.0378098 -0.0320108 -0.1395
         vertex 0.0345082 -0.0288834 -0.1395
         vertex 0.0345082 -0.0288834 -0.0904
      endloop
   endfacet
   facet normal 0.561187 0.827689 0
      outer loop
         vertex 0.0414301 -0.0347629 -0.1395
         vertex 0.0378098 -0.0320108 -0.1395
         vertex 0.0378098 -0.0320108 -0.0904
      endloop
   endfacet
   facet normal 0.468408 0.883512 0
      outer loop
         vertex 0.0453268 -0.0371075 -0.1395
         vertex 0.0414301 -0.0347629 -0.1395
         vertex 0.0414301 -0.0347629 -0.0904
      endloop
   endfacet
   facet normal 0.370138 0.928977 0
      outer loop
         vertex 0.0494542 -0.039017 -0.1395
         vertex 0.0453268 -0.0371075 -0.1395
         vertex 0.0453268 -0.0371075 -0.0904
      endloop
   endfacet
   facet normal 0.267528 0.96355 0
      outer loop
         vertex 0.0537638 -0.0404691 -0.1395
         vertex 0.0494542 -0.039017 -0.1395
         vertex 0.0494542 -0.039017 -0.0904
      endloop
   endfacet
   facet normal 0.161782 0.986827 0
      outer loop
         vertex 0.0582052 -0.0414467 -0.1395
         vertex 0.0537638 -0.0404691 -0.1395
         vertex 0.0537638 -0.0404691 -0.0904
      endloop
   endfacet
   facet normal 0.0541389 0.998533 0
      outer loop
         vertex 0.0627262 -0.0419384 -0.1395
         vertex 0.0582052 -0.0414467 -0.1395
         vertex 0.0582052 -0.0414467 -0.0904
      endloop
   endfacet
   facet normal -0.0541389 0.998533 0
      outer loop
         vertex 0.0672738 -0.0419384 -0.1395
         vertex 0.0627262 -0.0419384 -0.1395
         vertex 0.0627262 -0.0419384 -0.0904
      endloop
   endfacet
   facet normal -0.161782 0.986827 0
      outer loop
         vertex 0.0717948 -0.0414467 -0.1395
         vertex 0.0672738 -0.0419384 -0.1395
         vertex 0.0672738 -0.0419384 -0.0904
      endloop
   endfacet
   facet normal -0.267528 0.96355 0
      outer loop
         vertex 0.0762362 -0.0404691 -0.1395
         vertex 0.0717948 -0.0414467 -0.1395
         vertex 0.0717948 -0.0414467 -0.0904
      endloop
   endfacet
   facet normal -0.370138 0.928977 0
      outer loop
         vertex 0.0805458 -0.039017 -0.1395
         vertex 0.0762362 -0.0404691 -0.1395
         vertex 0.0762362 -0.0404691 -0.0904
      endloop
   endfacet
   facet normal -0.468408 0.883512 0
      outer loop
         vertex 0.0846732 -0.0371075 -0.1395
         vertex 0.0805458 -0.039017 -0.1395
         vertex 0.0805458 -0.039017 -0.0904
      endloop
   endfacet
   facet normal -0.561187 0.827689 0
      outer loop
         vertex 0.0885699 -0.0347629 -0.1395
         vertex 0.0846732 -0.0371075 -0.1395
         vertex 0.0846732 -0.0371075 -0.0904
      endloop
   endfacet
   facet normal -0.647386 0.762162 0
      outer loop
         vertex 0.0921902 -0.0320108 -0.1395
         vertex 0.0885699 -0.0347629 -0.1395
         vertex 0.0885699 -0.0347629 -0.0904
      endloop
   endfacet
   facet normal -0.725995 0.687699 0
      outer loop
         vertex 0.0954918 -0.0288834 -0.1395
         vertex 0.0921902 -0.0320108 -0.1395
         vertex 0.0921902 -0.0320108 -0.0904
      endloop
   endfacet
   facet normal -0.796093 0.605174 0
      outer loop
         vertex 0.0984359 -0.0254173 -0.1395
         vertex 0.0954918 -0.0288834 -0.1395
         vertex 0.0954918 -0.0288834 -0.0904
      endloop
   endfacet
   facet normal -0.856857 0.515554 0
      outer loop
         vertex 0.100988 -0.0216533 -0.1395
         vertex 0.0984359 -0.0254173 -0.1395
         vertex 0.0984359 -0.0254173 -0.0904
      endloop
   endfacet
   facet normal -0.907575 0.419889 0
      outer loop
         vertex 0.103118 -0.0176353 -0.1395
         vertex 0.100988 -0.0216533 -0.1395
         vertex 0.100988 -0.0216533 -0.0904
      endloop
   endfacet
   facet normal -0.947653 0.319302 0
      outer loop
         vertex 0.104801 -0.0134107 -0.1395
         vertex 0.103118 -0.0176353 -0.1395
         vertex 0.103118 -0.0176353 -0.0904
      endloop
   endfacet
   facet normal -0.976621 0.21497 0
      outer loop
         vertex 0.106018 -0.00902876 -0.1395
         vertex 0.104801 -0.0134107 -0.1395
         vertex 0.104801 -0.0134107 -0.0904
      endloop
   endfacet
   facet normal -0.994138 0.108119 0
      outer loop
         vertex 0.106754 -0.004541 -0.1395
         vertex 0.106018 -0.00902876 -0.1395
         vertex 0.106018 -0.00902876 -0.0904
      endloop
   endfacet
   facet normal -1 -1.22465e-16 0
      outer loop
         vertex 0.107 6.93889e-18 -0.1395
         vertex 0.106754 -0.004541 -0.1395
         vertex 0.106754 -0.004541 -0.0904
      endloop
   endfacet
   facet normal -0.994138 -0.108119 0
      outer loop
         vertex 0.106754 0.004541 -0.1395
         vertex 0.107 6.93889e-18 -0.1395
         vertex 0.107 1.20824e-17 -0.0904
      endloop
   endfacet
   facet normal -0.976621 -0.21497 0
      outer loop
         vertex 0.106018 0.00902876 -0.1395
         vertex 0.106754 0.004541 -0.1395
         vertex 0.106754 0.004541 -0.0904
      endloop
   endfacet
   facet normal -0.947653 -0.319302 0
      outer loop
         vertex 0.104801 0.0134107 -0.1395
         vertex 0.106018 0.00902876 -0.1395
         vertex 0.106018 0.00902876 -0.0904
      endloop
   endfacet
   facet normal -0.907575 -0.419889 0
      outer loop
         vertex 0.103118 0.0176353 -0.1395
         vertex 0.104801 0.0134107 -0.1395
         vertex 0.104801 0.0134107 -0.0904
      endloop
   endfacet
   facet normal -0.856857 -0.515554 0
      outer loop
         vertex 0.100988 0.0216533 -0.1395
         vertex 0.103118 0.0176353 -0.1395
         vertex 0.103118 0.0176353 -0.0904
      endloop
   endfacet
   facet normal -0.796093 -0.605174 0
      outer loop
         vertex 0.0984359 0.0254173 -0.1395
         vertex 0.100988 0.0216533 -0.1395
         vertex 0.100988 0.0216533 -0.0904
      endloop
   endfacet
   facet normal -0.725995 -0.687699 0
      outer loop
         vertex 0.0954918 0.0288834 -0.1395
         vertex 0.0984359 0.0254173 -0.1395
         vertex 0.0984359 0.0254173 -0.0904
      endloop
   endfacet
   facet normal -0.647386 -0.762162 0
      outer loop
         vertex 0.0921902 0.0320108 -0.1395
         vertex 0.0954918 0.0288834 -0.1395
         vertex 0.0954918 0.0288834 -0.0904
      endloop
   endfacet
   facet normal -0.561187 -0.827689 0
      outer loop
         vertex 0.0885699 0.0347629 -0.1395
         vertex 0.0921902 0.0320108 -0.1395
         vertex 0.0921902 0.0320108 -0.0904
      endloop
   endfacet
   facet normal -0.468408 -0.883512 0
      outer loop
         vertex 0.0846732 0.0371075 -0.1395
         vertex 0.0885699 0.0347629 -0.1395
         vertex 0.0885699 0.0347629 -0.0904
      endloop
   endfacet
   facet normal -0.370138 -0.928977 0
      outer loop
         vertex 0.0805458 0.039017 -0.1395
         vertex 0.0846732 0.0371075 -0.1395
         vertex 0.0846732 0.0371075 -0.0904
      endloop
   endfacet
   facet normal -0.267528 -0.96355 0
      outer loop
         vertex 0.0762362 0.0404691 -0.1395
         vertex 0.0805458 0.039017 -0.1395
         vertex 0.0805458 0.039017 -0.0904
      endloop
   endfacet
   facet normal -0.161782 -0.986827 0
      outer loop
         vertex 0.0717948 0.0414467 -0.1395
         vertex 0.0762362 0.0404691 -0.1395
         vertex 0.0762362 0.0404691 -0.0904
      endloop
   endfacet
   facet normal -0.0541389 -0.998533 0
      outer loop
         vertex 0.0672738 0.0419384 -0.1395
         vertex 0.0717948 0.0414467 -0.1395
         vertex 0.0717948 0.0414467 -0.0904
      endloop
   endfacet
   facet normal 0.0541389 -0.998533 0
      outer loop
         vertex 0.0627262 0.0419384 -0.1395
         vertex 0.0672738 0.0419384 -0.1395
         vertex 0.0672738 0.0419384 -0.0904
      endloop
   endfacet
   facet normal 0.161782 -0.986827 0
      outer loop
         vertex 0.0582052 0.0414467 -0.1395
         vertex 0.0627262 0.0419384 -0.1395
         vertex 0.0627262 0.0419384 -0.0904
      endloop
   endfacet
   facet normal 0.267528 -0.96355 0
      outer loop
         vertex 0.0537638 0.0404691 -0.1395
         vertex 0.0582052 0.0414467 -0.1395
         vertex 0.0582052 0.0414467 -0.0904
      endloop
   endfacet
   facet normal 0.370138 -0.928977 0
      outer loop
         vertex 0.0494542 0.039017 -0.1395
         vertex 0.0537638 0.0404691 -0.1395
         vertex 0.0537638 0.0404691 -0.0904
      endloop
   endfacet
   facet normal 0.468408 -0.883512 0
      outer loop
         vertex 0.0453268 0.0371075 -0.1395
         vertex 0.0494542 0.039017 -0.1395
         vertex 0.0494542 0.039017 -0.0904
      endloop
   endfacet
   facet normal 0.561187 -0.827689 0
      outer loop
         vertex 0.0414301 0.0347629 -0.1395
         vertex 0.0453268 0.0371075 -0.1395
         vertex 0.0453268 0.0371075 -0.0904
      endloop
   endfacet
   facet normal 0.647386 -0.762162 0
      outer loop
         vertex 0.0378098 0.0320108 -0.1395
         vertex 0.0414301 0.0347629 -0.1395
         vertex 0.0414301 0.0347629 -0.0904
      endloop
   endfacet
   facet normal 0.725995 -0.687699 0
      outer loop
         vertex 0.0345082 0.0288834 -0.1395
         vertex 0.0378098 0.0320108 -0.1395
         vertex 0.0378098 0.0320108 -0.0904
      endloop
   endfacet
   facet normal 0.796093 -0.605174 0
      outer loop
         vertex 0.0315641 0.0254173 -0.1395
         vertex 0.0345082 0.0288834 -0.1395
         vertex 0.0345082 0.0288834 -0.0904
      endloop
   endfacet
   facet normal 0.856857 -0.515554 0
      outer loop
         vertex 0.029012 0.0216533 -0.1395
         vertex 0.0315641 0.0254173 -0.1395
         vertex 0.0315641 0.0254173 -0.0904
      endloop
   endfacet
   facet normal 0.907575 -0.419889 0
      outer loop
         vertex 0.0268818 0.0176353 -0.1395
         vertex 0.029012 0.0216533 -0.1395
         vertex 0.029012 0.0216533 -0.0904
      endloop
   endfacet
   facet normal 0.947653 -0.319302 0
      outer loop
         vertex 0.0251986 0.0134107 -0.1395
         vertex 0.0268818 0.0176353 -0.1395
         vertex 0.0268818 0.0176353 -0.0904
      endloop
   endfacet
   facet normal 0.976621 -0.21497 0
      outer loop
         vertex 0.0239819 0.00902876 -0.1395
         vertex 0.0251986 0.0134107 -0.1395
         vertex 0.0251986 0.0134107 -0.0904
      endloop
   endfacet
   facet normal 0.994138 -0.108119 0
      outer loop
         vertex 0.0232462 0.004541 -0.1395
         vertex 0.0239819 0.00902876 -0.1395
         vertex 0.0239819 0.00902876 -0.0904
      endloop
   endfacet
   facet normal 1 2.44929e-16 0
      outer loop
         vertex 0.023 3.90989e-17 -0.1395
         vertex 0.0232462 0.004541 -0.1395
         vertex 0.0232462 0.004541 -0.0904
      endloop
   endfacet
   facet normal 0.994138 -0.108119 0
      outer loop
         vertex 0.0232462 0.004541 -0.0904
         vertex 0.023 6.93889e-18 -0.0904
         vertex 0.023 3.90989e-17 -0.1395
      endloop
   endfacet
   facet normal 0.976621 -0.21497 0
      outer loop
         vertex 0.0239819 0.00902876 -0.0904
         vertex 0.0232462 0.004541 -0.0904
         vertex 0.0232462 0.004541 -0.1395
      endloop
   endfacet
   facet normal 0.947653 -0.319302 0
      outer loop
         vertex 0.0251986 0.0134107 -0.0904
         vertex 0.0239819 0.00902876 -0.0904
         vertex 0.0239819 0.00902876 -0.1395
      endloop
   endfacet
   facet normal 0.907575 -0.419889 0
      outer loop
         vertex 0.0268818 0.0176353 -0.0904
         vertex 0.0251986 0.0134107 -0.0904
         vertex 0.0251986 0.0134107 -0.1395
      endloop
   endfacet
   facet normal 0.856857 -0.515554 0
      outer loop
         vertex 0.029012 0.0216533 -0.0904
         vertex 0.0268818 0.0176353 -0.0904
         vertex 0.0268818 0.0176353 -0.1395
      endloop
   endfacet
   facet normal 0.796093 -0.605174 0
      outer loop
         vertex 0.0315641 0.0254173 -0.0904
         vertex 0.029012 0.0216533 -0.0904
         vertex 0.029012 0.0216533 -0.1395
      endloop
   endfacet
   facet normal 0.725995 -0.687699 0
      outer loop
         vertex 0.0345082 0.0288834 -0.0904
         vertex 0.0315641 0.0254173 -0.0904
         vertex 0.0315641 0.0254173 -0.1395
      endloop
   endfacet
   facet normal 0.647386 -0.762162 0
      outer loop
         vertex 0.0378098 0.0320108 -0.0904
         vertex 0.0345082 0.0288834 -0.0904
         vertex 0.0345082 0.0288834 -0.1395
      endloop
   endfacet
   facet normal 0.561187 -0.827689 0
      outer loop
         vertex 0.0414301 0.0347629 -0.0904
         vertex 0.0378098 0.0320108 -0.0904
         vertex 0.0378098 0.0320108 -0.1395
      endloop
   endfacet
   facet normal 0.468408 -0.883512 0
      outer loop
         vertex 0.0453268 0.0371075 -0.0904
         vertex 0.0414301 0.0347629 -0.0904
         vertex 0.0414301 0.0347629 -0.1395
      endloop
   endfacet
   facet normal 0.370138 -0.928977 0
      outer loop
         vertex 0.0494542 0.039017 -0.0904
         vertex 0.0453268 0.0371075 -0.0904
         vertex 0.0453268 0.0371075 -0.1395
      endloop
   endfacet
   facet normal 0.267528 -0.96355 0
      outer loop
         vertex 0.0537638 0.0404691 -0.0904
         vertex 0.0494542 0.039017 -0.0904
         vertex 0.0494542 0.039017 -0.1395
      endloop
   endfacet
   facet normal 0.161782 -0.986827 0
      outer loop
         vertex 0.0582052 0.0414467 -0.0904
         vertex 0.0537638 0.0404691 -0.0904
         vertex 0.0537638 0.0404691 -0.1395
      endloop
   endfacet
   facet normal 0.0541389 -0.998533 0
      outer loop
         vertex 0.0627262 0.0419384 -0.0904
         vertex 0.0582052 0.0414467 -0.0904
         vertex 0.0582052 0.0414467 -0.1395
      endloop
   endfacet
   facet normal -0.0541389 -0.998533 0
      outer loop
         vertex 0.0672738 0.0419384 -0.0904
         vertex 0.0627262 0.0419384 -0.0904
         vertex 0.0627262 0.0419384 -0.1395
      endloop
   endfacet
   facet normal -0.161782 -0.986827 0
      outer loop
         vertex 0.0717948 0.0414467 -0.0904
         vertex 0.0672738 0.0419384 -0.0904
         vertex 0.0672738 0.0419384 -0.1395
      endloop
   endfacet
   facet normal -0.267528 -0.96355 0
      outer loop
         vertex 0.0762362 0.0404691 -0.0904
         vertex 0.0717948 0.0414467 -0.0904
         vertex 0.0717948 0.0414467 -0.1395
      endloop
   endfacet
   facet normal -0.370138 -0.928977 0
      outer loop
         vertex 0.0805458 0.039017 -0.0904
         vertex 0.0762362 0.0404691 -0.0904
         vertex 0.0762362 0.0404691 -0.1395
      endloop
   endfacet
   facet normal -0.468408 -0.883512 0
      outer loop
         vertex 0.0846732 0.0371075 -0.0904
         vertex 0.0805458 0.039017 -0.0904
         vertex 0.0805458 0.039017 -0.1395
      endloop
   endfacet
   facet normal -0.561187 -0.827689 0
      outer loop
         vertex 0.0885699 0.0347629 -0.0904
         vertex 0.0846732 0.0371075 -0.0904
         vertex 0.0846732 0.0371075 -0.1395
      endloop
   endfacet
   facet normal -0.647386 -0.762162 0
      outer loop
         vertex 0.0921902 0.0320108 -0.0904
         vertex 0.0885699 0.0347629 -0.0904
         vertex 0.0885699 0.0347629 -0.1395
      endloop
   endfacet
   facet normal -0.725995 -0.687699 0
      outer loop
         vertex 0.0954918 0.0288834 -0.0904
         vertex 0.0921902 0.0320108 -0.0904
         vertex 0.0921902 0.0320108 -0.1395
      endloop
   endfacet
   facet normal -0.796093 -0.605174 0
      outer loop
         vertex 0.0984359 0.0254173 -0.0904
         vertex 0.0954918 0.0288834 -0.0904
         vertex 0.0954918 0.0288834 -0.1395
      endloop
   endfacet
   facet normal -0.856857 -0.515554 0
      outer loop
         vertex 0.100988 0.0216533 -0.0904
         vertex 0.0984359 0.0254173 -0.0904
         vertex 0.0984359 0.0254173 -0.1395
      endloop
   endfacet
   facet normal -0.907575 -0.419889 0
      outer loop
         vertex 0.103118 0.0176353 -0.0904
         vertex 0.100988 0.0216533 -0.0904
         vertex 0.100988 0.0216533 -0.1395
      endloop
   endfacet
   facet normal -0.947653 -0.319302 0
      outer loop
         vertex 0.104801 0.0134107 -0.0904
         vertex 0.103118 0.0176353 -0.0904
         vertex 0.103118 0.0176353 -0.1395
      endloop
   endfacet
   facet normal -0.976621 -0.21497 0
      outer loop
         vertex 0.106018 0.00902876 -0.0904
         vertex 0.104801 0.0134107 -0.0904
         vertex 0.104801 0.0134107 -0.1395
      endloop
   endfacet
   facet normal -0.994138 -0.108119 0
      outer loop
         vertex 0.106754 0.004541 -0.0904
         vertex 0.106018 0.00902876 -0.0904
         vertex 0.106018 0.00902876 -0.1395
      endloop
   endfacet
   facet normal -1 -1.22465e-16 0
      outer loop
         vertex 0.107 1.20824e-17 -0.0904
         vertex 0.106754 0.004541 -0.0904
         vertex 0.106754 0.004541 -0.1395
      endloop
   endfacet
   facet normal -0.994138 0.108119 0
      outer loop
         vertex 0.106754 -0.004541 -0.0904
         vertex 0.107 1.20824e-17 -0.0904
         vertex 0.107 6.93889e-18 -0.1395
      endloop
   endfacet
   facet normal -0.976621 0.21497 0
      outer loop
         vertex 0.106018 -0.00902876 -0.0904
         vertex 0.106754 -0.004541 -0.0904
         vertex 0.106754 -0.004541 -0.1395
      endloop
   endfacet
   facet normal -0.947653 0.319302 0
      outer loop
         vertex 0.104801 -0.0134107 -0.0904
         vertex 0.106018 -0.00902876 -0.0904
         vertex 0.106018 -0.00902876 -0.1395
      endloop
   endfacet
   facet normal -0.907575 0.419889 0
      outer loop
         vertex 0.103118 -0.0176353 -0.0904
         vertex 0.104801 -0.0134107 -0.0904
         vertex 0.104801 -0.0134107 -0.1395
      endloop
   endfacet
   facet normal -0.856857 0.515554 0
      outer loop
         vertex 0.100988 -0.0216533 -0.0904
         vertex 0.103118 -0.0176353 -0.0904
         vertex 0.103118 -0.0176353 -0.1395
      endloop
   endfacet
   facet normal -0.796093 0.605174 0
      outer loop
         vertex 0.0984359 -0.0254173 -0.0904
         vertex 0.100988 -0.0216533 -0.0904
         vertex 0.100988 -0.0216533 -0.1395
      endloop
   endfacet
   facet normal -0.725995 0.687699 0
      outer loop
         vertex 0.0954918 -0.0288834 -0.0904
         vertex 0.0984359 -0.0254173 -0.0904
         vertex 0.0984359 -0.0254173 -0.1395
      endloop
   endfacet
   facet normal -0.647386 0.762162 0
      outer loop
         vertex 0.0921902 -0.0320108 -0.0904
         vertex 0.0954918 -0.0288834 -0.0904
         vertex 0.0954918 -0.0288834 -0.1395
      endloop
   endfacet
   facet normal -0.561187 0.827689 0
      outer loop
         vertex 0.0885699 -0.0347629 -0.0904
         vertex 0.0921902 -0.0320108 -0.0904
         vertex 0.0921902 -0.0320108 -0.1395
      endloop
   endfacet
   facet normal -0.468408 0.883512 0
      outer loop
         vertex 0.0846732 -0.0371075 -0.0904
         vertex 0.0885699 -0.0347629 -0.0904
         vertex 0.0885699 -0.0347629 -0.1395
      endloop
   endfacet
   facet normal -0.370138 0.928977 0
      outer loop
         vertex 0.0805458 -0.039017 -0.0904
         vertex 0.0846732 -0.0371075 -0.0904
         vertex 0.0846732 -0.0371075 -0.1395
      endloop
   endfacet
   facet normal -0.267528 0.96355 0
      outer loop
         vertex 0.0762362 -0.0404691 -0.0904
         vertex 0.0805458 -0.039017 -0.0904
         vertex 0.0805458 -0.039017 -0.1395
      endloop
   endfacet
   facet normal -0.161782 0.986827 0
      outer loop
         vertex 0.0717948 -0.0414467 -0.0904
         vertex 0.0762362 -0.0404691 -0.0904
         vertex 0.0762362 -0.0404691 -0.1395
      endloop
   endfacet
   facet normal -0.0541389 0.998533 0
      outer loop
         vertex 0.0672738 -0.0419384 -0.0904
         vertex 0.0717948 -0.0414467 -0.0904
         vertex 0.0717948 -0.0414467 -0.1395
      endloop
   endfacet
   facet normal 0.0541389 0.998533 0
      outer loop
         vertex 0.0627262 -0.0419384 -0.0904
         vertex 0.0672738 -0.0419384 -0.0904
         vertex 0.0672738 -0.0419384 -0.1395
      endloop
   endfacet
   facet normal 0.161782 0.986827 0
      outer loop
         vertex 0.0582052 -0.0414467 -0.0904
         vertex 0.0627262 -0.0419384 -0.0904
         vertex 0.0627262 -0.0419384 -0.1395
      endloop
   endfacet
   facet normal 0.267528 0.96355 0
      outer loop
         vertex 0.0537638 -0.0404691 -0.0904
         vertex 0.0582052 -0.0414467 -0.0904
         vertex 0.0582052 -0.0414467 -0.1395
      endloop
   endfacet
   facet normal 0.370138 0.928977 0
      outer loop
         vertex 0.0494542 -0.039017 -0.0904
         vertex 0.0537638 -0.0404691 -0.0904
         vertex 0.0537638 -0.0404691 -0.1395
      endloop
   endfacet
   facet normal 0.468408 0.883512 0
      outer loop
         vertex 0.0453268 -0.0371075 -0.0904
         vertex 0.0494542 -0.039017 -0.0904
         vertex 0.0494542 -0.039017 -0.1395
      endloop
   endfacet
   facet normal 0.561187 0.827689 0
      outer loop
         vertex 0.0414301 -0.0347629 -0.0904
         vertex 0.0453268 -0.0371075 -0.0904
         vertex 0.0453268 -0.0371075 -0.1395
      endloop
   endfacet
   facet normal 0.647386 0.762162 0
      outer loop
         vertex 0.0378098 -0.0320108 -0.0904
         vertex 0.0414301 -0.0347629 -0.0904
         vertex 0.0414301 -0.0347629 -0.1395
      endloop
   endfacet
   facet normal 0.725995 0.687699 0
      outer loop
         vertex 0.0345082 -0.0288834 -0.0904
         vertex 0.0378098 -0.0320108 -0.0904
         vertex 0.0378098 -0.0320108 -0.1395
      endloop
   endfacet
   facet normal 0.796093 0.605174 0
      outer loop
         vertex 0.0315641 -0.0254173 -0.0904
         vertex 0.0345082 -0.0288834 -0.0904
         vertex 0.0345082 -0.0288834 -0.1395
      endloop
   endfacet
   facet normal 0.856857 0.515554 0
      outer loop
         vertex 0.029012 -0.0216533 -0.0904
         vertex 0.0315641 -0.0254173 -0.0904
         vertex 0.0315641 -0.0254173 -0.1395
      endloop
   endfacet
   facet normal 0.907575 0.419889 0
      outer loop
         vertex 0.0268818 -0.0176353 -0.0904
         vertex 0.029012 -0.0216533 -0.0904
         vertex 0.029012 -0.0216533 -0.1395
      endloop
   endfacet
   facet normal 0.947653 0.319302 0
      outer loop
         vertex 0.0251986 -0.0134107 -0.0904
         vertex 0.0268818 -0.0176353 -0.0904
         vertex 0.0268818 -0.0176353 -0.1395
      endloop
   endfacet
   facet normal 0.976621 0.21497 0
      outer loop
         vertex 0.0239819 -0.00902876 -0.0904
         vertex 0.0251986 -0.0134107 -0.0904
         vertex 0.0251986 -0.0134107 -0.1395
      endloop
   endfacet
   facet normal 0.994138 0.108119 0
      outer loop
         vertex 0.0232462 -0.004541 -0.0904
         vertex 0.0239819 -0.00902876 -0.0904
         vertex 0.0239819 -0.00902876 -0.1395
      endloop
   endfacet
   facet normal 1 2.44929e-16 0
      outer loop
         vertex 0.023 6.93889e-18 -0.0904
         vertex 0.0232462 -0.004541 -0.0904
         vertex 0.0232462 -0.004541 -0.1395
      endloop
   endfacet
   facet normal -0.707107 0 -0.707107
      outer loop
         vertex 0.1075 1.73484e-17 -0.14
         vertex 0.107251 -0.00459506 -0.14
         vertex 0.106754 -0.004541 -0.1395
      endloop
   endfacet
   facet normal -0.702962 0.0764517 -0.707107
      outer loop
         vertex 0.107251 -0.00459506 -0.14
         vertex 0.106506 -0.00913624 -0.14
         vertex 0.106018 -0.00902876 -0.1395
      endloop
   endfacet
   facet normal -0.690575 0.152007 -0.707107
      outer loop
         vertex 0.106506 -0.00913624 -0.14
         vertex 0.105275 -0.0135703 -0.14
         vertex 0.104801 -0.0134107 -0.1395
      endloop
   endfacet
   facet normal -0.670092 0.22578 -0.707107
      outer loop
         vertex 0.105275 -0.0135703 -0.14
         vertex 0.103572 -0.0178453 -0.14
         vertex 0.103118 -0.0176353 -0.1395
      endloop
   endfacet
   facet normal -0.641753 0.296906 -0.707107
      outer loop
         vertex 0.103572 -0.0178453 -0.14
         vertex 0.101416 -0.021911 -0.14
         vertex 0.100988 -0.0216533 -0.1395
      endloop
   endfacet
   facet normal -0.60589 0.364552 -0.707107
      outer loop
         vertex 0.101416 -0.021911 -0.14
         vertex 0.098834 -0.0257199 -0.14
         vertex 0.0984359 -0.0254173 -0.1395
      endloop
   endfacet
   facet normal -0.562923 0.427923 -0.707107
      outer loop
         vertex 0.098834 -0.0257199 -0.14
         vertex 0.0958548 -0.0292272 -0.14
         vertex 0.0954918 -0.0288834 -0.1395
      endloop
   endfacet
   facet normal -0.513356 0.486277 -0.707107
      outer loop
         vertex 0.0958548 -0.0292272 -0.14
         vertex 0.0925139 -0.0323919 -0.14
         vertex 0.0921902 -0.0320108 -0.1395
      endloop
   endfacet
   facet normal -0.457771 0.53893 -0.707107
      outer loop
         vertex 0.0925139 -0.0323919 -0.14
         vertex 0.0888505 -0.0351768 -0.14
         vertex 0.0885699 -0.0347629 -0.1395
      endloop
   endfacet
   facet normal -0.396819 0.585265 -0.707107
      outer loop
         vertex 0.0888505 -0.0351768 -0.14
         vertex 0.0849074 -0.0375493 -0.14
         vertex 0.0846732 -0.0371075 -0.1395
      endloop
   endfacet
   facet normal -0.331215 0.624737 -0.707107
      outer loop
         vertex 0.0849074 -0.0375493 -0.14
         vertex 0.0807309 -0.0394815 -0.14
         vertex 0.0805458 -0.039017 -0.1395
      endloop
   endfacet
   facet normal -0.261727 0.656886 -0.707107
      outer loop
         vertex 0.0807309 -0.0394815 -0.14
         vertex 0.07637 -0.0409509 -0.14
         vertex 0.0762362 -0.0404691 -0.1395
      endloop
   endfacet
   facet normal -0.189171 0.681333 -0.707107
      outer loop
         vertex 0.07637 -0.0409509 -0.14
         vertex 0.0718757 -0.0419401 -0.14
         vertex 0.0717948 -0.0414467 -0.1395
      endloop
   endfacet
   facet normal -0.114397 0.697792 -0.707107
      outer loop
         vertex 0.0718757 -0.0419401 -0.14
         vertex 0.0673009 -0.0424377 -0.14
         vertex 0.0672738 -0.0419384 -0.1395
      endloop
   endfacet
   facet normal -0.038282 0.70607 -0.707107
      outer loop
         vertex 0.0673009 -0.0424377 -0.14
         vertex 0.0626991 -0.0424377 -0.14
         vertex 0.0627262 -0.0419384 -0.1395
      endloop
   endfacet
   facet normal 0.038282 0.70607 -0.707107
      outer loop
         vertex 0.0626991 -0.0424377 -0.14
         vertex 0.0581243 -0.0419401 -0.14
         vertex 0.0582052 -0.0414467 -0.1395
      endloop
   endfacet
   facet normal 0.114397 0.697792 -0.707107
      outer loop
         vertex 0.0581243 -0.0419401 -0.14
         vertex 0.05363 -0.0409509 -0.14
         vertex 0.0537638 -0.0404691 -0.1395
      endloop
   endfacet
   facet normal 0.189171 0.681333 -0.707107
      outer loop
         vertex 0.05363 -0.0409509 -0.14
         vertex 0.0492691 -0.0394815 -0.14
         vertex 0.0494542 -0.039017 -0.1395
      endloop
   endfacet
   facet normal 0.261727 0.656886 -0.707107
      outer loop
         vertex 0.0492691 -0.0394815 -0.14
         vertex 0.0450926 -0.0375493 -0.14
         vertex 0.0453268 -0.0371075 -0.1395
      endloop
   endfacet
   facet normal 0.331215 0.624737 -0.707107
      outer loop
         vertex 0.0450926 -0.0375493 -0.14
         vertex 0.0411495 -0.0351768 -0.14
         vertex 0.0414301 -0.0347629 -0.1395
      endloop
   endfacet
   facet normal 0.396819 0.585265 -0.707107
      outer loop
         vertex 0.0411495 -0.0351768 -0.14
         vertex 0.0374861 -0.0323919 -0.14
         vertex 0.0378098 -0.0320108 -0.1395
      endloop
   endfacet
   facet normal 0.457771 0.53893 -0.707107
      outer loop
         vertex 0.0374861 -0.0323919 -0.14
         vertex 0.0341452 -0.0292272 -0.14
         vertex 0.0345082 -0.0288834 -0.1395
      endloop
   endfacet
   facet normal 0.513356 0.486277 -0.707107
      outer loop
         vertex 0.0341452 -0.0292272 -0.14
         vertex 0.031166 -0.0257199 -0.14
         vertex 0.0315641 -0.0254173 -0.1395
      endloop
   endfacet
   facet normal 0.562923 0.427923 -0.707107
      outer loop
         vertex 0.031166 -0.0257199 -0.14
         vertex 0.0285836 -0.021911 -0.14
         vertex 0.029012 -0.0216533 -0.1395
      endloop
   endfacet
   facet normal 0.60589 0.364552 -0.707107
      outer loop
         vertex 0.0285836 -0.021911 -0.14
         vertex 0.026428 -0.0178453 -0.14
         vertex 0.0268818 -0.0176353 -0.1395
      endloop
   endfacet
   facet normal 0.641753 0.296906 -0.707107
      outer loop
         vertex 0.026428 -0.0178453 -0.14
         vertex 0.0247247 -0.0135703 -0.14
         vertex 0.0251986 -0.0134107 -0.1395
      endloop
   endfacet
   facet normal 0.670092 0.22578 -0.707107
      outer loop
         vertex 0.0247247 -0.0135703 -0.14
         vertex 0.0234936 -0.00913624 -0.14
         vertex 0.0239819 -0.00902876 -0.1395
      endloop
   endfacet
   facet normal 0.690575 0.152007 -0.707107
      outer loop
         vertex 0.0234936 -0.00913624 -0.14
         vertex 0.0227491 -0.00459506 -0.14
         vertex 0.0232462 -0.004541 -0.1395
      endloop
   endfacet
   facet normal 0.702962 0.0764517 -0.707107
      outer loop
         vertex 0.0227491 -0.00459506 -0.14
         vertex 0.0225 3.94817e-17 -0.14
         vertex 0.023 3.90989e-17 -0.1395
      endloop
   endfacet
   facet normal 0.707107 -1.47196e-16 -0.707107
      outer loop
         vertex 0.0225 3.94817e-17 -0.14
         vertex 0.0227491 0.00459506 -0.14
         vertex 0.0232462 0.004541 -0.1395
      endloop
   endfacet
   facet normal 0.702962 -0.0764517 -0.707107
      outer loop
         vertex 0.0227491 0.00459506 -0.14
         vertex 0.0234936 0.00913624 -0.14
         vertex 0.0239819 0.00902876 -0.1395
      endloop
   endfacet
   facet normal 0.690575 -0.152007 -0.707107
      outer loop
         vertex 0.0234936 0.00913624 -0.14
         vertex 0.0247247 0.0135703 -0.14
         vertex 0.0251986 0.0134107 -0.1395
      endloop
   endfacet
   facet normal 0.670092 -0.22578 -0.707107
      outer loop
         vertex 0.0247247 0.0135703 -0.14
         vertex 0.026428 0.0178453 -0.14
         vertex 0.0268818 0.0176353 -0.1395
      endloop
   endfacet
   facet normal 0.641753 -0.296906 -0.707107
      outer loop
         vertex 0.026428 0.0178453 -0.14
         vertex 0.0285836 0.021911 -0.14
         vertex 0.029012 0.0216533 -0.1395
      endloop
   endfacet
   facet normal 0.60589 -0.364552 -0.707107
      outer loop
         vertex 0.0285836 0.021911 -0.14
         vertex 0.031166 0.0257199 -0.14
         vertex 0.0315641 0.0254173 -0.1395
      endloop
   endfacet
   facet normal 0.562923 -0.427923 -0.707107
      outer loop
         vertex 0.031166 0.0257199 -0.14
         vertex 0.0341452 0.0292272 -0.14
         vertex 0.0345082 0.0288834 -0.1395
      endloop
   endfacet
   facet normal 0.513356 -0.486277 -0.707107
      outer loop
         vertex 0.0341452 0.0292272 -0.14
         vertex 0.0374861 0.0323919 -0.14
         vertex 0.0378098 0.0320108 -0.1395
      endloop
   endfacet
   facet normal 0.457771 -0.53893 -0.707107
      outer loop
         vertex 0.0374861 0.0323919 -0.14
         vertex 0.0411495 0.0351768 -0.14
         vertex 0.0414301 0.0347629 -0.1395
      endloop
   endfacet
   facet normal 0.396819 -0.585265 -0.707107
      outer loop
         vertex 0.0411495 0.0351768 -0.14
         vertex 0.0450926 0.0375493 -0.14
         vertex 0.0453268 0.0371075 -0.1395
      endloop
   endfacet
   facet normal 0.331215 -0.624737 -0.707107
      outer loop
         vertex 0.0450926 0.0375493 -0.14
         vertex 0.0492691 0.0394815 -0.14
         vertex 0.0494542 0.039017 -0.1395
      endloop
   endfacet
   facet normal 0.261727 -0.656886 -0.707107
      outer loop
         vertex 0.0492691 0.0394815 -0.14
         vertex 0.05363 0.0409509 -0.14
         vertex 0.0537638 0.0404691 -0.1395
      endloop
   endfacet
   facet normal 0.189171 -0.681333 -0.707107
      outer loop
         vertex 0.05363 0.0409509 -0.14
         vertex 0.0581243 0.0419401 -0.14
         vertex 0.0582052 0.0414467 -0.1395
      endloop
   endfacet
   facet normal 0.114397 -0.697792 -0.707107
      outer loop
         vertex 0.0581243 0.0419401 -0.14
         vertex 0.0626991 0.0424377 -0.14
         vertex 0.0627262 0.0419384 -0.1395
      endloop
   endfacet
   facet normal 0.038282 -0.70607 -0.707107
      outer loop
         vertex 0.0626991 0.0424377 -0.14
         vertex 0.0673009 0.0424377 -0.14
         vertex 0.0672738 0.0419384 -0.1395
      endloop
   endfacet
   facet normal -0.038282 -0.70607 -0.707107
      outer loop
         vertex 0.0673009 0.0424377 -0.14
         vertex 0.0718757 0.0419401 -0.14
         vertex 0.0717948 0.0414467 -0.1395
      endloop
   endfacet
   facet normal -0.114397 -0.697792 -0.707107
      outer loop
         vertex 0.0718757 0.0419401 -0.14
         vertex 0.07637 0.0409509 -0.14
         vertex 0.0762362 0.0404691 -0.1395
      endloop
   endfacet
   facet normal -0.189171 -0.681333 -0.707107
      outer loop
         vertex 0.07637 0.0409509 -0.14
         vertex 0.0807309 0.0394815 -0.14
         vertex 0.0805458 0.039017 -0.1395
      endloop
   endfacet
   facet normal -0.261727 -0.656886 -0.707107
      outer loop
         vertex 0.0807309 0.0394815 -0.14
         vertex 0.0849074 0.0375493 -0.14
         vertex 0.0846732 0.0371075 -0.1395
      endloop
   endfacet
   facet normal -0.331215 -0.624737 -0.707107
      outer loop
         vertex 0.0849074 0.0375493 -0.14
         vertex 0.0888505 0.0351768 -0.14
         vertex 0.0885699 0.0347629 -0.1395
      endloop
   endfacet
   facet normal -0.396819 -0.585265 -0.707107
      outer loop
         vertex 0.0888505 0.0351768 -0.14
         vertex 0.0925139 0.0323919 -0.14
         vertex 0.0921902 0.0320108 -0.1395
      endloop
   endfacet
   facet normal -0.457771 -0.53893 -0.707107
      outer loop
         vertex 0.0925139 0.0323919 -0.14
         vertex 0.0958548 0.0292272 -0.14
         vertex 0.0954918 0.0288834 -0.1395
      endloop
   endfacet
   facet normal -0.513356 -0.486277 -0.707107
      outer loop
         vertex 0.0958548 0.0292272 -0.14
         vertex 0.098834 0.0257199 -0.14
         vertex 0.0984359 0.0254173 -0.1395
      endloop
   endfacet
   facet normal -0.562923 -0.427923 -0.707107
      outer loop
         vertex 0.098834 0.0257199 -0.14
         vertex 0.101416 0.021911 -0.14
         vertex 0.100988 0.0216533 -0.1395
      endloop
   endfacet
   facet normal -0.60589 -0.364552 -0.707107
      outer loop
         vertex 0.101416 0.021911 -0.14
         vertex 0.103572 0.0178453 -0.14
         vertex 0.103118 0.0176353 -0.1395
      endloop
   endfacet
   facet normal -0.641753 -0.296906 -0.707107
      outer loop
         vertex 0.103572 0.0178453 -0.14
         vertex 0.105275 0.0135703 -0.14
         vertex 0.104801 0.0134107 -0.1395
      endloop
   endfacet
   facet normal -0.670092 -0.22578 -0.707107
      outer loop
         vertex 0.105275 0.0135703 -0.14
         vertex 0.106506 0.00913624 -0.14
         vertex 0.106018 0.00902876 -0.1395
      endloop
   endfacet
   facet normal -0.690575 -0.152007 -0.707107
      outer loop
         vertex 0.106506 0.00913624 -0.14
         vertex 0.107251 0.00459506 -0.14
         vertex 0.106754 0.004541 -0.1395
      endloop
   endfacet
   facet normal -0.702962 -0.0764517 -0.707107
      outer loop
         vertex 0.107251 0.00459506 -0.14
         vertex 0.1075 1.73484e-17 -0.14
         vertex 0.107 6.93889e-18 -0.1395
      endloop
   endfacet
   facet normal -0.707107 0 -0.707107
      outer loop
         vertex 0.107 6.93889e-18 -0.1395
         vertex 0.106754 0.004541 -0.1395
         vertex 0.107251 0.00459506 -0.14
      endloop
   endfacet
   facet normal -0.702962 -0.0764517 -0.707107
      outer loop
         vertex 0.106754 0.004541 -0.1395
         vertex 0.106018 0.00902876 -0.1395
         vertex 0.106506 0.00913624 -0.14
      endloop
   endfacet
   facet normal -0.690575 -0.152007 -0.707107
      outer loop
         vertex 0.106018 0.00902876 -0.1395
         vertex 0.104801 0.0134107 -0.1395
         vertex 0.105275 0.0135703 -0.14
      endloop
   endfacet
   facet normal -0.670092 -0.22578 -0.707107
      outer loop
         vertex 0.104801 0.0134107 -0.1395
         vertex 0.103118 0.0176353 -0.1395
         vertex 0.103572 0.0178453 -0.14
      endloop
   endfacet
   facet normal -0.641753 -0.296906 -0.707107
      outer loop
         vertex 0.103118 0.0176353 -0.1395
         vertex 0.100988 0.0216533 -0.1395
         vertex 0.101416 0.021911 -0.14
      endloop
   endfacet
   facet normal -0.60589 -0.364552 -0.707107
      outer loop
         vertex 0.100988 0.0216533 -0.1395
         vertex 0.0984359 0.0254173 -0.1395
         vertex 0.098834 0.0257199 -0.14
      endloop
   endfacet
   facet normal -0.562923 -0.427923 -0.707107
      outer loop
         vertex 0.0984359 0.0254173 -0.1395
         vertex 0.0954918 0.0288834 -0.1395
         vertex 0.0958548 0.0292272 -0.14
      endloop
   endfacet
   facet normal -0.513356 -0.486277 -0.707107
      outer loop
         vertex 0.0954918 0.0288834 -0.1395
         vertex 0.0921902 0.0320108 -0.1395
         vertex 0.0925139 0.0323919 -0.14
      endloop
   endfacet
   facet normal -0.457771 -0.53893 -0.707107
      outer loop
         vertex 0.0921902 0.0320108 -0.1395
         vertex 0.0885699 0.0347629 -0.1395
         vertex 0.0888505 0.0351768 -0.14
      endloop
   endfacet
   facet normal -0.396819 -0.585265 -0.707107
      outer loop
         vertex 0.0885699 0.0347629 -0.1395
         vertex 0.0846732 0.0371075 -0.1395
         vertex 0.0849074 0.0375493 -0.14
      endloop
   endfacet
   facet normal -0.331215 -0.624737 -0.707107
      outer loop
         vertex 0.0846732 0.0371075 -0.1395
         vertex 0.0805458 0.039017 -0.1395
         vertex 0.0807309 0.0394815 -0.14
      endloop
   endfacet
   facet normal -0.261727 -0.656886 -0.707107
      outer loop
         vertex 0.0805458 0.039017 -0.1395
         vertex 0.0762362 0.0404691 -0.1395
         vertex 0.07637 0.0409509 -0.14
      endloop
   endfacet
   facet normal -0.189171 -0.681333 -0.707107
      outer loop
         vertex 0.0762362 0.0404691 -0.1395
         vertex 0.0717948 0.0414467 -0.1395
         vertex 0.0718757 0.0419401 -0.14
      endloop
   endfacet
   facet normal -0.114397 -0.697792 -0.707107
      outer loop
         vertex 0.0717948 0.0414467 -0.1395
         vertex 0.0672738 0.0419384 -0.1395
         vertex 0.0673009 0.0424377 -0.14
      endloop
   endfacet
   facet normal -0.038282 -0.70607 -0.707107
      outer loop
         vertex 0.0672738 0.0419384 -0.1395
         vertex 0.0627262 0.0419384 -0.1395
         vertex 0.0626991 0.0424377 -0.14
      endloop
   endfacet
   facet normal 0.038282 -0.70607 -0.707107
      outer loop
         vertex 0.0627262 0.0419384 -0.1395
         vertex 0.0582052 0.0414467 -0.1395
         vertex 0.0581243 0.0419401 -0.14
      endloop
   endfacet
   facet normal 0.114397 -0.697792 -0.707107
      outer loop
         vertex 0.0582052 0.0414467 -0.1395
         vertex 0.0537638 0.0404691 -0.1395
         vertex 0.05363 0.0409509 -0.14
      endloop
   endfacet
   facet normal 0.189171 -0.681333 -0.707107
      outer loop
         vertex 0.0537638 0.0404691 -0.1395
         vertex 0.0494542 0.039017 -0.1395
         vertex 0.0492691 0.0394815 -0.14
      endloop
   endfacet
   facet normal 0.261727 -0.656886 -0.707107
      outer loop
         vertex 0.0494542 0.039017 -0.1395
         vertex 0.0453268 0.0371075 -0.1395
         vertex 0.0450926 0.0375493 -0.14
      endloop
   endfacet
   facet normal 0.331215 -0.624737 -0.707107
      outer loop
         vertex 0.0453268 0.0371075 -0.1395
         vertex 0.0414301 0.0347629 -0.1395
         vertex 0.0411495 0.0351768 -0.14
      endloop
   endfacet
   facet normal 0.396819 -0.585265 -0.707107
      outer loop
         vertex 0.0414301 0.0347629 -0.1395
         vertex 0.0378098 0.0320108 -0.1395
         vertex 0.0374861 0.0323919 -0.14
      endloop
   endfacet
   facet normal 0.457771 -0.53893 -0.707107
      outer loop
         vertex 0.0378098 0.0320108 -0.1395
         vertex 0.0345082 0.0288834 -0.1395
         vertex 0.0341452 0.0292272 -0.14
      endloop
   endfacet
   facet normal 0.513356 -0.486277 -0.707107
      outer loop
         vertex 0.0345082 0.0288834 -0.1395
         vertex 0.0315641 0.0254173 -0.1395
         vertex 0.031166 0.0257199 -0.14
      endloop
   endfacet
   facet normal 0.562923 -0.427923 -0.707107
      outer loop
         vertex 0.0315641 0.0254173 -0.1395
         vertex 0.029012 0.0216533 -0.1395
         vertex 0.0285836 0.021911 -0.14
      endloop
   endfacet
   facet normal 0.60589 -0.364552 -0.707107
      outer loop
         vertex 0.029012 0.0216533 -0.1395
         vertex 0.0268818 0.0176353 -0.1395
         vertex 0.026428 0.0178453 -0.14
      endloop
   endfacet
   facet normal 0.641753 -0.296906 -0.707107
      outer loop
         vertex 0.0268818 0.0176353 -0.1395
         vertex 0.0251986 0.0134107 -0.1395
         vertex 0.0247247 0.0135703 -0.14
      endloop
   endfacet
   facet normal 0.670092 -0.22578 -0.707107
      outer loop
         vertex 0.0251986 0.0134107 -0.1395
         vertex 0.0239819 0.00902876 -0.1395
         vertex 0.0234936 0.00913624 -0.14
      endloop
   endfacet
   facet normal 0.690575 -0.152007 -0.707107
      outer loop
         vertex 0.0239819 0.00902876 -0.1395
         vertex 0.0232462 0.004541 -0.1395
         vertex 0.0227491 0.00459506 -0.14
      endloop
   endfacet
   facet normal 0.702962 -0.0764517 -0.707107
      outer loop
         vertex 0.0232462 0.004541 -0.1395
         vertex 0.023 3.90989e-17 -0.1395
         vertex 0.0225 3.94817e-17 -0.14
      endloop
   endfacet
   facet normal 0.707107 -1.47196e-16 -0.707107
      outer loop
         vertex 0.023 3.90989e-17 -0.1395
         vertex 0.0232462 -0.004541 -0.1395
         vertex 0.0227491 -0.00459506 -0.14
      endloop
   endfacet
   facet normal 0.702962 0.0764517 -0.707107
      outer loop
         vertex 0.0232462 -0.004541 -0.1395
         vertex 0.0239819 -0.00902876 -0.1395
         vertex 0.0234936 -0.00913624 -0.14
      endloop
   endfacet
   facet normal 0.690575 0.152007 -0.707107
      outer loop
         vertex 0.0239819 -0.00902876 -0.1395
         vertex 0.0251986 -0.0134107 -0.1395
         vertex 0.0247247 -0.0135703 -0.14
      endloop
   endfacet
   facet normal 0.670092 0.22578 -0.707107
      outer loop
         vertex 0.0251986 -0.0134107 -0.1395
         vertex 0.0268818 -0.0176353 -0.1395
         vertex 0.026428 -0.0178453 -0.14
      endloop
   endfacet
   facet normal 0.641753 0.296906 -0.707107
      outer loop
         vertex 0.0268818 -0.0176353 -0.1395
         vertex 0.029012 -0.0216533 -0.1395
         vertex 0.0285836 -0.021911 -0.14
      endloop
   endfacet
   facet normal 0.60589 0.364552 -0.707107
      outer loop
         vertex 0.029012 -0.0216533 -0.1395
         vertex 0.0315641 -0.0254173 -0.1395
         vertex 0.031166 -0.0257199 -0.14
      endloop
   endfacet
   facet normal 0.562923 0.427923 -0.707107
      outer loop
         vertex 0.0315641 -0.0254173 -0.1395
         vertex 0.0345082 -0.0288834 -0.1395
         vertex 0.0341452 -0.0292272 -0.14
      endloop
   endfacet
   facet normal 0.513356 0.486277 -0.707107
      outer loop
         vertex 0.0345082 -0.0288834 -0.1395
         vertex 0.0378098 -0.0320108 -0.1395
         vertex 0.0374861 -0.0323919 -0.14
      endloop
   endfacet
   facet normal 0.457771 0.53893 -0.707107
      outer loop
         vertex 0.0378098 -0.0320108 -0.1395
         vertex 0.0414301 -0.0347629 -0.1395
         vertex 0.0411495 -0.0351768 -0.14
      endloop
   endfacet
   facet normal 0.396819 0.585265 -0.707107
      outer loop
         vertex 0.0414301 -0.0347629 -0.1395
         vertex 0.0453268 -0.0371075 -0.1395
         vertex 0.0450926 -0.0375493 -0.14
      endloop
   endfacet
   facet normal 0.331215 0.624737 -0.707107
      outer loop
         vertex 0.0453268 -0.0371075 -0.1395
         vertex 0.0494542 -0.039017 -0.1395
         vertex 0.0492691 -0.0394815 -0.14
      endloop
   endfacet
   facet normal 0.261727 0.656886 -0.707107
      outer loop
         vertex 0.0494542 -0.039017 -0.1395
         vertex 0.0537638 -0.0404691 -0.1395
         vertex 0.05363 -0.0409509 -0.14
      endloop
   endfacet
   facet normal 0.189171 0.681333 -0.707107
      outer loop
         vertex 0.0537638 -0.0404691 -0.1395
         vertex 0.0582052 -0.0414467 -0.1395
         vertex 0.0581243 -0.0419401 -0.14
      endloop
   endfacet
   facet normal 0.114397 0.697792 -0.707107
      outer loop
         vertex 0.0582052 -0.0414467 -0.1395
         vertex 0.0627262 -0.0419384 -0.1395
         vertex 0.0626991 -0.0424377 -0.14
      endloop
   endfacet
   facet normal 0.038282 0.70607 -0.707107
      outer loop
         vertex 0.0627262 -0.0419384 -0.1395
         vertex 0.0672738 -0.0419384 -0.1395
         vertex 0.0673009 -0.0424377 -0.14
      endloop
   endfacet
   facet normal -0.038282 0.70607 -0.707107
      outer loop
         vertex 0.0672738 -0.0419384 -0.1395
         vertex 0.0717948 -0.0414467 -0.1395
         vertex 0.0718757 -0.0419401 -0.14
      endloop
   endfacet
   facet normal -0.114397 0.697792 -0.707107
      outer loop
         vertex 0.0717948 -0.0414467 -0.1395
         vertex 0.0762362 -0.0404691 -0.1395
         vertex 0.07637 -0.0409509 -0.14
      endloop
   endfacet
   facet normal -0.189171 0.681333 -0.707107
      outer loop
         vertex 0.0762362 -0.0404691 -0.1395
         vertex 0.0805458 -0.039017 -0.1395
         vertex 0.0807309 -0.0394815 -0.14
      endloop
   endfacet
   facet normal -0.261727 0.656886 -0.707107
      outer loop
         vertex 0.0805458 -0.039017 -0.1395
         vertex 0.0846732 -0.0371075 -0.1395
         vertex 0.0849074 -0.0375493 -0.14
      endloop
   endfacet
   facet normal -0.331215 0.624737 -0.707107
      outer loop
         vertex 0.0846732 -0.0371075 -0.1395
         vertex 0.0885699 -0.0347629 -0.1395
         vertex 0.0888505 -0.0351768 -0.14
      endloop
   endfacet
   facet normal -0.396819 0.585265 -0.707107
      outer loop
         vertex 0.0885699 -0.0347629 -0.1395
         vertex 0.0921902 -0.0320108 -0.1395
         vertex 0.0925139 -0.0323919 -0.14
      endloop
   endfacet
   facet normal -0.457771 0.53893 -0.707107
      outer loop
         vertex 0.0921902 -0.0320108 -0.1395
         vertex 0.0954918 -0.0288834 -0.1395
         vertex 0.0958548 -0.0292272 -0.14
      endloop
   endfacet
   facet normal -0.513356 0.486277 -0.707107
      outer loop
         vertex 0.0954918 -0.0288834 -0.1395
         vertex 0.0984359 -0.0254173 -0.1395
         vertex 0.098834 -0.0257199 -0.14
      endloop
   endfacet
   facet normal -0.562923 0.427923 -0.707107
      outer loop
         vertex 0.0984359 -0.0254173 -0.1395
         vertex 0.100988 -0.0216533 -0.1395
         vertex 0.101416 -0.021911 -0.14
      endloop
   endfacet
   facet normal -0.60589 0.364552 -0.707107
      outer loop
         vertex 0.100988 -0.0216533 -0.1395
         vertex 0.103118 -0.0176353 -0.1395
         vertex 0.103572 -0.0178453 -0.14
      endloop
   endfacet
   facet normal -0.641753 0.296906 -0.707107
      outer loop
         vertex 0.103118 -0.0176353 -0.1395
         vertex 0.104801 -0.0134107 -0.1395
         vertex 0.105275 -0.0135703 -0.14
      endloop
   endfacet
   facet normal -0.670092 0.22578 -0.707107
      outer loop
         vertex 0.104801 -0.0134107 -0.1395
         vertex 0.106018 -0.00902876 -0.1395
         vertex 0.106506 -0.00913624 -0.14
      endloop
   endfacet
   facet normal -0.690575 0.152007 -0.707107
      outer loop
         vertex 0.106018 -0.00902876 -0.1395
         vertex 0.106754 -0.004541 -0.1395
         vertex 0.107251 -0.00459506 -0.14
      endloop
   endfacet
   facet normal -0.702962 0.0764517 -0.707107
      outer loop
         vertex 0.106754 -0.004541 -0.1395
         vertex 0.107 6.93889e-18 -0.1395
         vertex 0.1075 1.73484e-17 -0.14
      endloop
   endfacet
   facet normal 0 0 -1
      outer loop
         vertex 0.0980328 -0.0312903 -0.14
         vertex 0.0944561 -0.0346784 -0.14
         vertex 0.0925139 -0.0323919 -0.14
      endloop
   endfacet
   facet normal 0 0 -1
      outer loop
         vertex 0.0944561 -0.0346784 -0.14
         vertex 0.090534 -0.0376598 -0.14
         vertex 0.0888505 -0.0351768 -0.14
      endloop
   endfacet
   facet normal 0 0 -1
      outer loop
         vertex 0.090534 -0.0376598 -0.14
         vertex 0.0863126 -0.0401998 -0.14
         vertex 0.0849074 -0.0375493 -0.14
      endloop
   endfacet
   facet normal 0 0 -1
      outer loop
         vertex 0.0863126 -0.0401998 -0.14
         vertex 0.0818413 -0.0422684 -0.14
         vertex 0.0807309 -0.0394815 -0.14
      endloop
   endfacet
   facet normal 0 0 -1
      outer loop
         vertex 0.0888505 -0.0351768 -0.14
         vertex 0.0925139 -0.0323919 -0.14
         vertex 0.0944561 -0.0346784 -0.14
      endloop
   endfacet
   facet normal 0 0 -1
      outer loop
         vertex 0.0807309 -0.0394815 -0.14
         vertex 0.0849074 -0.0375493 -0.14
         vertex 0.0863126 -0.0401998 -0.14
      endloop
   endfacet
   facet normal 0 0 -1
      outer loop
         vertex 0.0818413 -0.0422684 -0.14
         vertex 0.0771725 -0.0438415 -0.14
         vertex 0.07637 -0.0409509 -0.14
      endloop
   endfacet
   facet normal 0 0 -1
      outer loop
         vertex 0.0771725 -0.0438415 -0.14
         vertex 0.0723611 -0.0449006 -0.14
         vertex 0.0718757 -0.0419401 -0.14
      endloop
   endfacet
   facet normal 0 0 -1
      outer loop
         vertex 0.0625367 -0.0454333 -0.14
         vertex 0.0576389 -0.0449006 -0.14
         vertex 0.0581243 -0.0419401 -0.14
      endloop
   endfacet
   facet normal 0 0 -1
      outer loop
         vertex 0.0576389 -0.0449006 -0.14
         vertex 0.0528275 -0.0438415 -0.14
         vertex 0.05363 -0.0409509 -0.14
      endloop
   endfacet
   facet normal 0 0 -1
      outer loop
         vertex 0.0849074 -0.0375493 -0.14
         vertex 0.0888505 -0.0351768 -0.14
         vertex 0.090534 -0.0376598 -0.14
      endloop
   endfacet
   facet normal 0 0 -1
      outer loop
         vertex 0.0718757 -0.0419401 -0.14
         vertex 0.07637 -0.0409509 -0.14
         vertex 0.0771725 -0.0438415 -0.14
      endloop
   endfacet
   facet normal 0 0 -1
      outer loop
         vertex 0.0723611 -0.0449006 -0.14
         vertex 0.0674633 -0.0454333 -0.14
         vertex 0.0673009 -0.0424377 -0.14
      endloop
   endfacet
   facet normal 0 0 -1
      outer loop
         vertex 0.0674633 -0.0454333 -0.14
         vertex 0.0625367 -0.0454333 -0.14
         vertex 0.0626991 -0.0424377 -0.14
      endloop
   endfacet
   facet normal 0 0 -1
      outer loop
         vertex 0.05363 -0.0409509 -0.14
         vertex 0.0581243 -0.0419401 -0.14
         vertex 0.0576389 -0.0449006 -0.14
      endloop
   endfacet
   facet normal 0 0 -1
      outer loop
         vertex 0.0481587 -0.0422684 -0.14
         vertex 0.0492691 -0.0394815 -0.14
         vertex 0.05363 -0.0409509 -0.14
      endloop
   endfacet
   facet normal 0 0 -1
      outer loop
         vertex 0.0436874 -0.0401998 -0.14
         vertex 0.0450926 -0.0375493 -0.14
         vertex 0.0492691 -0.0394815 -0.14
      endloop
   endfacet
   facet normal 0 0 -1
      outer loop
         vertex 0.039466 -0.0376598 -0.14
         vertex 0.0411495 -0.0351768 -0.14
         vertex 0.0450926 -0.0375493 -0.14
      endloop
   endfacet
   facet normal 0 0 -1
      outer loop
         vertex 0.07637 -0.0409509 -0.14
         vertex 0.0807309 -0.0394815 -0.14
         vertex 0.0818413 -0.0422684 -0.14
      endloop
   endfacet
   facet normal 0 0 -1
      outer loop
         vertex 0.0626991 -0.0424377 -0.14
         vertex 0.0673009 -0.0424377 -0.14
         vertex 0.0674633 -0.0454333 -0.14
      endloop
   endfacet
   facet normal 0 0 -1
      outer loop
         vertex 0.05363 -0.0409509 -0.14
         vertex 0.0528275 -0.0438415 -0.14
         vertex 0.0481587 -0.0422684 -0.14
      endloop
   endfacet
   facet normal 0 0 -1
      outer loop
         vertex 0.0450926 -0.0375493 -0.14
         vertex 0.0436874 -0.0401998 -0.14
         vertex 0.039466 -0.0376598 -0.14
      endloop
   endfacet
   facet normal 0 0 -1
      outer loop
         vertex 0.0197667 0.00491942 -0.14
         vertex 0.0227491 0.00459506 -0.14
         vertex 0.0225 3.94817e-17 -0.14
      endloop
   endfacet
   facet normal 0 0 -1
      outer loop
         vertex 0.0205638 0.00978116 -0.14
         vertex 0.0234936 0.00913624 -0.14
         vertex 0.0227491 0.00459506 -0.14
      endloop
   endfacet
   facet normal 0 0 -1
      outer loop
         vertex 0.0673009 -0.0424377 -0.14
         vertex 0.0718757 -0.0419401 -0.14
         vertex 0.0723611 -0.0449006 -0.14
      endloop
   endfacet
   facet normal 0 0 -1
      outer loop
         vertex 0.0492691 -0.0394815 -0.14
         vertex 0.0481587 -0.0422684 -0.14
         vertex 0.0436874 -0.0401998 -0.14
      endloop
   endfacet
   facet normal 0 0 -1
      outer loop
         vertex 0.0355439 -0.0346784 -0.14
         vertex 0.0374861 -0.0323919 -0.14
         vertex 0.0411495 -0.0351768 -0.14
      endloop
   endfacet
   facet normal 0 0 -1
      outer loop
         vertex 0.0319672 -0.0312903 -0.14
         vertex 0.0341452 -0.0292272 -0.14
         vertex 0.0374861 -0.0323919 -0.14
      endloop
   endfacet
   facet normal 0 0 -1
      outer loop
         vertex 0.0287778 -0.0275354 -0.14
         vertex 0.031166 -0.0257199 -0.14
         vertex 0.0341452 -0.0292272 -0.14
      endloop
   endfacet
   facet normal 0 0 -1
      outer loop
         vertex 0.026013 -0.0234577 -0.14
         vertex 0.0285836 -0.021911 -0.14
         vertex 0.031166 -0.0257199 -0.14
      endloop
   endfacet
   facet normal 0 0 -1
      outer loop
         vertex 0.0227491 0.00459506 -0.14
         vertex 0.0197667 0.00491942 -0.14
         vertex 0.0205638 0.00978116 -0.14
      endloop
   endfacet
   facet normal 0 0 -1
      outer loop
         vertex 0.0218818 0.0145282 -0.14
         vertex 0.0247247 0.0135703 -0.14
         vertex 0.0234936 0.00913624 -0.14
      endloop
   endfacet
   facet normal 0 0 -1
      outer loop
         vertex 0.0237053 0.019105 -0.14
         vertex 0.026428 0.0178453 -0.14
         vertex 0.0247247 0.0135703 -0.14
      endloop
   endfacet
   facet normal 0 0 -1
      outer loop
         vertex 0.026013 0.0234577 -0.14
         vertex 0.0285836 0.021911 -0.14
         vertex 0.026428 0.0178453 -0.14
      endloop
   endfacet
   facet normal 0 0 -1
      outer loop
         vertex 0.0355439 0.0346784 -0.14
         vertex 0.0374861 0.0323919 -0.14
         vertex 0.0341452 0.0292272 -0.14
      endloop
   endfacet
   facet normal 0 0 -1
      outer loop
         vertex 0.039466 0.0376598 -0.14
         vertex 0.0411495 0.0351768 -0.14
         vertex 0.0374861 0.0323919 -0.14
      endloop
   endfacet
   facet normal 0 0 -1
      outer loop
         vertex 0.0436874 0.0401998 -0.14
         vertex 0.0450926 0.0375493 -0.14
         vertex 0.0411495 0.0351768 -0.14
      endloop
   endfacet
   facet normal 0 0 -1
      outer loop
         vertex 0.0481587 0.0422684 -0.14
         vertex 0.0492691 0.0394815 -0.14
         vertex 0.0450926 0.0375493 -0.14
      endloop
   endfacet
   facet normal 0 0 -1
      outer loop
         vertex 0.0528275 0.0438415 -0.14
         vertex 0.05363 0.0409509 -0.14
         vertex 0.0492691 0.0394815 -0.14
      endloop
   endfacet
   facet normal 0 0 -1
      outer loop
         vertex 0.0528275 0.0438415 -0.14
         vertex 0.0576389 0.0449006 -0.14
         vertex 0.0581243 0.0419401 -0.14
      endloop
   endfacet
   facet normal 0 0 -1
      outer loop
         vertex 0.0944561 0.0346784 -0.14
         vertex 0.0980328 0.0312903 -0.14
         vertex 0.0958548 0.0292272 -0.14
      endloop
   endfacet
   facet normal 0 0 -1
      outer loop
         vertex 0.0980328 0.0312903 -0.14
         vertex 0.101222 0.0275354 -0.14
         vertex 0.098834 0.0257199 -0.14
      endloop
   endfacet
   facet normal 0 0 -1
      outer loop
         vertex 0.0581243 -0.0419401 -0.14
         vertex 0.0626991 -0.0424377 -0.14
         vertex 0.0625367 -0.0454333 -0.14
      endloop
   endfacet
   facet normal 0 0 -1
      outer loop
         vertex 0.0374861 -0.0323919 -0.14
         vertex 0.0355439 -0.0346784 -0.14
         vertex 0.0319672 -0.0312903 -0.14
      endloop
   endfacet
   facet normal 0 0 -1
      outer loop
         vertex 0.031166 -0.0257199 -0.14
         vertex 0.0287778 -0.0275354 -0.14
         vertex 0.026013 -0.0234577 -0.14
      endloop
   endfacet
   facet normal 0 0 -1
      outer loop
         vertex 0.0237053 -0.019105 -0.14
         vertex 0.026428 -0.0178453 -0.14
         vertex 0.0285836 -0.021911 -0.14
      endloop
   endfacet
   facet normal 0 0 -1
      outer loop
         vertex 0.0218818 -0.0145282 -0.14
         vertex 0.0247247 -0.0135703 -0.14
         vertex 0.026428 -0.0178453 -0.14
      endloop
   endfacet
   facet normal 0 0 -1
      outer loop
         vertex 0.0205638 -0.00978116 -0.14
         vertex 0.0234936 -0.00913624 -0.14
         vertex 0.0247247 -0.0135703 -0.14
      endloop
   endfacet
   facet normal 0 0 -1
      outer loop
         vertex 0.0234936 0.00913624 -0.14
         vertex 0.0205638 0.00978116 -0.14
         vertex 0.0218818 0.0145282 -0.14
      endloop
   endfacet
   facet normal 0 0 -1
      outer loop
         vertex 0.026428 0.0178453 -0.14
         vertex 0.0237053 0.019105 -0.14
         vertex 0.026013 0.0234577 -0.14
      endloop
   endfacet
   facet normal 0 0 -1
      outer loop
         vertex 0.0287778 0.0275354 -0.14
         vertex 0.031166 0.0257199 -0.14
         vertex 0.0285836 0.021911 -0.14
      endloop
   endfacet
   facet normal 0 0 -1
      outer loop
         vertex 0.0319672 0.0312903 -0.14
         vertex 0.0341452 0.0292272 -0.14
         vertex 0.031166 0.0257199 -0.14
      endloop
   endfacet
   facet normal 0 0 -1
      outer loop
         vertex 0.0374861 0.0323919 -0.14
         vertex 0.0355439 0.0346784 -0.14
         vertex 0.039466 0.0376598 -0.14
      endloop
   endfacet
   facet normal 0 0 -1
      outer loop
         vertex 0.0450926 0.0375493 -0.14
         vertex 0.0436874 0.0401998 -0.14
         vertex 0.0481587 0.0422684 -0.14
      endloop
   endfacet
   facet normal 0 0 -1
      outer loop
         vertex 0.0581243 0.0419401 -0.14
         vertex 0.05363 0.0409509 -0.14
         vertex 0.0528275 0.0438415 -0.14
      endloop
   endfacet
   facet normal 0 0 -1
      outer loop
         vertex 0.0576389 0.0449006 -0.14
         vertex 0.0625367 0.0454333 -0.14
         vertex 0.0626991 0.0424377 -0.14
      endloop
   endfacet
   facet normal 0 0 -1
      outer loop
         vertex 0.0771725 0.0438415 -0.14
         vertex 0.0818413 0.0422684 -0.14
         vertex 0.0807309 0.0394815 -0.14
      endloop
   endfacet
   facet normal 0 0 -1
      outer loop
         vertex 0.0818413 0.0422684 -0.14
         vertex 0.0863126 0.0401998 -0.14
         vertex 0.0849074 0.0375493 -0.14
      endloop
   endfacet
   facet normal 0 0 -1
      outer loop
         vertex 0.098834 0.0257199 -0.14
         vertex 0.0958548 0.0292272 -0.14
         vertex 0.0980328 0.0312903 -0.14
      endloop
   endfacet
   facet normal 0 0 -1
      outer loop
         vertex 0.101222 0.0275354 -0.14
         vertex 0.103987 0.0234577 -0.14
         vertex 0.101416 0.021911 -0.14
      endloop
   endfacet
   facet normal 0 0 -1
      outer loop
         vertex 0.109436 -0.00978116 -0.14
         vertex 0.108118 -0.0145282 -0.14
         vertex 0.105275 -0.0135703 -0.14
      endloop
   endfacet
   facet normal 0 0 -1
      outer loop
         vertex 0.108118 -0.0145282 -0.14
         vertex 0.106295 -0.019105 -0.14
         vertex 0.103572 -0.0178453 -0.14
      endloop
   endfacet
   facet normal 0 0 -1
      outer loop
         vertex 0.0411495 -0.0351768 -0.14
         vertex 0.039466 -0.0376598 -0.14
         vertex 0.0355439 -0.0346784 -0.14
      endloop
   endfacet
   facet normal 0 0 -1
      outer loop
         vertex 0.0285836 -0.021911 -0.14
         vertex 0.026013 -0.0234577 -0.14
         vertex 0.0237053 -0.019105 -0.14
      endloop
   endfacet
   facet normal 0 0 -1
      outer loop
         vertex 0.0247247 -0.0135703 -0.14
         vertex 0.0218818 -0.0145282 -0.14
         vertex 0.0205638 -0.00978116 -0.14
      endloop
   endfacet
   facet normal 0 0 -1
      outer loop
         vertex 0.0197667 -0.00491942 -0.14
         vertex 0.0227491 -0.00459506 -0.14
         vertex 0.0234936 -0.00913624 -0.14
      endloop
   endfacet
   facet normal 0 0 -1
      outer loop
         vertex 0.0247247 0.0135703 -0.14
         vertex 0.0218818 0.0145282 -0.14
         vertex 0.0237053 0.019105 -0.14
      endloop
   endfacet
   facet normal 0 0 -1
      outer loop
         vertex 0.031166 0.0257199 -0.14
         vertex 0.0287778 0.0275354 -0.14
         vertex 0.0319672 0.0312903 -0.14
      endloop
   endfacet
   facet normal 0 0 -1
      outer loop
         vertex 0.0411495 0.0351768 -0.14
         vertex 0.039466 0.0376598 -0.14
         vertex 0.0436874 0.0401998 -0.14
      endloop
   endfacet
   facet normal 0 0 -1
      outer loop
         vertex 0.0626991 0.0424377 -0.14
         vertex 0.0581243 0.0419401 -0.14
         vertex 0.0576389 0.0449006 -0.14
      endloop
   endfacet
   facet normal 0 0 -1
      outer loop
         vertex 0.0625367 0.0454333 -0.14
         vertex 0.0674633 0.0454333 -0.14
         vertex 0.0673009 0.0424377 -0.14
      endloop
   endfacet
   facet normal 0 0 -1
      outer loop
         vertex 0.0674633 0.0454333 -0.14
         vertex 0.0723611 0.0449006 -0.14
         vertex 0.0718757 0.0419401 -0.14
      endloop
   endfacet
   facet normal 0 0 -1
      outer loop
         vertex 0.0849074 0.0375493 -0.14
         vertex 0.0807309 0.0394815 -0.14
         vertex 0.0818413 0.0422684 -0.14
      endloop
   endfacet
   facet normal 0 0 -1
      outer loop
         vertex 0.0863126 0.0401998 -0.14
         vertex 0.090534 0.0376598 -0.14
         vertex 0.0888505 0.0351768 -0.14
      endloop
   endfacet
   facet normal 0 0 -1
      outer loop
         vertex 0.090534 0.0376598 -0.14
         vertex 0.0944561 0.0346784 -0.14
         vertex 0.0925139 0.0323919 -0.14
      endloop
   endfacet
   facet normal 0 0 -1
      outer loop
         vertex 0.101416 0.021911 -0.14
         vertex 0.098834 0.0257199 -0.14
         vertex 0.101222 0.0275354 -0.14
      endloop
   endfacet
   facet normal 0 0 -1
      outer loop
         vertex 0.106295 0.019105 -0.14
         vertex 0.108118 0.0145282 -0.14
         vertex 0.105275 0.0135703 -0.14
      endloop
   endfacet
   facet normal 0 0 -1
      outer loop
         vertex 0.108118 0.0145282 -0.14
         vertex 0.109436 0.00978116 -0.14
         vertex 0.106506 0.00913624 -0.14
      endloop
   endfacet
   facet normal 0 0 -1
      outer loop
         vertex 0.1075 1.73484e-17 -0.14
         vertex 0.107251 0.00459506 -0.14
         vertex 0.110409 0.00287191 -0.14
      endloop
   endfacet
   facet normal 0 0 -1
      outer loop
         vertex 0.1105 1.44671e-19 -0.14
         vertex 0.110233 -0.00491942 -0.14
         vertex 0.107251 -0.00459506 -0.14
      endloop
   endfacet
   facet normal 0 0 -1
      outer loop
         vertex 0.110233 -0.00491942 -0.14
         vertex 0.109436 -0.00978116 -0.14
         vertex 0.106506 -0.00913624 -0.14
      endloop
   endfacet
   facet normal 0 0 -1
      outer loop
         vertex 0.103572 -0.0178453 -0.14
         vertex 0.105275 -0.0135703 -0.14
         vertex 0.108118 -0.0145282 -0.14
      endloop
   endfacet
   facet normal 0 0 -1
      outer loop
         vertex 0.106295 -0.019105 -0.14
         vertex 0.103987 -0.0234577 -0.14
         vertex 0.101416 -0.021911 -0.14
      endloop
   endfacet
   facet normal 0 0 -1
      outer loop
         vertex 0.103987 -0.0234577 -0.14
         vertex 0.101222 -0.0275354 -0.14
         vertex 0.098834 -0.0257199 -0.14
      endloop
   endfacet
   facet normal 0 0 -1
      outer loop
         vertex 0.101222 -0.0275354 -0.14
         vertex 0.0980328 -0.0312903 -0.14
         vertex 0.0958548 -0.0292272 -0.14
      endloop
   endfacet
   facet normal 0 0 -1
      outer loop
         vertex 0.0341452 -0.0292272 -0.14
         vertex 0.0319672 -0.0312903 -0.14
         vertex 0.0287778 -0.0275354 -0.14
      endloop
   endfacet
   facet normal 0 0 -1
      outer loop
         vertex 0.0234936 -0.00913624 -0.14
         vertex 0.0205638 -0.00978116 -0.14
         vertex 0.0197667 -0.00491942 -0.14
      endloop
   endfacet
   facet normal 0 0 -1
      outer loop
         vertex 0.0285836 0.021911 -0.14
         vertex 0.026013 0.0234577 -0.14
         vertex 0.0287778 0.0275354 -0.14
      endloop
   endfacet
   facet normal 0 0 -1
      outer loop
         vertex 0.0492691 0.0394815 -0.14
         vertex 0.0481587 0.0422684 -0.14
         vertex 0.0528275 0.0438415 -0.14
      endloop
   endfacet
   facet normal 0 0 -1
      outer loop
         vertex 0.0718757 0.0419401 -0.14
         vertex 0.0673009 0.0424377 -0.14
         vertex 0.0674633 0.0454333 -0.14
      endloop
   endfacet
   facet normal 0 0 -1
      outer loop
         vertex 0.0723611 0.0449006 -0.14
         vertex 0.0771725 0.0438415 -0.14
         vertex 0.07637 0.0409509 -0.14
      endloop
   endfacet
   facet normal 0 0 -1
      outer loop
         vertex 0.0888505 0.0351768 -0.14
         vertex 0.0849074 0.0375493 -0.14
         vertex 0.0863126 0.0401998 -0.14
      endloop
   endfacet
   facet normal 0 0 -1
      outer loop
         vertex 0.0958548 0.0292272 -0.14
         vertex 0.0925139 0.0323919 -0.14
         vertex 0.0944561 0.0346784 -0.14
      endloop
   endfacet
   facet normal 0 0 -1
      outer loop
         vertex 0.103987 0.0234577 -0.14
         vertex 0.106295 0.019105 -0.14
         vertex 0.103572 0.0178453 -0.14
      endloop
   endfacet
   facet normal 0 0 -1
      outer loop
         vertex 0.106506 0.00913624 -0.14
         vertex 0.105275 0.0135703 -0.14
         vertex 0.108118 0.0145282 -0.14
      endloop
   endfacet
   facet normal 0 0 -1
      outer loop
         vertex 0.107251 0.00459506 -0.14
         vertex 0.110233 0.00491942 -0.14
         vertex 0.110409 0.00287191 -0.14
      endloop
   endfacet
   facet normal 0 0 -1
      outer loop
         vertex 0.106506 -0.00913624 -0.14
         vertex 0.107251 -0.00459506 -0.14
         vertex 0.110233 -0.00491942 -0.14
      endloop
   endfacet
   facet normal 0 0 -1
      outer loop
         vertex 0.101416 -0.021911 -0.14
         vertex 0.103572 -0.0178453 -0.14
         vertex 0.106295 -0.019105 -0.14
      endloop
   endfacet
   facet normal 0 0 -1
      outer loop
         vertex 0.0958548 -0.0292272 -0.14
         vertex 0.098834 -0.0257199 -0.14
         vertex 0.101222 -0.0275354 -0.14
      endloop
   endfacet
   facet normal 0 0 -1
      outer loop
         vertex 0.026428 -0.0178453 -0.14
         vertex 0.0237053 -0.019105 -0.14
         vertex 0.0218818 -0.0145282 -0.14
      endloop
   endfacet
   facet normal 0 0 -1
      outer loop
         vertex 0.0195 -3.46953e-17 -0.14
         vertex 0.0225 3.94817e-17 -0.14
         vertex 0.0227491 -0.00459506 -0.14
      endloop
   endfacet
   facet normal 0 0 -1
      outer loop
         vertex 0.0341452 0.0292272 -0.14
         vertex 0.0319672 0.0312903 -0.14
         vertex 0.0355439 0.0346784 -0.14
      endloop
   endfacet
   facet normal 0 0 -1
      outer loop
         vertex 0.07637 0.0409509 -0.14
         vertex 0.0718757 0.0419401 -0.14
         vertex 0.0723611 0.0449006 -0.14
      endloop
   endfacet
   facet normal 0 0 -1
      outer loop
         vertex 0.0925139 0.0323919 -0.14
         vertex 0.0888505 0.0351768 -0.14
         vertex 0.090534 0.0376598 -0.14
      endloop
   endfacet
   facet normal 0 0 -1
      outer loop
         vertex 0.105275 0.0135703 -0.14
         vertex 0.103572 0.0178453 -0.14
         vertex 0.106295 0.019105 -0.14
      endloop
   endfacet
   facet normal 0 0 -1
      outer loop
         vertex 0.109436 0.00978116 -0.14
         vertex 0.110233 0.00491942 -0.14
         vertex 0.107251 0.00459506 -0.14
      endloop
   endfacet
   facet normal 0 0 -1
      outer loop
         vertex 0.107251 -0.00459506 -0.14
         vertex 0.1075 1.73484e-17 -0.14
         vertex 0.1105 1.44671e-19 -0.14
      endloop
   endfacet
   facet normal 0 0 -1
      outer loop
         vertex 0.098834 -0.0257199 -0.14
         vertex 0.101416 -0.021911 -0.14
         vertex 0.103987 -0.0234577 -0.14
      endloop
   endfacet
   facet normal 0 0 -1
      outer loop
         vertex 0.0227491 -0.00459506 -0.14
         vertex 0.0197667 -0.00491942 -0.14
         vertex 0.0195 -3.46953e-17 -0.14
      endloop
   endfacet
   facet normal 0 0 -1
      outer loop
         vertex 0.0673009 0.0424377 -0.14
         vertex 0.0626991 0.0424377 -0.14
         vertex 0.0625367 0.0454333 -0.14
      endloop
   endfacet
   facet normal 0 0 -1
      outer loop
         vertex 0.103572 0.0178453 -0.14
         vertex 0.101416 0.021911 -0.14
         vertex 0.103987 0.0234577 -0.14
      endloop
   endfacet
   facet normal 0 0 -1
      outer loop
         vertex 0.110409 0.00287191 -0.14
         vertex 0.1105 1.44671e-19 -0.14
         vertex 0.1075 1.73484e-17 -0.14
      endloop
   endfacet
   facet normal 0 0 -1
      outer loop
         vertex 0.0925139 -0.0323919 -0.14
         vertex 0.0958548 -0.0292272 -0.14
         vertex 0.0980328 -0.0312903 -0.14
      endloop
   endfacet
   facet normal 0 0 -1
      outer loop
         vertex 0.0807309 0.0394815 -0.14
         vertex 0.07637 0.0409509 -0.14
         vertex 0.0771725 0.0438415 -0.14
      endloop
   endfacet
   facet normal 0 0 -1
      outer loop
         vertex 0.105275 -0.0135703 -0.14
         vertex 0.106506 -0.00913624 -0.14
         vertex 0.109436 -0.00978116 -0.14
      endloop
   endfacet
   facet normal 0 0 -1
      outer loop
         vertex 0.107251 0.00459506 -0.14
         vertex 0.106506 0.00913624 -0.14
         vertex 0.109436 0.00978116 -0.14
      endloop
   endfacet
   facet normal 0 0 -1
      outer loop
         vertex 0.0225 3.94817e-17 -0.14
         vertex 0.0195 -3.46953e-17 -0.14
         vertex 0.0197667 0.00491942 -0.14
      endloop
   endfacet
   facet normal 0.702962 0.0764517 -0.707107
      outer loop
         vertex 0.110233 0.00491942 -0.14
         vertex 0.11073 0.00497347 -0.1395
         vertex 0.110879 0.00333595 -0.1395
      endloop
   endfacet
   facet normal 0.707107 0 -0.707107
      outer loop
         vertex 0.111 -1.11221e-17 -0.1395
         vertex 0.1105 1.44671e-19 -0.14
         vertex 0.110409 0.00287191 -0.14
      endloop
   endfacet
   facet normal 0.705697 0.0446317 -0.707107
      outer loop
         vertex 0.110409 0.00287191 -0.14
         vertex 0.110879 0.00333595 -0.1395
         vertex 0.111 -1.11221e-17 -0.1395
      endloop
   endfacet
   facet normal 0.702962 0.0764517 -0.707107
      outer loop
         vertex 0.11073 0.00497347 -0.1395
         vertex 0.110233 0.00491942 -0.14
         vertex 0.109436 0.00978116 -0.14
      endloop
   endfacet
   facet normal 0.690575 0.152007 -0.707107
      outer loop
         vertex 0.109925 0.00988864 -0.1395
         vertex 0.109436 0.00978116 -0.14
         vertex 0.108118 0.0145282 -0.14
      endloop
   endfacet
   facet normal 0.670092 0.22578 -0.707107
      outer loop
         vertex 0.108592 0.0146879 -0.1395
         vertex 0.108118 0.0145282 -0.14
         vertex 0.106295 0.019105 -0.14
      endloop
   endfacet
   facet normal 0.641753 0.296906 -0.707107
      outer loop
         vertex 0.106748 0.0193149 -0.1395
         vertex 0.106295 0.019105 -0.14
         vertex 0.103987 0.0234577 -0.14
      endloop
   endfacet
   facet normal 0.60589 0.364552 -0.707107
      outer loop
         vertex 0.104415 0.0237155 -0.1395
         vertex 0.103987 0.0234577 -0.14
         vertex 0.101222 0.0275354 -0.14
      endloop
   endfacet
   facet normal 0.562923 0.427923 -0.707107
      outer loop
         vertex 0.10162 0.027838 -0.1395
         vertex 0.101222 0.0275354 -0.14
         vertex 0.0980328 0.0312903 -0.14
      endloop
   endfacet
   facet normal 0.513356 0.486277 -0.707107
      outer loop
         vertex 0.0983958 0.0316342 -0.1395
         vertex 0.0980328 0.0312903 -0.14
         vertex 0.0944561 0.0346784 -0.14
      endloop
   endfacet
   facet normal 0.457771 0.53893 -0.707107
      outer loop
         vertex 0.0947798 0.0350595 -0.1395
         vertex 0.0944561 0.0346784 -0.14
         vertex 0.090534 0.0376598 -0.14
      endloop
   endfacet
   facet normal 0.396819 0.585265 -0.707107
      outer loop
         vertex 0.0908146 0.0380737 -0.1395
         vertex 0.090534 0.0376598 -0.14
         vertex 0.0863126 0.0401998 -0.14
      endloop
   endfacet
   facet normal 0.331215 0.624737 -0.707107
      outer loop
         vertex 0.0865468 0.0406416 -0.1395
         vertex 0.0863126 0.0401998 -0.14
         vertex 0.0818413 0.0422684 -0.14
      endloop
   endfacet
   facet normal 0.261727 0.656886 -0.707107
      outer loop
         vertex 0.0820264 0.0427329 -0.1395
         vertex 0.0818413 0.0422684 -0.14
         vertex 0.0771725 0.0438415 -0.14
      endloop
   endfacet
   facet normal 0.189171 0.681333 -0.707107
      outer loop
         vertex 0.0773063 0.0443233 -0.1395
         vertex 0.0771725 0.0438415 -0.14
         vertex 0.0723611 0.0449006 -0.14
      endloop
   endfacet
   facet normal 0.114397 0.697792 -0.707107
      outer loop
         vertex 0.072442 0.045394 -0.1395
         vertex 0.0723611 0.0449006 -0.14
         vertex 0.0674633 0.0454333 -0.14
      endloop
   endfacet
   facet normal 0.038282 0.70607 -0.707107
      outer loop
         vertex 0.0674904 0.0459325 -0.1395
         vertex 0.0674633 0.0454333 -0.14
         vertex 0.0625367 0.0454333 -0.14
      endloop
   endfacet
   facet normal -0.038282 0.70607 -0.707107
      outer loop
         vertex 0.0625096 0.0459325 -0.1395
         vertex 0.0625367 0.0454333 -0.14
         vertex 0.0576389 0.0449006 -0.14
      endloop
   endfacet
   facet normal -0.114397 0.697792 -0.707107
      outer loop
         vertex 0.057558 0.045394 -0.1395
         vertex 0.0576389 0.0449006 -0.14
         vertex 0.0528275 0.0438415 -0.14
      endloop
   endfacet
   facet normal -0.189171 0.681333 -0.707107
      outer loop
         vertex 0.0526937 0.0443233 -0.1395
         vertex 0.0528275 0.0438415 -0.14
         vertex 0.0481587 0.0422684 -0.14
      endloop
   endfacet
   facet normal -0.261727 0.656886 -0.707107
      outer loop
         vertex 0.0479736 0.0427329 -0.1395
         vertex 0.0481587 0.0422684 -0.14
         vertex 0.0436874 0.0401998 -0.14
      endloop
   endfacet
   facet normal -0.331215 0.624737 -0.707107
      outer loop
         vertex 0.0434532 0.0406416 -0.1395
         vertex 0.0436874 0.0401998 -0.14
         vertex 0.039466 0.0376598 -0.14
      endloop
   endfacet
   facet normal -0.396819 0.585265 -0.707107
      outer loop
         vertex 0.0391854 0.0380737 -0.1395
         vertex 0.039466 0.0376598 -0.14
         vertex 0.0355439 0.0346784 -0.14
      endloop
   endfacet
   facet normal -0.457771 0.53893 -0.707107
      outer loop
         vertex 0.0352202 0.0350595 -0.1395
         vertex 0.0355439 0.0346784 -0.14
         vertex 0.0319672 0.0312903 -0.14
      endloop
   endfacet
   facet normal -0.513356 0.486277 -0.707107
      outer loop
         vertex 0.0316042 0.0316342 -0.1395
         vertex 0.0319672 0.0312903 -0.14
         vertex 0.0287778 0.0275354 -0.14
      endloop
   endfacet
   facet normal -0.562923 0.427923 -0.707107
      outer loop
         vertex 0.0283797 0.027838 -0.1395
         vertex 0.0287778 0.0275354 -0.14
         vertex 0.026013 0.0234577 -0.14
      endloop
   endfacet
   facet normal -0.60589 0.364552 -0.707107
      outer loop
         vertex 0.0255846 0.0237155 -0.1395
         vertex 0.026013 0.0234577 -0.14
         vertex 0.0237053 0.019105 -0.14
      endloop
   endfacet
   facet normal -0.641753 0.296906 -0.707107
      outer loop
         vertex 0.0232515 0.0193149 -0.1395
         vertex 0.0237053 0.019105 -0.14
         vertex 0.0218818 0.0145282 -0.14
      endloop
   endfacet
   facet normal -0.670092 0.22578 -0.707107
      outer loop
         vertex 0.021408 0.0146879 -0.1395
         vertex 0.0218818 0.0145282 -0.14
         vertex 0.0205638 0.00978116 -0.14
      endloop
   endfacet
   facet normal -0.690575 0.152007 -0.707107
      outer loop
         vertex 0.0200755 0.00988864 -0.1395
         vertex 0.0205638 0.00978116 -0.14
         vertex 0.0197667 0.00491942 -0.14
      endloop
   endfacet
   facet normal -0.702962 0.0764517 -0.707107
      outer loop
         vertex 0.0192697 0.00497347 -0.1395
         vertex 0.0197667 0.00491942 -0.14
         vertex 0.0195 -3.46953e-17 -0.14
      endloop
   endfacet
   facet normal -0.707107 -1.47196e-16 -0.707107
      outer loop
         vertex 0.019 -3.50782e-17 -0.1395
         vertex 0.0195 -3.46953e-17 -0.14
         vertex 0.0197667 -0.00491942 -0.14
      endloop
   endfacet
   facet normal -0.702962 -0.0764517 -0.707107
      outer loop
         vertex 0.0192697 -0.00497347 -0.1395
         vertex 0.0197667 -0.00491942 -0.14
         vertex 0.0205638 -0.00978116 -0.14
      endloop
   endfacet
   facet normal -0.690575 -0.152007 -0.707107
      outer loop
         vertex 0.0200755 -0.00988864 -0.1395
         vertex 0.0205638 -0.00978116 -0.14
         vertex 0.0218818 -0.0145282 -0.14
      endloop
   endfacet
   facet normal -0.670092 -0.22578 -0.707107
      outer loop
         vertex 0.021408 -0.0146879 -0.1395
         vertex 0.0218818 -0.0145282 -0.14
         vertex 0.0237053 -0.019105 -0.14
      endloop
   endfacet
   facet normal -0.641753 -0.296906 -0.707107
      outer loop
         vertex 0.0232515 -0.0193149 -0.1395
         vertex 0.0237053 -0.019105 -0.14
         vertex 0.026013 -0.0234577 -0.14
      endloop
   endfacet
   facet normal -0.60589 -0.364552 -0.707107
      outer loop
         vertex 0.0255846 -0.0237155 -0.1395
         vertex 0.026013 -0.0234577 -0.14
         vertex 0.0287778 -0.0275354 -0.14
      endloop
   endfacet
   facet normal -0.562923 -0.427923 -0.707107
      outer loop
         vertex 0.0283797 -0.027838 -0.1395
         vertex 0.0287778 -0.0275354 -0.14
         vertex 0.0319672 -0.0312903 -0.14
      endloop
   endfacet
   facet normal -0.513356 -0.486277 -0.707107
      outer loop
         vertex 0.0316042 -0.0316342 -0.1395
         vertex 0.0319672 -0.0312903 -0.14
         vertex 0.0355439 -0.0346784 -0.14
      endloop
   endfacet
   facet normal -0.457771 -0.53893 -0.707107
      outer loop
         vertex 0.0352202 -0.0350595 -0.1395
         vertex 0.0355439 -0.0346784 -0.14
         vertex 0.039466 -0.0376598 -0.14
      endloop
   endfacet
   facet normal -0.396819 -0.585265 -0.707107
      outer loop
         vertex 0.0391854 -0.0380737 -0.1395
         vertex 0.039466 -0.0376598 -0.14
         vertex 0.0436874 -0.0401998 -0.14
      endloop
   endfacet
   facet normal -0.331215 -0.624737 -0.707107
      outer loop
         vertex 0.0434532 -0.0406416 -0.1395
         vertex 0.0436874 -0.0401998 -0.14
         vertex 0.0481587 -0.0422684 -0.14
      endloop
   endfacet
   facet normal -0.261727 -0.656886 -0.707107
      outer loop
         vertex 0.0479736 -0.0427329 -0.1395
         vertex 0.0481587 -0.0422684 -0.14
         vertex 0.0528275 -0.0438415 -0.14
      endloop
   endfacet
   facet normal -0.189171 -0.681333 -0.707107
      outer loop
         vertex 0.0526937 -0.0443233 -0.1395
         vertex 0.0528275 -0.0438415 -0.14
         vertex 0.0576389 -0.0449006 -0.14
      endloop
   endfacet
   facet normal -0.114397 -0.697792 -0.707107
      outer loop
         vertex 0.057558 -0.045394 -0.1395
         vertex 0.0576389 -0.0449006 -0.14
         vertex 0.0625367 -0.0454333 -0.14
      endloop
   endfacet
   facet normal -0.038282 -0.70607 -0.707107
      outer loop
         vertex 0.0625096 -0.0459325 -0.1395
         vertex 0.0625367 -0.0454333 -0.14
         vertex 0.0674633 -0.0454333 -0.14
      endloop
   endfacet
   facet normal 0.038282 -0.70607 -0.707107
      outer loop
         vertex 0.0674904 -0.0459325 -0.1395
         vertex 0.0674633 -0.0454333 -0.14
         vertex 0.0723611 -0.0449006 -0.14
      endloop
   endfacet
   facet normal 0.114397 -0.697792 -0.707107
      outer loop
         vertex 0.072442 -0.045394 -0.1395
         vertex 0.0723611 -0.0449006 -0.14
         vertex 0.0771725 -0.0438415 -0.14
      endloop
   endfacet
   facet normal 0.189171 -0.681333 -0.707107
      outer loop
         vertex 0.0773063 -0.0443233 -0.1395
         vertex 0.0771725 -0.0438415 -0.14
         vertex 0.0818413 -0.0422684 -0.14
      endloop
   endfacet
   facet normal 0.261727 -0.656886 -0.707107
      outer loop
         vertex 0.0820264 -0.0427329 -0.1395
         vertex 0.0818413 -0.0422684 -0.14
         vertex 0.0863126 -0.0401998 -0.14
      endloop
   endfacet
   facet normal 0.331215 -0.624737 -0.707107
      outer loop
         vertex 0.0865468 -0.0406416 -0.1395
         vertex 0.0863126 -0.0401998 -0.14
         vertex 0.090534 -0.0376598 -0.14
      endloop
   endfacet
   facet normal 0.396819 -0.585265 -0.707107
      outer loop
         vertex 0.0908146 -0.0380737 -0.1395
         vertex 0.090534 -0.0376598 -0.14
         vertex 0.0944561 -0.0346784 -0.14
      endloop
   endfacet
   facet normal 0.457771 -0.53893 -0.707107
      outer loop
         vertex 0.0947798 -0.0350595 -0.1395
         vertex 0.0944561 -0.0346784 -0.14
         vertex 0.0980328 -0.0312903 -0.14
      endloop
   endfacet
   facet normal 0.513356 -0.486277 -0.707107
      outer loop
         vertex 0.0983958 -0.0316342 -0.1395
         vertex 0.0980328 -0.0312903 -0.14
         vertex 0.101222 -0.0275354 -0.14
      endloop
   endfacet
   facet normal 0.562923 -0.427923 -0.707107
      outer loop
         vertex 0.10162 -0.027838 -0.1395
         vertex 0.101222 -0.0275354 -0.14
         vertex 0.103987 -0.0234577 -0.14
      endloop
   endfacet
   facet normal 0.60589 -0.364552 -0.707107
      outer loop
         vertex 0.104415 -0.0237155 -0.1395
         vertex 0.103987 -0.0234577 -0.14
         vertex 0.106295 -0.019105 -0.14
      endloop
   endfacet
   facet normal 0.641753 -0.296906 -0.707107
      outer loop
         vertex 0.106748 -0.0193149 -0.1395
         vertex 0.106295 -0.019105 -0.14
         vertex 0.108118 -0.0145282 -0.14
      endloop
   endfacet
   facet normal 0.670092 -0.22578 -0.707107
      outer loop
         vertex 0.108592 -0.0146879 -0.1395
         vertex 0.108118 -0.0145282 -0.14
         vertex 0.109436 -0.00978116 -0.14
      endloop
   endfacet
   facet normal 0.690575 -0.152007 -0.707107
      outer loop
         vertex 0.109925 -0.00988864 -0.1395
         vertex 0.109436 -0.00978116 -0.14
         vertex 0.110233 -0.00491942 -0.14
      endloop
   endfacet
   facet normal 0.702962 -0.0764517 -0.707107
      outer loop
         vertex 0.11073 -0.00497347 -0.1395
         vertex 0.110233 -0.00491942 -0.14
         vertex 0.1105 1.44671e-19 -0.14
      endloop
   endfacet
   facet normal 0.707107 0 -0.707107
      outer loop
         vertex 0.1105 1.44671e-19 -0.14
         vertex 0.111 -1.11221e-17 -0.1395
         vertex 0.11073 -0.00497347 -0.1395
      endloop
   endfacet
   facet normal 0.702962 -0.0764517 -0.707107
      outer loop
         vertex 0.110233 -0.00491942 -0.14
         vertex 0.11073 -0.00497347 -0.1395
         vertex 0.109925 -0.00988864 -0.1395
      endloop
   endfacet
   facet normal 0.690575 -0.152007 -0.707107
      outer loop
         vertex 0.109436 -0.00978116 -0.14
         vertex 0.109925 -0.00988864 -0.1395
         vertex 0.108592 -0.0146879 -0.1395
      endloop
   endfacet
   facet normal 0.670092 -0.22578 -0.707107
      outer loop
         vertex 0.108118 -0.0145282 -0.14
         vertex 0.108592 -0.0146879 -0.1395
         vertex 0.106748 -0.0193149 -0.1395
      endloop
   endfacet
   facet normal 0.641753 -0.296906 -0.707107
      outer loop
         vertex 0.106295 -0.019105 -0.14
         vertex 0.106748 -0.0193149 -0.1395
         vertex 0.104415 -0.0237155 -0.1395
      endloop
   endfacet
   facet normal 0.60589 -0.364552 -0.707107
      outer loop
         vertex 0.103987 -0.0234577 -0.14
         vertex 0.104415 -0.0237155 -0.1395
         vertex 0.10162 -0.027838 -0.1395
      endloop
   endfacet
   facet normal 0.562923 -0.427923 -0.707107
      outer loop
         vertex 0.101222 -0.0275354 -0.14
         vertex 0.10162 -0.027838 -0.1395
         vertex 0.0983958 -0.0316342 -0.1395
      endloop
   endfacet
   facet normal 0.513356 -0.486277 -0.707107
      outer loop
         vertex 0.0980328 -0.0312903 -0.14
         vertex 0.0983958 -0.0316342 -0.1395
         vertex 0.0947798 -0.0350595 -0.1395
      endloop
   endfacet
   facet normal 0.457771 -0.53893 -0.707107
      outer loop
         vertex 0.0944561 -0.0346784 -0.14
         vertex 0.0947798 -0.0350595 -0.1395
         vertex 0.0908146 -0.0380737 -0.1395
      endloop
   endfacet
   facet normal 0.396819 -0.585265 -0.707107
      outer loop
         vertex 0.090534 -0.0376598 -0.14
         vertex 0.0908146 -0.0380737 -0.1395
         vertex 0.0865468 -0.0406416 -0.1395
      endloop
   endfacet
   facet normal 0.331215 -0.624737 -0.707107
      outer loop
         vertex 0.0863126 -0.0401998 -0.14
         vertex 0.0865468 -0.0406416 -0.1395
         vertex 0.0820264 -0.0427329 -0.1395
      endloop
   endfacet
   facet normal 0.261727 -0.656886 -0.707107
      outer loop
         vertex 0.0818413 -0.0422684 -0.14
         vertex 0.0820264 -0.0427329 -0.1395
         vertex 0.0773063 -0.0443233 -0.1395
      endloop
   endfacet
   facet normal 0.189171 -0.681333 -0.707107
      outer loop
         vertex 0.0771725 -0.0438415 -0.14
         vertex 0.0773063 -0.0443233 -0.1395
         vertex 0.072442 -0.045394 -0.1395
      endloop
   endfacet
   facet normal 0.114397 -0.697792 -0.707107
      outer loop
         vertex 0.0723611 -0.0449006 -0.14
         vertex 0.072442 -0.045394 -0.1395
         vertex 0.0674904 -0.0459325 -0.1395
      endloop
   endfacet
   facet normal 0.038282 -0.70607 -0.707107
      outer loop
         vertex 0.0674633 -0.0454333 -0.14
         vertex 0.0674904 -0.0459325 -0.1395
         vertex 0.0625096 -0.0459325 -0.1395
      endloop
   endfacet
   facet normal -0.038282 -0.70607 -0.707107
      outer loop
         vertex 0.0625367 -0.0454333 -0.14
         vertex 0.0625096 -0.0459325 -0.1395
         vertex 0.057558 -0.045394 -0.1395
      endloop
   endfacet
   facet normal -0.114397 -0.697792 -0.707107
      outer loop
         vertex 0.0576389 -0.0449006 -0.14
         vertex 0.057558 -0.045394 -0.1395
         vertex 0.0526937 -0.0443233 -0.1395
      endloop
   endfacet
   facet normal -0.189171 -0.681333 -0.707107
      outer loop
         vertex 0.0528275 -0.0438415 -0.14
         vertex 0.0526937 -0.0443233 -0.1395
         vertex 0.0479736 -0.0427329 -0.1395
      endloop
   endfacet
   facet normal -0.261727 -0.656886 -0.707107
      outer loop
         vertex 0.0481587 -0.0422684 -0.14
         vertex 0.0479736 -0.0427329 -0.1395
         vertex 0.0434532 -0.0406416 -0.1395
      endloop
   endfacet
   facet normal -0.331215 -0.624737 -0.707107
      outer loop
         vertex 0.0436874 -0.0401998 -0.14
         vertex 0.0434532 -0.0406416 -0.1395
         vertex 0.0391854 -0.0380737 -0.1395
      endloop
   endfacet
   facet normal -0.396819 -0.585265 -0.707107
      outer loop
         vertex 0.039466 -0.0376598 -0.14
         vertex 0.0391854 -0.0380737 -0.1395
         vertex 0.0352202 -0.0350595 -0.1395
      endloop
   endfacet
   facet normal -0.457771 -0.53893 -0.707107
      outer loop
         vertex 0.0355439 -0.0346784 -0.14
         vertex 0.0352202 -0.0350595 -0.1395
         vertex 0.0316042 -0.0316342 -0.1395
      endloop
   endfacet
   facet normal -0.513356 -0.486277 -0.707107
      outer loop
         vertex 0.0319672 -0.0312903 -0.14
         vertex 0.0316042 -0.0316342 -0.1395
         vertex 0.0283797 -0.027838 -0.1395
      endloop
   endfacet
   facet normal -0.562923 -0.427923 -0.707107
      outer loop
         vertex 0.0287778 -0.0275354 -0.14
         vertex 0.0283797 -0.027838 -0.1395
         vertex 0.0255846 -0.0237155 -0.1395
      endloop
   endfacet
   facet normal -0.60589 -0.364552 -0.707107
      outer loop
         vertex 0.026013 -0.0234577 -0.14
         vertex 0.0255846 -0.0237155 -0.1395
         vertex 0.0232515 -0.0193149 -0.1395
      endloop
   endfacet
   facet normal -0.641753 -0.296906 -0.707107
      outer loop
         vertex 0.0237053 -0.019105 -0.14
         vertex 0.0232515 -0.0193149 -0.1395
         vertex 0.021408 -0.0146879 -0.1395
      endloop
   endfacet
   facet normal -0.670092 -0.22578 -0.707107
      outer loop
         vertex 0.0218818 -0.0145282 -0.14
         vertex 0.021408 -0.0146879 -0.1395
         vertex 0.0200755 -0.00988864 -0.1395
      endloop
   endfacet
   facet normal -0.690575 -0.152007 -0.707107
      outer loop
         vertex 0.0205638 -0.00978116 -0.14
         vertex 0.0200755 -0.00988864 -0.1395
         vertex 0.0192697 -0.00497347 -0.1395
      endloop
   endfacet
   facet normal -0.702962 -0.0764517 -0.707107
      outer loop
         vertex 0.0197667 -0.00491942 -0.14
         vertex 0.0192697 -0.00497347 -0.1395
         vertex 0.019 -3.50782e-17 -0.1395
      endloop
   endfacet
   facet normal -0.707107 -1.47196e-16 -0.707107
      outer loop
         vertex 0.0195 -3.46953e-17 -0.14
         vertex 0.019 -3.50782e-17 -0.1395
         vertex 0.0192697 0.00497347 -0.1395
      endloop
   endfacet
   facet normal -0.702962 0.0764517 -0.707107
      outer loop
         vertex 0.0197667 0.00491942 -0.14
         vertex 0.0192697 0.00497347 -0.1395
         vertex 0.0200755 0.00988864 -0.1395
      endloop
   endfacet
   facet normal -0.690575 0.152007 -0.707107
      outer loop
         vertex 0.0205638 0.00978116 -0.14
         vertex 0.0200755 0.00988864 -0.1395
         vertex 0.021408 0.0146879 -0.1395
      endloop
   endfacet
   facet normal -0.670092 0.22578 -0.707107
      outer loop
         vertex 0.0218818 0.0145282 -0.14
         vertex 0.021408 0.0146879 -0.1395
         vertex 0.0232515 0.0193149 -0.1395
      endloop
   endfacet
   facet normal -0.641753 0.296906 -0.707107
      outer loop
         vertex 0.0237053 0.019105 -0.14
         vertex 0.0232515 0.0193149 -0.1395
         vertex 0.0255846 0.0237155 -0.1395
      endloop
   endfacet
   facet normal -0.60589 0.364552 -0.707107
      outer loop
         vertex 0.026013 0.0234577 -0.14
         vertex 0.0255846 0.0237155 -0.1395
         vertex 0.0283797 0.027838 -0.1395
      endloop
   endfacet
   facet normal -0.562923 0.427923 -0.707107
      outer loop
         vertex 0.0287778 0.0275354 -0.14
         vertex 0.0283797 0.027838 -0.1395
         vertex 0.0316042 0.0316342 -0.1395
      endloop
   endfacet
   facet normal -0.513356 0.486277 -0.707107
      outer loop
         vertex 0.0319672 0.0312903 -0.14
         vertex 0.0316042 0.0316342 -0.1395
         vertex 0.0352202 0.0350595 -0.1395
      endloop
   endfacet
   facet normal -0.457771 0.53893 -0.707107
      outer loop
         vertex 0.0355439 0.0346784 -0.14
         vertex 0.0352202 0.0350595 -0.1395
         vertex 0.0391854 0.0380737 -0.1395
      endloop
   endfacet
   facet normal -0.396819 0.585265 -0.707107
      outer loop
         vertex 0.039466 0.0376598 -0.14
         vertex 0.0391854 0.0380737 -0.1395
         vertex 0.0434532 0.0406416 -0.1395
      endloop
   endfacet
   facet normal -0.331215 0.624737 -0.707107
      outer loop
         vertex 0.0436874 0.0401998 -0.14
         vertex 0.0434532 0.0406416 -0.1395
         vertex 0.0479736 0.0427329 -0.1395
      endloop
   endfacet
   facet normal -0.261727 0.656886 -0.707107
      outer loop
         vertex 0.0481587 0.0422684 -0.14
         vertex 0.0479736 0.0427329 -0.1395
         vertex 0.0526937 0.0443233 -0.1395
      endloop
   endfacet
   facet normal -0.189171 0.681333 -0.707107
      outer loop
         vertex 0.0528275 0.0438415 -0.14
         vertex 0.0526937 0.0443233 -0.1395
         vertex 0.057558 0.045394 -0.1395
      endloop
   endfacet
   facet normal -0.114397 0.697792 -0.707107
      outer loop
         vertex 0.0576389 0.0449006 -0.14
         vertex 0.057558 0.045394 -0.1395
         vertex 0.0625096 0.0459325 -0.1395
      endloop
   endfacet
   facet normal -0.038282 0.70607 -0.707107
      outer loop
         vertex 0.0625367 0.0454333 -0.14
         vertex 0.0625096 0.0459325 -0.1395
         vertex 0.0674904 0.0459325 -0.1395
      endloop
   endfacet
   facet normal 0.038282 0.70607 -0.707107
      outer loop
         vertex 0.0674633 0.0454333 -0.14
         vertex 0.0674904 0.0459325 -0.1395
         vertex 0.072442 0.045394 -0.1395
      endloop
   endfacet
   facet normal 0.114397 0.697792 -0.707107
      outer loop
         vertex 0.0723611 0.0449006 -0.14
         vertex 0.072442 0.045394 -0.1395
         vertex 0.0773063 0.0443233 -0.1395
      endloop
   endfacet
   facet normal 0.189171 0.681333 -0.707107
      outer loop
         vertex 0.0771725 0.0438415 -0.14
         vertex 0.0773063 0.0443233 -0.1395
         vertex 0.0820264 0.0427329 -0.1395
      endloop
   endfacet
   facet normal 0.261727 0.656886 -0.707107
      outer loop
         vertex 0.0818413 0.0422684 -0.14
         vertex 0.0820264 0.0427329 -0.1395
         vertex 0.0865468 0.0406416 -0.1395
      endloop
   endfacet
   facet normal 0.331215 0.624737 -0.707107
      outer loop
         vertex 0.0863126 0.0401998 -0.14
         vertex 0.0865468 0.0406416 -0.1395
         vertex 0.0908146 0.0380737 -0.1395
      endloop
   endfacet
   facet normal 0.396819 0.585265 -0.707107
      outer loop
         vertex 0.090534 0.0376598 -0.14
         vertex 0.0908146 0.0380737 -0.1395
         vertex 0.0947798 0.0350595 -0.1395
      endloop
   endfacet
   facet normal 0.457771 0.53893 -0.707107
      outer loop
         vertex 0.0944561 0.0346784 -0.14
         vertex 0.0947798 0.0350595 -0.1395
         vertex 0.0983958 0.0316342 -0.1395
      endloop
   endfacet
   facet normal 0.513356 0.486277 -0.707107
      outer loop
         vertex 0.0980328 0.0312903 -0.14
         vertex 0.0983958 0.0316342 -0.1395
         vertex 0.10162 0.027838 -0.1395
      endloop
   endfacet
   facet normal 0.562923 0.427923 -0.707107
      outer loop
         vertex 0.101222 0.0275354 -0.14
         vertex 0.10162 0.027838 -0.1395
         vertex 0.104415 0.0237155 -0.1395
      endloop
   endfacet
   facet normal 0.60589 0.364552 -0.707107
      outer loop
         vertex 0.103987 0.0234577 -0.14
         vertex 0.104415 0.0237155 -0.1395
         vertex 0.106748 0.0193149 -0.1395
      endloop
   endfacet
   facet normal 0.641753 0.296906 -0.707107
      outer loop
         vertex 0.106295 0.019105 -0.14
         vertex 0.106748 0.0193149 -0.1395
         vertex 0.108592 0.0146879 -0.1395
      endloop
   endfacet
   facet normal 0.670092 0.22578 -0.707107
      outer loop
         vertex 0.108118 0.0145282 -0.14
         vertex 0.108592 0.0146879 -0.1395
         vertex 0.109925 0.00988864 -0.1395
      endloop
   endfacet
   facet normal 0.690575 0.152007 -0.707107
      outer loop
         vertex 0.109436 0.00978116 -0.14
         vertex 0.109925 0.00988864 -0.1395
         vertex 0.11073 0.00497347 -0.1395
      endloop
   endfacet
   facet normal 0.705245 0.0512799 -0.707107
      outer loop
         vertex 0.110879 0.00333595 -0.1395
         vertex 0.110409 0.00287191 -0.14
         vertex 0.110233 0.00491942 -0.14
      endloop
   endfacet
   facet normal -1 0 0
      outer loop
         vertex 0.019 -3.50782e-17 -0.1395
         vertex 0.019 -1.11221e-17 -0.0625
         vertex 0.0192697 0.00497347 -0.0625
      endloop
   endfacet
   facet normal -0.994138 0.108119 0
      outer loop
         vertex 0.0192697 0.00497347 -0.1395
         vertex 0.0192697 0.00497347 -0.0625
         vertex 0.0200755 0.00988864 -0.0625
      endloop
   endfacet
   facet normal -0.976621 0.21497 0
      outer loop
         vertex 0.0200755 0.00988864 -0.1395
         vertex 0.0200755 0.00988864 -0.0625
         vertex 0.021408 0.0146879 -0.0625
      endloop
   endfacet
   facet normal -0.947653 0.319302 0
      outer loop
         vertex 0.021408 0.0146879 -0.1395
         vertex 0.021408 0.0146879 -0.0625
         vertex 0.0232515 0.0193149 -0.0625
      endloop
   endfacet
   facet normal -0.907575 0.419889 0
      outer loop
         vertex 0.0232515 0.0193149 -0.1395
         vertex 0.0232515 0.0193149 -0.0625
         vertex 0.0255846 0.0237155 -0.0625
      endloop
   endfacet
   facet normal -0.856857 0.515554 0
      outer loop
         vertex 0.0255846 0.0237155 -0.1395
         vertex 0.0255846 0.0237155 -0.0625
         vertex 0.0283797 0.027838 -0.0625
      endloop
   endfacet
   facet normal -0.796093 0.605174 0
      outer loop
         vertex 0.0283797 0.027838 -0.1395
         vertex 0.0283797 0.027838 -0.0625
         vertex 0.0316042 0.0316342 -0.0625
      endloop
   endfacet
   facet normal -0.725995 0.687699 0
      outer loop
         vertex 0.0316042 0.0316342 -0.1395
         vertex 0.0316042 0.0316342 -0.0625
         vertex 0.0352202 0.0350595 -0.0625
      endloop
   endfacet
   facet normal -0.647386 0.762162 0
      outer loop
         vertex 0.0352202 0.0350595 -0.1395
         vertex 0.0352202 0.0350595 -0.0625
         vertex 0.0391854 0.0380737 -0.0625
      endloop
   endfacet
   facet normal -0.561187 0.827689 0
      outer loop
         vertex 0.0391854 0.0380737 -0.1395
         vertex 0.0391854 0.0380737 -0.0625
         vertex 0.0434532 0.0406416 -0.0625
      endloop
   endfacet
   facet normal -0.468408 0.883512 0
      outer loop
         vertex 0.0434532 0.0406416 -0.1395
         vertex 0.0434532 0.0406416 -0.0625
         vertex 0.0479736 0.0427329 -0.0625
      endloop
   endfacet
   facet normal -0.370138 0.928977 0
      outer loop
         vertex 0.0479736 0.0427329 -0.1395
         vertex 0.0479736 0.0427329 -0.0625
         vertex 0.0526937 0.0443233 -0.0625
      endloop
   endfacet
   facet normal -0.267528 0.96355 0
      outer loop
         vertex 0.0526937 0.0443233 -0.1395
         vertex 0.0526937 0.0443233 -0.0625
         vertex 0.057558 0.045394 -0.0625
      endloop
   endfacet
   facet normal -0.161782 0.986827 0
      outer loop
         vertex 0.057558 0.045394 -0.1395
         vertex 0.057558 0.045394 -0.0625
         vertex 0.0625096 0.0459325 -0.0625
      endloop
   endfacet
   facet normal -0.0541389 0.998533 0
      outer loop
         vertex 0.0625096 0.0459325 -0.1395
         vertex 0.0625096 0.0459325 -0.0625
         vertex 0.0674904 0.0459325 -0.0625
      endloop
   endfacet
   facet normal 0.0541389 0.998533 0
      outer loop
         vertex 0.0674904 0.0459325 -0.1395
         vertex 0.0674904 0.0459325 -0.0625
         vertex 0.072442 0.045394 -0.0625
      endloop
   endfacet
   facet normal 0.161782 0.986827 0
      outer loop
         vertex 0.072442 0.045394 -0.1395
         vertex 0.072442 0.045394 -0.0625
         vertex 0.0773063 0.0443233 -0.0625
      endloop
   endfacet
   facet normal 0.267528 0.96355 0
      outer loop
         vertex 0.0773063 0.0443233 -0.1395
         vertex 0.0773063 0.0443233 -0.0625
         vertex 0.0820264 0.0427329 -0.0625
      endloop
   endfacet
   facet normal 0.370138 0.928977 0
      outer loop
         vertex 0.0820264 0.0427329 -0.1395
         vertex 0.0820264 0.0427329 -0.0625
         vertex 0.0865468 0.0406416 -0.0625
      endloop
   endfacet
   facet normal 0.468408 0.883512 0
      outer loop
         vertex 0.0865468 0.0406416 -0.1395
         vertex 0.0865468 0.0406416 -0.0625
         vertex 0.0908146 0.0380737 -0.0625
      endloop
   endfacet
   facet normal 0.561187 0.827689 0
      outer loop
         vertex 0.0908146 0.0380737 -0.1395
         vertex 0.0908146 0.0380737 -0.0625
         vertex 0.0947798 0.0350595 -0.0625
      endloop
   endfacet
   facet normal 0.647386 0.762162 0
      outer loop
         vertex 0.0947798 0.0350595 -0.1395
         vertex 0.0947798 0.0350595 -0.0625
         vertex 0.0983958 0.0316342 -0.0625
      endloop
   endfacet
   facet normal 0.725995 0.687699 0
      outer loop
         vertex 0.0983958 0.0316342 -0.1395
         vertex 0.0983958 0.0316342 -0.0625
         vertex 0.10162 0.027838 -0.0625
      endloop
   endfacet
   facet normal 0.796093 0.605174 0
      outer loop
         vertex 0.10162 0.027838 -0.1395
         vertex 0.10162 0.027838 -0.0625
         vertex 0.104415 0.0237155 -0.0625
      endloop
   endfacet
   facet normal 0.856857 0.515554 0
      outer loop
         vertex 0.104415 0.0237155 -0.1395
         vertex 0.104415 0.0237155 -0.0625
         vertex 0.106748 0.0193149 -0.0625
      endloop
   endfacet
   facet normal 0.907575 0.419889 0
      outer loop
         vertex 0.106748 0.0193149 -0.1395
         vertex 0.106748 0.0193149 -0.0625
         vertex 0.108592 0.0146879 -0.0625
      endloop
   endfacet
   facet normal 0.947653 0.319302 0
      outer loop
         vertex 0.108592 0.0146879 -0.1395
         vertex 0.108592 0.0146879 -0.0625
         vertex 0.109925 0.00988864 -0.0625
      endloop
   endfacet
   facet normal 0.976621 0.21497 0
      outer loop
         vertex 0.109925 0.00988864 -0.1395
         vertex 0.109925 0.00988864 -0.0625
         vertex 0.11073 0.00497347 -0.0625
      endloop
   endfacet
   facet normal 1 1.22465e-16 0
      outer loop
         vertex 0.111 1.70448e-17 -0.0625
         vertex 0.111 -1.11221e-17 -0.1395
         vertex 0.110879 0.00333595 -0.1395
      endloop
   endfacet
   facet normal 0.997367 0.0725207 0
      outer loop
         vertex 0.110879 0.00333595 -0.1395
         vertex 0.11073 0.00497347 -0.0625
         vertex 0.111 1.70448e-17 -0.0625
      endloop
   endfacet
   facet normal 1 1.22465e-16 0
      outer loop
         vertex 0.111 -1.11221e-17 -0.1395
         vertex 0.111 1.70448e-17 -0.0625
         vertex 0.11073 -0.00497347 -0.0625
      endloop
   endfacet
   facet normal 0.994138 -0.108119 0
      outer loop
         vertex 0.11073 -0.00497347 -0.1395
         vertex 0.11073 -0.00497347 -0.0625
         vertex 0.109925 -0.00988864 -0.0625
      endloop
   endfacet
   facet normal 0.976621 -0.21497 0
      outer loop
         vertex 0.109925 -0.00988864 -0.1395
         vertex 0.109925 -0.00988864 -0.0625
         vertex 0.108592 -0.0146879 -0.0625
      endloop
   endfacet
   facet normal 0.947653 -0.319302 0
      outer loop
         vertex 0.108592 -0.0146879 -0.1395
         vertex 0.108592 -0.0146879 -0.0625
         vertex 0.106748 -0.0193149 -0.0625
      endloop
   endfacet
   facet normal 0.907575 -0.419889 0
      outer loop
         vertex 0.106748 -0.0193149 -0.1395
         vertex 0.106748 -0.0193149 -0.0625
         vertex 0.104415 -0.0237155 -0.0625
      endloop
   endfacet
   facet normal 0.856857 -0.515554 0
      outer loop
         vertex 0.104415 -0.0237155 -0.1395
         vertex 0.104415 -0.0237155 -0.0625
         vertex 0.10162 -0.027838 -0.0625
      endloop
   endfacet
   facet normal 0.796093 -0.605174 0
      outer loop
         vertex 0.10162 -0.027838 -0.1395
         vertex 0.10162 -0.027838 -0.0625
         vertex 0.0983958 -0.0316342 -0.0625
      endloop
   endfacet
   facet normal 0.725995 -0.687699 0
      outer loop
         vertex 0.0983958 -0.0316342 -0.1395
         vertex 0.0983958 -0.0316342 -0.0625
         vertex 0.0947798 -0.0350595 -0.0625
      endloop
   endfacet
   facet normal 0.647386 -0.762162 0
      outer loop
         vertex 0.0947798 -0.0350595 -0.1395
         vertex 0.0947798 -0.0350595 -0.0625
         vertex 0.0908146 -0.0380737 -0.0625
      endloop
   endfacet
   facet normal 0.561187 -0.827689 0
      outer loop
         vertex 0.0908146 -0.0380737 -0.1395
         vertex 0.0908146 -0.0380737 -0.0625
         vertex 0.0865468 -0.0406416 -0.0625
      endloop
   endfacet
   facet normal 0.468408 -0.883512 0
      outer loop
         vertex 0.0865468 -0.0406416 -0.1395
         vertex 0.0865468 -0.0406416 -0.0625
         vertex 0.0820264 -0.0427329 -0.0625
      endloop
   endfacet
   facet normal 0.370138 -0.928977 0
      outer loop
         vertex 0.0820264 -0.0427329 -0.1395
         vertex 0.0820264 -0.0427329 -0.0625
         vertex 0.0773063 -0.0443233 -0.0625
      endloop
   endfacet
   facet normal 0.267528 -0.96355 0
      outer loop
         vertex 0.0773063 -0.0443233 -0.1395
         vertex 0.0773063 -0.0443233 -0.0625
         vertex 0.072442 -0.045394 -0.0625
      endloop
   endfacet
   facet normal 0.161782 -0.986827 0
      outer loop
         vertex 0.072442 -0.045394 -0.1395
         vertex 0.072442 -0.045394 -0.0625
         vertex 0.0674904 -0.0459325 -0.0625
      endloop
   endfacet
   facet normal 0.0541389 -0.998533 0
      outer loop
         vertex 0.0674904 -0.0459325 -0.1395
         vertex 0.0674904 -0.0459325 -0.0625
         vertex 0.0625096 -0.0459325 -0.0625
      endloop
   endfacet
   facet normal -0.0541389 -0.998533 0
      outer loop
         vertex 0.0625096 -0.0459325 -0.1395
         vertex 0.0625096 -0.0459325 -0.0625
         vertex 0.057558 -0.045394 -0.0625
      endloop
   endfacet
   facet normal -0.161782 -0.986827 0
      outer loop
         vertex 0.057558 -0.045394 -0.1395
         vertex 0.057558 -0.045394 -0.0625
         vertex 0.0526937 -0.0443233 -0.0625
      endloop
   endfacet
   facet normal -0.267528 -0.96355 0
      outer loop
         vertex 0.0526937 -0.0443233 -0.1395
         vertex 0.0526937 -0.0443233 -0.0625
         vertex 0.0479736 -0.0427329 -0.0625
      endloop
   endfacet
   facet normal -0.370138 -0.928977 0
      outer loop
         vertex 0.0479736 -0.0427329 -0.1395
         vertex 0.0479736 -0.0427329 -0.0625
         vertex 0.0434532 -0.0406416 -0.0625
      endloop
   endfacet
   facet normal -0.468408 -0.883512 0
      outer loop
         vertex 0.0434532 -0.0406416 -0.1395
         vertex 0.0434532 -0.0406416 -0.0625
         vertex 0.0391854 -0.0380737 -0.0625
      endloop
   endfacet
   facet normal -0.561187 -0.827689 0
      outer loop
         vertex 0.0391854 -0.0380737 -0.1395
         vertex 0.0391854 -0.0380737 -0.0625
         vertex 0.0352202 -0.0350595 -0.0625
      endloop
   endfacet
   facet normal -0.647386 -0.762162 0
      outer loop
         vertex 0.0352202 -0.0350595 -0.1395
         vertex 0.0352202 -0.0350595 -0.0625
         vertex 0.0316042 -0.0316342 -0.0625
      endloop
   endfacet
   facet normal -0.725995 -0.687699 0
      outer loop
         vertex 0.0316042 -0.0316342 -0.1395
         vertex 0.0316042 -0.0316342 -0.0625
         vertex 0.0283797 -0.027838 -0.0625
      endloop
   endfacet
   facet normal -0.796093 -0.605174 0
      outer loop
         vertex 0.0283797 -0.027838 -0.1395
         vertex 0.0283797 -0.027838 -0.0625
         vertex 0.0255846 -0.0237155 -0.0625
      endloop
   endfacet
   facet normal -0.856857 -0.515554 0
      outer loop
         vertex 0.0255846 -0.0237155 -0.1395
         vertex 0.0255846 -0.0237155 -0.0625
         vertex 0.0232515 -0.0193149 -0.0625
      endloop
   endfacet
   facet normal -0.907575 -0.419889 0
      outer loop
         vertex 0.0232515 -0.0193149 -0.1395
         vertex 0.0232515 -0.0193149 -0.0625
         vertex 0.021408 -0.0146879 -0.0625
      endloop
   endfacet
   facet normal -0.947653 -0.319302 0
      outer loop
         vertex 0.021408 -0.0146879 -0.1395
         vertex 0.021408 -0.0146879 -0.0625
         vertex 0.0200755 -0.00988864 -0.0625
      endloop
   endfacet
   facet normal -0.976621 -0.21497 0
      outer loop
         vertex 0.0200755 -0.00988864 -0.1395
         vertex 0.0200755 -0.00988864 -0.0625
         vertex 0.0192697 -0.00497347 -0.0625
      endloop
   endfacet
   facet normal -0.994138 -0.108119 0
      outer loop
         vertex 0.0192697 -0.00497347 -0.1395
         vertex 0.0192697 -0.00497347 -0.0625
         vertex 0.019 -1.11221e-17 -0.0625
      endloop
   endfacet
   facet normal -1 0 0
      outer loop
         vertex 0.019 -1.11221e-17 -0.0625
         vertex 0.019 -3.50782e-17 -0.1395
         vertex 0.0192697 -0.00497347 -0.1395
      endloop
   endfacet
   facet normal -0.994138 -0.108119 0
      outer loop
         vertex 0.0192697 -0.00497347 -0.0625
         vertex 0.0192697 -0.00497347 -0.1395
         vertex 0.0200755 -0.00988864 -0.1395
      endloop
   endfacet
   facet normal -0.976621 -0.21497 0
      outer loop
         vertex 0.0200755 -0.00988864 -0.0625
         vertex 0.0200755 -0.00988864 -0.1395
         vertex 0.021408 -0.0146879 -0.1395
      endloop
   endfacet
   facet normal -0.947653 -0.319302 0
      outer loop
         vertex 0.021408 -0.0146879 -0.0625
         vertex 0.021408 -0.0146879 -0.1395
         vertex 0.0232515 -0.0193149 -0.1395
      endloop
   endfacet
   facet normal -0.907575 -0.419889 0
      outer loop
         vertex 0.0232515 -0.0193149 -0.0625
         vertex 0.0232515 -0.0193149 -0.1395
         vertex 0.0255846 -0.0237155 -0.1395
      endloop
   endfacet
   facet normal -0.856857 -0.515554 0
      outer loop
         vertex 0.0255846 -0.0237155 -0.0625
         vertex 0.0255846 -0.0237155 -0.1395
         vertex 0.0283797 -0.027838 -0.1395
      endloop
   endfacet
   facet normal -0.796093 -0.605174 0
      outer loop
         vertex 0.0283797 -0.027838 -0.0625
         vertex 0.0283797 -0.027838 -0.1395
         vertex 0.0316042 -0.0316342 -0.1395
      endloop
   endfacet
   facet normal -0.725995 -0.687699 0
      outer loop
         vertex 0.0316042 -0.0316342 -0.0625
         vertex 0.0316042 -0.0316342 -0.1395
         vertex 0.0352202 -0.0350595 -0.1395
      endloop
   endfacet
   facet normal -0.647386 -0.762162 0
      outer loop
         vertex 0.0352202 -0.0350595 -0.0625
         vertex 0.0352202 -0.0350595 -0.1395
         vertex 0.0391854 -0.0380737 -0.1395
      endloop
   endfacet
   facet normal -0.561187 -0.827689 0
      outer loop
         vertex 0.0391854 -0.0380737 -0.0625
         vertex 0.0391854 -0.0380737 -0.1395
         vertex 0.0434532 -0.0406416 -0.1395
      endloop
   endfacet
   facet normal -0.468408 -0.883512 0
      outer loop
         vertex 0.0434532 -0.0406416 -0.0625
         vertex 0.0434532 -0.0406416 -0.1395
         vertex 0.0479736 -0.0427329 -0.1395
      endloop
   endfacet
   facet normal -0.370138 -0.928977 0
      outer loop
         vertex 0.0479736 -0.0427329 -0.0625
         vertex 0.0479736 -0.0427329 -0.1395
         vertex 0.0526937 -0.0443233 -0.1395
      endloop
   endfacet
   facet normal -0.267528 -0.96355 0
      outer loop
         vertex 0.0526937 -0.0443233 -0.0625
         vertex 0.0526937 -0.0443233 -0.1395
         vertex 0.057558 -0.045394 -0.1395
      endloop
   endfacet
   facet normal -0.161782 -0.986827 0
      outer loop
         vertex 0.057558 -0.045394 -0.0625
         vertex 0.057558 -0.045394 -0.1395
         vertex 0.0625096 -0.0459325 -0.1395
      endloop
   endfacet
   facet normal -0.0541389 -0.998533 0
      outer loop
         vertex 0.0625096 -0.0459325 -0.0625
         vertex 0.0625096 -0.0459325 -0.1395
         vertex 0.0674904 -0.0459325 -0.1395
      endloop
   endfacet
   facet normal 0.0541389 -0.998533 0
      outer loop
         vertex 0.0674904 -0.0459325 -0.0625
         vertex 0.0674904 -0.0459325 -0.1395
         vertex 0.072442 -0.045394 -0.1395
      endloop
   endfacet
   facet normal 0.161782 -0.986827 0
      outer loop
         vertex 0.072442 -0.045394 -0.0625
         vertex 0.072442 -0.045394 -0.1395
         vertex 0.0773063 -0.0443233 -0.1395
      endloop
   endfacet
   facet normal 0.267528 -0.96355 0
      outer loop
         vertex 0.0773063 -0.0443233 -0.0625
         vertex 0.0773063 -0.0443233 -0.1395
         vertex 0.0820264 -0.0427329 -0.1395
      endloop
   endfacet
   facet normal 0.370138 -0.928977 0
      outer loop
         vertex 0.0820264 -0.0427329 -0.0625
         vertex 0.0820264 -0.0427329 -0.1395
         vertex 0.0865468 -0.0406416 -0.1395
      endloop
   endfacet
   facet normal 0.468408 -0.883512 0
      outer loop
         vertex 0.0865468 -0.0406416 -0.0625
         vertex 0.0865468 -0.0406416 -0.1395
         vertex 0.0908146 -0.0380737 -0.1395
      endloop
   endfacet
   facet normal 0.561187 -0.827689 0
      outer loop
         vertex 0.0908146 -0.0380737 -0.0625
         vertex 0.0908146 -0.0380737 -0.1395
         vertex 0.0947798 -0.0350595 -0.1395
      endloop
   endfacet
   facet normal 0.647386 -0.762162 0
      outer loop
         vertex 0.0947798 -0.0350595 -0.0625
         vertex 0.0947798 -0.0350595 -0.1395
         vertex 0.0983958 -0.0316342 -0.1395
      endloop
   endfacet
   facet normal 0.725995 -0.687699 0
      outer loop
         vertex 0.0983958 -0.0316342 -0.0625
         vertex 0.0983958 -0.0316342 -0.1395
         vertex 0.10162 -0.027838 -0.1395
      endloop
   endfacet
   facet normal 0.796093 -0.605174 0
      outer loop
         vertex 0.10162 -0.027838 -0.0625
         vertex 0.10162 -0.027838 -0.1395
         vertex 0.104415 -0.0237155 -0.1395
      endloop
   endfacet
   facet normal 0.856857 -0.515554 0
      outer loop
         vertex 0.104415 -0.0237155 -0.0625
         vertex 0.104415 -0.0237155 -0.1395
         vertex 0.106748 -0.0193149 -0.1395
      endloop
   endfacet
   facet normal 0.907575 -0.419889 0
      outer loop
         vertex 0.106748 -0.0193149 -0.0625
         vertex 0.106748 -0.0193149 -0.1395
         vertex 0.108592 -0.0146879 -0.1395
      endloop
   endfacet
   facet normal 0.947653 -0.319302 0
      outer loop
         vertex 0.108592 -0.0146879 -0.0625
         vertex 0.108592 -0.0146879 -0.1395
         vertex 0.109925 -0.00988864 -0.1395
      endloop
   endfacet
   facet normal 0.976621 -0.21497 0
      outer loop
         vertex 0.109925 -0.00988864 -0.0625
         vertex 0.109925 -0.00988864 -0.1395
         vertex 0.11073 -0.00497347 -0.1395
      endloop
   endfacet
   facet normal 0.994138 -0.108119 0
      outer loop
         vertex 0.11073 -0.00497347 -0.0625
         vertex 0.11073 -0.00497347 -0.1395
         vertex 0.111 -1.11221e-17 -0.1395
      endloop
   endfacet
   facet normal 0.997367 0.0725207 0
      outer loop
         vertex 0.110879 0.00333595 -0.1395
         vertex 0.11073 0.00497347 -0.1395
         vertex 0.11073 0.00497347 -0.0625
      endloop
   endfacet
   facet normal 0.994138 0.108119 0
      outer loop
         vertex 0.11073 0.00497347 -0.0625
         vertex 0.11073 0.00497347 -0.1395
         vertex 0.109925 0.00988864 -0.1395
      endloop
   endfacet
   facet normal 0.976621 0.21497 0
      outer loop
         vertex 0.109925 0.00988864 -0.0625
         vertex 0.109925 0.00988864 -0.1395
         vertex 0.108592 0.0146879 -0.1395
      endloop
   endfacet
   facet normal 0.947653 0.319302 0
      outer loop
         vertex 0.108592 0.0146879 -0.0625
         vertex 0.108592 0.0146879 -0.1395
         vertex 0.106748 0.0193149 -0.1395
      endloop
   endfacet
   facet normal 0.907575 0.419889 0
      outer loop
         vertex 0.106748 0.0193149 -0.0625
         vertex 0.106748 0.0193149 -0.1395
         vertex 0.104415 0.0237155 -0.1395
      endloop
   endfacet
   facet normal 0.856857 0.515554 0
      outer loop
         vertex 0.104415 0.0237155 -0.0625
         vertex 0.104415 0.0237155 -0.1395
         vertex 0.10162 0.027838 -0.1395
      endloop
   endfacet
   facet normal 0.796093 0.605174 0
      outer loop
         vertex 0.10162 0.027838 -0.0625
         vertex 0.10162 0.027838 -0.1395
         vertex 0.0983958 0.0316342 -0.1395
      endloop
   endfacet
   facet normal 0.725995 0.687699 0
      outer loop
         vertex 0.0983958 0.0316342 -0.0625
         vertex 0.0983958 0.0316342 -0.1395
         vertex 0.0947798 0.0350595 -0.1395
      endloop
   endfacet
   facet normal 0.647386 0.762162 0
      outer loop
         vertex 0.0947798 0.0350595 -0.0625
         vertex 0.0947798 0.0350595 -0.1395
         vertex 0.0908146 0.0380737 -0.1395
      endloop
   endfacet
   facet normal 0.561187 0.827689 0
      outer loop
         vertex 0.0908146 0.0380737 -0.0625
         vertex 0.0908146 0.0380737 -0.1395
         vertex 0.0865468 0.0406416 -0.1395
      endloop
   endfacet
   facet normal 0.468408 0.883512 0
      outer loop
         vertex 0.0865468 0.0406416 -0.0625
         vertex 0.0865468 0.0406416 -0.1395
         vertex 0.0820264 0.0427329 -0.1395
      endloop
   endfacet
   facet normal 0.370138 0.928977 0
      outer loop
         vertex 0.0820264 0.0427329 -0.0625
         vertex 0.0820264 0.0427329 -0.1395
         vertex 0.0773063 0.0443233 -0.1395
      endloop
   endfacet
   facet normal 0.267528 0.96355 0
      outer loop
         vertex 0.0773063 0.0443233 -0.0625
         vertex 0.0773063 0.0443233 -0.1395
         vertex 0.072442 0.045394 -0.1395
      endloop
   endfacet
   facet normal 0.161782 0.986827 0
      outer loop
         vertex 0.072442 0.045394 -0.0625
         vertex 0.072442 0.045394 -0.1395
         vertex 0.0674904 0.0459325 -0.1395
      endloop
   endfacet
   facet normal 0.0541389 0.998533 0
      outer loop
         vertex 0.0674904 0.0459325 -0.0625
         vertex 0.0674904 0.0459325 -0.1395
         vertex 0.0625096 0.0459325 -0.1395
      endloop
   endfacet
   facet normal -0.0541389 0.998533 0
      outer loop
         vertex 0.0625096 0.0459325 -0.0625
         vertex 0.0625096 0.0459325 -0.1395
         vertex 0.057558 0.045394 -0.1395
      endloop
   endfacet
   facet normal -0.161782 0.986827 0
      outer loop
         vertex 0.057558 0.045394 -0.0625
         vertex 0.057558 0.045394 -0.1395
         vertex 0.0526937 0.0443233 -0.1395
      endloop
   endfacet
   facet normal -0.267528 0.96355 0
      outer loop
         vertex 0.0526937 0.0443233 -0.0625
         vertex 0.0526937 0.0443233 -0.1395
         vertex 0.0479736 0.0427329 -0.1395
      endloop
   endfacet
   facet normal -0.370138 0.928977 0
      outer loop
         vertex 0.0479736 0.0427329 -0.0625
         vertex 0.0479736 0.0427329 -0.1395
         vertex 0.0434532 0.0406416 -0.1395
      endloop
   endfacet
   facet normal -0.468408 0.883512 0
      outer loop
         vertex 0.0434532 0.0406416 -0.0625
         vertex 0.0434532 0.0406416 -0.1395
         vertex 0.0391854 0.0380737 -0.1395
      endloop
   endfacet
   facet normal -0.561187 0.827689 0
      outer loop
         vertex 0.0391854 0.0380737 -0.0625
         vertex 0.0391854 0.0380737 -0.1395
         vertex 0.0352202 0.0350595 -0.1395
      endloop
   endfacet
   facet normal -0.647386 0.762162 0
      outer loop
         vertex 0.0352202 0.0350595 -0.0625
         vertex 0.0352202 0.0350595 -0.1395
         vertex 0.0316042 0.0316342 -0.1395
      endloop
   endfacet
   facet normal -0.725995 0.687699 0
      outer loop
         vertex 0.0316042 0.0316342 -0.0625
         vertex 0.0316042 0.0316342 -0.1395
         vertex 0.0283797 0.027838 -0.1395
      endloop
   endfacet
   facet normal -0.796093 0.605174 0
      outer loop
         vertex 0.0283797 0.027838 -0.0625
         vertex 0.0283797 0.027838 -0.1395
         vertex 0.0255846 0.0237155 -0.1395
      endloop
   endfacet
   facet normal -0.856857 0.515554 0
      outer loop
         vertex 0.0255846 0.0237155 -0.0625
         vertex 0.0255846 0.0237155 -0.1395
         vertex 0.0232515 0.0193149 -0.1395
      endloop
   endfacet
   facet normal -0.907575 0.419889 0
      outer loop
         vertex 0.0232515 0.0193149 -0.0625
         vertex 0.0232515 0.0193149 -0.1395
         vertex 0.021408 0.0146879 -0.1395
      endloop
   endfacet
   facet normal -0.947653 0.319302 0
      outer loop
         vertex 0.021408 0.0146879 -0.0625
         vertex 0.021408 0.0146879 -0.1395
         vertex 0.0200755 0.00988864 -0.1395
      endloop
   endfacet
   facet normal -0.976621 0.21497 0
      outer loop
         vertex 0.0200755 0.00988864 -0.0625
         vertex 0.0200755 0.00988864 -0.1395
         vertex 0.0192697 0.00497347 -0.1395
      endloop
   endfacet
   facet normal -0.994138 0.108119 0
      outer loop
         vertex 0.0192697 0.00497347 -0.0625
         vertex 0.0192697 0.00497347 -0.1395
         vertex 0.019 -3.50782e-17 -0.1395
      endloop
   endfacet
   facet normal 0 0 1
      outer loop
         vertex 0.021408 0.0146879 -0.0625
         vertex 0.0200755 0.00988864 -0.0625
         vertex 0.0245103 0.0107793 -0.0625
      endloop
   endfacet
   facet normal 0 0 1
      outer loop
         vertex 0.0200755 0.00988864 -0.0625
         vertex 0.0192697 0.00497347 -0.0625
         vertex 0.0236095 0.00651462 -0.0625
      endloop
   endfacet
   facet normal 0 0 1
      outer loop
         vertex 0.10162 -0.027838 -0.0625
         vertex 0.104415 -0.0237155 -0.0625
         vertex 0.100221 -0.0226957 -0.0625
      endloop
   endfacet
   facet normal 0 0 1
      outer loop
         vertex 0.104415 -0.0237155 -0.0625
         vertex 0.106748 -0.0193149 -0.0625
         vertex 0.102388 -0.0189139 -0.0625
      endloop
   endfacet
   facet normal 0 0 1
      outer loop
         vertex 0.0236095 0.00651462 -0.0625
         vertex 0.0245103 0.0107793 -0.0625
         vertex 0.0200755 0.00988864 -0.0625
      endloop
   endfacet
   facet normal 0 0 1
      outer loop
         vertex 0.0192697 0.00497347 -0.0625
         vertex 0.019 -1.11221e-17 -0.0625
         vertex 0.0231567 0.0021794 -0.0625
      endloop
   endfacet
   facet normal 0 0 1
      outer loop
         vertex 0.041965 -0.035 -0.0625
         vertex 0.0674904 -0.0459325 -0.0625
         vertex 0.072442 -0.045394 -0.0625
      endloop
   endfacet
   facet normal 0 0 1
      outer loop
         vertex 0.041965 -0.035 -0.0625
         vertex 0.0526937 -0.0443233 -0.0625
         vertex 0.057558 -0.045394 -0.0625
      endloop
   endfacet
   facet normal 0 0 1
      outer loop
         vertex 0.041965 -0.035 -0.0625
         vertex 0.0434532 -0.0406416 -0.0625
         vertex 0.0479736 -0.0427329 -0.0625
      endloop
   endfacet
   facet normal 0 0 1
      outer loop
         vertex 0.102388 -0.0189139 -0.0625
         vertex 0.100221 -0.0226957 -0.0625
         vertex 0.104415 -0.0237155 -0.0625
      endloop
   endfacet
   facet normal 0 0 1
      outer loop
         vertex 0.106748 -0.0193149 -0.0625
         vertex 0.108592 -0.0146879 -0.0625
         vertex 0.104151 -0.0149274 -0.0625
      endloop
   endfacet
   facet normal 0 0 1
      outer loop
         vertex 0.041965 0.035 -0.0625
         vertex 0.057558 0.045394 -0.0625
         vertex 0.0526937 0.0443233 -0.0625
      endloop
   endfacet
   facet normal 0 0 1
      outer loop
         vertex 0.0283797 0.027838 -0.0625
         vertex 0.0255846 0.0237155 -0.0625
         vertex 0.0297791 0.0226957 -0.0625
      endloop
   endfacet
   facet normal 0 0 1
      outer loop
         vertex 0.0255846 0.0237155 -0.0625
         vertex 0.0232515 0.0193149 -0.0625
         vertex 0.0276118 0.0189139 -0.0625
      endloop
   endfacet
   facet normal 0 0 1
      outer loop
         vertex 0.0231567 0.0021794 -0.0625
         vertex 0.0236095 0.00651462 -0.0625
         vertex 0.0192697 0.00497347 -0.0625
      endloop
   endfacet
   facet normal 0 0 1
      outer loop
         vertex 0.0192697 -0.00497347 -0.0625
         vertex 0.0236095 -0.00651462 -0.0625
         vertex 0.0231567 -0.0021794 -0.0625
      endloop
   endfacet
   facet normal 0 0 1
      outer loop
         vertex 0.0200755 -0.00988864 -0.0625
         vertex 0.0245103 -0.0107793 -0.0625
         vertex 0.0236095 -0.00651462 -0.0625
      endloop
   endfacet
   facet normal 0 0 1
      outer loop
         vertex 0.021408 -0.0146879 -0.0625
         vertex 0.0258492 -0.0149274 -0.0625
         vertex 0.0245103 -0.0107793 -0.0625
      endloop
   endfacet
   facet normal 0 0 1
      outer loop
         vertex 0.0232515 -0.0193149 -0.0625
         vertex 0.0276118 -0.0189139 -0.0625
         vertex 0.0258492 -0.0149274 -0.0625
      endloop
   endfacet
   facet normal 0 0 1
      outer loop
         vertex 0.088035 -0.035 -0.0625
         vertex 0.041965 -0.035 -0.0625
         vertex 0.0820264 -0.0427329 -0.0625
      endloop
   endfacet
   facet normal 0 0 1
      outer loop
         vertex 0.041965 -0.035 -0.0625
         vertex 0.0625096 -0.0459325 -0.0625
         vertex 0.0674904 -0.0459325 -0.0625
      endloop
   endfacet
   facet normal 0 0 1
      outer loop
         vertex 0.0479736 -0.0427329 -0.0625
         vertex 0.0526937 -0.0443233 -0.0625
         vertex 0.041965 -0.035 -0.0625
      endloop
   endfacet
   facet normal 0 0 1
      outer loop
         vertex 0.0983958 -0.0316342 -0.0625
         vertex 0.10162 -0.027838 -0.0625
         vertex 0.0976725 -0.026232 -0.0625
      endloop
   endfacet
   facet normal 0 0 1
      outer loop
         vertex 0.104151 -0.0149274 -0.0625
         vertex 0.102388 -0.0189139 -0.0625
         vertex 0.106748 -0.0193149 -0.0625
      endloop
   endfacet
   facet normal 0 0 1
      outer loop
         vertex 0.10162 0.027838 -0.0625
         vertex 0.0976725 0.026232 -0.0625
         vertex 0.100221 0.0226957 -0.0625
      endloop
   endfacet
   facet normal 0 0 1
      outer loop
         vertex 0.0983958 0.0316342 -0.0625
         vertex 0.0947706 0.0294843 -0.0625
         vertex 0.0976725 0.026232 -0.0625
      endloop
   endfacet
   facet normal 0 0 1
      outer loop
         vertex 0.0947798 0.0350595 -0.0625
         vertex 0.0915464 0.0324176 -0.0625
         vertex 0.0947706 0.0294843 -0.0625
      endloop
   endfacet
   facet normal 0 0 1
      outer loop
         vertex 0.0908146 0.0380737 -0.0625
         vertex 0.088035 0.035 -0.0625
         vertex 0.0915464 0.0324176 -0.0625
      endloop
   endfacet
   facet normal 0 0 1
      outer loop
         vertex 0.041965 0.035 -0.0625
         vertex 0.0479736 0.0427329 -0.0625
         vertex 0.0434532 0.0406416 -0.0625
      endloop
   endfacet
   facet normal 0 0 1
      outer loop
         vertex 0.041965 0.035 -0.0625
         vertex 0.0625096 0.0459325 -0.0625
         vertex 0.057558 0.045394 -0.0625
      endloop
   endfacet
   facet normal 0 0 1
      outer loop
         vertex 0.0316042 0.0316342 -0.0625
         vertex 0.0283797 0.027838 -0.0625
         vertex 0.0323275 0.026232 -0.0625
      endloop
   endfacet
   facet normal 0 0 1
      outer loop
         vertex 0.0276118 0.0189139 -0.0625
         vertex 0.0297791 0.0226957 -0.0625
         vertex 0.0255846 0.0237155 -0.0625
      endloop
   endfacet
   facet normal 0 0 1
      outer loop
         vertex 0.019 -1.11221e-17 -0.0625
         vertex 0.0231567 -0.0021794 -0.0625
         vertex 0.0231567 0.0021794 -0.0625
      endloop
   endfacet
   facet normal 0 0 1
      outer loop
         vertex 0.0236095 -0.00651462 -0.0625
         vertex 0.0192697 -0.00497347 -0.0625
         vertex 0.0200755 -0.00988864 -0.0625
      endloop
   endfacet
   facet normal 0 0 1
      outer loop
         vertex 0.0258492 -0.0149274 -0.0625
         vertex 0.021408 -0.0146879 -0.0625
         vertex 0.0232515 -0.0193149 -0.0625
      endloop
   endfacet
   facet normal 0 0 1
      outer loop
         vertex 0.0255846 -0.0237155 -0.0625
         vertex 0.0297791 -0.0226957 -0.0625
         vertex 0.0276118 -0.0189139 -0.0625
      endloop
   endfacet
   facet normal 0 0 1
      outer loop
         vertex 0.0283797 -0.027838 -0.0625
         vertex 0.0323275 -0.026232 -0.0625
         vertex 0.0297791 -0.0226957 -0.0625
      endloop
   endfacet
   facet normal 0 0 1
      outer loop
         vertex 0.0316042 -0.0316342 -0.0625
         vertex 0.0352294 -0.0294843 -0.0625
         vertex 0.0323275 -0.026232 -0.0625
      endloop
   endfacet
   facet normal 0 0 1
      outer loop
         vertex 0.0352202 -0.0350595 -0.0625
         vertex 0.0384536 -0.0324176 -0.0625
         vertex 0.0352294 -0.0294843 -0.0625
      endloop
   endfacet
   facet normal 0 0 1
      outer loop
         vertex 0.0391854 -0.0380737 -0.0625
         vertex 0.041965 -0.035 -0.0625
         vertex 0.0384536 -0.0324176 -0.0625
      endloop
   endfacet
   facet normal 0 0 1
      outer loop
         vertex 0.041965 -0.035 -0.0625
         vertex 0.0773063 -0.0443233 -0.0625
         vertex 0.0820264 -0.0427329 -0.0625
      endloop
   endfacet
   facet normal 0 0 1
      outer loop
         vertex 0.057558 -0.045394 -0.0625
         vertex 0.0625096 -0.0459325 -0.0625
         vertex 0.041965 -0.035 -0.0625
      endloop
   endfacet
   facet normal 0 0 1
      outer loop
         vertex 0.0908146 -0.0380737 -0.0625
         vertex 0.0947798 -0.0350595 -0.0625
         vertex 0.0915464 -0.0324176 -0.0625
      endloop
   endfacet
   facet normal 0 0 1
      outer loop
         vertex 0.0947798 -0.0350595 -0.0625
         vertex 0.0983958 -0.0316342 -0.0625
         vertex 0.0947706 -0.0294843 -0.0625
      endloop
   endfacet
   facet normal 0 0 1
      outer loop
         vertex 0.100221 -0.0226957 -0.0625
         vertex 0.0976725 -0.026232 -0.0625
         vertex 0.10162 -0.027838 -0.0625
      endloop
   endfacet
   facet normal 0 0 1
      outer loop
         vertex 0.108592 -0.0146879 -0.0625
         vertex 0.109925 -0.00988864 -0.0625
         vertex 0.10549 -0.0107793 -0.0625
      endloop
   endfacet
   facet normal 0 0 1
      outer loop
         vertex 0.109925 -0.00988864 -0.0625
         vertex 0.11073 -0.00497347 -0.0625
         vertex 0.10639 -0.00651462 -0.0625
      endloop
   endfacet
   facet normal 0 0 1
      outer loop
         vertex 0.11073 -0.00497347 -0.0625
         vertex 0.111 1.70448e-17 -0.0625
         vertex 0.106843 -0.0021794 -0.0625
      endloop
   endfacet
   facet normal 0 0 1
      outer loop
         vertex 0.109925 0.00988864 -0.0625
         vertex 0.10549 0.0107793 -0.0625
         vertex 0.10639 0.00651462 -0.0625
      endloop
   endfacet
   facet normal 0 0 1
      outer loop
         vertex 0.108592 0.0146879 -0.0625
         vertex 0.104151 0.0149274 -0.0625
         vertex 0.10549 0.0107793 -0.0625
      endloop
   endfacet
   facet normal 0 0 1
      outer loop
         vertex 0.106748 0.0193149 -0.0625
         vertex 0.102388 0.0189139 -0.0625
         vertex 0.104151 0.0149274 -0.0625
      endloop
   endfacet
   facet normal 0 0 1
      outer loop
         vertex 0.104415 0.0237155 -0.0625
         vertex 0.100221 0.0226957 -0.0625
         vertex 0.102388 0.0189139 -0.0625
      endloop
   endfacet
   facet normal 0 0 1
      outer loop
         vertex 0.0976725 0.026232 -0.0625
         vertex 0.10162 0.027838 -0.0625
         vertex 0.0983958 0.0316342 -0.0625
      endloop
   endfacet
   facet normal 0 0 1
      outer loop
         vertex 0.0915464 0.0324176 -0.0625
         vertex 0.0947798 0.0350595 -0.0625
         vertex 0.0908146 0.0380737 -0.0625
      endloop
   endfacet
   facet normal 0 0 1
      outer loop
         vertex 0.0526937 0.0443233 -0.0625
         vertex 0.0479736 0.0427329 -0.0625
         vertex 0.041965 0.035 -0.0625
      endloop
   endfacet
   facet normal 0 0 1
      outer loop
         vertex 0.088035 0.035 -0.0625
         vertex 0.0865468 0.0406416 -0.0625
         vertex 0.0820264 0.0427329 -0.0625
      endloop
   endfacet
   facet normal 0 0 1
      outer loop
         vertex 0.0391854 0.0380737 -0.0625
         vertex 0.0352202 0.0350595 -0.0625
         vertex 0.0384536 0.0324176 -0.0625
      endloop
   endfacet
   facet normal 0 0 1
      outer loop
         vertex 0.0352202 0.0350595 -0.0625
         vertex 0.0316042 0.0316342 -0.0625
         vertex 0.0352294 0.0294843 -0.0625
      endloop
   endfacet
   facet normal 0 0 1
      outer loop
         vertex 0.0297791 0.0226957 -0.0625
         vertex 0.0323275 0.026232 -0.0625
         vertex 0.0283797 0.027838 -0.0625
      endloop
   endfacet
   facet normal 0 0 1
      outer loop
         vertex 0.0232515 0.0193149 -0.0625
         vertex 0.021408 0.0146879 -0.0625
         vertex 0.0258492 0.0149274 -0.0625
      endloop
   endfacet
   facet normal 0 0 1
      outer loop
         vertex 0.0231567 -0.0021794 -0.0625
         vertex 0.019 -1.11221e-17 -0.0625
         vertex 0.0192697 -0.00497347 -0.0625
      endloop
   endfacet
   facet normal 0 0 1
      outer loop
         vertex 0.0276118 -0.0189139 -0.0625
         vertex 0.0232515 -0.0193149 -0.0625
         vertex 0.0255846 -0.0237155 -0.0625
      endloop
   endfacet
   facet normal 0 0 1
      outer loop
         vertex 0.0323275 -0.026232 -0.0625
         vertex 0.0283797 -0.027838 -0.0625
         vertex 0.0316042 -0.0316342 -0.0625
      endloop
   endfacet
   facet normal 0 0 1
      outer loop
         vertex 0.0384536 -0.0324176 -0.0625
         vertex 0.0352202 -0.0350595 -0.0625
         vertex 0.0391854 -0.0380737 -0.0625
      endloop
   endfacet
   facet normal 0 0 1
      outer loop
         vertex 0.072442 -0.045394 -0.0625
         vertex 0.0773063 -0.0443233 -0.0625
         vertex 0.041965 -0.035 -0.0625
      endloop
   endfacet
   facet normal 0 0 1
      outer loop
         vertex 0.0947706 -0.0294843 -0.0625
         vertex 0.0915464 -0.0324176 -0.0625
         vertex 0.0947798 -0.0350595 -0.0625
      endloop
   endfacet
   facet normal 0 0 1
      outer loop
         vertex 0.10549 -0.0107793 -0.0625
         vertex 0.104151 -0.0149274 -0.0625
         vertex 0.108592 -0.0146879 -0.0625
      endloop
   endfacet
   facet normal 0 0 1
      outer loop
         vertex 0.106843 -0.0021794 -0.0625
         vertex 0.10639 -0.00651462 -0.0625
         vertex 0.11073 -0.00497347 -0.0625
      endloop
   endfacet
   facet normal 0 0 1
      outer loop
         vertex 0.11073 0.00497347 -0.0625
         vertex 0.10639 0.00651462 -0.0625
         vertex 0.106843 0.0021794 -0.0625
      endloop
   endfacet
   facet normal 0 0 1
      outer loop
         vertex 0.10549 0.0107793 -0.0625
         vertex 0.109925 0.00988864 -0.0625
         vertex 0.108592 0.0146879 -0.0625
      endloop
   endfacet
   facet normal 0 0 1
      outer loop
         vertex 0.102388 0.0189139 -0.0625
         vertex 0.106748 0.0193149 -0.0625
         vertex 0.104415 0.0237155 -0.0625
      endloop
   endfacet
   facet normal 0 0 1
      outer loop
         vertex 0.0947706 0.0294843 -0.0625
         vertex 0.0983958 0.0316342 -0.0625
         vertex 0.0947798 0.0350595 -0.0625
      endloop
   endfacet
   facet normal 0 0 1
      outer loop
         vertex 0.041965 0.035 -0.0625
         vertex 0.0674904 0.0459325 -0.0625
         vertex 0.0625096 0.0459325 -0.0625
      endloop
   endfacet
   facet normal 0 0 1
      outer loop
         vertex 0.041965 0.035 -0.0625
         vertex 0.0773063 0.0443233 -0.0625
         vertex 0.072442 0.045394 -0.0625
      endloop
   endfacet
   facet normal 0 0 1
      outer loop
         vertex 0.088035 0.035 -0.0625
         vertex 0.0908146 0.0380737 -0.0625
         vertex 0.0865468 0.0406416 -0.0625
      endloop
   endfacet
   facet normal 0 0 1
      outer loop
         vertex 0.0352294 0.0294843 -0.0625
         vertex 0.0384536 0.0324176 -0.0625
         vertex 0.0352202 0.0350595 -0.0625
      endloop
   endfacet
   facet normal 0 0 1
      outer loop
         vertex 0.0258492 0.0149274 -0.0625
         vertex 0.0276118 0.0189139 -0.0625
         vertex 0.0232515 0.0193149 -0.0625
      endloop
   endfacet
   facet normal 0 0 1
      outer loop
         vertex 0.0245103 -0.0107793 -0.0625
         vertex 0.0200755 -0.00988864 -0.0625
         vertex 0.021408 -0.0146879 -0.0625
      endloop
   endfacet
   facet normal 0 0 1
      outer loop
         vertex 0.0352294 -0.0294843 -0.0625
         vertex 0.0316042 -0.0316342 -0.0625
         vertex 0.0352202 -0.0350595 -0.0625
      endloop
   endfacet
   facet normal 0 0 1
      outer loop
         vertex 0.041965 -0.035 -0.0625
         vertex 0.0391854 -0.0380737 -0.0625
         vertex 0.0434532 -0.0406416 -0.0625
      endloop
   endfacet
   facet normal 0 0 1
      outer loop
         vertex 0.0976725 -0.026232 -0.0625
         vertex 0.0947706 -0.0294843 -0.0625
         vertex 0.0983958 -0.0316342 -0.0625
      endloop
   endfacet
   facet normal 0 0 1
      outer loop
         vertex 0.111 1.70448e-17 -0.0625
         vertex 0.106843 0.0021794 -0.0625
         vertex 0.106843 -0.0021794 -0.0625
      endloop
   endfacet
   facet normal 0 0 1
      outer loop
         vertex 0.10639 0.00651462 -0.0625
         vertex 0.11073 0.00497347 -0.0625
         vertex 0.109925 0.00988864 -0.0625
      endloop
   endfacet
   facet normal 0 0 1
      outer loop
         vertex 0.100221 0.0226957 -0.0625
         vertex 0.104415 0.0237155 -0.0625
         vertex 0.10162 0.027838 -0.0625
      endloop
   endfacet
   facet normal 0 0 1
      outer loop
         vertex 0.072442 0.045394 -0.0625
         vertex 0.0674904 0.0459325 -0.0625
         vertex 0.041965 0.035 -0.0625
      endloop
   endfacet
   facet normal 0 0 1
      outer loop
         vertex 0.0820264 0.0427329 -0.0625
         vertex 0.041965 0.035 -0.0625
         vertex 0.088035 0.035 -0.0625
      endloop
   endfacet
   facet normal 0 0 1
      outer loop
         vertex 0.0323275 0.026232 -0.0625
         vertex 0.0352294 0.0294843 -0.0625
         vertex 0.0316042 0.0316342 -0.0625
      endloop
   endfacet
   facet normal 0 0 1
      outer loop
         vertex 0.0297791 -0.0226957 -0.0625
         vertex 0.0255846 -0.0237155 -0.0625
         vertex 0.0283797 -0.027838 -0.0625
      endloop
   endfacet
   facet normal 0 0 1
      outer loop
         vertex 0.0820264 -0.0427329 -0.0625
         vertex 0.0865468 -0.0406416 -0.0625
         vertex 0.088035 -0.035 -0.0625
      endloop
   endfacet
   facet normal 0 0 1
      outer loop
         vertex 0.10639 -0.00651462 -0.0625
         vertex 0.10549 -0.0107793 -0.0625
         vertex 0.109925 -0.00988864 -0.0625
      endloop
   endfacet
   facet normal 0 0 1
      outer loop
         vertex 0.104151 0.0149274 -0.0625
         vertex 0.108592 0.0146879 -0.0625
         vertex 0.106748 0.0193149 -0.0625
      endloop
   endfacet
   facet normal 0 0 1
      outer loop
         vertex 0.0820264 0.0427329 -0.0625
         vertex 0.0773063 0.0443233 -0.0625
         vertex 0.041965 0.035 -0.0625
      endloop
   endfacet
   facet normal 0 0 1
      outer loop
         vertex 0.0245103 0.0107793 -0.0625
         vertex 0.0258492 0.0149274 -0.0625
         vertex 0.021408 0.0146879 -0.0625
      endloop
   endfacet
   facet normal 0 0 1
      outer loop
         vertex 0.0915464 -0.0324176 -0.0625
         vertex 0.088035 -0.035 -0.0625
         vertex 0.0908146 -0.0380737 -0.0625
      endloop
   endfacet
   facet normal 0 0 1
      outer loop
         vertex 0.0434532 0.0406416 -0.0625
         vertex 0.0391854 0.0380737 -0.0625
         vertex 0.041965 0.035 -0.0625
      endloop
   endfacet
   facet normal 0 0 1
      outer loop
         vertex 0.0865468 -0.0406416 -0.0625
         vertex 0.0908146 -0.0380737 -0.0625
         vertex 0.088035 -0.035 -0.0625
      endloop
   endfacet
   facet normal 0 0 1
      outer loop
         vertex 0.0384536 0.0324176 -0.0625
         vertex 0.041965 0.035 -0.0625
         vertex 0.0391854 0.0380737 -0.0625
      endloop
   endfacet
   facet normal 0 0 1
      outer loop
         vertex 0.106843 0.0021794 -0.0625
         vertex 0.111 1.70448e-17 -0.0625
         vertex 0.11073 0.00497347 -0.0625
      endloop
   endfacet
   facet normal -0.549761 0.835322 0
      outer loop
         vertex 0.041965 0.035 -0.0525
         vertex 0.041965 0.035 -0.0625
         vertex 0.0384536 0.0324176 -0.0625
      endloop
   endfacet
   facet normal -0.633566 0.773689 0
      outer loop
         vertex 0.0384536 0.0324176 -0.0525
         vertex 0.0384536 0.0324176 -0.0625
         vertex 0.0352294 0.0294843 -0.0625
      endloop
   endfacet
   facet normal -0.710514 0.703683 0
      outer loop
         vertex 0.0352294 0.0294843 -0.0525
         vertex 0.0352294 0.0294843 -0.0625
         vertex 0.0323275 0.026232 -0.0625
      endloop
   endfacet
   facet normal -0.779774 0.626061 0
      outer loop
         vertex 0.0323275 0.026232 -0.0525
         vertex 0.0323275 0.026232 -0.0625
         vertex 0.0297791 0.0226957 -0.0625
      endloop
   endfacet
   facet normal -0.840595 0.541665 0
      outer loop
         vertex 0.0297791 0.0226957 -0.0525
         vertex 0.0297791 0.0226957 -0.0625
         vertex 0.0276118 0.0189139 -0.0625
      endloop
   endfacet
   facet normal -0.892319 0.451406 0
      outer loop
         vertex 0.0276118 0.0189139 -0.0525
         vertex 0.0276118 0.0189139 -0.0625
         vertex 0.0258492 0.0149274 -0.0625
      endloop
   endfacet
   facet normal -0.934386 0.356262 0
      outer loop
         vertex 0.0258492 0.0149274 -0.0525
         vertex 0.0258492 0.0149274 -0.0625
         vertex 0.0245103 0.0107793 -0.0625
      endloop
   endfacet
   facet normal -0.966341 0.257263 0
      outer loop
         vertex 0.0245103 0.0107793 -0.0525
         vertex 0.0245103 0.0107793 -0.0625
         vertex 0.0236095 0.00651462 -0.0625
      endloop
   endfacet
   facet normal -0.987839 0.15548 0
      outer loop
         vertex 0.0236095 0.00651462 -0.0525
         vertex 0.0236095 0.00651462 -0.0625
         vertex 0.0231567 0.0021794 -0.0625
      endloop
   endfacet
   facet normal -0.998646 0.0520143 0
      outer loop
         vertex 0.0231567 0.0021794 -0.0525
         vertex 0.0231567 0.0021794 -0.0625
         vertex 0.0231567 -0.0021794 -0.0625
      endloop
   endfacet
   facet normal -0.998646 -0.0520143 0
      outer loop
         vertex 0.0231567 -0.0021794 -0.0525
         vertex 0.0231567 -0.0021794 -0.0625
         vertex 0.0236095 -0.00651462 -0.0625
      endloop
   endfacet
   facet normal -0.987839 -0.15548 0
      outer loop
         vertex 0.0236095 -0.00651462 -0.0525
         vertex 0.0236095 -0.00651462 -0.0625
         vertex 0.0245103 -0.0107793 -0.0625
      endloop
   endfacet
   facet normal -0.966341 -0.257263 0
      outer loop
         vertex 0.0245103 -0.0107793 -0.0525
         vertex 0.0245103 -0.0107793 -0.0625
         vertex 0.0258492 -0.0149274 -0.0625
      endloop
   endfacet
   facet normal -0.934386 -0.356262 0
      outer loop
         vertex 0.0258492 -0.0149274 -0.0525
         vertex 0.0258492 -0.0149274 -0.0625
         vertex 0.0276118 -0.0189139 -0.0625
      endloop
   endfacet
   facet normal -0.892319 -0.451406 0
      outer loop
         vertex 0.0276118 -0.0189139 -0.0525
         vertex 0.0276118 -0.0189139 -0.0625
         vertex 0.0297791 -0.0226957 -0.0625
      endloop
   endfacet
   facet normal -0.840595 -0.541665 0
      outer loop
         vertex 0.0297791 -0.0226957 -0.0525
         vertex 0.0297791 -0.0226957 -0.0625
         vertex 0.0323275 -0.026232 -0.0625
      endloop
   endfacet
   facet normal -0.779774 -0.626061 0
      outer loop
         vertex 0.0323275 -0.026232 -0.0525
         vertex 0.0323275 -0.026232 -0.0625
         vertex 0.0352294 -0.0294843 -0.0625
      endloop
   endfacet
   facet normal -0.710514 -0.703683 0
      outer loop
         vertex 0.0352294 -0.0294843 -0.0525
         vertex 0.0352294 -0.0294843 -0.0625
         vertex 0.0384536 -0.0324176 -0.0625
      endloop
   endfacet
   facet normal -0.633566 -0.773689 0
      outer loop
         vertex 0.0384536 -0.0324176 -0.0525
         vertex 0.0384536 -0.0324176 -0.0625
         vertex 0.041965 -0.035 -0.0625
      endloop
   endfacet
   facet normal -0.549761 -0.835322 0
      outer loop
         vertex 0.041965 -0.035 -0.0625
         vertex 0.041965 -0.035 -0.0525
         vertex 0.0384536 -0.0324176 -0.0525
      endloop
   endfacet
   facet normal -0.633566 -0.773689 0
      outer loop
         vertex 0.0384536 -0.0324176 -0.0625
         vertex 0.0384536 -0.0324176 -0.0525
         vertex 0.0352294 -0.0294843 -0.0525
      endloop
   endfacet
   facet normal -0.710514 -0.703683 0
      outer loop
         vertex 0.0352294 -0.0294843 -0.0625
         vertex 0.0352294 -0.0294843 -0.0525
         vertex 0.0323275 -0.026232 -0.0525
      endloop
   endfacet
   facet normal -0.779774 -0.626061 0
      outer loop
         vertex 0.0323275 -0.026232 -0.0625
         vertex 0.0323275 -0.026232 -0.0525
         vertex 0.0297791 -0.0226957 -0.0525
      endloop
   endfacet
   facet normal -0.840595 -0.541665 0
      outer loop
         vertex 0.0297791 -0.0226957 -0.0625
         vertex 0.0297791 -0.0226957 -0.0525
         vertex 0.0276118 -0.0189139 -0.0525
      endloop
   endfacet
   facet normal -0.892319 -0.451406 0
      outer loop
         vertex 0.0276118 -0.0189139 -0.0625
         vertex 0.0276118 -0.0189139 -0.0525
         vertex 0.0258492 -0.0149274 -0.0525
      endloop
   endfacet
   facet normal -0.934386 -0.356262 0
      outer loop
         vertex 0.0258492 -0.0149274 -0.0625
         vertex 0.0258492 -0.0149274 -0.0525
         vertex 0.0245103 -0.0107793 -0.0525
      endloop
   endfacet
   facet normal -0.966341 -0.257263 0
      outer loop
         vertex 0.0245103 -0.0107793 -0.0625
         vertex 0.0245103 -0.0107793 -0.0525
         vertex 0.0236095 -0.00651462 -0.0525
      endloop
   endfacet
   facet normal -0.987839 -0.15548 0
      outer loop
         vertex 0.0236095 -0.00651462 -0.0625
         vertex 0.0236095 -0.00651462 -0.0525
         vertex 0.0231567 -0.0021794 -0.0525
      endloop
   endfacet
   facet normal -0.998646 -0.0520143 0
      outer loop
         vertex 0.0231567 -0.0021794 -0.0625
         vertex 0.0231567 -0.0021794 -0.0525
         vertex 0.0231567 0.0021794 -0.0525
      endloop
   endfacet
   facet normal -0.998646 0.0520143 0
      outer loop
         vertex 0.0231567 0.0021794 -0.0625
         vertex 0.0231567 0.0021794 -0.0525
         vertex 0.0236095 0.00651462 -0.0525
      endloop
   endfacet
   facet normal -0.987839 0.15548 0
      outer loop
         vertex 0.0236095 0.00651462 -0.0625
         vertex 0.0236095 0.00651462 -0.0525
         vertex 0.0245103 0.0107793 -0.0525
      endloop
   endfacet
   facet normal -0.966341 0.257263 0
      outer loop
         vertex 0.0245103 0.0107793 -0.0625
         vertex 0.0245103 0.0107793 -0.0525
         vertex 0.0258492 0.0149274 -0.0525
      endloop
   endfacet
   facet normal -0.934386 0.356262 0
      outer loop
         vertex 0.0258492 0.0149274 -0.0625
         vertex 0.0258492 0.0149274 -0.0525
         vertex 0.0276118 0.0189139 -0.0525
      endloop
   endfacet
   facet normal -0.892319 0.451406 0
      outer loop
         vertex 0.0276118 0.0189139 -0.0625
         vertex 0.0276118 0.0189139 -0.0525
         vertex 0.0297791 0.0226957 -0.0525
      endloop
   endfacet
   facet normal -0.840595 0.541665 0
      outer loop
         vertex 0.0297791 0.0226957 -0.0625
         vertex 0.0297791 0.0226957 -0.0525
         vertex 0.0323275 0.026232 -0.0525
      endloop
   endfacet
   facet normal -0.779774 0.626061 0
      outer loop
         vertex 0.0323275 0.026232 -0.0625
         vertex 0.0323275 0.026232 -0.0525
         vertex 0.0352294 0.0294843 -0.0525
      endloop
   endfacet
   facet normal -0.710514 0.703683 0
      outer loop
         vertex 0.0352294 0.0294843 -0.0625
         vertex 0.0352294 0.0294843 -0.0525
         vertex 0.0384536 0.0324176 -0.0525
      endloop
   endfacet
   facet normal -0.633566 0.773689 0
      outer loop
         vertex 0.0384536 0.0324176 -0.0625
         vertex 0.0384536 0.0324176 -0.0525
         vertex 0.041965 0.035 -0.0525
      endloop
   endfacet
   facet normal 0.549761 -0.835322 0
      outer loop
         vertex 0.088035 -0.035 -0.0525
         vertex 0.088035 -0.035 -0.0625
         vertex 0.0915464 -0.0324176 -0.0625
      endloop
   endfacet
   facet normal 0.633566 -0.773689 0
      outer loop
         vertex 0.0915464 -0.0324176 -0.0525
         vertex 0.0915464 -0.0324176 -0.0625
         vertex 0.0947706 -0.0294843 -0.0625
      endloop
   endfacet
   facet normal 0.710514 -0.703683 0
      outer loop
         vertex 0.0947706 -0.0294843 -0.0525
         vertex 0.0947706 -0.0294843 -0.0625
         vertex 0.0976725 -0.026232 -0.0625
      endloop
   endfacet
   facet normal 0.779774 -0.626061 0
      outer loop
         vertex 0.0976725 -0.026232 -0.0525
         vertex 0.0976725 -0.026232 -0.0625
         vertex 0.100221 -0.0226957 -0.0625
      endloop
   endfacet
   facet normal 0.840595 -0.541665 0
      outer loop
         vertex 0.100221 -0.0226957 -0.0525
         vertex 0.100221 -0.0226957 -0.0625
         vertex 0.102388 -0.0189139 -0.0625
      endloop
   endfacet
   facet normal 0.892319 -0.451406 0
      outer loop
         vertex 0.102388 -0.0189139 -0.0525
         vertex 0.102388 -0.0189139 -0.0625
         vertex 0.104151 -0.0149274 -0.0625
      endloop
   endfacet
   facet normal 0.934386 -0.356262 0
      outer loop
         vertex 0.104151 -0.0149274 -0.0525
         vertex 0.104151 -0.0149274 -0.0625
         vertex 0.10549 -0.0107793 -0.0625
      endloop
   endfacet
   facet normal 0.966341 -0.257263 0
      outer loop
         vertex 0.10549 -0.0107793 -0.0525
         vertex 0.10549 -0.0107793 -0.0625
         vertex 0.10639 -0.00651462 -0.0625
      endloop
   endfacet
   facet normal 0.987839 -0.15548 0
      outer loop
         vertex 0.10639 -0.00651462 -0.0525
         vertex 0.10639 -0.00651462 -0.0625
         vertex 0.106843 -0.0021794 -0.0625
      endloop
   endfacet
   facet normal 0.998646 -0.0520143 0
      outer loop
         vertex 0.106843 -0.0021794 -0.0525
         vertex 0.106843 -0.0021794 -0.0625
         vertex 0.106843 0.0021794 -0.0625
      endloop
   endfacet
   facet normal 0.998646 0.0520143 0
      outer loop
         vertex 0.106843 0.0021794 -0.0525
         vertex 0.106843 0.0021794 -0.0625
         vertex 0.10639 0.00651462 -0.0625
      endloop
   endfacet
   facet normal 0.987839 0.15548 0
      outer loop
         vertex 0.10639 0.00651462 -0.0525
         vertex 0.10639 0.00651462 -0.0625
         vertex 0.10549 0.0107793 -0.0625
      endloop
   endfacet
   facet normal 0.966341 0.257263 0
      outer loop
         vertex 0.10549 0.0107793 -0.0525
         vertex 0.10549 0.0107793 -0.0625
         vertex 0.104151 0.0149274 -0.0625
      endloop
   endfacet
   facet normal 0.934386 0.356262 0
      outer loop
         vertex 0.104151 0.0149274 -0.0525
         vertex 0.104151 0.0149274 -0.0625
         vertex 0.102388 0.0189139 -0.0625
      endloop
   endfacet
   facet normal 0.892319 0.451406 0
      outer loop
         vertex 0.102388 0.0189139 -0.0525
         vertex 0.102388 0.0189139 -0.0625
         vertex 0.100221 0.0226957 -0.0625
      endloop
   endfacet
   facet normal 0.840595 0.541665 0
      outer loop
         vertex 0.100221 0.0226957 -0.0525
         vertex 0.100221 0.0226957 -0.0625
         vertex 0.0976725 0.026232 -0.0625
      endloop
   endfacet
   facet normal 0.779774 0.626061 0
      outer loop
         vertex 0.0976725 0.026232 -0.0525
         vertex 0.0976725 0.026232 -0.0625
         vertex 0.0947706 0.0294843 -0.0625
      endloop
   endfacet
   facet normal 0.710514 0.703683 0
      outer loop
         vertex 0.0947706 0.0294843 -0.0525
         vertex 0.0947706 0.0294843 -0.0625
         vertex 0.0915464 0.0324176 -0.0625
      endloop
   endfacet
   facet normal 0.633566 0.773689 0
      outer loop
         vertex 0.0915464 0.0324176 -0.0525
         vertex 0.0915464 0.0324176 -0.0625
         vertex 0.088035 0.035 -0.0625
      endloop
   endfacet
   facet normal 0.549761 0.835322 0
      outer loop
         vertex 0.088035 0.035 -0.0625
         vertex 0.088035 0.035 -0.0525
         vertex 0.0915464 0.0324176 -0.0525
      endloop
   endfacet
   facet normal 0.633566 0.773689 0
      outer loop
         vertex 0.0915464 0.0324176 -0.0625
         vertex 0.0915464 0.0324176 -0.0525
         vertex 0.0947706 0.0294843 -0.0525
      endloop
   endfacet
   facet normal 0.710514 0.703683 0
      outer loop
         vertex 0.0947706 0.0294843 -0.0625
         vertex 0.0947706 0.0294843 -0.0525
         vertex 0.0976725 0.026232 -0.0525
      endloop
   endfacet
   facet normal 0.779774 0.626061 0
      outer loop
         vertex 0.0976725 0.026232 -0.0625
         vertex 0.0976725 0.026232 -0.0525
         vertex 0.100221 0.0226957 -0.0525
      endloop
   endfacet
   facet normal 0.840595 0.541665 0
      outer loop
         vertex 0.100221 0.0226957 -0.0625
         vertex 0.100221 0.0226957 -0.0525
         vertex 0.102388 0.0189139 -0.0525
      endloop
   endfacet
   facet normal 0.892319 0.451406 0
      outer loop
         vertex 0.102388 0.0189139 -0.0625
         vertex 0.102388 0.0189139 -0.0525
         vertex 0.104151 0.0149274 -0.0525
      endloop
   endfacet
   facet normal 0.934386 0.356262 0
      outer loop
         vertex 0.104151 0.0149274 -0.0625
         vertex 0.104151 0.0149274 -0.0525
         vertex 0.10549 0.0107793 -0.0525
      endloop
   endfacet
   facet normal 0.966341 0.257263 0
      outer loop
         vertex 0.10549 0.0107793 -0.0625
         vertex 0.10549 0.0107793 -0.0525
         vertex 0.10639 0.00651462 -0.0525
      endloop
   endfacet
   facet normal 0.987839 0.15548 0
      outer loop
         vertex 0.10639 0.00651462 -0.0625
         vertex 0.10639 0.00651462 -0.0525
         vertex 0.106843 0.0021794 -0.0525
      endloop
   endfacet
   facet normal 0.998646 0.0520143 0
      outer loop
         vertex 0.106843 0.0021794 -0.0625
         vertex 0.106843 0.0021794 -0.0525
         vertex 0.106843 -0.0021794 -0.0525
      endloop
   endfacet
   facet normal 0.998646 -0.0520143 0
      outer loop
         vertex 0.106843 -0.0021794 -0.0625
         vertex 0.106843 -0.0021794 -0.0525
         vertex 0.10639 -0.00651462 -0.0525
      endloop
   endfacet
   facet normal 0.987839 -0.15548 0
      outer loop
         vertex 0.10639 -0.00651462 -0.0625
         vertex 0.10639 -0.00651462 -0.0525
         vertex 0.10549 -0.0107793 -0.0525
      endloop
   endfacet
   facet normal 0.966341 -0.257263 0
      outer loop
         vertex 0.10549 -0.0107793 -0.0625
         vertex 0.10549 -0.0107793 -0.0525
         vertex 0.104151 -0.0149274 -0.0525
      endloop
   endfacet
   facet normal 0.934386 -0.356262 0
      outer loop
         vertex 0.104151 -0.0149274 -0.0625
         vertex 0.104151 -0.0149274 -0.0525
         vertex 0.102388 -0.0189139 -0.0525
      endloop
   endfacet
   facet normal 0.892319 -0.451406 0
      outer loop
         vertex 0.102388 -0.0189139 -0.0625
         vertex 0.102388 -0.0189139 -0.0525
         vertex 0.100221 -0.0226957 -0.0525
      endloop
   endfacet
   facet normal 0.840595 -0.541665 0
      outer loop
         vertex 0.100221 -0.0226957 -0.0625
         vertex 0.100221 -0.0226957 -0.0525
         vertex 0.0976725 -0.026232 -0.0525
      endloop
   endfacet
   facet normal 0.779774 -0.626061 0
      outer loop
         vertex 0.0976725 -0.026232 -0.0625
         vertex 0.0976725 -0.026232 -0.0525
         vertex 0.0947706 -0.0294843 -0.0525
      endloop
   endfacet
   facet normal 0.710514 -0.703683 0
      outer loop
         vertex 0.0947706 -0.0294843 -0.0625
         vertex 0.0947706 -0.0294843 -0.0525
         vertex 0.0915464 -0.0324176 -0.0525
      endloop
   endfacet
   facet normal 0.633566 -0.773689 0
      outer loop
         vertex 0.0915464 -0.0324176 -0.0625
         vertex 0.0915464 -0.0324176 -0.0525
         vertex 0.088035 -0.035 -0.0525
      endloop
   endfacet
   facet normal 0 -1 0
      outer loop
         vertex 0.041965 -0.035 -0.0525
         vertex 0.0574498 -0.035 -0.0343007
         vertex 0.0537855 -0.035 -0.0332833
      endloop
   endfacet
   facet normal 0 -1 0
      outer loop
         vertex 0.041965 -0.035 -0.0525
         vertex 0.065 -0.035 -0.0351219
         vertex 0.0612027 -0.035 -0.034916
      endloop
   endfacet
   facet normal 0 -1 0
      outer loop
         vertex 0.0906949 -0.035 -0.048326
         vertex 0.0687973 -0.035 -0.034916
         vertex 0.065 -0.035 -0.0351219
      endloop
   endfacet
   facet normal 0 -1 0
      outer loop
         vertex 0.0612027 -0.035 -0.034916
         vertex 0.0574498 -0.035 -0.0343007
         vertex 0.041965 -0.035 -0.0525
      endloop
   endfacet
   facet normal 0 -1 0
      outer loop
         vertex 0.0906949 -0.035 -0.048326
         vertex 0.0725502 -0.035 -0.0343007
         vertex 0.0687973 -0.035 -0.034916
      endloop
   endfacet
   facet normal 0 -1 0
      outer loop
         vertex 0.0393051 -0.035 -0.048326
         vertex 0.0437452 -0.035 -0.0279603
         vertex 0.0408467 -0.035 -0.0254983
      endloop
   endfacet
   facet normal 0 -1 0
      outer loop
         vertex 0.065 -0.035 -0.0351219
         vertex 0.041965 -0.035 -0.0525
         vertex 0.0906949 -0.035 -0.048326
      endloop
   endfacet
   facet normal 0 -1 0
      outer loop
         vertex 0.0906949 -0.035 -0.048326
         vertex 0.0831072 -0.035 -0.0300944
         vertex 0.0797473 -0.035 -0.0318757
      endloop
   endfacet
   facet normal 0 -1 0
      outer loop
         vertex 0.0393051 -0.035 -0.048326
         vertex 0.0468928 -0.035 -0.0300944
         vertex 0.0437452 -0.035 -0.0279603
      endloop
   endfacet
   facet normal 0 -1 0
      outer loop
         vertex 0.0502527 -0.035 -0.0318757
         vertex 0.0468928 -0.035 -0.0300944
         vertex 0.0393051 -0.035 -0.048326
      endloop
   endfacet
   facet normal 0 -1 0
      outer loop
         vertex 0.0906949 -0.035 -0.048326
         vertex 0.0762145 -0.035 -0.0332833
         vertex 0.0725502 -0.035 -0.0343007
      endloop
   endfacet
   facet normal 0 -1 0
      outer loop
         vertex 0.0906949 -0.035 -0.048326
         vertex 0.0862548 -0.035 -0.0279603
         vertex 0.0831072 -0.035 -0.0300944
      endloop
   endfacet
   facet normal 0 -1 0
      outer loop
         vertex 0.0393051 -0.035 -0.048326
         vertex 0.041965 -0.035 -0.0525
         vertex 0.0502527 -0.035 -0.0318757
      endloop
   endfacet
   facet normal 0 -1 0
      outer loop
         vertex 0.0797473 -0.035 -0.0318757
         vertex 0.0762145 -0.035 -0.0332833
         vertex 0.0906949 -0.035 -0.048326
      endloop
   endfacet
   facet normal 0 -1 0
      outer loop
         vertex 0.041965 -0.035 -0.0525
         vertex 0.041965 -0.035 -0.0625
         vertex 0.088035 -0.035 -0.0625
      endloop
   endfacet
   facet normal 0 -1 0
      outer loop
         vertex 0.0537855 -0.035 -0.0332833
         vertex 0.0502527 -0.035 -0.0318757
         vertex 0.041965 -0.035 -0.0525
      endloop
   endfacet
   facet normal 0 -1 0
      outer loop
         vertex 0.0906949 -0.035 -0.048326
         vertex 0.0906949 -0.035 -0.023944
         vertex 0.0891533 -0.035 -0.0254983
      endloop
   endfacet
   facet normal 0 -1 0
      outer loop
         vertex 0.088035 -0.035 -0.0625
         vertex 0.088035 -0.035 -0.0525
         vertex 0.041965 -0.035 -0.0525
      endloop
   endfacet
   facet normal 0 -1 0
      outer loop
         vertex 0.0891533 -0.035 -0.0254983
         vertex 0.0862548 -0.035 -0.0279603
         vertex 0.0906949 -0.035 -0.048326
      endloop
   endfacet
   facet normal 0 -1 0
      outer loop
         vertex 0.0408467 -0.035 -0.0254983
         vertex 0.0393051 -0.035 -0.023944
         vertex 0.0393051 -0.035 -0.048326
      endloop
   endfacet
   facet normal 0 -1 0
      outer loop
         vertex 0.088035 -0.035 -0.0525
         vertex 0.0906949 -0.035 -0.048326
         vertex 0.041965 -0.035 -0.0525
      endloop
   endfacet
   facet normal 0.0694976 -0.766044 0.63902
      outer loop
         vertex 0.0685139 -0.0372 0.0323095
         vertex 0.0692315 -0.0316308 0.0389077
         vertex 0.0671188 -0.0316308 0.0390797
      endloop
   endfacet
   facet normal 0.0347998 -0.766044 0.641845
      outer loop
         vertex 0.0671188 -0.0316308 0.0390797
         vertex 0.065 -0.0372 0.0325
         vertex 0.0685139 -0.0372 0.0323095
      endloop
   endfacet
   facet normal 0.13818 -0.766044 0.62776
      outer loop
         vertex 0.0719865 -0.0372 0.0317402
         vertex 0.0734133 -0.0316308 0.0382221
         vertex 0.0713317 -0.0316308 0.0386215
      endloop
   endfacet
   facet normal 0.103991 -0.766044 0.63432
      outer loop
         vertex 0.0713317 -0.0316308 0.0386215
         vertex 0.0685139 -0.0372 0.0323095
         vertex 0.0719865 -0.0372 0.0317402
      endloop
   endfacet
   facet normal 0.205243 -0.766044 0.60914
      outer loop
         vertex 0.0753773 -0.0372 0.0307987
         vertex 0.0774965 -0.0316308 0.0370884
         vertex 0.0754703 -0.0316308 0.0377106
      endloop
   endfacet
   facet normal 0.171964 -0.766044 0.619358
      outer loop
         vertex 0.0754703 -0.0316308 0.0377106
         vertex 0.0719865 -0.0372 0.0317402
         vertex 0.0753773 -0.0372 0.0307987
      endloop
   endfacet
   facet normal 0.2699 -0.766044 0.583378
      outer loop
         vertex 0.0786464 -0.0372 0.0294962
         vertex 0.0814332 -0.0316308 0.0355199
         vertex 0.0794861 -0.0316308 0.0363575
      endloop
   endfacet
   facet normal 0.23792 -0.766044 0.597135
      outer loop
         vertex 0.0794861 -0.0316308 0.0363575
         vertex 0.0753773 -0.0372 0.0307987
         vertex 0.0786464 -0.0372 0.0294962
      endloop
   endfacet
   facet normal 0.331392 -0.766044 0.550777
      outer loop
         vertex 0.0817555 -0.0372 0.0278479
         vertex 0.0851773 -0.0316308 0.0335349
         vertex 0.0833322 -0.0316308 0.0345781
      endloop
   endfacet
   facet normal 0.301087 -0.766044 0.567911
      outer loop
         vertex 0.0833322 -0.0316308 0.0345781
         vertex 0.0786464 -0.0372 0.0294962
         vertex 0.0817555 -0.0372 0.0278479
      endloop
   endfacet
   facet normal 0.388998 -0.766044 0.511719
      outer loop
         vertex 0.0846682 -0.0372 0.025873
         vertex 0.0886848 -0.0316308 0.0311568
         vertex 0.0869632 -0.0316308 0.0323934
      endloop
   endfacet
   facet normal 0.360724 -0.766044 0.532028
      outer loop
         vertex 0.0869632 -0.0316308 0.0323934
         vertex 0.0817555 -0.0372 0.0278479
         vertex 0.0846682 -0.0372 0.025873
      endloop
   endfacet
   facet normal 0.442045 -0.766044 0.466661
      outer loop
         vertex 0.0873502 -0.0372 0.0235949
         vertex 0.0919146 -0.0316308 0.0284134
         vertex 0.0903368 -0.0316308 0.0298288
      endloop
   endfacet
   facet normal 0.416132 -0.766044 0.489908
      outer loop
         vertex 0.0903368 -0.0316308 0.0298288
         vertex 0.0846682 -0.0372 0.025873
         vertex 0.0873502 -0.0372 0.0235949
      endloop
   endfacet
   facet normal 0.489908 -0.766044 0.416132
      outer loop
         vertex 0.0897703 -0.0372 0.0210401
         vertex 0.0948288 -0.0316308 0.0253368
         vertex 0.0934134 -0.0316308 0.0269146
      endloop
   endfacet
   facet normal 0.466661 -0.766044 0.442045
      outer loop
         vertex 0.0934134 -0.0316308 0.0269146
         vertex 0.0873502 -0.0372 0.0235949
         vertex 0.0897703 -0.0372 0.0210401
      endloop
   endfacet
   facet normal 0.532028 -0.766044 0.360724
      outer loop
         vertex 0.0918999 -0.0372 0.0182386
         vertex 0.0973934 -0.0316308 0.0219632
         vertex 0.0961568 -0.0316308 0.0236848
      endloop
   endfacet
   facet normal 0.511719 -0.766044 0.388998
      outer loop
         vertex 0.0961568 -0.0316308 0.0236848
         vertex 0.0897703 -0.0372 0.0210401
         vertex 0.0918999 -0.0372 0.0182386
      endloop
   endfacet
   facet normal 0.567911 -0.766044 0.301087
      outer loop
         vertex 0.0937141 -0.0372 0.0152233
         vertex 0.0995781 -0.0316308 0.0183322
         vertex 0.0985349 -0.0316308 0.0201773
      endloop
   endfacet
   facet normal 0.550777 -0.766044 0.331392
      outer loop
         vertex 0.0985349 -0.0316308 0.0201773
         vertex 0.0918999 -0.0372 0.0182386
         vertex 0.0937141 -0.0372 0.0152233
      endloop
   endfacet
   facet normal 0.597135 -0.766044 0.23792
      outer loop
         vertex 0.0951917 -0.0372 0.0120295
         vertex 0.101357 -0.0316308 0.0144861
         vertex 0.10052 -0.0316308 0.0164332
      endloop
   endfacet
   facet normal 0.583378 -0.766044 0.2699
      outer loop
         vertex 0.10052 -0.0316308 0.0164332
         vertex 0.0937141 -0.0372 0.0152233
         vertex 0.0951917 -0.0372 0.0120295
      endloop
   endfacet
   facet normal 0.619358 -0.766044 0.171964
      outer loop
         vertex 0.0963154 -0.0372 0.00869467
         vertex 0.102711 -0.0316308 0.0104703
         vertex 0.102088 -0.0316308 0.0124965
      endloop
   endfacet
   facet normal 0.60914 -0.766044 0.205243
      outer loop
         vertex 0.102088 -0.0316308 0.0124965
         vertex 0.0951917 -0.0372 0.0120295
         vertex 0.0963154 -0.0372 0.00869467
      endloop
   endfacet
   facet normal 0.63432 -0.766044 0.103991
      outer loop
         vertex 0.0970719 -0.0372 0.00525791
         vertex 0.103622 -0.0316308 0.00633168
         vertex 0.103222 -0.0316308 0.00841332
      endloop
   endfacet
   facet normal 0.62776 -0.766044 0.13818
      outer loop
         vertex 0.103222 -0.0316308 0.00841332
         vertex 0.0963154 -0.0372 0.00869467
         vertex 0.0970719 -0.0372 0.00525791
      endloop
   endfacet
   facet normal 0.641845 -0.766044 0.0347998
      outer loop
         vertex 0.0974523 -0.0372 0.00175951
         vertex 0.10408 -0.0316308 0.00211884
         vertex 0.103908 -0.0316308 0.00423147
      endloop
   endfacet
   facet normal 0.63902 -0.766044 0.0694976
      outer loop
         vertex 0.103908 -0.0316308 0.00423147
         vertex 0.0970719 -0.0372 0.00525791
         vertex 0.0974523 -0.0372 0.00175951
      endloop
   endfacet
   facet normal -0.63432 -0.766044 0.103991
      outer loop
         vertex 0.0329281 -0.0372 0.00525791
         vertex 0.0263785 -0.0316308 0.00633168
         vertex 0.0260923 -0.0316308 0.00423147
      endloop
   endfacet
   facet normal -0.63902 -0.766044 0.0694976
      outer loop
         vertex 0.0260923 -0.0316308 0.00423147
         vertex 0.0325477 -0.0372 0.00175951
         vertex 0.0329281 -0.0372 0.00525791
      endloop
   endfacet
   facet normal -0.619358 -0.766044 0.171964
      outer loop
         vertex 0.0336846 -0.0372 0.00869467
         vertex 0.0272894 -0.0316308 0.0104703
         vertex 0.0267779 -0.0316308 0.00841332
      endloop
   endfacet
   facet normal -0.62776 -0.766044 0.13818
      outer loop
         vertex 0.0267779 -0.0316308 0.00841332
         vertex 0.0329281 -0.0372 0.00525791
         vertex 0.0336846 -0.0372 0.00869467
      endloop
   endfacet
   facet normal -0.597135 -0.766044 0.23792
      outer loop
         vertex 0.0348083 -0.0372 0.0120295
         vertex 0.0286425 -0.0316308 0.0144861
         vertex 0.0279116 -0.0316308 0.0124965
      endloop
   endfacet
   facet normal -0.60914 -0.766044 0.205243
      outer loop
         vertex 0.0279116 -0.0316308 0.0124965
         vertex 0.0336846 -0.0372 0.00869467
         vertex 0.0348083 -0.0372 0.0120295
      endloop
   endfacet
   facet normal -0.567911 -0.766044 0.301087
      outer loop
         vertex 0.0362859 -0.0372 0.0152233
         vertex 0.0304219 -0.0316308 0.0183322
         vertex 0.0294801 -0.0316308 0.0164332
      endloop
   endfacet
   facet normal -0.583378 -0.766044 0.2699
      outer loop
         vertex 0.0294801 -0.0316308 0.0164332
         vertex 0.0348083 -0.0372 0.0120295
         vertex 0.0362859 -0.0372 0.0152233
      endloop
   endfacet
   facet normal -0.532028 -0.766044 0.360724
      outer loop
         vertex 0.0381001 -0.0372 0.0182386
         vertex 0.0326066 -0.0316308 0.0219632
         vertex 0.0314651 -0.0316308 0.0201773
      endloop
   endfacet
   facet normal -0.550777 -0.766044 0.331392
      outer loop
         vertex 0.0314651 -0.0316308 0.0201773
         vertex 0.0362859 -0.0372 0.0152233
         vertex 0.0381001 -0.0372 0.0182386
      endloop
   endfacet
   facet normal -0.489908 -0.766044 0.416132
      outer loop
         vertex 0.0402297 -0.0372 0.0210401
         vertex 0.0351712 -0.0316308 0.0253368
         vertex 0.0338432 -0.0316308 0.0236848
      endloop
   endfacet
   facet normal -0.511719 -0.766044 0.388998
      outer loop
         vertex 0.0338432 -0.0316308 0.0236848
         vertex 0.0381001 -0.0372 0.0182386
         vertex 0.0402297 -0.0372 0.0210401
      endloop
   endfacet
   facet normal -0.442045 -0.766044 0.466661
      outer loop
         vertex 0.0426498 -0.0372 0.0235949
         vertex 0.0380854 -0.0316308 0.0284134
         vertex 0.0365866 -0.0316308 0.0269146
      endloop
   endfacet
   facet normal -0.466661 -0.766044 0.442045
      outer loop
         vertex 0.0365866 -0.0316308 0.0269146
         vertex 0.0402297 -0.0372 0.0210401
         vertex 0.0426498 -0.0372 0.0235949
      endloop
   endfacet
   facet normal -0.388998 -0.766044 0.511719
      outer loop
         vertex 0.0453318 -0.0372 0.025873
         vertex 0.0413152 -0.0316308 0.0311568
         vertex 0.0396632 -0.0316308 0.0298288
      endloop
   endfacet
   facet normal -0.416132 -0.766044 0.489908
      outer loop
         vertex 0.0396632 -0.0316308 0.0298288
         vertex 0.0426498 -0.0372 0.0235949
         vertex 0.0453318 -0.0372 0.025873
      endloop
   endfacet
   facet normal -0.331392 -0.766044 0.550777
      outer loop
         vertex 0.0482445 -0.0372 0.0278479
         vertex 0.0448227 -0.0316308 0.0335349
         vertex 0.0430368 -0.0316308 0.0323934
      endloop
   endfacet
   facet normal -0.360724 -0.766044 0.532028
      outer loop
         vertex 0.0430368 -0.0316308 0.0323934
         vertex 0.0453318 -0.0372 0.025873
         vertex 0.0482445 -0.0372 0.0278479
      endloop
   endfacet
   facet normal -0.2699 -0.766044 0.583378
      outer loop
         vertex 0.0513536 -0.0372 0.0294962
         vertex 0.0485668 -0.0316308 0.0355199
         vertex 0.0466678 -0.0316308 0.0345781
      endloop
   endfacet
   facet normal -0.301087 -0.766044 0.567911
      outer loop
         vertex 0.0466678 -0.0316308 0.0345781
         vertex 0.0482445 -0.0372 0.0278479
         vertex 0.0513536 -0.0372 0.0294962
      endloop
   endfacet
   facet normal -0.205243 -0.766044 0.60914
      outer loop
         vertex 0.0546227 -0.0372 0.0307987
         vertex 0.0525035 -0.0316308 0.0370884
         vertex 0.0505139 -0.0316308 0.0363575
      endloop
   endfacet
   facet normal -0.23792 -0.766044 0.597135
      outer loop
         vertex 0.0505139 -0.0316308 0.0363575
         vertex 0.0513536 -0.0372 0.0294962
         vertex 0.0546227 -0.0372 0.0307987
      endloop
   endfacet
   facet normal -0.13818 -0.766044 0.62776
      outer loop
         vertex 0.0580135 -0.0372 0.0317402
         vertex 0.0565867 -0.0316308 0.0382221
         vertex 0.0545297 -0.0316308 0.0377106
      endloop
   endfacet
   facet normal -0.171964 -0.766044 0.619358
      outer loop
         vertex 0.0545297 -0.0316308 0.0377106
         vertex 0.0546227 -0.0372 0.0307987
         vertex 0.0580135 -0.0372 0.0317402
      endloop
   endfacet
   facet normal -0.0694976 -0.766044 0.63902
      outer loop
         vertex 0.0614861 -0.0372 0.0323095
         vertex 0.0607685 -0.0316308 0.0389077
         vertex 0.0586683 -0.0316308 0.0386215
      endloop
   endfacet
   facet normal -0.103991 -0.766044 0.63432
      outer loop
         vertex 0.0586683 -0.0316308 0.0386215
         vertex 0.0580135 -0.0372 0.0317402
         vertex 0.0614861 -0.0372 0.0323095
      endloop
   endfacet
   facet normal 0 -0.766044 0.642788
      outer loop
         vertex 0.065 -0.0372 0.0325
         vertex 0.065 -0.0316308 0.0391371
         vertex 0.0628812 -0.0316308 0.0390797
      endloop
   endfacet
   facet normal -0.0347998 -0.766044 0.641845
      outer loop
         vertex 0.0628812 -0.0316308 0.0390797
         vertex 0.0614861 -0.0372 0.0323095
         vertex 0.065 -0.0372 0.0325
      endloop
   endfacet
   facet normal 0.489908 -0.766044 -0.416132
      outer loop
         vertex 0.0897703 -0.0372 -0.0210401
         vertex 0.0917726 -0.0349471 -0.0227388
         vertex 0.0934884 -0.0348628 -0.02082
      endloop
   endfacet
   facet normal 0.518968 -0.766044 -0.379273
      outer loop
         vertex 0.0934884 -0.0348628 -0.02082
         vertex 0.0918999 -0.0372 -0.0182386
         vertex 0.0897703 -0.0372 -0.0210401
      endloop
   endfacet
   facet normal 0.567911 -0.766044 -0.301087
      outer loop
         vertex 0.0937141 -0.0372 -0.0152233
         vertex 0.0918999 -0.0372 -0.0182386
         vertex 0.0942781 -0.0347456 -0.0198452
      endloop
   endfacet
   facet normal 0.532077 -0.766044 -0.360652
      outer loop
         vertex 0.0942781 -0.0347456 -0.0198452
         vertex 0.096255 -0.0344524 -0.0174052
         vertex 0.0937141 -0.0372 -0.0152233
      endloop
   endfacet
   facet normal 0.597135 -0.766044 -0.23792
      outer loop
         vertex 0.0951917 -0.0372 -0.0120295
         vertex 0.0937141 -0.0372 -0.0152233
         vertex 0.096689 -0.0343437 -0.0167942
      endloop
   endfacet
   facet normal 0.567957 -0.766044 -0.300999
      outer loop
         vertex 0.096689 -0.0343437 -0.0167942
         vertex 0.098968 -0.0337728 -0.0135864
         vertex 0.0951917 -0.0372 -0.0120295
      endloop
   endfacet
   facet normal 0.619358 -0.766044 -0.171964
      outer loop
         vertex 0.0963154 -0.0372 -0.00869467
         vertex 0.0951917 -0.0372 -0.0120295
         vertex 0.0989942 -0.0337641 -0.0135442
      endloop
   endfacet
   facet normal 0.597137 -0.766044 -0.237915
      outer loop
         vertex 0.0989942 -0.0337641 -0.0135442
         vertex 0.100347 -0.0333158 -0.0113646
         vertex 0.0963154 -0.0372 -0.00869467
      endloop
   endfacet
   facet normal 0.63432 -0.766044 -0.103991
      outer loop
         vertex 0.0970719 -0.0372 -0.00525791
         vertex 0.101601 -0.0328306 -0.00906519
         vertex 0.102543 -0.0324204 -0.00703197
      endloop
   endfacet
   facet normal 0.63432 -0.766044 -0.103991
      outer loop
         vertex 0.0970719 -0.0372 -0.00525791
         vertex 0.0963154 -0.0372 -0.00869467
         vertex 0.101084 -0.0330306 -0.0100132
      endloop
   endfacet
   facet normal 0.619382 -0.766044 -0.171876
      outer loop
         vertex 0.101084 -0.0330306 -0.0100132
         vertex 0.101601 -0.0328306 -0.00906519
         vertex 0.0970719 -0.0372 -0.00525791
      endloop
   endfacet
   facet normal 0.641845 -0.766044 -0.0347998
      outer loop
         vertex 0.0974523 -0.0372 -0.00175951
         vertex 0.103636 -0.0318926 -0.00382976
         vertex 0.103881 -0.031766 -0.00271602
      endloop
   endfacet
   facet normal 0.641845 -0.766044 -0.0347998
      outer loop
         vertex 0.0974523 -0.0372 -0.00175951
         vertex 0.0970719 -0.0372 -0.00525791
         vertex 0.10285 -0.0322744 -0.00620205
      endloop
   endfacet
   facet normal 0.634328 -0.766044 -0.10394
      outer loop
         vertex 0.10285 -0.0322744 -0.00620205
         vertex 0.103323 -0.0320494 -0.00492274
         vertex 0.0974523 -0.0372 -0.00175951
      endloop
   endfacet
   facet normal 0.637549 -0.766044 -0.0818949
      outer loop
         vertex 0.103323 -0.0320494 -0.00492274
         vertex 0.103636 -0.0318926 -0.00382976
         vertex 0.0974523 -0.0372 -0.00175951
      endloop
   endfacet
   facet normal 0.641845 -0.766044 0.0347998
      outer loop
         vertex 0.0974523 -0.0372 0.00175951
         vertex 0.0974523 -0.0372 -0.00175951
         vertex 0.104137 -0.0316308 8.23097e-19
      endloop
   endfacet
   facet normal 0.641845 -0.766044 -0.0347998
      outer loop
         vertex 0.0974523 -0.0372 -0.00175951
         vertex 0.103971 -0.0317188 -0.00211256
         vertex 0.104048 -0.0316781 -0.00159239
      endloop
   endfacet
   facet normal 0.642254 -0.766044 -0.0261912
      outer loop
         vertex 0.104048 -0.0316781 -0.00159239
         vertex 0.10413 -0.0316348 -0.000457893
         vertex 0.0974523 -0.0372 -0.00175951
      endloop
   endfacet
   facet normal 0.642744 -0.766044 -0.00752133
      outer loop
         vertex 0.10413 -0.0316348 -0.000457893
         vertex 0.104137 -0.0316308 8.23097e-19
         vertex 0.0974523 -0.0372 -0.00175951
      endloop
   endfacet
   facet normal -0.641845 -0.766044 -0.0347998
      outer loop
         vertex 0.0325477 -0.0372 -0.00175951
         vertex 0.0325477 -0.0372 0.00175951
         vertex 0.0258703 -0.0316347 -0.000163309
      endloop
   endfacet
   facet normal -0.642782 -0.766044 -0.00268267
      outer loop
         vertex 0.0258703 -0.0316347 -0.000163309
         vertex 0.0259212 -0.0316619 -0.00128867
         vertex 0.0325477 -0.0372 -0.00175951
      endloop
   endfacet
   facet normal -0.641845 -0.766044 0.0347998
      outer loop
         vertex 0.0325477 -0.0372 0.00175951
         vertex 0.0259203 -0.0316308 0.00211884
         vertex 0.0258629 -0.0316308 8.23097e-19
      endloop
   endfacet
   facet normal -0.642788 -0.766044 -1.18078e-16
      outer loop
         vertex 0.0258629 -0.0316308 8.23097e-19
         vertex 0.0258703 -0.0316347 -0.000163309
         vertex 0.0325477 -0.0372 0.00175951
      endloop
   endfacet
   facet normal -0.641845 -0.766044 -0.0347998
      outer loop
         vertex 0.0325477 -0.0372 -0.00175951
         vertex 0.0264626 -0.0319425 -0.0042005
         vertex 0.0271265 -0.0322669 -0.00620904
      endloop
   endfacet
   facet normal -0.641845 -0.766044 -0.0347998
      outer loop
         vertex 0.0325477 -0.0372 -0.00175951
         vertex 0.0262078 -0.0318123 -0.00316194
         vertex 0.0264626 -0.0319425 -0.0042005
      endloop
   endfacet
   facet normal -0.641845 -0.766044 -0.0347998
      outer loop
         vertex 0.0325477 -0.0372 -0.00175951
         vertex 0.0260188 -0.0317136 -0.0021135
         vertex 0.0262078 -0.0318123 -0.00316194
      endloop
   endfacet
   facet normal -0.63432 -0.766044 -0.103991
      outer loop
         vertex 0.0329281 -0.0372 -0.00525791
         vertex 0.0283986 -0.0328306 -0.00906519
         vertex 0.0288986 -0.0330322 -0.0100235
      endloop
   endfacet
   facet normal -0.63432 -0.766044 -0.103991
      outer loop
         vertex 0.0329281 -0.0372 -0.00525791
         vertex 0.0271265 -0.0322669 -0.00620904
         vertex 0.0283986 -0.0328306 -0.00906519
      endloop
   endfacet
   facet normal -0.619358 -0.766044 -0.171964
      outer loop
         vertex 0.0336846 -0.0372 -0.00869467
         vertex 0.0288986 -0.0330322 -0.0100235
         vertex 0.0310048 -0.0337646 -0.0135449
      endloop
   endfacet
   facet normal -0.597135 -0.766044 -0.23792
      outer loop
         vertex 0.0348083 -0.0372 -0.0120295
         vertex 0.0310323 -0.0337717 -0.013584
         vertex 0.0332945 -0.034359 -0.0168092
      endloop
   endfacet
   facet normal -0.597135 -0.766044 -0.23792
      outer loop
         vertex 0.0348083 -0.0372 -0.0120295
         vertex 0.0310048 -0.0337646 -0.0135449
         vertex 0.0310323 -0.0337717 -0.013584
      endloop
   endfacet
   facet normal -0.567911 -0.766044 -0.301087
      outer loop
         vertex 0.0362859 -0.0372 -0.0152233
         vertex 0.0337487 -0.0344301 -0.0173755
         vertex 0.0357265 -0.0347398 -0.0198412
      endloop
   endfacet
   facet normal -0.567911 -0.766044 -0.301087
      outer loop
         vertex 0.0362859 -0.0372 -0.0152233
         vertex 0.0332945 -0.034359 -0.0168092
         vertex 0.0337487 -0.0344301 -0.0173755
      endloop
   endfacet
   facet normal -0.489908 -0.766044 -0.416132
      outer loop
         vertex 0.0402297 -0.0372 -0.0210401
         vertex 0.0381001 -0.0372 -0.0182386
         vertex 0.0365116 -0.0348628 -0.02082
      endloop
   endfacet
   facet normal -0.532028 -0.766044 -0.360724
      outer loop
         vertex 0.0381001 -0.0372 -0.0182386
         vertex 0.0357265 -0.0347398 -0.0198412
         vertex 0.0365116 -0.0348628 -0.02082
      endloop
   endfacet
   facet normal -0.442045 -0.766044 -0.466661
      outer loop
         vertex 0.0426498 -0.0372 -0.0235949
         vertex 0.0402297 -0.0372 -0.0210401
         vertex 0.0393051 -0.035 -0.023944
      endloop
   endfacet
   facet normal -0.489908 -0.766044 -0.416132
      outer loop
         vertex 0.0402297 -0.0372 -0.0210401
         vertex 0.0382274 -0.0349471 -0.0227388
         vertex 0.0393051 -0.035 -0.023944
      endloop
   endfacet
   facet normal -0.388998 -0.766044 -0.511719
      outer loop
         vertex 0.0437452 -0.035 -0.0279603
         vertex 0.0453318 -0.0372 -0.025873
         vertex 0.0426498 -0.0372 -0.0235949
      endloop
   endfacet
   facet normal -0.331392 -0.766044 -0.550777
      outer loop
         vertex 0.0468928 -0.035 -0.0300944
         vertex 0.0482445 -0.0372 -0.0278479
         vertex 0.0453318 -0.0372 -0.025873
      endloop
   endfacet
   facet normal -0.2699 -0.766044 -0.583378
      outer loop
         vertex 0.0502527 -0.035 -0.0318757
         vertex 0.0513536 -0.0372 -0.0294962
         vertex 0.0482445 -0.0372 -0.0278479
      endloop
   endfacet
   facet normal -0.205243 -0.766044 -0.60914
      outer loop
         vertex 0.0537855 -0.035 -0.0332833
         vertex 0.0546227 -0.0372 -0.0307987
         vertex 0.0513536 -0.0372 -0.0294962
      endloop
   endfacet
   facet normal -0.13818 -0.766044 -0.62776
      outer loop
         vertex 0.0574498 -0.035 -0.0343007
         vertex 0.0580135 -0.0372 -0.0317402
         vertex 0.0546227 -0.0372 -0.0307987
      endloop
   endfacet
   facet normal -0.0694976 -0.766044 -0.63902
      outer loop
         vertex 0.0612027 -0.035 -0.034916
         vertex 0.0614861 -0.0372 -0.0323095
         vertex 0.0580135 -0.0372 -0.0317402
      endloop
   endfacet
   facet normal -5.07973e-16 -0.766044 -0.642788
      outer loop
         vertex 0.065 -0.035 -0.0351219
         vertex 0.065 -0.0372 -0.0325
         vertex 0.0614861 -0.0372 -0.0323095
      endloop
   endfacet
   facet normal 0.0694976 -0.766044 -0.63902
      outer loop
         vertex 0.0687973 -0.035 -0.034916
         vertex 0.0685139 -0.0372 -0.0323095
         vertex 0.065 -0.0372 -0.0325
      endloop
   endfacet
   facet normal 0.13818 -0.766044 -0.62776
      outer loop
         vertex 0.0725502 -0.035 -0.0343007
         vertex 0.0719865 -0.0372 -0.0317402
         vertex 0.0685139 -0.0372 -0.0323095
      endloop
   endfacet
   facet normal 0.205243 -0.766044 -0.60914
      outer loop
         vertex 0.0762145 -0.035 -0.0332833
         vertex 0.0753773 -0.0372 -0.0307987
         vertex 0.0719865 -0.0372 -0.0317402
      endloop
   endfacet
   facet normal 0.2699 -0.766044 -0.583378
      outer loop
         vertex 0.0797473 -0.035 -0.0318757
         vertex 0.0786464 -0.0372 -0.0294962
         vertex 0.0753773 -0.0372 -0.0307987
      endloop
   endfacet
   facet normal 0.331392 -0.766044 -0.550777
      outer loop
         vertex 0.0831072 -0.035 -0.0300944
         vertex 0.0817555 -0.0372 -0.0278479
         vertex 0.0786464 -0.0372 -0.0294962
      endloop
   endfacet
   facet normal 0.388998 -0.766044 -0.511719
      outer loop
         vertex 0.0862548 -0.035 -0.0279603
         vertex 0.0846682 -0.0372 -0.025873
         vertex 0.0817555 -0.0372 -0.0278479
      endloop
   endfacet
   facet normal 0.442045 -0.766044 -0.466661
      outer loop
         vertex 0.0891533 -0.035 -0.0254983
         vertex 0.0873502 -0.0372 -0.0235949
         vertex 0.0846682 -0.0372 -0.025873
      endloop
   endfacet
   facet normal 0.442045 -0.766044 -0.466661
      outer loop
         vertex 0.0873502 -0.0372 -0.0235949
         vertex 0.0891533 -0.035 -0.0254983
         vertex 0.0906949 -0.035 -0.023944
      endloop
   endfacet
   facet normal 0.470259 -0.766044 -0.438215
      outer loop
         vertex 0.0906949 -0.035 -0.023944
         vertex 0.0897703 -0.0372 -0.0210401
         vertex 0.0873502 -0.0372 -0.0235949
      endloop
   endfacet
   facet normal 0.470259 -0.766044 -0.438215
      outer loop
         vertex 0.0906949 -0.035 -0.023944
         vertex 0.0917726 -0.0349471 -0.0227388
         vertex 0.0897703 -0.0372 -0.0210401
      endloop
   endfacet
   facet normal 0.388998 -0.766044 -0.511719
      outer loop
         vertex 0.0846682 -0.0372 -0.025873
         vertex 0.0862548 -0.035 -0.0279603
         vertex 0.0891533 -0.035 -0.0254983
      endloop
   endfacet
   facet normal 0.331392 -0.766044 -0.550777
      outer loop
         vertex 0.0817555 -0.0372 -0.0278479
         vertex 0.0831072 -0.035 -0.0300944
         vertex 0.0862548 -0.035 -0.0279603
      endloop
   endfacet
   facet normal 0.2699 -0.766044 -0.583378
      outer loop
         vertex 0.0786464 -0.0372 -0.0294962
         vertex 0.0797473 -0.035 -0.0318757
         vertex 0.0831072 -0.035 -0.0300944
      endloop
   endfacet
   facet normal 0.205243 -0.766044 -0.60914
      outer loop
         vertex 0.0753773 -0.0372 -0.0307987
         vertex 0.0762145 -0.035 -0.0332833
         vertex 0.0797473 -0.035 -0.0318757
      endloop
   endfacet
   facet normal 0.13818 -0.766044 -0.62776
      outer loop
         vertex 0.0719865 -0.0372 -0.0317402
         vertex 0.0725502 -0.035 -0.0343007
         vertex 0.0762145 -0.035 -0.0332833
      endloop
   endfacet
   facet normal 0.0694976 -0.766044 -0.63902
      outer loop
         vertex 0.0685139 -0.0372 -0.0323095
         vertex 0.0687973 -0.035 -0.034916
         vertex 0.0725502 -0.035 -0.0343007
      endloop
   endfacet
   facet normal -5.07973e-16 -0.766044 -0.642788
      outer loop
         vertex 0.065 -0.0372 -0.0325
         vertex 0.065 -0.035 -0.0351219
         vertex 0.0687973 -0.035 -0.034916
      endloop
   endfacet
   facet normal -0.0694976 -0.766044 -0.63902
      outer loop
         vertex 0.0614861 -0.0372 -0.0323095
         vertex 0.0612027 -0.035 -0.034916
         vertex 0.065 -0.035 -0.0351219
      endloop
   endfacet
   facet normal -0.13818 -0.766044 -0.62776
      outer loop
         vertex 0.0580135 -0.0372 -0.0317402
         vertex 0.0574498 -0.035 -0.0343007
         vertex 0.0612027 -0.035 -0.034916
      endloop
   endfacet
   facet normal -0.205243 -0.766044 -0.60914
      outer loop
         vertex 0.0546227 -0.0372 -0.0307987
         vertex 0.0537855 -0.035 -0.0332833
         vertex 0.0574498 -0.035 -0.0343007
      endloop
   endfacet
   facet normal -0.2699 -0.766044 -0.583378
      outer loop
         vertex 0.0513536 -0.0372 -0.0294962
         vertex 0.0502527 -0.035 -0.0318757
         vertex 0.0537855 -0.035 -0.0332833
      endloop
   endfacet
   facet normal -0.331392 -0.766044 -0.550777
      outer loop
         vertex 0.0482445 -0.0372 -0.0278479
         vertex 0.0468928 -0.035 -0.0300944
         vertex 0.0502527 -0.035 -0.0318757
      endloop
   endfacet
   facet normal -0.388998 -0.766044 -0.511719
      outer loop
         vertex 0.0453318 -0.0372 -0.025873
         vertex 0.0437452 -0.035 -0.0279603
         vertex 0.0468928 -0.035 -0.0300944
      endloop
   endfacet
   facet normal -0.442045 -0.766044 -0.466661
      outer loop
         vertex 0.0426498 -0.0372 -0.0235949
         vertex 0.0408467 -0.035 -0.0254983
         vertex 0.0437452 -0.035 -0.0279603
      endloop
   endfacet
   facet normal -0.470259 -0.766044 -0.438215
      outer loop
         vertex 0.0393051 -0.035 -0.023944
         vertex 0.0408467 -0.035 -0.0254983
         vertex 0.0426498 -0.0372 -0.0235949
      endloop
   endfacet
   facet normal -0.518968 -0.766044 -0.379273
      outer loop
         vertex 0.0365116 -0.0348628 -0.02082
         vertex 0.0382274 -0.0349471 -0.0227388
         vertex 0.0402297 -0.0372 -0.0210401
      endloop
   endfacet
   facet normal -0.532086 -0.766044 -0.360639
      outer loop
         vertex 0.0357265 -0.0347398 -0.0198412
         vertex 0.0381001 -0.0372 -0.0182386
         vertex 0.0362859 -0.0372 -0.0152233
      endloop
   endfacet
   facet normal -0.567911 -0.766044 -0.301087
      outer loop
         vertex 0.0332945 -0.034359 -0.0168092
         vertex 0.0362859 -0.0372 -0.0152233
         vertex 0.0348083 -0.0372 -0.0120295
      endloop
   endfacet
   facet normal -0.597135 -0.766044 -0.23792
      outer loop
         vertex 0.0310048 -0.0337646 -0.0135449
         vertex 0.0348083 -0.0372 -0.0120295
         vertex 0.0336846 -0.0372 -0.00869467
      endloop
   endfacet
   facet normal -0.619358 -0.766044 -0.171964
      outer loop
         vertex 0.0288986 -0.0330322 -0.0100235
         vertex 0.0336846 -0.0372 -0.00869467
         vertex 0.0329281 -0.0372 -0.00525791
      endloop
   endfacet
   facet normal -0.63432 -0.766044 -0.103991
      outer loop
         vertex 0.0271265 -0.0322669 -0.00620904
         vertex 0.0329281 -0.0372 -0.00525791
         vertex 0.0325477 -0.0372 -0.00175951
      endloop
   endfacet
   facet normal -0.642438 -0.766044 -0.0211852
      outer loop
         vertex 0.0259212 -0.0316619 -0.00128867
         vertex 0.0260188 -0.0317136 -0.0021135
         vertex 0.0325477 -0.0372 -0.00175951
      endloop
   endfacet
   facet normal 0.642788 -0.766044 1.82087e-16
      outer loop
         vertex 0.104137 -0.0316308 8.23097e-19
         vertex 0.10408 -0.0316308 0.00211884
         vertex 0.0974523 -0.0372 0.00175951
      endloop
   endfacet
   facet normal 0.641225 -0.766044 -0.0447923
      outer loop
         vertex 0.103881 -0.031766 -0.00271602
         vertex 0.103971 -0.0317188 -0.00211256
         vertex 0.0974523 -0.0372 -0.00175951
      endloop
   endfacet
   facet normal 0.631801 -0.766044 -0.118338
      outer loop
         vertex 0.102543 -0.0324204 -0.00703197
         vertex 0.10285 -0.0322744 -0.00620205
         vertex 0.0970719 -0.0372 -0.00525791
      endloop
   endfacet
   facet normal 0.611937 -0.766044 -0.196747
      outer loop
         vertex 0.100347 -0.0333158 -0.0113646
         vertex 0.101084 -0.0330306 -0.0100132
         vertex 0.0963154 -0.0372 -0.00869467
      endloop
   endfacet
   facet normal 0.596818 -0.766044 -0.238713
      outer loop
         vertex 0.098968 -0.0337728 -0.0135864
         vertex 0.0989942 -0.0337641 -0.0135442
         vertex 0.0951917 -0.0372 -0.0120295
      endloop
   endfacet
   facet normal 0.561582 -0.766044 -0.312732
      outer loop
         vertex 0.096255 -0.0344524 -0.0174052
         vertex 0.096689 -0.0343437 -0.0167942
         vertex 0.0937141 -0.0372 -0.0152233
      endloop
   endfacet
   facet normal 0.518968 -0.766044 -0.379273
      outer loop
         vertex 0.0934884 -0.0348628 -0.02082
         vertex 0.0942781 -0.0347456 -0.0198452
         vertex 0.0918999 -0.0372 -0.0182386
      endloop
   endfacet
   facet normal -0.0347998 -0.766044 0.641845
      outer loop
         vertex 0.0628812 -0.0316308 0.0390797
         vertex 0.0607685 -0.0316308 0.0389077
         vertex 0.0614861 -0.0372 0.0323095
      endloop
   endfacet
   facet normal -0.103991 -0.766044 0.63432
      outer loop
         vertex 0.0586683 -0.0316308 0.0386215
         vertex 0.0565867 -0.0316308 0.0382221
         vertex 0.0580135 -0.0372 0.0317402
      endloop
   endfacet
   facet normal -0.171964 -0.766044 0.619358
      outer loop
         vertex 0.0545297 -0.0316308 0.0377106
         vertex 0.0525035 -0.0316308 0.0370884
         vertex 0.0546227 -0.0372 0.0307987
      endloop
   endfacet
   facet normal -0.23792 -0.766044 0.597135
      outer loop
         vertex 0.0505139 -0.0316308 0.0363575
         vertex 0.0485668 -0.0316308 0.0355199
         vertex 0.0513536 -0.0372 0.0294962
      endloop
   endfacet
   facet normal -0.301087 -0.766044 0.567911
      outer loop
         vertex 0.0466678 -0.0316308 0.0345781
         vertex 0.0448227 -0.0316308 0.0335349
         vertex 0.0482445 -0.0372 0.0278479
      endloop
   endfacet
   facet normal -0.360724 -0.766044 0.532028
      outer loop
         vertex 0.0430368 -0.0316308 0.0323934
         vertex 0.0413152 -0.0316308 0.0311568
         vertex 0.0453318 -0.0372 0.025873
      endloop
   endfacet
   facet normal -0.416132 -0.766044 0.489908
      outer loop
         vertex 0.0396632 -0.0316308 0.0298288
         vertex 0.0380854 -0.0316308 0.0284134
         vertex 0.0426498 -0.0372 0.0235949
      endloop
   endfacet
   facet normal -0.466661 -0.766044 0.442045
      outer loop
         vertex 0.0365866 -0.0316308 0.0269146
         vertex 0.0351712 -0.0316308 0.0253368
         vertex 0.0402297 -0.0372 0.0210401
      endloop
   endfacet
   facet normal -0.511719 -0.766044 0.388998
      outer loop
         vertex 0.0338432 -0.0316308 0.0236848
         vertex 0.0326066 -0.0316308 0.0219632
         vertex 0.0381001 -0.0372 0.0182386
      endloop
   endfacet
   facet normal -0.550777 -0.766044 0.331392
      outer loop
         vertex 0.0314651 -0.0316308 0.0201773
         vertex 0.0304219 -0.0316308 0.0183322
         vertex 0.0362859 -0.0372 0.0152233
      endloop
   endfacet
   facet normal -0.583378 -0.766044 0.2699
      outer loop
         vertex 0.0294801 -0.0316308 0.0164332
         vertex 0.0286425 -0.0316308 0.0144861
         vertex 0.0348083 -0.0372 0.0120295
      endloop
   endfacet
   facet normal -0.60914 -0.766044 0.205243
      outer loop
         vertex 0.0279116 -0.0316308 0.0124965
         vertex 0.0272894 -0.0316308 0.0104703
         vertex 0.0336846 -0.0372 0.00869467
      endloop
   endfacet
   facet normal -0.62776 -0.766044 0.13818
      outer loop
         vertex 0.0267779 -0.0316308 0.00841332
         vertex 0.0263785 -0.0316308 0.00633168
         vertex 0.0329281 -0.0372 0.00525791
      endloop
   endfacet
   facet normal -0.63902 -0.766044 0.0694976
      outer loop
         vertex 0.0260923 -0.0316308 0.00423147
         vertex 0.0259203 -0.0316308 0.00211884
         vertex 0.0325477 -0.0372 0.00175951
      endloop
   endfacet
   facet normal 0.63902 -0.766044 0.0694976
      outer loop
         vertex 0.103908 -0.0316308 0.00423147
         vertex 0.103622 -0.0316308 0.00633168
         vertex 0.0970719 -0.0372 0.00525791
      endloop
   endfacet
   facet normal 0.62776 -0.766044 0.13818
      outer loop
         vertex 0.103222 -0.0316308 0.00841332
         vertex 0.102711 -0.0316308 0.0104703
         vertex 0.0963154 -0.0372 0.00869467
      endloop
   endfacet
   facet normal 0.60914 -0.766044 0.205243
      outer loop
         vertex 0.102088 -0.0316308 0.0124965
         vertex 0.101357 -0.0316308 0.0144861
         vertex 0.0951917 -0.0372 0.0120295
      endloop
   endfacet
   facet normal 0.583378 -0.766044 0.2699
      outer loop
         vertex 0.10052 -0.0316308 0.0164332
         vertex 0.0995781 -0.0316308 0.0183322
         vertex 0.0937141 -0.0372 0.0152233
      endloop
   endfacet
   facet normal 0.550777 -0.766044 0.331392
      outer loop
         vertex 0.0985349 -0.0316308 0.0201773
         vertex 0.0973934 -0.0316308 0.0219632
         vertex 0.0918999 -0.0372 0.0182386
      endloop
   endfacet
   facet normal 0.511719 -0.766044 0.388998
      outer loop
         vertex 0.0961568 -0.0316308 0.0236848
         vertex 0.0948288 -0.0316308 0.0253368
         vertex 0.0897703 -0.0372 0.0210401
      endloop
   endfacet
   facet normal 0.466661 -0.766044 0.442045
      outer loop
         vertex 0.0934134 -0.0316308 0.0269146
         vertex 0.0919146 -0.0316308 0.0284134
         vertex 0.0873502 -0.0372 0.0235949
      endloop
   endfacet
   facet normal 0.416132 -0.766044 0.489908
      outer loop
         vertex 0.0903368 -0.0316308 0.0298288
         vertex 0.0886848 -0.0316308 0.0311568
         vertex 0.0846682 -0.0372 0.025873
      endloop
   endfacet
   facet normal 0.360724 -0.766044 0.532028
      outer loop
         vertex 0.0869632 -0.0316308 0.0323934
         vertex 0.0851773 -0.0316308 0.0335349
         vertex 0.0817555 -0.0372 0.0278479
      endloop
   endfacet
   facet normal 0.301087 -0.766044 0.567911
      outer loop
         vertex 0.0833322 -0.0316308 0.0345781
         vertex 0.0814332 -0.0316308 0.0355199
         vertex 0.0786464 -0.0372 0.0294962
      endloop
   endfacet
   facet normal 0.23792 -0.766044 0.597135
      outer loop
         vertex 0.0794861 -0.0316308 0.0363575
         vertex 0.0774965 -0.0316308 0.0370884
         vertex 0.0753773 -0.0372 0.0307987
      endloop
   endfacet
   facet normal 0.171964 -0.766044 0.619358
      outer loop
         vertex 0.0754703 -0.0316308 0.0377106
         vertex 0.0734133 -0.0316308 0.0382221
         vertex 0.0719865 -0.0372 0.0317402
      endloop
   endfacet
   facet normal 0.103991 -0.766044 0.63432
      outer loop
         vertex 0.0713317 -0.0316308 0.0386215
         vertex 0.0692315 -0.0316308 0.0389077
         vertex 0.0685139 -0.0372 0.0323095
      endloop
   endfacet
   facet normal 0.0347998 -0.766044 0.641845
      outer loop
         vertex 0.0671188 -0.0316308 0.0390797
         vertex 0.065 -0.0316308 0.0391371
         vertex 0.065 -0.0372 0.0325
      endloop
   endfacet
   facet normal 0 -1 0
      outer loop
         vertex 0.065 -0.0372 0
         vertex 0.0614861 -0.0372 0.0323095
         vertex 0.0580135 -0.0372 0.0317402
      endloop
   endfacet
   facet normal 0 -1 0
      outer loop
         vertex 0.0580135 -0.0372 0.0317402
         vertex 0.0546227 -0.0372 0.0307987
         vertex 0.065 -0.0372 0
      endloop
   endfacet
   facet normal 0 -1 0
      outer loop
         vertex 0.0546227 -0.0372 0.0307987
         vertex 0.0513536 -0.0372 0.0294962
         vertex 0.065 -0.0372 0
      endloop
   endfacet
   facet normal 0 -1 0
      outer loop
         vertex 0.0513536 -0.0372 0.0294962
         vertex 0.0482445 -0.0372 0.0278479
         vertex 0.065 -0.0372 0
      endloop
   endfacet
   facet normal 0 -1 0
      outer loop
         vertex 0.0482445 -0.0372 0.0278479
         vertex 0.0453318 -0.0372 0.025873
         vertex 0.065 -0.0372 0
      endloop
   endfacet
   facet normal 0 -1 0
      outer loop
         vertex 0.0453318 -0.0372 0.025873
         vertex 0.0426498 -0.0372 0.0235949
         vertex 0.065 -0.0372 0
      endloop
   endfacet
   facet normal 0 -1 0
      outer loop
         vertex 0.0426498 -0.0372 0.0235949
         vertex 0.0402297 -0.0372 0.0210401
         vertex 0.065 -0.0372 0
      endloop
   endfacet
   facet normal 0 -1 0
      outer loop
         vertex 0.0402297 -0.0372 0.0210401
         vertex 0.0381001 -0.0372 0.0182386
         vertex 0.065 -0.0372 0
      endloop
   endfacet
   facet normal 0 -1 0
      outer loop
         vertex 0.0381001 -0.0372 0.0182386
         vertex 0.0362859 -0.0372 0.0152233
         vertex 0.065 -0.0372 0
      endloop
   endfacet
   facet normal 0 -1 0
      outer loop
         vertex 0.0362859 -0.0372 0.0152233
         vertex 0.0348083 -0.0372 0.0120295
         vertex 0.065 -0.0372 0
      endloop
   endfacet
   facet normal 0 -1 0
      outer loop
         vertex 0.0348083 -0.0372 0.0120295
         vertex 0.0336846 -0.0372 0.00869467
         vertex 0.065 -0.0372 0
      endloop
   endfacet
   facet normal 0 -1 0
      outer loop
         vertex 0.0336846 -0.0372 0.00869467
         vertex 0.0329281 -0.0372 0.00525791
         vertex 0.065 -0.0372 0
      endloop
   endfacet
   facet normal 0 -1 0
      outer loop
         vertex 0.0329281 -0.0372 0.00525791
         vertex 0.0325477 -0.0372 0.00175951
         vertex 0.065 -0.0372 0
      endloop
   endfacet
   facet normal 0 -1 0
      outer loop
         vertex 0.0325477 -0.0372 0.00175951
         vertex 0.0325477 -0.0372 -0.00175951
         vertex 0.065 -0.0372 0
      endloop
   endfacet
   facet normal 0 -1 0
      outer loop
         vertex 0.0325477 -0.0372 -0.00175951
         vertex 0.0329281 -0.0372 -0.00525791
         vertex 0.065 -0.0372 0
      endloop
   endfacet
   facet normal 0 -1 0
      outer loop
         vertex 0.0329281 -0.0372 -0.00525791
         vertex 0.0336846 -0.0372 -0.00869467
         vertex 0.065 -0.0372 0
      endloop
   endfacet
   facet normal 0 -1 0
      outer loop
         vertex 0.0336846 -0.0372 -0.00869467
         vertex 0.0348083 -0.0372 -0.0120295
         vertex 0.065 -0.0372 0
      endloop
   endfacet
   facet normal 0 -1 0
      outer loop
         vertex 0.0348083 -0.0372 -0.0120295
         vertex 0.0362859 -0.0372 -0.0152233
         vertex 0.065 -0.0372 0
      endloop
   endfacet
   facet normal 0 -1 0
      outer loop
         vertex 0.0362859 -0.0372 -0.0152233
         vertex 0.0381001 -0.0372 -0.0182386
         vertex 0.065 -0.0372 0
      endloop
   endfacet
   facet normal 0 -1 0
      outer loop
         vertex 0.0381001 -0.0372 -0.0182386
         vertex 0.0402297 -0.0372 -0.0210401
         vertex 0.065 -0.0372 0
      endloop
   endfacet
   facet normal 0 -1 0
      outer loop
         vertex 0.0402297 -0.0372 -0.0210401
         vertex 0.0426498 -0.0372 -0.0235949
         vertex 0.065 -0.0372 0
      endloop
   endfacet
   facet normal 0 -1 0
      outer loop
         vertex 0.0426498 -0.0372 -0.0235949
         vertex 0.0453318 -0.0372 -0.025873
         vertex 0.065 -0.0372 0
      endloop
   endfacet
   facet normal 0 -1 0
      outer loop
         vertex 0.0453318 -0.0372 -0.025873
         vertex 0.0482445 -0.0372 -0.0278479
         vertex 0.065 -0.0372 0
      endloop
   endfacet
   facet normal 0 -1 0
      outer loop
         vertex 0.0482445 -0.0372 -0.0278479
         vertex 0.0513536 -0.0372 -0.0294962
         vertex 0.065 -0.0372 0
      endloop
   endfacet
   facet normal 0 -1 0
      outer loop
         vertex 0.0513536 -0.0372 -0.0294962
         vertex 0.0546227 -0.0372 -0.0307987
         vertex 0.065 -0.0372 0
      endloop
   endfacet
   facet normal 0 -1 0
      outer loop
         vertex 0.0546227 -0.0372 -0.0307987
         vertex 0.0580135 -0.0372 -0.0317402
         vertex 0.065 -0.0372 0
      endloop
   endfacet
   facet normal 0 -1 0
      outer loop
         vertex 0.0580135 -0.0372 -0.0317402
         vertex 0.0614861 -0.0372 -0.0323095
         vertex 0.065 -0.0372 0
      endloop
   endfacet
   facet normal 0 -1 0
      outer loop
         vertex 0.0614861 -0.0372 -0.0323095
         vertex 0.065 -0.0372 -0.0325
         vertex 0.065 -0.0372 0
      endloop
   endfacet
   facet normal 0 -1 0
      outer loop
         vertex 0.065 -0.0372 -0.0325
         vertex 0.0685139 -0.0372 -0.0323095
         vertex 0.065 -0.0372 0
      endloop
   endfacet
   facet normal 0 -1 0
      outer loop
         vertex 0.0685139 -0.0372 -0.0323095
         vertex 0.0719865 -0.0372 -0.0317402
         vertex 0.065 -0.0372 0
      endloop
   endfacet
   facet normal 0 -1 0
      outer loop
         vertex 0.0719865 -0.0372 -0.0317402
         vertex 0.0753773 -0.0372 -0.0307987
         vertex 0.065 -0.0372 0
      endloop
   endfacet
   facet normal 0 -1 0
      outer loop
         vertex 0.0753773 -0.0372 -0.0307987
         vertex 0.0786464 -0.0372 -0.0294962
         vertex 0.065 -0.0372 0
      endloop
   endfacet
   facet normal 0 -1 0
      outer loop
         vertex 0.0786464 -0.0372 -0.0294962
         vertex 0.0817555 -0.0372 -0.0278479
         vertex 0.065 -0.0372 0
      endloop
   endfacet
   facet normal 0 -1 0
      outer loop
         vertex 0.0817555 -0.0372 -0.0278479
         vertex 0.0846682 -0.0372 -0.025873
         vertex 0.065 -0.0372 0
      endloop
   endfacet
   facet normal 0 -1 0
      outer loop
         vertex 0.0846682 -0.0372 -0.025873
         vertex 0.0873502 -0.0372 -0.0235949
         vertex 0.065 -0.0372 0
      endloop
   endfacet
   facet normal 0 -1 0
      outer loop
         vertex 0.0873502 -0.0372 -0.0235949
         vertex 0.0897703 -0.0372 -0.0210401
         vertex 0.065 -0.0372 0
      endloop
   endfacet
   facet normal 0 -1 0
      outer loop
         vertex 0.0897703 -0.0372 -0.0210401
         vertex 0.0918999 -0.0372 -0.0182386
         vertex 0.065 -0.0372 0
      endloop
   endfacet
   facet normal 0 -1 0
      outer loop
         vertex 0.0918999 -0.0372 -0.0182386
         vertex 0.0937141 -0.0372 -0.0152233
         vertex 0.065 -0.0372 0
      endloop
   endfacet
   facet normal 0 -1 0
      outer loop
         vertex 0.0937141 -0.0372 -0.0152233
         vertex 0.0951917 -0.0372 -0.0120295
         vertex 0.065 -0.0372 0
      endloop
   endfacet
   facet normal 0 -1 0
      outer loop
         vertex 0.0951917 -0.0372 -0.0120295
         vertex 0.0963154 -0.0372 -0.00869467
         vertex 0.065 -0.0372 0
      endloop
   endfacet
   facet normal 0 -1 0
      outer loop
         vertex 0.0963154 -0.0372 -0.00869467
         vertex 0.0970719 -0.0372 -0.00525791
         vertex 0.065 -0.0372 0
      endloop
   endfacet
   facet normal 0 -1 0
      outer loop
         vertex 0.0970719 -0.0372 -0.00525791
         vertex 0.0974523 -0.0372 -0.00175951
         vertex 0.065 -0.0372 0
      endloop
   endfacet
   facet normal 0 -1 0
      outer loop
         vertex 0.0974523 -0.0372 -0.00175951
         vertex 0.0974523 -0.0372 0.00175951
         vertex 0.065 -0.0372 0
      endloop
   endfacet
   facet normal 0 -1 0
      outer loop
         vertex 0.0974523 -0.0372 0.00175951
         vertex 0.0970719 -0.0372 0.00525791
         vertex 0.065 -0.0372 0
      endloop
   endfacet
   facet normal 0 -1 0
      outer loop
         vertex 0.0970719 -0.0372 0.00525791
         vertex 0.0963154 -0.0372 0.00869467
         vertex 0.065 -0.0372 0
      endloop
   endfacet
   facet normal 0 -1 0
      outer loop
         vertex 0.0963154 -0.0372 0.00869467
         vertex 0.0951917 -0.0372 0.0120295
         vertex 0.065 -0.0372 0
      endloop
   endfacet
   facet normal 0 -1 0
      outer loop
         vertex 0.0951917 -0.0372 0.0120295
         vertex 0.0937141 -0.0372 0.0152233
         vertex 0.065 -0.0372 0
      endloop
   endfacet
   facet normal 0 -1 0
      outer loop
         vertex 0.0937141 -0.0372 0.0152233
         vertex 0.0918999 -0.0372 0.0182386
         vertex 0.065 -0.0372 0
      endloop
   endfacet
   facet normal 0 -1 0
      outer loop
         vertex 0.0918999 -0.0372 0.0182386
         vertex 0.0897703 -0.0372 0.0210401
         vertex 0.065 -0.0372 0
      endloop
   endfacet
   facet normal 0 -1 0
      outer loop
         vertex 0.0897703 -0.0372 0.0210401
         vertex 0.0873502 -0.0372 0.0235949
         vertex 0.065 -0.0372 0
      endloop
   endfacet
   facet normal 0 -1 0
      outer loop
         vertex 0.0873502 -0.0372 0.0235949
         vertex 0.0846682 -0.0372 0.025873
         vertex 0.065 -0.0372 0
      endloop
   endfacet
   facet normal 0 -1 0
      outer loop
         vertex 0.0846682 -0.0372 0.025873
         vertex 0.0817555 -0.0372 0.0278479
         vertex 0.065 -0.0372 0
      endloop
   endfacet
   facet normal 0 -1 0
      outer loop
         vertex 0.0817555 -0.0372 0.0278479
         vertex 0.0786464 -0.0372 0.0294962
         vertex 0.065 -0.0372 0
      endloop
   endfacet
   facet normal 0 -1 0
      outer loop
         vertex 0.0786464 -0.0372 0.0294962
         vertex 0.0753773 -0.0372 0.0307987
         vertex 0.065 -0.0372 0
      endloop
   endfacet
   facet normal 0 -1 0
      outer loop
         vertex 0.0753773 -0.0372 0.0307987
         vertex 0.0719865 -0.0372 0.0317402
         vertex 0.065 -0.0372 0
      endloop
   endfacet
   facet normal 0 -1 0
      outer loop
         vertex 0.0719865 -0.0372 0.0317402
         vertex 0.0685139 -0.0372 0.0323095
         vertex 0.065 -0.0372 0
      endloop
   endfacet
   facet normal 0 -1 0
      outer loop
         vertex 0.0685139 -0.0372 0.0323095
         vertex 0.065 -0.0372 0.0325
         vertex 0.065 -0.0372 0
      endloop
   endfacet
   facet normal 0 -1 0
      outer loop
         vertex 0.065 -0.0372 0.0325
         vertex 0.0614861 -0.0372 0.0323095
         vertex 0.065 -0.0372 0
      endloop
   endfacet
   facet normal -0.634393 -0.77301 0
      outer loop
         vertex 0.021225 -0.0285307 -5.83181e-18
         vertex 0.0212227 -0.028529 -8.04176e-18
         vertex 0.0191525 -0.0266525 -0.0219163
      endloop
   endfacet
   facet normal -0.707107 -0.707107 4.32978e-17
      outer loop
         vertex 0.0191525 -0.0266525 -0.0219163
         vertex 0.0210057 -0.0283491 -0.0238244
         vertex 0.021225 -0.0285307 -5.83181e-18
      endloop
   endfacet
   facet normal -0.634469 -0.772948 0
      outer loop
         vertex 0.0212227 -0.028529 -8.04176e-18
         vertex 0.0191525 -0.0266525 0
         vertex 0.0191525 -0.0266525 -0.0219163
      endloop
   endfacet
   facet normal -0.555571 -0.831469 0
      outer loop
         vertex 0.0234715 -0.0301966 -5.96936e-18
         vertex 0.0234667 -0.0301938 -7.62954e-18
         vertex 0.0212249 -0.0285308 -0.0240582
      endloop
   endfacet
   facet normal -0.634393 -0.77301 0
      outer loop
         vertex 0.0212249 -0.0285308 -0.0240582
         vertex 0.0234713 -0.0301969 -0.0265455
         vertex 0.0234715 -0.0301966 -5.96936e-18
      endloop
   endfacet
   facet normal 9.43398e-15 -1 0
      outer loop
         vertex 0.0393051 -0.035 -0.023944
         vertex 0.0382274 -0.0349471 -0.0227388
         vertex 0.0365116 -0.0348628 -0.0439217
      endloop
   endfacet
   facet normal -0.0980171 -0.995185 0
      outer loop
         vertex 0.0365116 -0.0348628 -0.0439217
         vertex 0.0393051 -0.035 -0.048326
         vertex 0.0393051 -0.035 -0.023944
      endloop
   endfacet
   facet normal -0.19509 -0.980785 0
      outer loop
         vertex 0.033745 -0.0344524 -0.0398146
         vertex 0.0364563 -0.0348546 -0.0438396
         vertex 0.0365116 -0.0348628 -0.02082
      endloop
   endfacet
   facet normal -0.0980171 -0.995185 0
      outer loop
         vertex 0.0365116 -0.0348628 -0.02082
         vertex 0.0357265 -0.0347398 -0.0198412
         vertex 0.033745 -0.0344524 -0.0398146
      endloop
   endfacet
   facet normal -0.0999683 -0.994991 0
      outer loop
         vertex 0.0364563 -0.0348546 -0.0438396
         vertex 0.0365116 -0.0348628 -0.0439217
         vertex 0.0365116 -0.0348628 -0.02082
      endloop
   endfacet
   facet normal -0.290285 -0.95694 0
      outer loop
         vertex 0.031032 -0.0337728 -0.0360146
         vertex 0.033745 -0.0344524 -0.0398146
         vertex 0.0337487 -0.0344301 -0.0173755
      endloop
   endfacet
   facet normal -0.195116 -0.98078 0
      outer loop
         vertex 0.0337487 -0.0344301 -0.0173755
         vertex 0.0332945 -0.034359 -0.0168092
         vertex 0.031032 -0.0337728 -0.0360146
      endloop
   endfacet
   facet normal -0.382683 -0.92388 0
      outer loop
         vertex 0.0283986 -0.0328306 -0.0325309
         vertex 0.0310048 -0.0337646 -0.0135449
         vertex 0.0288986 -0.0330322 -0.0100235
      endloop
   endfacet
   facet normal -0.382683 -0.92388 0
      outer loop
         vertex 0.0283986 -0.0328306 -0.0325309
         vertex 0.0309325 -0.0337372 -0.035883
         vertex 0.0310323 -0.0337717 -0.013584
      endloop
   endfacet
   facet normal -0.290286 -0.95694 0
      outer loop
         vertex 0.0310323 -0.0337717 -0.013584
         vertex 0.0310048 -0.0337646 -0.0135449
         vertex 0.0283986 -0.0328306 -0.0325309
      endloop
   endfacet
   facet normal -0.293827 -0.955859 0
      outer loop
         vertex 0.0309325 -0.0337372 -0.035883
         vertex 0.031032 -0.0337728 -0.0360146
         vertex 0.0310323 -0.0337717 -0.013584
      endloop
   endfacet
   facet normal -0.471397 -0.881921 0
      outer loop
         vertex 0.0258703 -0.0316348 -0.029372
         vertex 0.0262078 -0.0318123 -0.00316194
         vertex 0.0260188 -0.0317136 -0.0021135
      endloop
   endfacet
   facet normal -0.471397 -0.881921 0
      outer loop
         vertex 0.0258703 -0.0316348 -0.029372
         vertex 0.0264626 -0.0319425 -0.0042005
         vertex 0.0262078 -0.0318123 -0.00316194
      endloop
   endfacet
   facet normal -0.466186 -0.884687 0
      outer loop
         vertex 0.0260188 -0.0317136 -0.0021135
         vertex 0.0259212 -0.0316619 -0.00128867
         vertex 0.0258703 -0.0316348 -0.029372
      endloop
   endfacet
   facet normal -0.471397 -0.881921 0
      outer loop
         vertex 0.0258703 -0.0316348 -0.029372
         vertex 0.0271265 -0.0322669 -0.00620904
         vertex 0.0264626 -0.0319425 -0.0042005
      endloop
   endfacet
   facet normal -0.471397 -0.881921 0
      outer loop
         vertex 0.0258703 -0.0316348 -0.029372
         vertex 0.0283986 -0.0328306 -0.0325309
         vertex 0.0283986 -0.0328306 -0.00906519
      endloop
   endfacet
   facet normal -0.382683 -0.92388 0
      outer loop
         vertex 0.0283986 -0.0328306 -0.00906519
         vertex 0.0271265 -0.0322669 -0.00620904
         vertex 0.0258703 -0.0316348 -0.029372
      endloop
   endfacet
   facet normal -0.471397 -0.881921 0
      outer loop
         vertex 0.0258703 -0.0316347 -0.000163309
         vertex 0.0234715 -0.0301966 -5.96936e-18
         vertex 0.0234713 -0.0301969 -0.0265455
      endloop
   endfacet
   facet normal -0.55557 -0.83147 0
      outer loop
         vertex 0.0234713 -0.0301969 -0.0265455
         vertex 0.0257122 -0.03154 -0.0291857
         vertex 0.0258703 -0.0316347 -0.000163309
      endloop
   endfacet
   facet normal -0.471397 -0.881921 0
      outer loop
         vertex 0.0258703 -0.0316347 -0.000163309
         vertex 0.0258629 -0.0316308 8.23097e-19
         vertex 0.0234715 -0.0301966 -5.96936e-18
      endloop
   endfacet
   facet normal -0.477084 -0.878858 0
      outer loop
         vertex 0.0257122 -0.03154 -0.0291857
         vertex 0.0258703 -0.0316348 -0.029372
         vertex 0.0258703 -0.0316347 -0.000163309
      endloop
   endfacet
   facet normal -0.46961 -0.882874 0
      outer loop
         vertex 0.0259212 -0.0316619 -0.00128867
         vertex 0.0258703 -0.0316347 -0.000163309
         vertex 0.0258703 -0.0316348 -0.029372
      endloop
   endfacet
   facet normal -0.365138 -0.930953 0
      outer loop
         vertex 0.0288986 -0.0330322 -0.0100235
         vertex 0.0283986 -0.0328306 -0.00906519
         vertex 0.0283986 -0.0328306 -0.0325309
      endloop
   endfacet
   facet normal -0.210899 -0.977508 0
      outer loop
         vertex 0.0332945 -0.034359 -0.0168092
         vertex 0.0310323 -0.0337717 -0.013584
         vertex 0.031032 -0.0337728 -0.0360146
      endloop
   endfacet
   facet normal -0.125717 -0.992066 0
      outer loop
         vertex 0.0357265 -0.0347398 -0.0198412
         vertex 0.0337487 -0.0344301 -0.0173755
         vertex 0.033745 -0.0344524 -0.0398146
      endloop
   endfacet
   facet normal -0.0378557 -0.999283 0
      outer loop
         vertex 0.0382274 -0.0349471 -0.0227388
         vertex 0.0365116 -0.0348628 -0.02082
         vertex 0.0365116 -0.0348628 -0.0439217
      endloop
   endfacet
   facet normal -0.555733 -0.831361 0
      outer loop
         vertex 0.0234667 -0.0301938 -7.62954e-18
         vertex 0.021225 -0.0285307 -5.83181e-18
         vertex 0.0212249 -0.0285308 -0.0240582
      endloop
   endfacet
   facet normal -0.642082 -0.766636 0
      outer loop
         vertex 0.0210057 -0.0283491 -0.0238244
         vertex 0.0212249 -0.0285308 -0.0240582
         vertex 0.021225 -0.0285307 -5.83181e-18
      endloop
   endfacet
   facet normal 0.555733 -0.831361 0
      outer loop
         vertex 0.106533 -0.0301938 2.54318e-18
         vertex 0.106529 -0.0301969 -0.0265455
         vertex 0.108775 -0.0285308 -0.0240582
      endloop
   endfacet
   facet normal 0.634393 -0.77301 0
      outer loop
         vertex 0.108775 -0.0285308 -0.0240582
         vertex 0.108775 -0.0285307 1.10709e-18
         vertex 0.106533 -0.0301938 2.54318e-18
      endloop
   endfacet
   facet normal 0.634469 -0.772948 0
      outer loop
         vertex 0.108777 -0.028529 2.68059e-18
         vertex 0.108994 -0.0283491 -0.0238244
         vertex 0.110847 -0.0266525 -0.0219163
      endloop
   endfacet
   facet normal 0.707107 -0.707107 4.32978e-17
      outer loop
         vertex 0.110847 -0.0266525 -0.0219163
         vertex 0.110847 -0.0266525 0
         vertex 0.108777 -0.028529 2.68059e-18
      endloop
   endfacet
   facet normal 0.634393 -0.77301 0
      outer loop
         vertex 0.108775 -0.0285307 1.10709e-18
         vertex 0.108775 -0.0285308 -0.0240582
         vertex 0.108994 -0.0283491 -0.0238244
      endloop
   endfacet
   facet normal 0.471397 -0.881921 0
      outer loop
         vertex 0.10413 -0.0316348 -0.000457893
         vertex 0.104288 -0.03154 -0.0291857
         vertex 0.106529 -0.0301969 -0.0265455
      endloop
   endfacet
   facet normal 0.555571 -0.831469 0
      outer loop
         vertex 0.106529 -0.0301966 9.69529e-19
         vertex 0.104137 -0.0316308 8.23097e-19
         vertex 0.10413 -0.0316348 -0.000457893
      endloop
   endfacet
   facet normal 0.471397 -0.881921 0
      outer loop
         vertex 0.10413 -0.0316348 -0.000457893
         vertex 0.10413 -0.0316348 -0.029372
         vertex 0.104288 -0.03154 -0.0291857
      endloop
   endfacet
   facet normal 0.382683 -0.92388 0
      outer loop
         vertex 0.101601 -0.0328306 -0.0325309
         vertex 0.103323 -0.0320494 -0.00492274
         vertex 0.10285 -0.0322744 -0.00620205
      endloop
   endfacet
   facet normal 0.426547 -0.904465 0
      outer loop
         vertex 0.10285 -0.0322744 -0.00620205
         vertex 0.102543 -0.0324204 -0.00703197
         vertex 0.101601 -0.0328306 -0.0325309
      endloop
   endfacet
   facet normal 0.382683 -0.92388 0
      outer loop
         vertex 0.101601 -0.0328306 -0.0325309
         vertex 0.104048 -0.0316781 -0.00159239
         vertex 0.103971 -0.0317188 -0.00211256
      endloop
   endfacet
   facet normal 0.465828 -0.884875 0
      outer loop
         vertex 0.103971 -0.0317188 -0.00211256
         vertex 0.103881 -0.031766 -0.00271602
         vertex 0.101601 -0.0328306 -0.0325309
      endloop
   endfacet
   facet normal 0.462678 -0.886526 0
      outer loop
         vertex 0.103881 -0.031766 -0.00271602
         vertex 0.103636 -0.0318926 -0.00382976
         vertex 0.101601 -0.0328306 -0.0325309
      endloop
   endfacet
   facet normal 0.454064 -0.890969 0
      outer loop
         vertex 0.103636 -0.0318926 -0.00382976
         vertex 0.103323 -0.0320494 -0.00492274
         vertex 0.101601 -0.0328306 -0.0325309
      endloop
   endfacet
   facet normal 0.471397 -0.881921 0
      outer loop
         vertex 0.10413 -0.0316348 -0.029372
         vertex 0.10413 -0.0316348 -0.000457893
         vertex 0.104048 -0.0316781 -0.00159239
      endloop
   endfacet
   facet normal 0.468538 -0.883443 0
      outer loop
         vertex 0.104048 -0.0316781 -0.00159239
         vertex 0.101601 -0.0328306 -0.0325309
         vertex 0.10413 -0.0316348 -0.029372
      endloop
   endfacet
   facet normal 0.293827 -0.955859 0
      outer loop
         vertex 0.0990675 -0.0337372 -0.035883
         vertex 0.0989942 -0.0337641 -0.0135442
         vertex 0.098968 -0.0337728 -0.0135864
      endloop
   endfacet
   facet normal 0.290285 -0.95694 0
      outer loop
         vertex 0.098968 -0.0337728 -0.0135864
         vertex 0.098968 -0.0337728 -0.0360146
         vertex 0.0990675 -0.0337372 -0.035883
      endloop
   endfacet
   facet normal 0.382683 -0.92388 0
      outer loop
         vertex 0.101601 -0.0328306 -0.0325309
         vertex 0.100347 -0.0333158 -0.0113646
         vertex 0.0989942 -0.0337641 -0.0135442
      endloop
   endfacet
   facet normal 0.382683 -0.92388 0
      outer loop
         vertex 0.101601 -0.0328306 -0.0325309
         vertex 0.101601 -0.0328306 -0.00906519
         vertex 0.101084 -0.0330306 -0.0100132
      endloop
   endfacet
   facet normal 0.364635 -0.931151 0
      outer loop
         vertex 0.101084 -0.0330306 -0.0100132
         vertex 0.100347 -0.0333158 -0.0113646
         vertex 0.101601 -0.0328306 -0.0325309
      endloop
   endfacet
   facet normal 0.290285 -0.95694 0
      outer loop
         vertex 0.098968 -0.0337728 -0.0360146
         vertex 0.096689 -0.0343437 -0.0167942
         vertex 0.096255 -0.0344524 -0.0174052
      endloop
   endfacet
   facet normal 0.290285 -0.95694 0
      outer loop
         vertex 0.098968 -0.0337728 -0.0360146
         vertex 0.098968 -0.0337728 -0.0135864
         vertex 0.096689 -0.0343437 -0.0167942
      endloop
   endfacet
   facet normal 0.0980171 -0.995185 0
      outer loop
         vertex 0.0934884 -0.0348628 -0.02082
         vertex 0.0934884 -0.0348628 -0.0439217
         vertex 0.0935437 -0.0348546 -0.0438396
      endloop
   endfacet
   facet normal 0.0999683 -0.994991 0
      outer loop
         vertex 0.0935437 -0.0348546 -0.0438396
         vertex 0.096255 -0.0344524 -0.0174052
         vertex 0.0942781 -0.0347456 -0.0198452
      endloop
   endfacet
   facet normal 0.0999683 -0.994991 0
      outer loop
         vertex 0.0935437 -0.0348546 -0.0438396
         vertex 0.0942781 -0.0347456 -0.0198452
         vertex 0.0934884 -0.0348628 -0.02082
      endloop
   endfacet
   facet normal -3.83417e-15 -1 0
      outer loop
         vertex 0.0906949 -0.035 -0.023944
         vertex 0.0906949 -0.035 -0.048326
         vertex 0.0934884 -0.0348628 -0.0439217
      endloop
   endfacet
   facet normal 0.0980171 -0.995185 0
      outer loop
         vertex 0.0934884 -0.0348628 -0.0439217
         vertex 0.0934884 -0.0348628 -0.02082
         vertex 0.0917726 -0.0349471 -0.0227388
      endloop
   endfacet
   facet normal 0.0980171 -0.995185 0
      outer loop
         vertex 0.0934884 -0.0348628 -0.0439217
         vertex 0.0917726 -0.0349471 -0.0227388
         vertex 0.0906949 -0.035 -0.023944
      endloop
   endfacet
   facet normal 0.0999683 -0.994991 0
      outer loop
         vertex 0.0935437 -0.0348546 -0.0438396
         vertex 0.096255 -0.0344524 -0.0398146
         vertex 0.096255 -0.0344524 -0.0174052
      endloop
   endfacet
   facet normal 0.19509 -0.980785 0
      outer loop
         vertex 0.096255 -0.0344524 -0.0174052
         vertex 0.096255 -0.0344524 -0.0398146
         vertex 0.098968 -0.0337728 -0.0360146
      endloop
   endfacet
   facet normal 0.293827 -0.955859 0
      outer loop
         vertex 0.0990675 -0.0337372 -0.035883
         vertex 0.101601 -0.0328306 -0.0325309
         vertex 0.0989942 -0.0337641 -0.0135442
      endloop
   endfacet
   facet normal 0.41573 -0.909488 0
      outer loop
         vertex 0.102543 -0.0324204 -0.00703197
         vertex 0.101601 -0.0328306 -0.00906519
         vertex 0.101601 -0.0328306 -0.0325309
      endloop
   endfacet
   facet normal 0.55557 -0.83147 0
      outer loop
         vertex 0.106529 -0.0301969 -0.0265455
         vertex 0.106529 -0.0301966 9.69529e-19
         vertex 0.10413 -0.0316348 -0.000457893
      endloop
   endfacet
   facet normal 0.634469 -0.772948 0
      outer loop
         vertex 0.108777 -0.028529 2.68059e-18
         vertex 0.108775 -0.0285307 1.10709e-18
         vertex 0.108994 -0.0283491 -0.0238244
      endloop
   endfacet
   facet normal 0.555733 -0.831361 0
      outer loop
         vertex 0.106533 -0.0301938 2.54318e-18
         vertex 0.106529 -0.0301966 9.69529e-19
         vertex 0.106529 -0.0301969 -0.0265455
      endloop
   endfacet
   facet normal -0.554918 -0.831361 0.0300868
      outer loop
         vertex 0.0235276 -0.0301938 0.00224857
         vertex 0.0234667 -0.0301938 -7.62954e-18
         vertex 0.0234715 -0.0301966 -5.96936e-18
      endloop
   endfacet
   facet normal -0.555571 -0.831469 -1.02057e-16
      outer loop
         vertex 0.0234715 -0.0301966 -5.96936e-18
         vertex 0.0259203 -0.0316308 0.00211884
         vertex 0.0235276 -0.0301938 0.00224857
      endloop
   endfacet
   facet normal -0.554918 -0.831361 0.0300868
      outer loop
         vertex 0.0235276 -0.0301938 0.00224857
         vertex 0.0259203 -0.0316308 0.00211884
         vertex 0.0260923 -0.0316308 0.00423147
      endloop
   endfacet
   facet normal -0.552475 -0.831361 0.0600853
      outer loop
         vertex 0.0237102 -0.0301938 0.00449054
         vertex 0.0260923 -0.0316308 0.00423147
         vertex 0.0263785 -0.0316308 0.00633168
      endloop
   endfacet
   facet normal -0.548412 -0.831361 0.0899076
      outer loop
         vertex 0.0240138 -0.0301938 0.00671934
         vertex 0.0263785 -0.0316308 0.00633168
         vertex 0.0267779 -0.0316308 0.00841332
      endloop
   endfacet
   facet normal -0.54274 -0.831361 0.119466
      outer loop
         vertex 0.0244377 -0.0301938 0.00892843
         vertex 0.0267779 -0.0316308 0.00841332
         vertex 0.0272894 -0.0316308 0.0104703
      endloop
   endfacet
   facet normal -0.535477 -0.831361 0.148674
      outer loop
         vertex 0.0249806 -0.0301938 0.0111113
         vertex 0.0272894 -0.0316308 0.0104703
         vertex 0.0279116 -0.0316308 0.0124965
      endloop
   endfacet
   facet normal -0.526642 -0.831361 0.177446
      outer loop
         vertex 0.0256408 -0.0301938 0.0132616
         vertex 0.0279116 -0.0316308 0.0124965
         vertex 0.0286425 -0.0316308 0.0144861
      endloop
   endfacet
   facet normal -0.516263 -0.831361 0.205698
      outer loop
         vertex 0.0264165 -0.0301938 0.0153731
         vertex 0.0286425 -0.0316308 0.0144861
         vertex 0.0294801 -0.0316308 0.0164332
      endloop
   endfacet
   facet normal -0.50437 -0.831361 0.233346
      outer loop
         vertex 0.0273054 -0.0301938 0.0174394
         vertex 0.0294801 -0.0316308 0.0164332
         vertex 0.0304219 -0.0316308 0.0183322
      endloop
   endfacet
   facet normal -0.490997 -0.831361 0.26031
      outer loop
         vertex 0.0283048 -0.0301938 0.0194546
         vertex 0.0304219 -0.0316308 0.0183322
         vertex 0.0314651 -0.0316308 0.0201773
      endloop
   endfacet
   facet normal -0.476184 -0.831361 0.28651
      outer loop
         vertex 0.0294119 -0.0301938 0.0214127
         vertex 0.0314651 -0.0316308 0.0201773
         vertex 0.0326066 -0.0316308 0.0219632
      endloop
   endfacet
   facet normal -0.459974 -0.831361 0.31187
      outer loop
         vertex 0.0306233 -0.0301938 0.023308
         vertex 0.0326066 -0.0316308 0.0219632
         vertex 0.0338432 -0.0316308 0.0236848
      endloop
   endfacet
   facet normal -0.442415 -0.831361 0.336315
      outer loop
         vertex 0.0319356 -0.0301938 0.0251349
         vertex 0.0338432 -0.0316308 0.0236848
         vertex 0.0351712 -0.0316308 0.0253368
      endloop
   endfacet
   facet normal -0.423559 -0.831361 0.359774
      outer loop
         vertex 0.0333449 -0.0301938 0.0268881
         vertex 0.0351712 -0.0316308 0.0253368
         vertex 0.0365866 -0.0316308 0.0269146
      endloop
   endfacet
   facet normal -0.40346 -0.831361 0.382177
      outer loop
         vertex 0.034847 -0.0301938 0.0285624
         vertex 0.0365866 -0.0316308 0.0269146
         vertex 0.0380854 -0.0316308 0.0284134
      endloop
   endfacet
   facet normal -0.382177 -0.831361 0.40346
      outer loop
         vertex 0.0364376 -0.0301938 0.030153
         vertex 0.0380854 -0.0316308 0.0284134
         vertex 0.0396632 -0.0316308 0.0298288
      endloop
   endfacet
   facet normal -0.359774 -0.831361 0.423559
      outer loop
         vertex 0.0381119 -0.0301938 0.0316551
         vertex 0.0396632 -0.0316308 0.0298288
         vertex 0.0413152 -0.0316308 0.0311568
      endloop
   endfacet
   facet normal -0.336315 -0.831361 0.442415
      outer loop
         vertex 0.0398651 -0.0301938 0.0330644
         vertex 0.0413152 -0.0316308 0.0311568
         vertex 0.0430368 -0.0316308 0.0323934
      endloop
   endfacet
   facet normal -0.31187 -0.831361 0.459974
      outer loop
         vertex 0.041692 -0.0301938 0.0343767
         vertex 0.0430368 -0.0316308 0.0323934
         vertex 0.0448227 -0.0316308 0.0335349
      endloop
   endfacet
   facet normal -0.28651 -0.831361 0.476184
      outer loop
         vertex 0.0435873 -0.0301938 0.0355881
         vertex 0.0448227 -0.0316308 0.0335349
         vertex 0.0466678 -0.0316308 0.0345781
      endloop
   endfacet
   facet normal -0.26031 -0.831361 0.490997
      outer loop
         vertex 0.0455454 -0.0301938 0.0366952
         vertex 0.0466678 -0.0316308 0.0345781
         vertex 0.0485668 -0.0316308 0.0355199
      endloop
   endfacet
   facet normal -0.233346 -0.831361 0.50437
      outer loop
         vertex 0.0475606 -0.0301938 0.0376946
         vertex 0.0485668 -0.0316308 0.0355199
         vertex 0.0505139 -0.0316308 0.0363575
      endloop
   endfacet
   facet normal -0.205698 -0.831361 0.516263
      outer loop
         vertex 0.0496269 -0.0301938 0.0385835
         vertex 0.0505139 -0.0316308 0.0363575
         vertex 0.0525035 -0.0316308 0.0370884
      endloop
   endfacet
   facet normal -0.177446 -0.831361 0.526642
      outer loop
         vertex 0.0517384 -0.0301938 0.0393592
         vertex 0.0525035 -0.0316308 0.0370884
         vertex 0.0545297 -0.0316308 0.0377106
      endloop
   endfacet
   facet normal -0.148674 -0.831361 0.535477
      outer loop
         vertex 0.0538887 -0.0301938 0.0400194
         vertex 0.0545297 -0.0316308 0.0377106
         vertex 0.0565867 -0.0316308 0.0382221
      endloop
   endfacet
   facet normal -0.119466 -0.831361 0.54274
      outer loop
         vertex 0.0560716 -0.0301938 0.0405623
         vertex 0.0565867 -0.0316308 0.0382221
         vertex 0.0586683 -0.0316308 0.0386215
      endloop
   endfacet
   facet normal -0.0899076 -0.831361 0.548412
      outer loop
         vertex 0.0582807 -0.0301938 0.0409862
         vertex 0.0586683 -0.0316308 0.0386215
         vertex 0.0607685 -0.0316308 0.0389077
      endloop
   endfacet
   facet normal -0.0600853 -0.831361 0.552475
      outer loop
         vertex 0.0605095 -0.0301938 0.0412898
         vertex 0.0607685 -0.0316308 0.0389077
         vertex 0.0628812 -0.0316308 0.0390797
      endloop
   endfacet
   facet normal -0.0300868 -0.831361 0.554918
      outer loop
         vertex 0.0627514 -0.0301938 0.0414724
         vertex 0.0628812 -0.0316308 0.0390797
         vertex 0.065 -0.0316308 0.0391371
      endloop
   endfacet
   facet normal 3.92761e-15 -0.831361 0.555733
      outer loop
         vertex 0.065 -0.0301938 0.0415333
         vertex 0.065 -0.0316308 0.0391371
         vertex 0.0671188 -0.0316308 0.0390797
      endloop
   endfacet
   facet normal 0.0300868 -0.831361 0.554918
      outer loop
         vertex 0.0672486 -0.0301938 0.0414724
         vertex 0.0671188 -0.0316308 0.0390797
         vertex 0.0692315 -0.0316308 0.0389077
      endloop
   endfacet
   facet normal 0.0600853 -0.831361 0.552475
      outer loop
         vertex 0.0694905 -0.0301938 0.0412898
         vertex 0.0692315 -0.0316308 0.0389077
         vertex 0.0713317 -0.0316308 0.0386215
      endloop
   endfacet
   facet normal 0.0899076 -0.831361 0.548412
      outer loop
         vertex 0.0717193 -0.0301938 0.0409862
         vertex 0.0713317 -0.0316308 0.0386215
         vertex 0.0734133 -0.0316308 0.0382221
      endloop
   endfacet
   facet normal 0.119466 -0.831361 0.54274
      outer loop
         vertex 0.0739284 -0.0301938 0.0405623
         vertex 0.0734133 -0.0316308 0.0382221
         vertex 0.0754703 -0.0316308 0.0377106
      endloop
   endfacet
   facet normal 0.148674 -0.831361 0.535477
      outer loop
         vertex 0.0761113 -0.0301938 0.0400194
         vertex 0.0754703 -0.0316308 0.0377106
         vertex 0.0774965 -0.0316308 0.0370884
      endloop
   endfacet
   facet normal 0.177446 -0.831361 0.526642
      outer loop
         vertex 0.0782616 -0.0301938 0.0393592
         vertex 0.0774965 -0.0316308 0.0370884
         vertex 0.0794861 -0.0316308 0.0363575
      endloop
   endfacet
   facet normal 0.205698 -0.831361 0.516263
      outer loop
         vertex 0.0803731 -0.0301938 0.0385835
         vertex 0.0794861 -0.0316308 0.0363575
         vertex 0.0814332 -0.0316308 0.0355199
      endloop
   endfacet
   facet normal 0.233346 -0.831361 0.50437
      outer loop
         vertex 0.0824394 -0.0301938 0.0376946
         vertex 0.0814332 -0.0316308 0.0355199
         vertex 0.0833322 -0.0316308 0.0345781
      endloop
   endfacet
   facet normal 0.26031 -0.831361 0.490997
      outer loop
         vertex 0.0844546 -0.0301938 0.0366952
         vertex 0.0833322 -0.0316308 0.0345781
         vertex 0.0851773 -0.0316308 0.0335349
      endloop
   endfacet
   facet normal 0.28651 -0.831361 0.476184
      outer loop
         vertex 0.0864127 -0.0301938 0.0355881
         vertex 0.0851773 -0.0316308 0.0335349
         vertex 0.0869632 -0.0316308 0.0323934
      endloop
   endfacet
   facet normal 0.31187 -0.831361 0.459974
      outer loop
         vertex 0.088308 -0.0301938 0.0343767
         vertex 0.0869632 -0.0316308 0.0323934
         vertex 0.0886848 -0.0316308 0.0311568
      endloop
   endfacet
   facet normal 0.336315 -0.831361 0.442415
      outer loop
         vertex 0.0901349 -0.0301938 0.0330644
         vertex 0.0886848 -0.0316308 0.0311568
         vertex 0.0903368 -0.0316308 0.0298288
      endloop
   endfacet
   facet normal 0.359774 -0.831361 0.423559
      outer loop
         vertex 0.0918881 -0.0301938 0.0316551
         vertex 0.0903368 -0.0316308 0.0298288
         vertex 0.0919146 -0.0316308 0.0284134
      endloop
   endfacet
   facet normal 0.382177 -0.831361 0.40346
      outer loop
         vertex 0.0935624 -0.0301938 0.030153
         vertex 0.0919146 -0.0316308 0.0284134
         vertex 0.0934134 -0.0316308 0.0269146
      endloop
   endfacet
   facet normal 0.40346 -0.831361 0.382177
      outer loop
         vertex 0.095153 -0.0301938 0.0285624
         vertex 0.0934134 -0.0316308 0.0269146
         vertex 0.0948288 -0.0316308 0.0253368
      endloop
   endfacet
   facet normal 0.423559 -0.831361 0.359774
      outer loop
         vertex 0.0966551 -0.0301938 0.0268881
         vertex 0.0948288 -0.0316308 0.0253368
         vertex 0.0961568 -0.0316308 0.0236848
      endloop
   endfacet
   facet normal 0.442415 -0.831361 0.336315
      outer loop
         vertex 0.0980644 -0.0301938 0.0251349
         vertex 0.0961568 -0.0316308 0.0236848
         vertex 0.0973934 -0.0316308 0.0219632
      endloop
   endfacet
   facet normal 0.459974 -0.831361 0.31187
      outer loop
         vertex 0.0993767 -0.0301938 0.023308
         vertex 0.0973934 -0.0316308 0.0219632
         vertex 0.0985349 -0.0316308 0.0201773
      endloop
   endfacet
   facet normal 0.476184 -0.831361 0.28651
      outer loop
         vertex 0.100588 -0.0301938 0.0214127
         vertex 0.0985349 -0.0316308 0.0201773
         vertex 0.0995781 -0.0316308 0.0183322
      endloop
   endfacet
   facet normal 0.490997 -0.831361 0.26031
      outer loop
         vertex 0.101695 -0.0301938 0.0194546
         vertex 0.0995781 -0.0316308 0.0183322
         vertex 0.10052 -0.0316308 0.0164332
      endloop
   endfacet
   facet normal 0.50437 -0.831361 0.233346
      outer loop
         vertex 0.102695 -0.0301938 0.0174394
         vertex 0.10052 -0.0316308 0.0164332
         vertex 0.101357 -0.0316308 0.0144861
      endloop
   endfacet
   facet normal 0.516263 -0.831361 0.205698
      outer loop
         vertex 0.103583 -0.0301938 0.0153731
         vertex 0.101357 -0.0316308 0.0144861
         vertex 0.102088 -0.0316308 0.0124965
      endloop
   endfacet
   facet normal 0.526642 -0.831361 0.177446
      outer loop
         vertex 0.104359 -0.0301938 0.0132616
         vertex 0.102088 -0.0316308 0.0124965
         vertex 0.102711 -0.0316308 0.0104703
      endloop
   endfacet
   facet normal 0.535477 -0.831361 0.148674
      outer loop
         vertex 0.105019 -0.0301938 0.0111113
         vertex 0.102711 -0.0316308 0.0104703
         vertex 0.103222 -0.0316308 0.00841332
      endloop
   endfacet
   facet normal 0.54274 -0.831361 0.119466
      outer loop
         vertex 0.105562 -0.0301938 0.00892843
         vertex 0.103222 -0.0316308 0.00841332
         vertex 0.103622 -0.0316308 0.00633168
      endloop
   endfacet
   facet normal 0.548412 -0.831361 0.0899076
      outer loop
         vertex 0.105986 -0.0301938 0.00671934
         vertex 0.103622 -0.0316308 0.00633168
         vertex 0.103908 -0.0316308 0.00423147
      endloop
   endfacet
   facet normal 0.552475 -0.831361 0.0600853
      outer loop
         vertex 0.10629 -0.0301938 0.00449054
         vertex 0.103908 -0.0316308 0.00423147
         vertex 0.10408 -0.0316308 0.00211884
      endloop
   endfacet
   facet normal 0.555571 -0.831469 3.40189e-17
      outer loop
         vertex 0.106529 -0.0301966 9.69529e-19
         vertex 0.106472 -0.0301938 0.00224857
         vertex 0.10408 -0.0316308 0.00211884
      endloop
   endfacet
   facet normal 0.470964 -0.881783 0.0255349
      outer loop
         vertex 0.10408 -0.0316308 0.00211884
         vertex 0.104137 -0.0316308 8.23097e-19
         vertex 0.106529 -0.0301966 9.69529e-19
      endloop
   endfacet
   facet normal -0.633538 -0.772948 0.0343495
      outer loop
         vertex 0.0212869 -0.028529 0.00237005
         vertex 0.0212227 -0.028529 -8.04176e-18
         vertex 0.021225 -0.0285307 -5.83181e-18
      endloop
   endfacet
   facet normal -0.634393 -0.77301 -1.16536e-16
      outer loop
         vertex 0.021225 -0.0285307 -5.83181e-18
         vertex 0.0235276 -0.0301938 0.00224857
         vertex 0.0212869 -0.028529 0.00237005
      endloop
   endfacet
   facet normal -0.633538 -0.772948 0.0343495
      outer loop
         vertex 0.0212869 -0.028529 0.00237005
         vertex 0.0235276 -0.0301938 0.00224857
         vertex 0.0237102 -0.0301938 0.00449054
      endloop
   endfacet
   facet normal -0.63075 -0.772948 0.0685982
      outer loop
         vertex 0.0214793 -0.028529 0.00473316
         vertex 0.0237102 -0.0301938 0.00449054
         vertex 0.0240138 -0.0301938 0.00671934
      endloop
   endfacet
   facet normal -0.626111 -0.772948 0.102646
      outer loop
         vertex 0.0217994 -0.028529 0.00708238
         vertex 0.0240138 -0.0301938 0.00671934
         vertex 0.0244377 -0.0301938 0.00892843
      endloop
   endfacet
   facet normal -0.619635 -0.772948 0.136392
      outer loop
         vertex 0.0222462 -0.028529 0.00941082
         vertex 0.0244377 -0.0301938 0.00892843
         vertex 0.0249806 -0.0301938 0.0111113
      endloop
   endfacet
   facet normal -0.611343 -0.772948 0.169738
      outer loop
         vertex 0.0228184 -0.028529 0.0117117
         vertex 0.0249806 -0.0301938 0.0111113
         vertex 0.0256408 -0.0301938 0.0132616
      endloop
   endfacet
   facet normal -0.601257 -0.772948 0.202587
      outer loop
         vertex 0.0235143 -0.028529 0.0139782
         vertex 0.0256408 -0.0301938 0.0132616
         vertex 0.0264165 -0.0301938 0.0153731
      endloop
   endfacet
   facet normal -0.589407 -0.772948 0.234841
      outer loop
         vertex 0.0243319 -0.028529 0.0162036
         vertex 0.0264165 -0.0301938 0.0153731
         vertex 0.0273054 -0.0301938 0.0174394
      endloop
   endfacet
   facet normal -0.575828 -0.772948 0.266407
      outer loop
         vertex 0.0252688 -0.028529 0.0183816
         vertex 0.0273054 -0.0301938 0.0174394
         vertex 0.0283048 -0.0301938 0.0194546
      endloop
   endfacet
   facet normal -0.560561 -0.772948 0.297191
      outer loop
         vertex 0.0263222 -0.028529 0.0205056
         vertex 0.0283048 -0.0301938 0.0194546
         vertex 0.0294119 -0.0301938 0.0214127
      endloop
   endfacet
   facet normal -0.543649 -0.772948 0.327103
      outer loop
         vertex 0.0274891 -0.028529 0.0225695
         vertex 0.0294119 -0.0301938 0.0214127
         vertex 0.0306233 -0.0301938 0.023308
      endloop
   endfacet
   facet normal -0.525143 -0.772948 0.356056
      outer loop
         vertex 0.028766 -0.028529 0.0245672
         vertex 0.0306233 -0.0301938 0.023308
         vertex 0.0319356 -0.0301938 0.0251349
      endloop
   endfacet
   facet normal -0.505096 -0.772948 0.383964
      outer loop
         vertex 0.0301492 -0.028529 0.0264929
         vertex 0.0319356 -0.0301938 0.0251349
         vertex 0.0333449 -0.0301938 0.0268881
      endloop
   endfacet
   facet normal -0.483568 -0.772948 0.410747
      outer loop
         vertex 0.0316346 -0.028529 0.0283408
         vertex 0.0333449 -0.0301938 0.0268881
         vertex 0.034847 -0.0301938 0.0285624
      endloop
   endfacet
   facet normal -0.460622 -0.772948 0.436324
      outer loop
         vertex 0.0332179 -0.028529 0.0301056
         vertex 0.034847 -0.0301938 0.0285624
         vertex 0.0364376 -0.0301938 0.030153
      endloop
   endfacet
   facet normal -0.436324 -0.772948 0.460622
      outer loop
         vertex 0.0348944 -0.028529 0.0317821
         vertex 0.0364376 -0.0301938 0.030153
         vertex 0.0381119 -0.0301938 0.0316551
      endloop
   endfacet
   facet normal -0.410747 -0.772948 0.483568
      outer loop
         vertex 0.0366592 -0.028529 0.0333654
         vertex 0.0381119 -0.0301938 0.0316551
         vertex 0.0398651 -0.0301938 0.0330644
      endloop
   endfacet
   facet normal -0.383964 -0.772948 0.505096
      outer loop
         vertex 0.0385071 -0.028529 0.0348508
         vertex 0.0398651 -0.0301938 0.0330644
         vertex 0.041692 -0.0301938 0.0343767
      endloop
   endfacet
   facet normal -0.356056 -0.772948 0.525143
      outer loop
         vertex 0.0404328 -0.028529 0.036234
         vertex 0.041692 -0.0301938 0.0343767
         vertex 0.0435873 -0.0301938 0.0355881
      endloop
   endfacet
   facet normal -0.327103 -0.772948 0.543649
      outer loop
         vertex 0.0424305 -0.028529 0.0375109
         vertex 0.0435873 -0.0301938 0.0355881
         vertex 0.0455454 -0.0301938 0.0366952
      endloop
   endfacet
   facet normal -0.297191 -0.772948 0.560561
      outer loop
         vertex 0.0444944 -0.028529 0.0386778
         vertex 0.0455454 -0.0301938 0.0366952
         vertex 0.0475606 -0.0301938 0.0376946
      endloop
   endfacet
   facet normal -0.266407 -0.772948 0.575828
      outer loop
         vertex 0.0466184 -0.028529 0.0397312
         vertex 0.0475606 -0.0301938 0.0376946
         vertex 0.0496269 -0.0301938 0.0385835
      endloop
   endfacet
   facet normal -0.234841 -0.772948 0.589407
      outer loop
         vertex 0.0487964 -0.028529 0.0406681
         vertex 0.0496269 -0.0301938 0.0385835
         vertex 0.0517384 -0.0301938 0.0393592
      endloop
   endfacet
   facet normal -0.202587 -0.772948 0.601257
      outer loop
         vertex 0.0510218 -0.028529 0.0414857
         vertex 0.0517384 -0.0301938 0.0393592
         vertex 0.0538887 -0.0301938 0.0400194
      endloop
   endfacet
   facet normal -0.169738 -0.772948 0.611343
      outer loop
         vertex 0.0532883 -0.028529 0.0421816
         vertex 0.0538887 -0.0301938 0.0400194
         vertex 0.0560716 -0.0301938 0.0405623
      endloop
   endfacet
   facet normal -0.136392 -0.772948 0.619635
      outer loop
         vertex 0.0555892 -0.028529 0.0427538
         vertex 0.0560716 -0.0301938 0.0405623
         vertex 0.0582807 -0.0301938 0.0409862
      endloop
   endfacet
   facet normal -0.102646 -0.772948 0.626111
      outer loop
         vertex 0.0579176 -0.028529 0.0432006
         vertex 0.0582807 -0.0301938 0.0409862
         vertex 0.0605095 -0.0301938 0.0412898
      endloop
   endfacet
   facet normal -0.0685982 -0.772948 0.63075
      outer loop
         vertex 0.0602668 -0.028529 0.0435207
         vertex 0.0605095 -0.0301938 0.0412898
         vertex 0.0627514 -0.0301938 0.0414724
      endloop
   endfacet
   facet normal -0.0343495 -0.772948 0.633538
      outer loop
         vertex 0.0626299 -0.028529 0.0437131
         vertex 0.0627514 -0.0301938 0.0414724
         vertex 0.065 -0.0301938 0.0415333
      endloop
   endfacet
   facet normal 4.48408e-15 -0.772948 0.634469
      outer loop
         vertex 0.065 -0.028529 0.0437773
         vertex 0.065 -0.0301938 0.0415333
         vertex 0.0672486 -0.0301938 0.0414724
      endloop
   endfacet
   facet normal 0.0343495 -0.772948 0.633538
      outer loop
         vertex 0.0673701 -0.028529 0.0437131
         vertex 0.0672486 -0.0301938 0.0414724
         vertex 0.0694905 -0.0301938 0.0412898
      endloop
   endfacet
   facet normal 0.0685982 -0.772948 0.63075
      outer loop
         vertex 0.0697332 -0.028529 0.0435207
         vertex 0.0694905 -0.0301938 0.0412898
         vertex 0.0717193 -0.0301938 0.0409862
      endloop
   endfacet
   facet normal 0.102646 -0.772948 0.626111
      outer loop
         vertex 0.0720824 -0.028529 0.0432006
         vertex 0.0717193 -0.0301938 0.0409862
         vertex 0.0739284 -0.0301938 0.0405623
      endloop
   endfacet
   facet normal 0.136392 -0.772948 0.619635
      outer loop
         vertex 0.0744108 -0.028529 0.0427538
         vertex 0.0739284 -0.0301938 0.0405623
         vertex 0.0761113 -0.0301938 0.0400194
      endloop
   endfacet
   facet normal 0.169738 -0.772948 0.611343
      outer loop
         vertex 0.0767117 -0.028529 0.0421816
         vertex 0.0761113 -0.0301938 0.0400194
         vertex 0.0782616 -0.0301938 0.0393592
      endloop
   endfacet
   facet normal 0.202587 -0.772948 0.601257
      outer loop
         vertex 0.0789782 -0.028529 0.0414857
         vertex 0.0782616 -0.0301938 0.0393592
         vertex 0.0803731 -0.0301938 0.0385835
      endloop
   endfacet
   facet normal 0.234841 -0.772948 0.589407
      outer loop
         vertex 0.0812036 -0.028529 0.0406681
         vertex 0.0803731 -0.0301938 0.0385835
         vertex 0.0824394 -0.0301938 0.0376946
      endloop
   endfacet
   facet normal 0.266407 -0.772948 0.575828
      outer loop
         vertex 0.0833816 -0.028529 0.0397312
         vertex 0.0824394 -0.0301938 0.0376946
         vertex 0.0844546 -0.0301938 0.0366952
      endloop
   endfacet
   facet normal 0.297191 -0.772948 0.560561
      outer loop
         vertex 0.0855056 -0.028529 0.0386778
         vertex 0.0844546 -0.0301938 0.0366952
         vertex 0.0864127 -0.0301938 0.0355881
      endloop
   endfacet
   facet normal 0.327103 -0.772948 0.543649
      outer loop
         vertex 0.0875695 -0.028529 0.0375109
         vertex 0.0864127 -0.0301938 0.0355881
         vertex 0.088308 -0.0301938 0.0343767
      endloop
   endfacet
   facet normal 0.356056 -0.772948 0.525143
      outer loop
         vertex 0.0895672 -0.028529 0.036234
         vertex 0.088308 -0.0301938 0.0343767
         vertex 0.0901349 -0.0301938 0.0330644
      endloop
   endfacet
   facet normal 0.383964 -0.772948 0.505096
      outer loop
         vertex 0.0914929 -0.028529 0.0348508
         vertex 0.0901349 -0.0301938 0.0330644
         vertex 0.0918881 -0.0301938 0.0316551
      endloop
   endfacet
   facet normal 0.410747 -0.772948 0.483568
      outer loop
         vertex 0.0933408 -0.028529 0.0333654
         vertex 0.0918881 -0.0301938 0.0316551
         vertex 0.0935624 -0.0301938 0.030153
      endloop
   endfacet
   facet normal 0.436324 -0.772948 0.460622
      outer loop
         vertex 0.0951056 -0.028529 0.0317821
         vertex 0.0935624 -0.0301938 0.030153
         vertex 0.095153 -0.0301938 0.0285624
      endloop
   endfacet
   facet normal 0.460622 -0.772948 0.436324
      outer loop
         vertex 0.0967821 -0.028529 0.0301056
         vertex 0.095153 -0.0301938 0.0285624
         vertex 0.0966551 -0.0301938 0.0268881
      endloop
   endfacet
   facet normal 0.483568 -0.772948 0.410747
      outer loop
         vertex 0.0983654 -0.028529 0.0283408
         vertex 0.0966551 -0.0301938 0.0268881
         vertex 0.0980644 -0.0301938 0.0251349
      endloop
   endfacet
   facet normal 0.505096 -0.772948 0.383964
      outer loop
         vertex 0.0998508 -0.028529 0.0264929
         vertex 0.0980644 -0.0301938 0.0251349
         vertex 0.0993767 -0.0301938 0.023308
      endloop
   endfacet
   facet normal 0.525143 -0.772948 0.356056
      outer loop
         vertex 0.101234 -0.028529 0.0245672
         vertex 0.0993767 -0.0301938 0.023308
         vertex 0.100588 -0.0301938 0.0214127
      endloop
   endfacet
   facet normal 0.543649 -0.772948 0.327103
      outer loop
         vertex 0.102511 -0.028529 0.0225695
         vertex 0.100588 -0.0301938 0.0214127
         vertex 0.101695 -0.0301938 0.0194546
      endloop
   endfacet
   facet normal 0.560561 -0.772948 0.297191
      outer loop
         vertex 0.103678 -0.028529 0.0205056
         vertex 0.101695 -0.0301938 0.0194546
         vertex 0.102695 -0.0301938 0.0174394
      endloop
   endfacet
   facet normal 0.575828 -0.772948 0.266407
      outer loop
         vertex 0.104731 -0.028529 0.0183816
         vertex 0.102695 -0.0301938 0.0174394
         vertex 0.103583 -0.0301938 0.0153731
      endloop
   endfacet
   facet normal 0.589407 -0.772948 0.234841
      outer loop
         vertex 0.105668 -0.028529 0.0162036
         vertex 0.103583 -0.0301938 0.0153731
         vertex 0.104359 -0.0301938 0.0132616
      endloop
   endfacet
   facet normal 0.601257 -0.772948 0.202587
      outer loop
         vertex 0.106486 -0.028529 0.0139782
         vertex 0.104359 -0.0301938 0.0132616
         vertex 0.105019 -0.0301938 0.0111113
      endloop
   endfacet
   facet normal 0.611343 -0.772948 0.169738
      outer loop
         vertex 0.107182 -0.028529 0.0117117
         vertex 0.105019 -0.0301938 0.0111113
         vertex 0.105562 -0.0301938 0.00892843
      endloop
   endfacet
   facet normal 0.619635 -0.772948 0.136392
      outer loop
         vertex 0.107754 -0.028529 0.00941082
         vertex 0.105562 -0.0301938 0.00892843
         vertex 0.105986 -0.0301938 0.00671934
      endloop
   endfacet
   facet normal 0.626111 -0.772948 0.102646
      outer loop
         vertex 0.108201 -0.028529 0.00708238
         vertex 0.105986 -0.0301938 0.00671934
         vertex 0.10629 -0.0301938 0.00449054
      endloop
   endfacet
   facet normal 0.63075 -0.772948 0.0685982
      outer loop
         vertex 0.108521 -0.028529 0.00473316
         vertex 0.10629 -0.0301938 0.00449054
         vertex 0.106472 -0.0301938 0.00224857
      endloop
   endfacet
   facet normal 0.634393 -0.77301 3.88454e-17
      outer loop
         vertex 0.108775 -0.0285307 1.10709e-18
         vertex 0.108713 -0.028529 0.00237005
         vertex 0.106472 -0.0301938 0.00224857
      endloop
   endfacet
   facet normal 0.554918 -0.831361 0.0300868
      outer loop
         vertex 0.106472 -0.0301938 0.00224857
         vertex 0.106533 -0.0301938 2.54318e-18
         vertex 0.108775 -0.0285307 1.10709e-18
      endloop
   endfacet
   facet normal -0.707107 -0.707107 -1.29893e-16
      outer loop
         vertex 0.0191525 -0.0266525 0
         vertex 0.0212227 -0.028529 -8.04176e-18
         vertex 0.0212869 -0.028529 0.00237005
      endloop
   endfacet
   facet normal -0.70607 -0.707107 0.038282
      outer loop
         vertex 0.0192198 -0.0266525 0.00248213
         vertex 0.0212869 -0.028529 0.00237005
         vertex 0.0214793 -0.028529 0.00473316
      endloop
   endfacet
   facet normal -0.702962 -0.707107 0.0764517
      outer loop
         vertex 0.0194213 -0.0266525 0.00495698
         vertex 0.0214793 -0.028529 0.00473316
         vertex 0.0217994 -0.028529 0.00708238
      endloop
   endfacet
   facet normal -0.697792 -0.707107 0.114397
      outer loop
         vertex 0.0197565 -0.0266525 0.00741729
         vertex 0.0217994 -0.028529 0.00708238
         vertex 0.0222462 -0.028529 0.00941082
      endloop
   endfacet
   facet normal -0.690575 -0.707107 0.152007
      outer loop
         vertex 0.0202244 -0.0266525 0.00985585
         vertex 0.0222462 -0.028529 0.00941082
         vertex 0.0228184 -0.028529 0.0117117
      endloop
   endfacet
   facet normal -0.681333 -0.707107 0.189171
      outer loop
         vertex 0.0208237 -0.0266525 0.0122655
         vertex 0.0228184 -0.028529 0.0117117
         vertex 0.0235143 -0.028529 0.0139782
      endloop
   endfacet
   facet normal -0.670092 -0.707107 0.22578
      outer loop
         vertex 0.0215525 -0.0266525 0.0146392
         vertex 0.0235143 -0.028529 0.0139782
         vertex 0.0243319 -0.028529 0.0162036
      endloop
   endfacet
   facet normal -0.656886 -0.707107 0.261727
      outer loop
         vertex 0.0224088 -0.0266525 0.0169699
         vertex 0.0243319 -0.028529 0.0162036
         vertex 0.0252688 -0.028529 0.0183816
      endloop
   endfacet
   facet normal -0.641753 -0.707107 0.296906
      outer loop
         vertex 0.02339 -0.0266525 0.0192508
         vertex 0.0252688 -0.028529 0.0183816
         vertex 0.0263222 -0.028529 0.0205056
      endloop
   endfacet
   facet normal -0.624737 -0.707107 0.331215
      outer loop
         vertex 0.0244932 -0.0266525 0.0214753
         vertex 0.0263222 -0.028529 0.0205056
         vertex 0.0274891 -0.028529 0.0225695
      endloop
   endfacet
   facet normal -0.60589 -0.707107 0.364552
      outer loop
         vertex 0.0257153 -0.0266525 0.0236368
         vertex 0.0274891 -0.028529 0.0225695
         vertex 0.028766 -0.028529 0.0245672
      endloop
   endfacet
   facet normal -0.585265 -0.707107 0.396819
      outer loop
         vertex 0.0270526 -0.0266525 0.025729
         vertex 0.028766 -0.028529 0.0245672
         vertex 0.0301492 -0.028529 0.0264929
      endloop
   endfacet
   facet normal -0.562923 -0.707107 0.427923
      outer loop
         vertex 0.0285012 -0.0266525 0.0277457
         vertex 0.0301492 -0.028529 0.0264929
         vertex 0.0316346 -0.028529 0.0283408
      endloop
   endfacet
   facet normal -0.53893 -0.707107 0.457771
      outer loop
         vertex 0.0300568 -0.0266525 0.029681
         vertex 0.0316346 -0.028529 0.0283408
         vertex 0.0332179 -0.028529 0.0301056
      endloop
   endfacet
   facet normal -0.513356 -0.707107 0.486277
      outer loop
         vertex 0.031715 -0.0266525 0.0315293
         vertex 0.0332179 -0.028529 0.0301056
         vertex 0.0348944 -0.028529 0.0317821
      endloop
   endfacet
   facet normal -0.486277 -0.707107 0.513356
      outer loop
         vertex 0.0334707 -0.0266525 0.033285
         vertex 0.0348944 -0.028529 0.0317821
         vertex 0.0366592 -0.028529 0.0333654
      endloop
   endfacet
   facet normal -0.457771 -0.707107 0.53893
      outer loop
         vertex 0.035319 -0.0266525 0.0349432
         vertex 0.0366592 -0.028529 0.0333654
         vertex 0.0385071 -0.028529 0.0348508
      endloop
   endfacet
   facet normal -0.427923 -0.707107 0.562923
      outer loop
         vertex 0.0372543 -0.0266525 0.0364988
         vertex 0.0385071 -0.028529 0.0348508
         vertex 0.0404328 -0.028529 0.036234
      endloop
   endfacet
   facet normal -0.396819 -0.707107 0.585265
      outer loop
         vertex 0.039271 -0.0266525 0.0379474
         vertex 0.0404328 -0.028529 0.036234
         vertex 0.0424305 -0.028529 0.0375109
      endloop
   endfacet
   facet normal -0.364552 -0.707107 0.60589
      outer loop
         vertex 0.0413632 -0.0266525 0.0392847
         vertex 0.0424305 -0.028529 0.0375109
         vertex 0.0444944 -0.028529 0.0386778
      endloop
   endfacet
   facet normal -0.331215 -0.707107 0.624737
      outer loop
         vertex 0.0435247 -0.0266525 0.0405068
         vertex 0.0444944 -0.028529 0.0386778
         vertex 0.0466184 -0.028529 0.0397312
      endloop
   endfacet
   facet normal -0.296906 -0.707107 0.641753
      outer loop
         vertex 0.0457492 -0.0266525 0.04161
         vertex 0.0466184 -0.028529 0.0397312
         vertex 0.0487964 -0.028529 0.0406681
      endloop
   endfacet
   facet normal -0.261727 -0.707107 0.656886
      outer loop
         vertex 0.0480301 -0.0266525 0.0425912
         vertex 0.0487964 -0.028529 0.0406681
         vertex 0.0510218 -0.028529 0.0414857
      endloop
   endfacet
   facet normal -0.22578 -0.707107 0.670092
      outer loop
         vertex 0.0503608 -0.0266525 0.0434475
         vertex 0.0510218 -0.028529 0.0414857
         vertex 0.0532883 -0.028529 0.0421816
      endloop
   endfacet
   facet normal -0.189171 -0.707107 0.681333
      outer loop
         vertex 0.0527345 -0.0266525 0.0441763
         vertex 0.0532883 -0.028529 0.0421816
         vertex 0.0555892 -0.028529 0.0427538
      endloop
   endfacet
   facet normal -0.152007 -0.707107 0.690575
      outer loop
         vertex 0.0551442 -0.0266525 0.0447756
         vertex 0.0555892 -0.028529 0.0427538
         vertex 0.0579176 -0.028529 0.0432006
      endloop
   endfacet
   facet normal -0.114397 -0.707107 0.697792
      outer loop
         vertex 0.0575827 -0.0266525 0.0452435
         vertex 0.0579176 -0.028529 0.0432006
         vertex 0.0602668 -0.028529 0.0435207
      endloop
   endfacet
   facet normal -0.0764517 -0.707107 0.702962
      outer loop
         vertex 0.060043 -0.0266525 0.0455787
         vertex 0.0602668 -0.028529 0.0435207
         vertex 0.0626299 -0.028529 0.0437131
      endloop
   endfacet
   facet normal -0.038282 -0.707107 0.70607
      outer loop
         vertex 0.0625179 -0.0266525 0.0457802
         vertex 0.0626299 -0.028529 0.0437131
         vertex 0.065 -0.028529 0.0437773
      endloop
   endfacet
   facet normal 4.99744e-15 -0.707107 0.707107
      outer loop
         vertex 0.065 -0.0266525 0.0458475
         vertex 0.065 -0.028529 0.0437773
         vertex 0.0673701 -0.028529 0.0437131
      endloop
   endfacet
   facet normal 0.038282 -0.707107 0.70607
      outer loop
         vertex 0.0674821 -0.0266525 0.0457802
         vertex 0.0673701 -0.028529 0.0437131
         vertex 0.0697332 -0.028529 0.0435207
      endloop
   endfacet
   facet normal 0.0764517 -0.707107 0.702962
      outer loop
         vertex 0.069957 -0.0266525 0.0455787
         vertex 0.0697332 -0.028529 0.0435207
         vertex 0.0720824 -0.028529 0.0432006
      endloop
   endfacet
   facet normal 0.114397 -0.707107 0.697792
      outer loop
         vertex 0.0724173 -0.0266525 0.0452435
         vertex 0.0720824 -0.028529 0.0432006
         vertex 0.0744108 -0.028529 0.0427538
      endloop
   endfacet
   facet normal 0.152007 -0.707107 0.690575
      outer loop
         vertex 0.0748558 -0.0266525 0.0447756
         vertex 0.0744108 -0.028529 0.0427538
         vertex 0.0767117 -0.028529 0.0421816
      endloop
   endfacet
   facet normal 0.189171 -0.707107 0.681333
      outer loop
         vertex 0.0772655 -0.0266525 0.0441763
         vertex 0.0767117 -0.028529 0.0421816
         vertex 0.0789782 -0.028529 0.0414857
      endloop
   endfacet
   facet normal 0.22578 -0.707107 0.670092
      outer loop
         vertex 0.0796392 -0.0266525 0.0434475
         vertex 0.0789782 -0.028529 0.0414857
         vertex 0.0812036 -0.028529 0.0406681
      endloop
   endfacet
   facet normal 0.261727 -0.707107 0.656886
      outer loop
         vertex 0.0819699 -0.0266525 0.0425912
         vertex 0.0812036 -0.028529 0.0406681
         vertex 0.0833816 -0.028529 0.0397312
      endloop
   endfacet
   facet normal 0.296906 -0.707107 0.641753
      outer loop
         vertex 0.0842508 -0.0266525 0.04161
         vertex 0.0833816 -0.028529 0.0397312
         vertex 0.0855056 -0.028529 0.0386778
      endloop
   endfacet
   facet normal 0.331215 -0.707107 0.624737
      outer loop
         vertex 0.0864753 -0.0266525 0.0405068
         vertex 0.0855056 -0.028529 0.0386778
         vertex 0.0875695 -0.028529 0.0375109
      endloop
   endfacet
   facet normal 0.364552 -0.707107 0.60589
      outer loop
         vertex 0.0886368 -0.0266525 0.0392847
         vertex 0.0875695 -0.028529 0.0375109
         vertex 0.0895672 -0.028529 0.036234
      endloop
   endfacet
   facet normal 0.396819 -0.707107 0.585265
      outer loop
         vertex 0.090729 -0.0266525 0.0379474
         vertex 0.0895672 -0.028529 0.036234
         vertex 0.0914929 -0.028529 0.0348508
      endloop
   endfacet
   facet normal 0.427923 -0.707107 0.562923
      outer loop
         vertex 0.0927457 -0.0266525 0.0364988
         vertex 0.0914929 -0.028529 0.0348508
         vertex 0.0933408 -0.028529 0.0333654
      endloop
   endfacet
   facet normal 0.457771 -0.707107 0.53893
      outer loop
         vertex 0.094681 -0.0266525 0.0349432
         vertex 0.0933408 -0.028529 0.0333654
         vertex 0.0951056 -0.028529 0.0317821
      endloop
   endfacet
   facet normal 0.486277 -0.707107 0.513356
      outer loop
         vertex 0.0965293 -0.0266525 0.033285
         vertex 0.0951056 -0.028529 0.0317821
         vertex 0.0967821 -0.028529 0.0301056
      endloop
   endfacet
   facet normal 0.513356 -0.707107 0.486277
      outer loop
         vertex 0.098285 -0.0266525 0.0315293
         vertex 0.0967821 -0.028529 0.0301056
         vertex 0.0983654 -0.028529 0.0283408
      endloop
   endfacet
   facet normal 0.53893 -0.707107 0.457771
      outer loop
         vertex 0.0999432 -0.0266525 0.029681
         vertex 0.0983654 -0.028529 0.0283408
         vertex 0.0998508 -0.028529 0.0264929
      endloop
   endfacet
   facet normal 0.562923 -0.707107 0.427923
      outer loop
         vertex 0.101499 -0.0266525 0.0277457
         vertex 0.0998508 -0.028529 0.0264929
         vertex 0.101234 -0.028529 0.0245672
      endloop
   endfacet
   facet normal 0.585265 -0.707107 0.396819
      outer loop
         vertex 0.102947 -0.0266525 0.025729
         vertex 0.101234 -0.028529 0.0245672
         vertex 0.102511 -0.028529 0.0225695
      endloop
   endfacet
   facet normal 0.60589 -0.707107 0.364552
      outer loop
         vertex 0.104285 -0.0266525 0.0236368
         vertex 0.102511 -0.028529 0.0225695
         vertex 0.103678 -0.028529 0.0205056
      endloop
   endfacet
   facet normal 0.624737 -0.707107 0.331215
      outer loop
         vertex 0.105507 -0.0266525 0.0214753
         vertex 0.103678 -0.028529 0.0205056
         vertex 0.104731 -0.028529 0.0183816
      endloop
   endfacet
   facet normal 0.641753 -0.707107 0.296906
      outer loop
         vertex 0.10661 -0.0266525 0.0192508
         vertex 0.104731 -0.028529 0.0183816
         vertex 0.105668 -0.028529 0.0162036
      endloop
   endfacet
   facet normal 0.656886 -0.707107 0.261727
      outer loop
         vertex 0.107591 -0.0266525 0.0169699
         vertex 0.105668 -0.028529 0.0162036
         vertex 0.106486 -0.028529 0.0139782
      endloop
   endfacet
   facet normal 0.670092 -0.707107 0.22578
      outer loop
         vertex 0.108447 -0.0266525 0.0146392
         vertex 0.106486 -0.028529 0.0139782
         vertex 0.107182 -0.028529 0.0117117
      endloop
   endfacet
   facet normal 0.681333 -0.707107 0.189171
      outer loop
         vertex 0.109176 -0.0266525 0.0122655
         vertex 0.107182 -0.028529 0.0117117
         vertex 0.107754 -0.028529 0.00941082
      endloop
   endfacet
   facet normal 0.690575 -0.707107 0.152007
      outer loop
         vertex 0.109776 -0.0266525 0.00985585
         vertex 0.107754 -0.028529 0.00941082
         vertex 0.108201 -0.028529 0.00708238
      endloop
   endfacet
   facet normal 0.697792 -0.707107 0.114397
      outer loop
         vertex 0.110243 -0.0266525 0.00741729
         vertex 0.108201 -0.028529 0.00708238
         vertex 0.108521 -0.028529 0.00473316
      endloop
   endfacet
   facet normal 0.702962 -0.707107 0.0764517
      outer loop
         vertex 0.110579 -0.0266525 0.00495698
         vertex 0.108521 -0.028529 0.00473316
         vertex 0.108713 -0.028529 0.00237005
      endloop
   endfacet
   facet normal 0.70607 -0.707107 0.038282
      outer loop
         vertex 0.11078 -0.0266525 0.00248213
         vertex 0.108713 -0.028529 0.00237005
         vertex 0.108777 -0.028529 2.68059e-18
      endloop
   endfacet
   facet normal 0.634469 -0.772948 -9.12873e-15
      outer loop
         vertex 0.108777 -0.028529 2.68059e-18
         vertex 0.110847 -0.0266525 0
         vertex 0.11078 -0.0266525 0.00248213
      endloop
   endfacet
   facet normal 0.633538 -0.772948 0.0343495
      outer loop
         vertex 0.108713 -0.028529 0.00237005
         vertex 0.11078 -0.0266525 0.00248213
         vertex 0.110579 -0.0266525 0.00495698
      endloop
   endfacet
   facet normal 0.63075 -0.772948 0.0685982
      outer loop
         vertex 0.108521 -0.028529 0.00473316
         vertex 0.110579 -0.0266525 0.00495698
         vertex 0.110243 -0.0266525 0.00741729
      endloop
   endfacet
   facet normal 0.626111 -0.772948 0.102646
      outer loop
         vertex 0.108201 -0.028529 0.00708238
         vertex 0.110243 -0.0266525 0.00741729
         vertex 0.109776 -0.0266525 0.00985585
      endloop
   endfacet
   facet normal 0.619635 -0.772948 0.136392
      outer loop
         vertex 0.107754 -0.028529 0.00941082
         vertex 0.109776 -0.0266525 0.00985585
         vertex 0.109176 -0.0266525 0.0122655
      endloop
   endfacet
   facet normal 0.611343 -0.772948 0.169738
      outer loop
         vertex 0.107182 -0.028529 0.0117117
         vertex 0.109176 -0.0266525 0.0122655
         vertex 0.108447 -0.0266525 0.0146392
      endloop
   endfacet
   facet normal 0.601257 -0.772948 0.202587
      outer loop
         vertex 0.106486 -0.028529 0.0139782
         vertex 0.108447 -0.0266525 0.0146392
         vertex 0.107591 -0.0266525 0.0169699
      endloop
   endfacet
   facet normal 0.589407 -0.772948 0.234841
      outer loop
         vertex 0.105668 -0.028529 0.0162036
         vertex 0.107591 -0.0266525 0.0169699
         vertex 0.10661 -0.0266525 0.0192508
      endloop
   endfacet
   facet normal 0.575828 -0.772948 0.266407
      outer loop
         vertex 0.104731 -0.028529 0.0183816
         vertex 0.10661 -0.0266525 0.0192508
         vertex 0.105507 -0.0266525 0.0214753
      endloop
   endfacet
   facet normal 0.560561 -0.772948 0.297191
      outer loop
         vertex 0.103678 -0.028529 0.0205056
         vertex 0.105507 -0.0266525 0.0214753
         vertex 0.104285 -0.0266525 0.0236368
      endloop
   endfacet
   facet normal 0.543649 -0.772948 0.327103
      outer loop
         vertex 0.102511 -0.028529 0.0225695
         vertex 0.104285 -0.0266525 0.0236368
         vertex 0.102947 -0.0266525 0.025729
      endloop
   endfacet
   facet normal 0.525143 -0.772948 0.356056
      outer loop
         vertex 0.101234 -0.028529 0.0245672
         vertex 0.102947 -0.0266525 0.025729
         vertex 0.101499 -0.0266525 0.0277457
      endloop
   endfacet
   facet normal 0.505096 -0.772948 0.383964
      outer loop
         vertex 0.0998508 -0.028529 0.0264929
         vertex 0.101499 -0.0266525 0.0277457
         vertex 0.0999432 -0.0266525 0.029681
      endloop
   endfacet
   facet normal 0.483568 -0.772948 0.410747
      outer loop
         vertex 0.0983654 -0.028529 0.0283408
         vertex 0.0999432 -0.0266525 0.029681
         vertex 0.098285 -0.0266525 0.0315293
      endloop
   endfacet
   facet normal 0.460622 -0.772948 0.436324
      outer loop
         vertex 0.0967821 -0.028529 0.0301056
         vertex 0.098285 -0.0266525 0.0315293
         vertex 0.0965293 -0.0266525 0.033285
      endloop
   endfacet
   facet normal 0.436324 -0.772948 0.460622
      outer loop
         vertex 0.0951056 -0.028529 0.0317821
         vertex 0.0965293 -0.0266525 0.033285
         vertex 0.094681 -0.0266525 0.0349432
      endloop
   endfacet
   facet normal 0.410747 -0.772948 0.483568
      outer loop
         vertex 0.0933408 -0.028529 0.0333654
         vertex 0.094681 -0.0266525 0.0349432
         vertex 0.0927457 -0.0266525 0.0364988
      endloop
   endfacet
   facet normal 0.383964 -0.772948 0.505096
      outer loop
         vertex 0.0914929 -0.028529 0.0348508
         vertex 0.0927457 -0.0266525 0.0364988
         vertex 0.090729 -0.0266525 0.0379474
      endloop
   endfacet
   facet normal 0.356056 -0.772948 0.525143
      outer loop
         vertex 0.0895672 -0.028529 0.036234
         vertex 0.090729 -0.0266525 0.0379474
         vertex 0.0886368 -0.0266525 0.0392847
      endloop
   endfacet
   facet normal 0.327103 -0.772948 0.543649
      outer loop
         vertex 0.0875695 -0.028529 0.0375109
         vertex 0.0886368 -0.0266525 0.0392847
         vertex 0.0864753 -0.0266525 0.0405068
      endloop
   endfacet
   facet normal 0.297191 -0.772948 0.560561
      outer loop
         vertex 0.0855056 -0.028529 0.0386778
         vertex 0.0864753 -0.0266525 0.0405068
         vertex 0.0842508 -0.0266525 0.04161
      endloop
   endfacet
   facet normal 0.266407 -0.772948 0.575828
      outer loop
         vertex 0.0833816 -0.028529 0.0397312
         vertex 0.0842508 -0.0266525 0.04161
         vertex 0.0819699 -0.0266525 0.0425912
      endloop
   endfacet
   facet normal 0.234841 -0.772948 0.589407
      outer loop
         vertex 0.0812036 -0.028529 0.0406681
         vertex 0.0819699 -0.0266525 0.0425912
         vertex 0.0796392 -0.0266525 0.0434475
      endloop
   endfacet
   facet normal 0.202587 -0.772948 0.601257
      outer loop
         vertex 0.0789782 -0.028529 0.0414857
         vertex 0.0796392 -0.0266525 0.0434475
         vertex 0.0772655 -0.0266525 0.0441763
      endloop
   endfacet
   facet normal 0.169738 -0.772948 0.611343
      outer loop
         vertex 0.0767117 -0.028529 0.0421816
         vertex 0.0772655 -0.0266525 0.0441763
         vertex 0.0748558 -0.0266525 0.0447756
      endloop
   endfacet
   facet normal 0.136392 -0.772948 0.619635
      outer loop
         vertex 0.0744108 -0.028529 0.0427538
         vertex 0.0748558 -0.0266525 0.0447756
         vertex 0.0724173 -0.0266525 0.0452435
      endloop
   endfacet
   facet normal 0.102646 -0.772948 0.626111
      outer loop
         vertex 0.0720824 -0.028529 0.0432006
         vertex 0.0724173 -0.0266525 0.0452435
         vertex 0.069957 -0.0266525 0.0455787
      endloop
   endfacet
   facet normal 0.0685982 -0.772948 0.63075
      outer loop
         vertex 0.0697332 -0.028529 0.0435207
         vertex 0.069957 -0.0266525 0.0455787
         vertex 0.0674821 -0.0266525 0.0457802
      endloop
   endfacet
   facet normal 0.0343495 -0.772948 0.633538
      outer loop
         vertex 0.0673701 -0.028529 0.0437131
         vertex 0.0674821 -0.0266525 0.0457802
         vertex 0.065 -0.0266525 0.0458475
      endloop
   endfacet
   facet normal 4.48408e-15 -0.772948 0.634469
      outer loop
         vertex 0.065 -0.028529 0.0437773
         vertex 0.065 -0.0266525 0.0458475
         vertex 0.0625179 -0.0266525 0.0457802
      endloop
   endfacet
   facet normal -0.0343495 -0.772948 0.633538
      outer loop
         vertex 0.0626299 -0.028529 0.0437131
         vertex 0.0625179 -0.0266525 0.0457802
         vertex 0.060043 -0.0266525 0.0455787
      endloop
   endfacet
   facet normal -0.0685982 -0.772948 0.63075
      outer loop
         vertex 0.0602668 -0.028529 0.0435207
         vertex 0.060043 -0.0266525 0.0455787
         vertex 0.0575827 -0.0266525 0.0452435
      endloop
   endfacet
   facet normal -0.102646 -0.772948 0.626111
      outer loop
         vertex 0.0579176 -0.028529 0.0432006
         vertex 0.0575827 -0.0266525 0.0452435
         vertex 0.0551442 -0.0266525 0.0447756
      endloop
   endfacet
   facet normal -0.136392 -0.772948 0.619635
      outer loop
         vertex 0.0555892 -0.028529 0.0427538
         vertex 0.0551442 -0.0266525 0.0447756
         vertex 0.0527345 -0.0266525 0.0441763
      endloop
   endfacet
   facet normal -0.169738 -0.772948 0.611343
      outer loop
         vertex 0.0532883 -0.028529 0.0421816
         vertex 0.0527345 -0.0266525 0.0441763
         vertex 0.0503608 -0.0266525 0.0434475
      endloop
   endfacet
   facet normal -0.202587 -0.772948 0.601257
      outer loop
         vertex 0.0510218 -0.028529 0.0414857
         vertex 0.0503608 -0.0266525 0.0434475
         vertex 0.0480301 -0.0266525 0.0425912
      endloop
   endfacet
   facet normal -0.234841 -0.772948 0.589407
      outer loop
         vertex 0.0487964 -0.028529 0.0406681
         vertex 0.0480301 -0.0266525 0.0425912
         vertex 0.0457492 -0.0266525 0.04161
      endloop
   endfacet
   facet normal -0.266407 -0.772948 0.575828
      outer loop
         vertex 0.0466184 -0.028529 0.0397312
         vertex 0.0457492 -0.0266525 0.04161
         vertex 0.0435247 -0.0266525 0.0405068
      endloop
   endfacet
   facet normal -0.297191 -0.772948 0.560561
      outer loop
         vertex 0.0444944 -0.028529 0.0386778
         vertex 0.0435247 -0.0266525 0.0405068
         vertex 0.0413632 -0.0266525 0.0392847
      endloop
   endfacet
   facet normal -0.327103 -0.772948 0.543649
      outer loop
         vertex 0.0424305 -0.028529 0.0375109
         vertex 0.0413632 -0.0266525 0.0392847
         vertex 0.039271 -0.0266525 0.0379474
      endloop
   endfacet
   facet normal -0.356056 -0.772948 0.525143
      outer loop
         vertex 0.0404328 -0.028529 0.036234
         vertex 0.039271 -0.0266525 0.0379474
         vertex 0.0372543 -0.0266525 0.0364988
      endloop
   endfacet
   facet normal -0.383964 -0.772948 0.505096
      outer loop
         vertex 0.0385071 -0.028529 0.0348508
         vertex 0.0372543 -0.0266525 0.0364988
         vertex 0.035319 -0.0266525 0.0349432
      endloop
   endfacet
   facet normal -0.410747 -0.772948 0.483568
      outer loop
         vertex 0.0366592 -0.028529 0.0333654
         vertex 0.035319 -0.0266525 0.0349432
         vertex 0.0334707 -0.0266525 0.033285
      endloop
   endfacet
   facet normal -0.436324 -0.772948 0.460622
      outer loop
         vertex 0.0348944 -0.028529 0.0317821
         vertex 0.0334707 -0.0266525 0.033285
         vertex 0.031715 -0.0266525 0.0315293
      endloop
   endfacet
   facet normal -0.460622 -0.772948 0.436324
      outer loop
         vertex 0.0332179 -0.028529 0.0301056
         vertex 0.031715 -0.0266525 0.0315293
         vertex 0.0300568 -0.0266525 0.029681
      endloop
   endfacet
   facet normal -0.483568 -0.772948 0.410747
      outer loop
         vertex 0.0316346 -0.028529 0.0283408
         vertex 0.0300568 -0.0266525 0.029681
         vertex 0.0285012 -0.0266525 0.0277457
      endloop
   endfacet
   facet normal -0.505096 -0.772948 0.383964
      outer loop
         vertex 0.0301492 -0.028529 0.0264929
         vertex 0.0285012 -0.0266525 0.0277457
         vertex 0.0270526 -0.0266525 0.025729
      endloop
   endfacet
   facet normal -0.525143 -0.772948 0.356056
      outer loop
         vertex 0.028766 -0.028529 0.0245672
         vertex 0.0270526 -0.0266525 0.025729
         vertex 0.0257153 -0.0266525 0.0236368
      endloop
   endfacet
   facet normal -0.543649 -0.772948 0.327103
      outer loop
         vertex 0.0274891 -0.028529 0.0225695
         vertex 0.0257153 -0.0266525 0.0236368
         vertex 0.0244932 -0.0266525 0.0214753
      endloop
   endfacet
   facet normal -0.560561 -0.772948 0.297191
      outer loop
         vertex 0.0263222 -0.028529 0.0205056
         vertex 0.0244932 -0.0266525 0.0214753
         vertex 0.02339 -0.0266525 0.0192508
      endloop
   endfacet
   facet normal -0.575828 -0.772948 0.266407
      outer loop
         vertex 0.0252688 -0.028529 0.0183816
         vertex 0.02339 -0.0266525 0.0192508
         vertex 0.0224088 -0.0266525 0.0169699
      endloop
   endfacet
   facet normal -0.589407 -0.772948 0.234841
      outer loop
         vertex 0.0243319 -0.028529 0.0162036
         vertex 0.0224088 -0.0266525 0.0169699
         vertex 0.0215525 -0.0266525 0.0146392
      endloop
   endfacet
   facet normal -0.601257 -0.772948 0.202587
      outer loop
         vertex 0.0235143 -0.028529 0.0139782
         vertex 0.0215525 -0.0266525 0.0146392
         vertex 0.0208237 -0.0266525 0.0122655
      endloop
   endfacet
   facet normal -0.611343 -0.772948 0.169738
      outer loop
         vertex 0.0228184 -0.028529 0.0117117
         vertex 0.0208237 -0.0266525 0.0122655
         vertex 0.0202244 -0.0266525 0.00985585
      endloop
   endfacet
   facet normal -0.619635 -0.772948 0.136392
      outer loop
         vertex 0.0222462 -0.028529 0.00941082
         vertex 0.0202244 -0.0266525 0.00985585
         vertex 0.0197565 -0.0266525 0.00741729
      endloop
   endfacet
   facet normal -0.626111 -0.772948 0.102646
      outer loop
         vertex 0.0217994 -0.028529 0.00708238
         vertex 0.0197565 -0.0266525 0.00741729
         vertex 0.0194213 -0.0266525 0.00495698
      endloop
   endfacet
   facet normal -0.63075 -0.772948 0.0685982
      outer loop
         vertex 0.0214793 -0.028529 0.00473316
         vertex 0.0194213 -0.0266525 0.00495698
         vertex 0.0192198 -0.0266525 0.00248213
      endloop
   endfacet
   facet normal -0.633538 -0.772948 0.0343495
      outer loop
         vertex 0.0212869 -0.028529 0.00237005
         vertex 0.0192198 -0.0266525 0.00248213
         vertex 0.0191525 -0.0266525 0
      endloop
   endfacet
   facet normal 0.634393 -0.77301 3.88454e-17
      outer loop
         vertex 0.108775 -0.0285307 1.10709e-18
         vertex 0.108777 -0.028529 2.68059e-18
         vertex 0.108713 -0.028529 0.00237005
      endloop
   endfacet
   facet normal 0.554918 -0.831361 0.0300868
      outer loop
         vertex 0.106472 -0.0301938 0.00224857
         vertex 0.108713 -0.028529 0.00237005
         vertex 0.108521 -0.028529 0.00473316
      endloop
   endfacet
   facet normal 0.552475 -0.831361 0.0600853
      outer loop
         vertex 0.10629 -0.0301938 0.00449054
         vertex 0.108521 -0.028529 0.00473316
         vertex 0.108201 -0.028529 0.00708238
      endloop
   endfacet
   facet normal 0.548412 -0.831361 0.0899076
      outer loop
         vertex 0.105986 -0.0301938 0.00671934
         vertex 0.108201 -0.028529 0.00708238
         vertex 0.107754 -0.028529 0.00941082
      endloop
   endfacet
   facet normal 0.54274 -0.831361 0.119466
      outer loop
         vertex 0.105562 -0.0301938 0.00892843
         vertex 0.107754 -0.028529 0.00941082
         vertex 0.107182 -0.028529 0.0117117
      endloop
   endfacet
   facet normal 0.535477 -0.831361 0.148674
      outer loop
         vertex 0.105019 -0.0301938 0.0111113
         vertex 0.107182 -0.028529 0.0117117
         vertex 0.106486 -0.028529 0.0139782
      endloop
   endfacet
   facet normal 0.526642 -0.831361 0.177446
      outer loop
         vertex 0.104359 -0.0301938 0.0132616
         vertex 0.106486 -0.028529 0.0139782
         vertex 0.105668 -0.028529 0.0162036
      endloop
   endfacet
   facet normal 0.516263 -0.831361 0.205698
      outer loop
         vertex 0.103583 -0.0301938 0.0153731
         vertex 0.105668 -0.028529 0.0162036
         vertex 0.104731 -0.028529 0.0183816
      endloop
   endfacet
   facet normal 0.50437 -0.831361 0.233346
      outer loop
         vertex 0.102695 -0.0301938 0.0174394
         vertex 0.104731 -0.028529 0.0183816
         vertex 0.103678 -0.028529 0.0205056
      endloop
   endfacet
   facet normal 0.490997 -0.831361 0.26031
      outer loop
         vertex 0.101695 -0.0301938 0.0194546
         vertex 0.103678 -0.028529 0.0205056
         vertex 0.102511 -0.028529 0.0225695
      endloop
   endfacet
   facet normal 0.476184 -0.831361 0.28651
      outer loop
         vertex 0.100588 -0.0301938 0.0214127
         vertex 0.102511 -0.028529 0.0225695
         vertex 0.101234 -0.028529 0.0245672
      endloop
   endfacet
   facet normal 0.459974 -0.831361 0.31187
      outer loop
         vertex 0.0993767 -0.0301938 0.023308
         vertex 0.101234 -0.028529 0.0245672
         vertex 0.0998508 -0.028529 0.0264929
      endloop
   endfacet
   facet normal 0.442415 -0.831361 0.336315
      outer loop
         vertex 0.0980644 -0.0301938 0.0251349
         vertex 0.0998508 -0.028529 0.0264929
         vertex 0.0983654 -0.028529 0.0283408
      endloop
   endfacet
   facet normal 0.423559 -0.831361 0.359774
      outer loop
         vertex 0.0966551 -0.0301938 0.0268881
         vertex 0.0983654 -0.028529 0.0283408
         vertex 0.0967821 -0.028529 0.0301056
      endloop
   endfacet
   facet normal 0.40346 -0.831361 0.382177
      outer loop
         vertex 0.095153 -0.0301938 0.0285624
         vertex 0.0967821 -0.028529 0.0301056
         vertex 0.0951056 -0.028529 0.0317821
      endloop
   endfacet
   facet normal 0.382177 -0.831361 0.40346
      outer loop
         vertex 0.0935624 -0.0301938 0.030153
         vertex 0.0951056 -0.028529 0.0317821
         vertex 0.0933408 -0.028529 0.0333654
      endloop
   endfacet
   facet normal 0.359774 -0.831361 0.423559
      outer loop
         vertex 0.0918881 -0.0301938 0.0316551
         vertex 0.0933408 -0.028529 0.0333654
         vertex 0.0914929 -0.028529 0.0348508
      endloop
   endfacet
   facet normal 0.336315 -0.831361 0.442415
      outer loop
         vertex 0.0901349 -0.0301938 0.0330644
         vertex 0.0914929 -0.028529 0.0348508
         vertex 0.0895672 -0.028529 0.036234
      endloop
   endfacet
   facet normal 0.31187 -0.831361 0.459974
      outer loop
         vertex 0.088308 -0.0301938 0.0343767
         vertex 0.0895672 -0.028529 0.036234
         vertex 0.0875695 -0.028529 0.0375109
      endloop
   endfacet
   facet normal 0.28651 -0.831361 0.476184
      outer loop
         vertex 0.0864127 -0.0301938 0.0355881
         vertex 0.0875695 -0.028529 0.0375109
         vertex 0.0855056 -0.028529 0.0386778
      endloop
   endfacet
   facet normal 0.26031 -0.831361 0.490997
      outer loop
         vertex 0.0844546 -0.0301938 0.0366952
         vertex 0.0855056 -0.028529 0.0386778
         vertex 0.0833816 -0.028529 0.0397312
      endloop
   endfacet
   facet normal 0.233346 -0.831361 0.50437
      outer loop
         vertex 0.0824394 -0.0301938 0.0376946
         vertex 0.0833816 -0.028529 0.0397312
         vertex 0.0812036 -0.028529 0.0406681
      endloop
   endfacet
   facet normal 0.205698 -0.831361 0.516263
      outer loop
         vertex 0.0803731 -0.0301938 0.0385835
         vertex 0.0812036 -0.028529 0.0406681
         vertex 0.0789782 -0.028529 0.0414857
      endloop
   endfacet
   facet normal 0.177446 -0.831361 0.526642
      outer loop
         vertex 0.0782616 -0.0301938 0.0393592
         vertex 0.0789782 -0.028529 0.0414857
         vertex 0.0767117 -0.028529 0.0421816
      endloop
   endfacet
   facet normal 0.148674 -0.831361 0.535477
      outer loop
         vertex 0.0761113 -0.0301938 0.0400194
         vertex 0.0767117 -0.028529 0.0421816
         vertex 0.0744108 -0.028529 0.0427538
      endloop
   endfacet
   facet normal 0.119466 -0.831361 0.54274
      outer loop
         vertex 0.0739284 -0.0301938 0.0405623
         vertex 0.0744108 -0.028529 0.0427538
         vertex 0.0720824 -0.028529 0.0432006
      endloop
   endfacet
   facet normal 0.0899076 -0.831361 0.548412
      outer loop
         vertex 0.0717193 -0.0301938 0.0409862
         vertex 0.0720824 -0.028529 0.0432006
         vertex 0.0697332 -0.028529 0.0435207
      endloop
   endfacet
   facet normal 0.0600853 -0.831361 0.552475
      outer loop
         vertex 0.0694905 -0.0301938 0.0412898
         vertex 0.0697332 -0.028529 0.0435207
         vertex 0.0673701 -0.028529 0.0437131
      endloop
   endfacet
   facet normal 0.0300868 -0.831361 0.554918
      outer loop
         vertex 0.0672486 -0.0301938 0.0414724
         vertex 0.0673701 -0.028529 0.0437131
         vertex 0.065 -0.028529 0.0437773
      endloop
   endfacet
   facet normal 3.92761e-15 -0.831361 0.555733
      outer loop
         vertex 0.065 -0.0301938 0.0415333
         vertex 0.065 -0.028529 0.0437773
         vertex 0.0626299 -0.028529 0.0437131
      endloop
   endfacet
   facet normal -0.0300868 -0.831361 0.554918
      outer loop
         vertex 0.0627514 -0.0301938 0.0414724
         vertex 0.0626299 -0.028529 0.0437131
         vertex 0.0602668 -0.028529 0.0435207
      endloop
   endfacet
   facet normal -0.0600853 -0.831361 0.552475
      outer loop
         vertex 0.0605095 -0.0301938 0.0412898
         vertex 0.0602668 -0.028529 0.0435207
         vertex 0.0579176 -0.028529 0.0432006
      endloop
   endfacet
   facet normal -0.0899076 -0.831361 0.548412
      outer loop
         vertex 0.0582807 -0.0301938 0.0409862
         vertex 0.0579176 -0.028529 0.0432006
         vertex 0.0555892 -0.028529 0.0427538
      endloop
   endfacet
   facet normal -0.119466 -0.831361 0.54274
      outer loop
         vertex 0.0560716 -0.0301938 0.0405623
         vertex 0.0555892 -0.028529 0.0427538
         vertex 0.0532883 -0.028529 0.0421816
      endloop
   endfacet
   facet normal -0.148674 -0.831361 0.535477
      outer loop
         vertex 0.0538887 -0.0301938 0.0400194
         vertex 0.0532883 -0.028529 0.0421816
         vertex 0.0510218 -0.028529 0.0414857
      endloop
   endfacet
   facet normal -0.177446 -0.831361 0.526642
      outer loop
         vertex 0.0517384 -0.0301938 0.0393592
         vertex 0.0510218 -0.028529 0.0414857
         vertex 0.0487964 -0.028529 0.0406681
      endloop
   endfacet
   facet normal -0.205698 -0.831361 0.516263
      outer loop
         vertex 0.0496269 -0.0301938 0.0385835
         vertex 0.0487964 -0.028529 0.0406681
         vertex 0.0466184 -0.028529 0.0397312
      endloop
   endfacet
   facet normal -0.233346 -0.831361 0.50437
      outer loop
         vertex 0.0475606 -0.0301938 0.0376946
         vertex 0.0466184 -0.028529 0.0397312
         vertex 0.0444944 -0.028529 0.0386778
      endloop
   endfacet
   facet normal -0.26031 -0.831361 0.490997
      outer loop
         vertex 0.0455454 -0.0301938 0.0366952
         vertex 0.0444944 -0.028529 0.0386778
         vertex 0.0424305 -0.028529 0.0375109
      endloop
   endfacet
   facet normal -0.28651 -0.831361 0.476184
      outer loop
         vertex 0.0435873 -0.0301938 0.0355881
         vertex 0.0424305 -0.028529 0.0375109
         vertex 0.0404328 -0.028529 0.036234
      endloop
   endfacet
   facet normal -0.31187 -0.831361 0.459974
      outer loop
         vertex 0.041692 -0.0301938 0.0343767
         vertex 0.0404328 -0.028529 0.036234
         vertex 0.0385071 -0.028529 0.0348508
      endloop
   endfacet
   facet normal -0.336315 -0.831361 0.442415
      outer loop
         vertex 0.0398651 -0.0301938 0.0330644
         vertex 0.0385071 -0.028529 0.0348508
         vertex 0.0366592 -0.028529 0.0333654
      endloop
   endfacet
   facet normal -0.359774 -0.831361 0.423559
      outer loop
         vertex 0.0381119 -0.0301938 0.0316551
         vertex 0.0366592 -0.028529 0.0333654
         vertex 0.0348944 -0.028529 0.0317821
      endloop
   endfacet
   facet normal -0.382177 -0.831361 0.40346
      outer loop
         vertex 0.0364376 -0.0301938 0.030153
         vertex 0.0348944 -0.028529 0.0317821
         vertex 0.0332179 -0.028529 0.0301056
      endloop
   endfacet
   facet normal -0.40346 -0.831361 0.382177
      outer loop
         vertex 0.034847 -0.0301938 0.0285624
         vertex 0.0332179 -0.028529 0.0301056
         vertex 0.0316346 -0.028529 0.0283408
      endloop
   endfacet
   facet normal -0.423559 -0.831361 0.359774
      outer loop
         vertex 0.0333449 -0.0301938 0.0268881
         vertex 0.0316346 -0.028529 0.0283408
         vertex 0.0301492 -0.028529 0.0264929
      endloop
   endfacet
   facet normal -0.442415 -0.831361 0.336315
      outer loop
         vertex 0.0319356 -0.0301938 0.0251349
         vertex 0.0301492 -0.028529 0.0264929
         vertex 0.028766 -0.028529 0.0245672
      endloop
   endfacet
   facet normal -0.459974 -0.831361 0.31187
      outer loop
         vertex 0.0306233 -0.0301938 0.023308
         vertex 0.028766 -0.028529 0.0245672
         vertex 0.0274891 -0.028529 0.0225695
      endloop
   endfacet
   facet normal -0.476184 -0.831361 0.28651
      outer loop
         vertex 0.0294119 -0.0301938 0.0214127
         vertex 0.0274891 -0.028529 0.0225695
         vertex 0.0263222 -0.028529 0.0205056
      endloop
   endfacet
   facet normal -0.490997 -0.831361 0.26031
      outer loop
         vertex 0.0283048 -0.0301938 0.0194546
         vertex 0.0263222 -0.028529 0.0205056
         vertex 0.0252688 -0.028529 0.0183816
      endloop
   endfacet
   facet normal -0.50437 -0.831361 0.233346
      outer loop
         vertex 0.0273054 -0.0301938 0.0174394
         vertex 0.0252688 -0.028529 0.0183816
         vertex 0.0243319 -0.028529 0.0162036
      endloop
   endfacet
   facet normal -0.516263 -0.831361 0.205698
      outer loop
         vertex 0.0264165 -0.0301938 0.0153731
         vertex 0.0243319 -0.028529 0.0162036
         vertex 0.0235143 -0.028529 0.0139782
      endloop
   endfacet
   facet normal -0.526642 -0.831361 0.177446
      outer loop
         vertex 0.0256408 -0.0301938 0.0132616
         vertex 0.0235143 -0.028529 0.0139782
         vertex 0.0228184 -0.028529 0.0117117
      endloop
   endfacet
   facet normal -0.535477 -0.831361 0.148674
      outer loop
         vertex 0.0249806 -0.0301938 0.0111113
         vertex 0.0228184 -0.028529 0.0117117
         vertex 0.0222462 -0.028529 0.00941082
      endloop
   endfacet
   facet normal -0.54274 -0.831361 0.119466
      outer loop
         vertex 0.0244377 -0.0301938 0.00892843
         vertex 0.0222462 -0.028529 0.00941082
         vertex 0.0217994 -0.028529 0.00708238
      endloop
   endfacet
   facet normal -0.548412 -0.831361 0.0899076
      outer loop
         vertex 0.0240138 -0.0301938 0.00671934
         vertex 0.0217994 -0.028529 0.00708238
         vertex 0.0214793 -0.028529 0.00473316
      endloop
   endfacet
   facet normal -0.552475 -0.831361 0.0600853
      outer loop
         vertex 0.0237102 -0.0301938 0.00449054
         vertex 0.0214793 -0.028529 0.00473316
         vertex 0.0212869 -0.028529 0.00237005
      endloop
   endfacet
   facet normal -0.634393 -0.77301 -1.16536e-16
      outer loop
         vertex 0.021225 -0.0285307 -5.83181e-18
         vertex 0.0234667 -0.0301938 -7.62954e-18
         vertex 0.0235276 -0.0301938 0.00224857
      endloop
   endfacet
   facet normal 0.555571 -0.831469 3.40189e-17
      outer loop
         vertex 0.106529 -0.0301966 9.69529e-19
         vertex 0.106533 -0.0301938 2.54318e-18
         vertex 0.106472 -0.0301938 0.00224857
      endloop
   endfacet
   facet normal 0.470964 -0.881783 0.0255349
      outer loop
         vertex 0.10408 -0.0316308 0.00211884
         vertex 0.106472 -0.0301938 0.00224857
         vertex 0.10629 -0.0301938 0.00449054
      endloop
   endfacet
   facet normal 0.468891 -0.881783 0.050995
      outer loop
         vertex 0.103908 -0.0316308 0.00423147
         vertex 0.10629 -0.0301938 0.00449054
         vertex 0.105986 -0.0301938 0.00671934
      endloop
   endfacet
   facet normal 0.465443 -0.881783 0.0763054
      outer loop
         vertex 0.103622 -0.0316308 0.00633168
         vertex 0.105986 -0.0301938 0.00671934
         vertex 0.105562 -0.0301938 0.00892843
      endloop
   endfacet
   facet normal 0.460629 -0.881783 0.101392
      outer loop
         vertex 0.103222 -0.0316308 0.00841332
         vertex 0.105562 -0.0301938 0.00892843
         vertex 0.105019 -0.0301938 0.0111113
      endloop
   endfacet
   facet normal 0.454464 -0.881783 0.126181
      outer loop
         vertex 0.102711 -0.0316308 0.0104703
         vertex 0.105019 -0.0301938 0.0111113
         vertex 0.104359 -0.0301938 0.0132616
      endloop
   endfacet
   facet normal 0.446966 -0.881783 0.1506
      outer loop
         vertex 0.102088 -0.0316308 0.0124965
         vertex 0.104359 -0.0301938 0.0132616
         vertex 0.103583 -0.0301938 0.0153731
      endloop
   endfacet
   facet normal 0.438157 -0.881783 0.174578
      outer loop
         vertex 0.101357 -0.0316308 0.0144861
         vertex 0.103583 -0.0301938 0.0153731
         vertex 0.102695 -0.0301938 0.0174394
      endloop
   endfacet
   facet normal 0.428063 -0.881783 0.198043
      outer loop
         vertex 0.10052 -0.0316308 0.0164332
         vertex 0.102695 -0.0301938 0.0174394
         vertex 0.101695 -0.0301938 0.0194546
      endloop
   endfacet
   facet normal 0.416714 -0.881783 0.220928
      outer loop
         vertex 0.0995781 -0.0316308 0.0183322
         vertex 0.101695 -0.0301938 0.0194546
         vertex 0.100588 -0.0301938 0.0214127
      endloop
   endfacet
   facet normal 0.404142 -0.881783 0.243164
      outer loop
         vertex 0.0985349 -0.0316308 0.0201773
         vertex 0.100588 -0.0301938 0.0214127
         vertex 0.0993767 -0.0301938 0.023308
      endloop
   endfacet
   facet normal 0.390384 -0.881783 0.264687
      outer loop
         vertex 0.0973934 -0.0316308 0.0219632
         vertex 0.0993767 -0.0301938 0.023308
         vertex 0.0980644 -0.0301938 0.0251349
      endloop
   endfacet
   facet normal 0.375482 -0.881783 0.285434
      outer loop
         vertex 0.0961568 -0.0316308 0.0236848
         vertex 0.0980644 -0.0301938 0.0251349
         vertex 0.0966551 -0.0301938 0.0268881
      endloop
   endfacet
   facet normal 0.359478 -0.881783 0.305344
      outer loop
         vertex 0.0948288 -0.0316308 0.0253368
         vertex 0.0966551 -0.0301938 0.0268881
         vertex 0.095153 -0.0301938 0.0285624
      endloop
   endfacet
   facet normal 0.34242 -0.881783 0.324357
      outer loop
         vertex 0.0934134 -0.0316308 0.0269146
         vertex 0.095153 -0.0301938 0.0285624
         vertex 0.0935624 -0.0301938 0.030153
      endloop
   endfacet
   facet normal 0.324357 -0.881783 0.34242
      outer loop
         vertex 0.0919146 -0.0316308 0.0284134
         vertex 0.0935624 -0.0301938 0.030153
         vertex 0.0918881 -0.0301938 0.0316551
      endloop
   endfacet
   facet normal 0.305344 -0.881783 0.359478
      outer loop
         vertex 0.0903368 -0.0316308 0.0298288
         vertex 0.0918881 -0.0301938 0.0316551
         vertex 0.0901349 -0.0301938 0.0330644
      endloop
   endfacet
   facet normal 0.285434 -0.881783 0.375482
      outer loop
         vertex 0.0886848 -0.0316308 0.0311568
         vertex 0.0901349 -0.0301938 0.0330644
         vertex 0.088308 -0.0301938 0.0343767
      endloop
   endfacet
   facet normal 0.264687 -0.881783 0.390384
      outer loop
         vertex 0.0869632 -0.0316308 0.0323934
         vertex 0.088308 -0.0301938 0.0343767
         vertex 0.0864127 -0.0301938 0.0355881
      endloop
   endfacet
   facet normal 0.243164 -0.881783 0.404142
      outer loop
         vertex 0.0851773 -0.0316308 0.0335349
         vertex 0.0864127 -0.0301938 0.0355881
         vertex 0.0844546 -0.0301938 0.0366952
      endloop
   endfacet
   facet normal 0.220928 -0.881783 0.416714
      outer loop
         vertex 0.0833322 -0.0316308 0.0345781
         vertex 0.0844546 -0.0301938 0.0366952
         vertex 0.0824394 -0.0301938 0.0376946
      endloop
   endfacet
   facet normal 0.198043 -0.881783 0.428063
      outer loop
         vertex 0.0814332 -0.0316308 0.0355199
         vertex 0.0824394 -0.0301938 0.0376946
         vertex 0.0803731 -0.0301938 0.0385835
      endloop
   endfacet
   facet normal 0.174578 -0.881783 0.438157
      outer loop
         vertex 0.0794861 -0.0316308 0.0363575
         vertex 0.0803731 -0.0301938 0.0385835
         vertex 0.0782616 -0.0301938 0.0393592
      endloop
   endfacet
   facet normal 0.1506 -0.881783 0.446966
      outer loop
         vertex 0.0774965 -0.0316308 0.0370884
         vertex 0.0782616 -0.0301938 0.0393592
         vertex 0.0761113 -0.0301938 0.0400194
      endloop
   endfacet
   facet normal 0.126181 -0.881783 0.454464
      outer loop
         vertex 0.0754703 -0.0316308 0.0377106
         vertex 0.0761113 -0.0301938 0.0400194
         vertex 0.0739284 -0.0301938 0.0405623
      endloop
   endfacet
   facet normal 0.101392 -0.881783 0.460629
      outer loop
         vertex 0.0734133 -0.0316308 0.0382221
         vertex 0.0739284 -0.0301938 0.0405623
         vertex 0.0717193 -0.0301938 0.0409862
      endloop
   endfacet
   facet normal 0.0763054 -0.881783 0.465443
      outer loop
         vertex 0.0713317 -0.0316308 0.0386215
         vertex 0.0717193 -0.0301938 0.0409862
         vertex 0.0694905 -0.0301938 0.0412898
      endloop
   endfacet
   facet normal 0.050995 -0.881783 0.468891
      outer loop
         vertex 0.0692315 -0.0316308 0.0389077
         vertex 0.0694905 -0.0301938 0.0412898
         vertex 0.0672486 -0.0301938 0.0414724
      endloop
   endfacet
   facet normal 0.0255349 -0.881783 0.470964
      outer loop
         vertex 0.0671188 -0.0316308 0.0390797
         vertex 0.0672486 -0.0301938 0.0414724
         vertex 0.065 -0.0301938 0.0415333
      endloop
   endfacet
   facet normal 3.3334e-15 -0.881783 0.471656
      outer loop
         vertex 0.065 -0.0316308 0.0391371
         vertex 0.065 -0.0301938 0.0415333
         vertex 0.0627514 -0.0301938 0.0414724
      endloop
   endfacet
   facet normal -0.0255349 -0.881783 0.470964
      outer loop
         vertex 0.0628812 -0.0316308 0.0390797
         vertex 0.0627514 -0.0301938 0.0414724
         vertex 0.0605095 -0.0301938 0.0412898
      endloop
   endfacet
   facet normal -0.050995 -0.881783 0.468891
      outer loop
         vertex 0.0607685 -0.0316308 0.0389077
         vertex 0.0605095 -0.0301938 0.0412898
         vertex 0.0582807 -0.0301938 0.0409862
      endloop
   endfacet
   facet normal -0.0763054 -0.881783 0.465443
      outer loop
         vertex 0.0586683 -0.0316308 0.0386215
         vertex 0.0582807 -0.0301938 0.0409862
         vertex 0.0560716 -0.0301938 0.0405623
      endloop
   endfacet
   facet normal -0.101392 -0.881783 0.460629
      outer loop
         vertex 0.0565867 -0.0316308 0.0382221
         vertex 0.0560716 -0.0301938 0.0405623
         vertex 0.0538887 -0.0301938 0.0400194
      endloop
   endfacet
   facet normal -0.126181 -0.881783 0.454464
      outer loop
         vertex 0.0545297 -0.0316308 0.0377106
         vertex 0.0538887 -0.0301938 0.0400194
         vertex 0.0517384 -0.0301938 0.0393592
      endloop
   endfacet
   facet normal -0.1506 -0.881783 0.446966
      outer loop
         vertex 0.0525035 -0.0316308 0.0370884
         vertex 0.0517384 -0.0301938 0.0393592
         vertex 0.0496269 -0.0301938 0.0385835
      endloop
   endfacet
   facet normal -0.174578 -0.881783 0.438157
      outer loop
         vertex 0.0505139 -0.0316308 0.0363575
         vertex 0.0496269 -0.0301938 0.0385835
         vertex 0.0475606 -0.0301938 0.0376946
      endloop
   endfacet
   facet normal -0.198043 -0.881783 0.428063
      outer loop
         vertex 0.0485668 -0.0316308 0.0355199
         vertex 0.0475606 -0.0301938 0.0376946
         vertex 0.0455454 -0.0301938 0.0366952
      endloop
   endfacet
   facet normal -0.220928 -0.881783 0.416714
      outer loop
         vertex 0.0466678 -0.0316308 0.0345781
         vertex 0.0455454 -0.0301938 0.0366952
         vertex 0.0435873 -0.0301938 0.0355881
      endloop
   endfacet
   facet normal -0.243164 -0.881783 0.404142
      outer loop
         vertex 0.0448227 -0.0316308 0.0335349
         vertex 0.0435873 -0.0301938 0.0355881
         vertex 0.041692 -0.0301938 0.0343767
      endloop
   endfacet
   facet normal -0.264687 -0.881783 0.390384
      outer loop
         vertex 0.0430368 -0.0316308 0.0323934
         vertex 0.041692 -0.0301938 0.0343767
         vertex 0.0398651 -0.0301938 0.0330644
      endloop
   endfacet
   facet normal -0.285434 -0.881783 0.375482
      outer loop
         vertex 0.0413152 -0.0316308 0.0311568
         vertex 0.0398651 -0.0301938 0.0330644
         vertex 0.0381119 -0.0301938 0.0316551
      endloop
   endfacet
   facet normal -0.305344 -0.881783 0.359478
      outer loop
         vertex 0.0396632 -0.0316308 0.0298288
         vertex 0.0381119 -0.0301938 0.0316551
         vertex 0.0364376 -0.0301938 0.030153
      endloop
   endfacet
   facet normal -0.324357 -0.881783 0.34242
      outer loop
         vertex 0.0380854 -0.0316308 0.0284134
         vertex 0.0364376 -0.0301938 0.030153
         vertex 0.034847 -0.0301938 0.0285624
      endloop
   endfacet
   facet normal -0.34242 -0.881783 0.324357
      outer loop
         vertex 0.0365866 -0.0316308 0.0269146
         vertex 0.034847 -0.0301938 0.0285624
         vertex 0.0333449 -0.0301938 0.0268881
      endloop
   endfacet
   facet normal -0.359478 -0.881783 0.305344
      outer loop
         vertex 0.0351712 -0.0316308 0.0253368
         vertex 0.0333449 -0.0301938 0.0268881
         vertex 0.0319356 -0.0301938 0.0251349
      endloop
   endfacet
   facet normal -0.375482 -0.881783 0.285434
      outer loop
         vertex 0.0338432 -0.0316308 0.0236848
         vertex 0.0319356 -0.0301938 0.0251349
         vertex 0.0306233 -0.0301938 0.023308
      endloop
   endfacet
   facet normal -0.390384 -0.881783 0.264687
      outer loop
         vertex 0.0326066 -0.0316308 0.0219632
         vertex 0.0306233 -0.0301938 0.023308
         vertex 0.0294119 -0.0301938 0.0214127
      endloop
   endfacet
   facet normal -0.404142 -0.881783 0.243164
      outer loop
         vertex 0.0314651 -0.0316308 0.0201773
         vertex 0.0294119 -0.0301938 0.0214127
         vertex 0.0283048 -0.0301938 0.0194546
      endloop
   endfacet
   facet normal -0.416714 -0.881783 0.220928
      outer loop
         vertex 0.0304219 -0.0316308 0.0183322
         vertex 0.0283048 -0.0301938 0.0194546
         vertex 0.0273054 -0.0301938 0.0174394
      endloop
   endfacet
   facet normal -0.428063 -0.881783 0.198043
      outer loop
         vertex 0.0294801 -0.0316308 0.0164332
         vertex 0.0273054 -0.0301938 0.0174394
         vertex 0.0264165 -0.0301938 0.0153731
      endloop
   endfacet
   facet normal -0.438157 -0.881783 0.174578
      outer loop
         vertex 0.0286425 -0.0316308 0.0144861
         vertex 0.0264165 -0.0301938 0.0153731
         vertex 0.0256408 -0.0301938 0.0132616
      endloop
   endfacet
   facet normal -0.446966 -0.881783 0.1506
      outer loop
         vertex 0.0279116 -0.0316308 0.0124965
         vertex 0.0256408 -0.0301938 0.0132616
         vertex 0.0249806 -0.0301938 0.0111113
      endloop
   endfacet
   facet normal -0.454464 -0.881783 0.126181
      outer loop
         vertex 0.0272894 -0.0316308 0.0104703
         vertex 0.0249806 -0.0301938 0.0111113
         vertex 0.0244377 -0.0301938 0.00892843
      endloop
   endfacet
   facet normal -0.460629 -0.881783 0.101392
      outer loop
         vertex 0.0267779 -0.0316308 0.00841332
         vertex 0.0244377 -0.0301938 0.00892843
         vertex 0.0240138 -0.0301938 0.00671934
      endloop
   endfacet
   facet normal -0.465443 -0.881783 0.0763054
      outer loop
         vertex 0.0263785 -0.0316308 0.00633168
         vertex 0.0240138 -0.0301938 0.00671934
         vertex 0.0237102 -0.0301938 0.00449054
      endloop
   endfacet
   facet normal -0.468891 -0.881783 0.050995
      outer loop
         vertex 0.0260923 -0.0316308 0.00423147
         vertex 0.0237102 -0.0301938 0.00449054
         vertex 0.0235276 -0.0301938 0.00224857
      endloop
   endfacet
   facet normal -0.555571 -0.831469 -1.02057e-16
      outer loop
         vertex 0.0234715 -0.0301966 -5.96936e-18
         vertex 0.0258629 -0.0316308 8.23097e-19
         vertex 0.0259203 -0.0316308 0.00211884
      endloop
   endfacet
   facet normal -0.707107 -0.707107 -1.29893e-16
      outer loop
         vertex 0.0175 -0.025 0
         vertex 0.0191525 -0.0266525 0
         vertex 0.0192198 -0.0266525 0.00248213
      endloop
   endfacet
   facet normal -0.70607 -0.707107 0.038282
      outer loop
         vertex 0.0192198 -0.0266525 0.00248213
         vertex 0.0177784 -0.025 0.00513565
         vertex 0.0175 -0.025 0
      endloop
   endfacet
   facet normal -0.690575 -0.707107 0.152007
      outer loop
         vertex 0.0186105 -0.025 0.0102111
         vertex 0.0177784 -0.025 0.00513565
         vertex 0.0197565 -0.0266525 0.00741729
      endloop
   endfacet
   facet normal -0.702962 -0.707107 0.0764517
      outer loop
         vertex 0.0177784 -0.025 0.00513565
         vertex 0.0194213 -0.0266525 0.00495698
         vertex 0.0197565 -0.0266525 0.00741729
      endloop
   endfacet
   facet normal -0.670092 -0.707107 0.22578
      outer loop
         vertex 0.0199865 -0.025 0.0151668
         vertex 0.0186105 -0.025 0.0102111
         vertex 0.0208237 -0.0266525 0.0122655
      endloop
   endfacet
   facet normal -0.690575 -0.707107 0.152007
      outer loop
         vertex 0.0186105 -0.025 0.0102111
         vertex 0.0202244 -0.0266525 0.00985585
         vertex 0.0208237 -0.0266525 0.0122655
      endloop
   endfacet
   facet normal -0.641753 -0.707107 0.296906
      outer loop
         vertex 0.0218902 -0.025 0.0199447
         vertex 0.0199865 -0.025 0.0151668
         vertex 0.0224088 -0.0266525 0.0169699
      endloop
   endfacet
   facet normal -0.670092 -0.707107 0.22578
      outer loop
         vertex 0.0199865 -0.025 0.0151668
         vertex 0.0215525 -0.0266525 0.0146392
         vertex 0.0224088 -0.0266525 0.0169699
      endloop
   endfacet
   facet normal -0.60589 -0.707107 0.364552
      outer loop
         vertex 0.0242993 -0.025 0.0244888
         vertex 0.0218902 -0.025 0.0199447
         vertex 0.0244932 -0.0266525 0.0214753
      endloop
   endfacet
   facet normal -0.641753 -0.707107 0.296906
      outer loop
         vertex 0.0218902 -0.025 0.0199447
         vertex 0.02339 -0.0266525 0.0192508
         vertex 0.0244932 -0.0266525 0.0214753
      endloop
   endfacet
   facet normal -0.562923 -0.707107 0.427923
      outer loop
         vertex 0.0271856 -0.025 0.0287458
         vertex 0.0242993 -0.025 0.0244888
         vertex 0.0270526 -0.0266525 0.025729
      endloop
   endfacet
   facet normal -0.60589 -0.707107 0.364552
      outer loop
         vertex 0.0242993 -0.025 0.0244888
         vertex 0.0257153 -0.0266525 0.0236368
         vertex 0.0270526 -0.0266525 0.025729
      endloop
   endfacet
   facet normal -0.513356 -0.707107 0.486277
      outer loop
         vertex 0.0305152 -0.025 0.0326657
         vertex 0.0271856 -0.025 0.0287458
         vertex 0.0300568 -0.0266525 0.029681
      endloop
   endfacet
   facet normal -0.562923 -0.707107 0.427923
      outer loop
         vertex 0.0271856 -0.025 0.0287458
         vertex 0.0285012 -0.0266525 0.0277457
         vertex 0.0300568 -0.0266525 0.029681
      endloop
   endfacet
   facet normal -0.457771 -0.707107 0.53893
      outer loop
         vertex 0.0342492 -0.025 0.0362027
         vertex 0.0305152 -0.025 0.0326657
         vertex 0.0334707 -0.0266525 0.033285
      endloop
   endfacet
   facet normal -0.513356 -0.707107 0.486277
      outer loop
         vertex 0.0305152 -0.025 0.0326657
         vertex 0.031715 -0.0266525 0.0315293
         vertex 0.0334707 -0.0266525 0.033285
      endloop
   endfacet
   facet normal -0.396819 -0.707107 0.585265
      outer loop
         vertex 0.0383436 -0.025 0.0393152
         vertex 0.0342492 -0.025 0.0362027
         vertex 0.0372543 -0.0266525 0.0364988
      endloop
   endfacet
   facet normal -0.457771 -0.707107 0.53893
      outer loop
         vertex 0.0342492 -0.025 0.0362027
         vertex 0.035319 -0.0266525 0.0349432
         vertex 0.0372543 -0.0266525 0.0364988
      endloop
   endfacet
   facet normal -0.331215 -0.707107 0.624737
      outer loop
         vertex 0.0427506 -0.025 0.0419668
         vertex 0.0383436 -0.025 0.0393152
         vertex 0.0413632 -0.0266525 0.0392847
      endloop
   endfacet
   facet normal -0.396819 -0.707107 0.585265
      outer loop
         vertex 0.0383436 -0.025 0.0393152
         vertex 0.039271 -0.0266525 0.0379474
         vertex 0.0413632 -0.0266525 0.0392847
      endloop
   endfacet
   facet normal -0.261727 -0.707107 0.656886
      outer loop
         vertex 0.0474184 -0.025 0.0441264
         vertex 0.0427506 -0.025 0.0419668
         vertex 0.0457492 -0.0266525 0.04161
      endloop
   endfacet
   facet normal -0.331215 -0.707107 0.624737
      outer loop
         vertex 0.0427506 -0.025 0.0419668
         vertex 0.0435247 -0.0266525 0.0405068
         vertex 0.0457492 -0.0266525 0.04161
      endloop
   endfacet
   facet normal -0.189171 -0.707107 0.681333
      outer loop
         vertex 0.0522924 -0.025 0.0457686
         vertex 0.0474184 -0.025 0.0441264
         vertex 0.0503608 -0.0266525 0.0434475
      endloop
   endfacet
   facet normal -0.261727 -0.707107 0.656886
      outer loop
         vertex 0.0474184 -0.025 0.0441264
         vertex 0.0480301 -0.0266525 0.0425912
         vertex 0.0503608 -0.0266525 0.0434475
      endloop
   endfacet
   facet normal -0.114397 -0.707107 0.697792
      outer loop
         vertex 0.0573154 -0.025 0.0468743
         vertex 0.0522924 -0.025 0.0457686
         vertex 0.0551442 -0.0266525 0.0447756
      endloop
   endfacet
   facet normal -0.189171 -0.707107 0.681333
      outer loop
         vertex 0.0522924 -0.025 0.0457686
         vertex 0.0527345 -0.0266525 0.0441763
         vertex 0.0551442 -0.0266525 0.0447756
      endloop
   endfacet
   facet normal -0.038282 -0.707107 0.70607
      outer loop
         vertex 0.0624284 -0.025 0.0474303
         vertex 0.0573154 -0.025 0.0468743
         vertex 0.060043 -0.0266525 0.0455787
      endloop
   endfacet
   facet normal -0.114397 -0.707107 0.697792
      outer loop
         vertex 0.0573154 -0.025 0.0468743
         vertex 0.0575827 -0.0266525 0.0452435
         vertex 0.060043 -0.0266525 0.0455787
      endloop
   endfacet
   facet normal 0.038282 -0.707107 0.70607
      outer loop
         vertex 0.0675716 -0.025 0.0474303
         vertex 0.0624284 -0.025 0.0474303
         vertex 0.065 -0.0266525 0.0458475
      endloop
   endfacet
   facet normal -0.038282 -0.707107 0.70607
      outer loop
         vertex 0.0624284 -0.025 0.0474303
         vertex 0.0625179 -0.0266525 0.0457802
         vertex 0.065 -0.0266525 0.0458475
      endloop
   endfacet
   facet normal 0.114397 -0.707107 0.697792
      outer loop
         vertex 0.0726846 -0.025 0.0468743
         vertex 0.0675716 -0.025 0.0474303
         vertex 0.069957 -0.0266525 0.0455787
      endloop
   endfacet
   facet normal 0.038282 -0.707107 0.70607
      outer loop
         vertex 0.0675716 -0.025 0.0474303
         vertex 0.0674821 -0.0266525 0.0457802
         vertex 0.069957 -0.0266525 0.0455787
      endloop
   endfacet
   facet normal 0.189171 -0.707107 0.681333
      outer loop
         vertex 0.0777076 -0.025 0.0457686
         vertex 0.0726846 -0.025 0.0468743
         vertex 0.0748558 -0.0266525 0.0447756
      endloop
   endfacet
   facet normal 0.114397 -0.707107 0.697792
      outer loop
         vertex 0.0726846 -0.025 0.0468743
         vertex 0.0724173 -0.0266525 0.0452435
         vertex 0.0748558 -0.0266525 0.0447756
      endloop
   endfacet
   facet normal 0.261727 -0.707107 0.656886
      outer loop
         vertex 0.0825816 -0.025 0.0441264
         vertex 0.0777076 -0.025 0.0457686
         vertex 0.0796392 -0.0266525 0.0434475
      endloop
   endfacet
   facet normal 0.189171 -0.707107 0.681333
      outer loop
         vertex 0.0777076 -0.025 0.0457686
         vertex 0.0772655 -0.0266525 0.0441763
         vertex 0.0796392 -0.0266525 0.0434475
      endloop
   endfacet
   facet normal 0.331215 -0.707107 0.624737
      outer loop
         vertex 0.0872494 -0.025 0.0419668
         vertex 0.0825816 -0.025 0.0441264
         vertex 0.0842508 -0.0266525 0.04161
      endloop
   endfacet
   facet normal 0.261727 -0.707107 0.656886
      outer loop
         vertex 0.0825816 -0.025 0.0441264
         vertex 0.0819699 -0.0266525 0.0425912
         vertex 0.0842508 -0.0266525 0.04161
      endloop
   endfacet
   facet normal 0.396819 -0.707107 0.585265
      outer loop
         vertex 0.0916564 -0.025 0.0393152
         vertex 0.0872494 -0.025 0.0419668
         vertex 0.0886368 -0.0266525 0.0392847
      endloop
   endfacet
   facet normal 0.331215 -0.707107 0.624737
      outer loop
         vertex 0.0872494 -0.025 0.0419668
         vertex 0.0864753 -0.0266525 0.0405068
         vertex 0.0886368 -0.0266525 0.0392847
      endloop
   endfacet
   facet normal 0.457771 -0.707107 0.53893
      outer loop
         vertex 0.0957508 -0.025 0.0362027
         vertex 0.0916564 -0.025 0.0393152
         vertex 0.0927457 -0.0266525 0.0364988
      endloop
   endfacet
   facet normal 0.396819 -0.707107 0.585265
      outer loop
         vertex 0.0916564 -0.025 0.0393152
         vertex 0.090729 -0.0266525 0.0379474
         vertex 0.0927457 -0.0266525 0.0364988
      endloop
   endfacet
   facet normal 0.513356 -0.707107 0.486277
      outer loop
         vertex 0.0994848 -0.025 0.0326657
         vertex 0.0957508 -0.025 0.0362027
         vertex 0.0965293 -0.0266525 0.033285
      endloop
   endfacet
   facet normal 0.457771 -0.707107 0.53893
      outer loop
         vertex 0.0957508 -0.025 0.0362027
         vertex 0.094681 -0.0266525 0.0349432
         vertex 0.0965293 -0.0266525 0.033285
      endloop
   endfacet
   facet normal 0.562923 -0.707107 0.427923
      outer loop
         vertex 0.102814 -0.025 0.0287458
         vertex 0.0994848 -0.025 0.0326657
         vertex 0.0999432 -0.0266525 0.029681
      endloop
   endfacet
   facet normal 0.513356 -0.707107 0.486277
      outer loop
         vertex 0.0994848 -0.025 0.0326657
         vertex 0.098285 -0.0266525 0.0315293
         vertex 0.0999432 -0.0266525 0.029681
      endloop
   endfacet
   facet normal 0.60589 -0.707107 0.364552
      outer loop
         vertex 0.105701 -0.025 0.0244888
         vertex 0.102814 -0.025 0.0287458
         vertex 0.102947 -0.0266525 0.025729
      endloop
   endfacet
   facet normal 0.562923 -0.707107 0.427923
      outer loop
         vertex 0.102814 -0.025 0.0287458
         vertex 0.101499 -0.0266525 0.0277457
         vertex 0.102947 -0.0266525 0.025729
      endloop
   endfacet
   facet normal 0.641753 -0.707107 0.296906
      outer loop
         vertex 0.10811 -0.025 0.0199447
         vertex 0.105701 -0.025 0.0244888
         vertex 0.105507 -0.0266525 0.0214753
      endloop
   endfacet
   facet normal 0.60589 -0.707107 0.364552
      outer loop
         vertex 0.105701 -0.025 0.0244888
         vertex 0.104285 -0.0266525 0.0236368
         vertex 0.105507 -0.0266525 0.0214753
      endloop
   endfacet
   facet normal 0.670092 -0.707107 0.22578
      outer loop
         vertex 0.110014 -0.025 0.0151668
         vertex 0.10811 -0.025 0.0199447
         vertex 0.107591 -0.0266525 0.0169699
      endloop
   endfacet
   facet normal 0.641753 -0.707107 0.296906
      outer loop
         vertex 0.10811 -0.025 0.0199447
         vertex 0.10661 -0.0266525 0.0192508
         vertex 0.107591 -0.0266525 0.0169699
      endloop
   endfacet
   facet normal 0.690575 -0.707107 0.152007
      outer loop
         vertex 0.111389 -0.025 0.0102111
         vertex 0.110014 -0.025 0.0151668
         vertex 0.109176 -0.0266525 0.0122655
      endloop
   endfacet
   facet normal 0.670092 -0.707107 0.22578
      outer loop
         vertex 0.110014 -0.025 0.0151668
         vertex 0.108447 -0.0266525 0.0146392
         vertex 0.109176 -0.0266525 0.0122655
      endloop
   endfacet
   facet normal 0.702962 -0.707107 0.0764517
      outer loop
         vertex 0.112222 -0.025 0.00513565
         vertex 0.111389 -0.025 0.0102111
         vertex 0.110243 -0.0266525 0.00741729
      endloop
   endfacet
   facet normal 0.690575 -0.707107 0.152007
      outer loop
         vertex 0.111389 -0.025 0.0102111
         vertex 0.109776 -0.0266525 0.00985585
         vertex 0.110243 -0.0266525 0.00741729
      endloop
   endfacet
   facet normal 0.707107 -0.707107 -1.73028e-17
      outer loop
         vertex 0.1125 -0.025 0
         vertex 0.112222 -0.025 0.00513565
         vertex 0.11078 -0.0266525 0.00248213
      endloop
   endfacet
   facet normal 0.702962 -0.707107 0.0764517
      outer loop
         vertex 0.112222 -0.025 0.00513565
         vertex 0.110579 -0.0266525 0.00495698
         vertex 0.11078 -0.0266525 0.00248213
      endloop
   endfacet
   facet normal 0.70607 -0.707107 0.038282
      outer loop
         vertex 0.11078 -0.0266525 0.00248213
         vertex 0.110847 -0.0266525 0
         vertex 0.1125 -0.025 0
      endloop
   endfacet
   facet normal 0.697792 -0.707107 0.114397
      outer loop
         vertex 0.110243 -0.0266525 0.00741729
         vertex 0.110579 -0.0266525 0.00495698
         vertex 0.112222 -0.025 0.00513565
      endloop
   endfacet
   facet normal 0.681333 -0.707107 0.189171
      outer loop
         vertex 0.109176 -0.0266525 0.0122655
         vertex 0.109776 -0.0266525 0.00985585
         vertex 0.111389 -0.025 0.0102111
      endloop
   endfacet
   facet normal 0.656886 -0.707107 0.261727
      outer loop
         vertex 0.107591 -0.0266525 0.0169699
         vertex 0.108447 -0.0266525 0.0146392
         vertex 0.110014 -0.025 0.0151668
      endloop
   endfacet
   facet normal 0.624737 -0.707107 0.331215
      outer loop
         vertex 0.105507 -0.0266525 0.0214753
         vertex 0.10661 -0.0266525 0.0192508
         vertex 0.10811 -0.025 0.0199447
      endloop
   endfacet
   facet normal 0.585265 -0.707107 0.396819
      outer loop
         vertex 0.102947 -0.0266525 0.025729
         vertex 0.104285 -0.0266525 0.0236368
         vertex 0.105701 -0.025 0.0244888
      endloop
   endfacet
   facet normal 0.53893 -0.707107 0.457771
      outer loop
         vertex 0.0999432 -0.0266525 0.029681
         vertex 0.101499 -0.0266525 0.0277457
         vertex 0.102814 -0.025 0.0287458
      endloop
   endfacet
   facet normal 0.486277 -0.707107 0.513356
      outer loop
         vertex 0.0965293 -0.0266525 0.033285
         vertex 0.098285 -0.0266525 0.0315293
         vertex 0.0994848 -0.025 0.0326657
      endloop
   endfacet
   facet normal 0.427923 -0.707107 0.562923
      outer loop
         vertex 0.0927457 -0.0266525 0.0364988
         vertex 0.094681 -0.0266525 0.0349432
         vertex 0.0957508 -0.025 0.0362027
      endloop
   endfacet
   facet normal 0.364552 -0.707107 0.60589
      outer loop
         vertex 0.0886368 -0.0266525 0.0392847
         vertex 0.090729 -0.0266525 0.0379474
         vertex 0.0916564 -0.025 0.0393152
      endloop
   endfacet
   facet normal 0.296906 -0.707107 0.641753
      outer loop
         vertex 0.0842508 -0.0266525 0.04161
         vertex 0.0864753 -0.0266525 0.0405068
         vertex 0.0872494 -0.025 0.0419668
      endloop
   endfacet
   facet normal 0.22578 -0.707107 0.670092
      outer loop
         vertex 0.0796392 -0.0266525 0.0434475
         vertex 0.0819699 -0.0266525 0.0425912
         vertex 0.0825816 -0.025 0.0441264
      endloop
   endfacet
   facet normal 0.152007 -0.707107 0.690575
      outer loop
         vertex 0.0748558 -0.0266525 0.0447756
         vertex 0.0772655 -0.0266525 0.0441763
         vertex 0.0777076 -0.025 0.0457686
      endloop
   endfacet
   facet normal 0.0764517 -0.707107 0.702962
      outer loop
         vertex 0.069957 -0.0266525 0.0455787
         vertex 0.0724173 -0.0266525 0.0452435
         vertex 0.0726846 -0.025 0.0468743
      endloop
   endfacet
   facet normal -3.85268e-15 -0.707107 0.707107
      outer loop
         vertex 0.065 -0.0266525 0.0458475
         vertex 0.0674821 -0.0266525 0.0457802
         vertex 0.0675716 -0.025 0.0474303
      endloop
   endfacet
   facet normal -0.0764517 -0.707107 0.702962
      outer loop
         vertex 0.060043 -0.0266525 0.0455787
         vertex 0.0625179 -0.0266525 0.0457802
         vertex 0.0624284 -0.025 0.0474303
      endloop
   endfacet
   facet normal -0.152007 -0.707107 0.690575
      outer loop
         vertex 0.0551442 -0.0266525 0.0447756
         vertex 0.0575827 -0.0266525 0.0452435
         vertex 0.0573154 -0.025 0.0468743
      endloop
   endfacet
   facet normal -0.22578 -0.707107 0.670092
      outer loop
         vertex 0.0503608 -0.0266525 0.0434475
         vertex 0.0527345 -0.0266525 0.0441763
         vertex 0.0522924 -0.025 0.0457686
      endloop
   endfacet
   facet normal -0.296906 -0.707107 0.641753
      outer loop
         vertex 0.0457492 -0.0266525 0.04161
         vertex 0.0480301 -0.0266525 0.0425912
         vertex 0.0474184 -0.025 0.0441264
      endloop
   endfacet
   facet normal -0.364552 -0.707107 0.60589
      outer loop
         vertex 0.0413632 -0.0266525 0.0392847
         vertex 0.0435247 -0.0266525 0.0405068
         vertex 0.0427506 -0.025 0.0419668
      endloop
   endfacet
   facet normal -0.427923 -0.707107 0.562923
      outer loop
         vertex 0.0372543 -0.0266525 0.0364988
         vertex 0.039271 -0.0266525 0.0379474
         vertex 0.0383436 -0.025 0.0393152
      endloop
   endfacet
   facet normal -0.486277 -0.707107 0.513356
      outer loop
         vertex 0.0334707 -0.0266525 0.033285
         vertex 0.035319 -0.0266525 0.0349432
         vertex 0.0342492 -0.025 0.0362027
      endloop
   endfacet
   facet normal -0.53893 -0.707107 0.457771
      outer loop
         vertex 0.0300568 -0.0266525 0.029681
         vertex 0.031715 -0.0266525 0.0315293
         vertex 0.0305152 -0.025 0.0326657
      endloop
   endfacet
   facet normal -0.585265 -0.707107 0.396819
      outer loop
         vertex 0.0270526 -0.0266525 0.025729
         vertex 0.0285012 -0.0266525 0.0277457
         vertex 0.0271856 -0.025 0.0287458
      endloop
   endfacet
   facet normal -0.624737 -0.707107 0.331215
      outer loop
         vertex 0.0244932 -0.0266525 0.0214753
         vertex 0.0257153 -0.0266525 0.0236368
         vertex 0.0242993 -0.025 0.0244888
      endloop
   endfacet
   facet normal -0.656886 -0.707107 0.261727
      outer loop
         vertex 0.0224088 -0.0266525 0.0169699
         vertex 0.02339 -0.0266525 0.0192508
         vertex 0.0218902 -0.025 0.0199447
      endloop
   endfacet
   facet normal -0.681333 -0.707107 0.189171
      outer loop
         vertex 0.0208237 -0.0266525 0.0122655
         vertex 0.0215525 -0.0266525 0.0146392
         vertex 0.0199865 -0.025 0.0151668
      endloop
   endfacet
   facet normal -0.697792 -0.707107 0.114397
      outer loop
         vertex 0.0197565 -0.0266525 0.00741729
         vertex 0.0202244 -0.0266525 0.00985585
         vertex 0.0186105 -0.025 0.0102111
      endloop
   endfacet
   facet normal -0.70607 -0.707107 0.038282
      outer loop
         vertex 0.0192198 -0.0266525 0.00248213
         vertex 0.0194213 -0.0266525 0.00495698
         vertex 0.0177784 -0.025 0.00513565
      endloop
   endfacet
   facet normal -0.707107 -0.707107 4.32978e-17
      outer loop
         vertex 0.0191525 -0.0266525 0
         vertex 0.0175 -0.025 0
         vertex 0.0175 -0.025 -0.0201422
      endloop
   endfacet
   facet normal -0.707107 -0.707107 4.32978e-17
      outer loop
         vertex 0.0175 -0.025 -0.0201422
         vertex 0.0191525 -0.0266525 -0.0219163
         vertex 0.0191525 -0.0266525 0
      endloop
   endfacet
   facet normal -1 0 6.12323e-17
      outer loop
         vertex 0.0175 -0.001247 -0.0370692
         vertex 0.0175 0.00247403 -0.0369372
         vertex 0.0175 0.00124074 -0.0370696
      endloop
   endfacet
   facet normal -1 0 6.12323e-17
      outer loop
         vertex 0.0175 0.00124074 -0.0370696
         vertex 0.0175 -7.36814e-06 -0.0371141
         vertex 0.0175 -0.001247 -0.0370692
      endloop
   endfacet
   facet normal -1 0 6.12323e-17
      outer loop
         vertex 0.0175 -0.00247403 -0.0369372
         vertex 0.0175 0.00375254 -0.0367075
         vertex 0.0175 0.00247403 -0.0369372
      endloop
   endfacet
   facet normal -1 0 6.12323e-17
      outer loop
         vertex 0.0175 -0.001247 -0.0370692
         vertex 0.0175 -0.00247403 -0.0369372
         vertex 0.0175 0.00247403 -0.0369372
      endloop
   endfacet
   facet normal -1 0 6.12323e-17
      outer loop
         vertex 0.0175 -0.00247403 -0.0369372
         vertex 0.0175 -0.00375116 -0.0367078
         vertex 0.0175 0.00375254 -0.0367075
      endloop
   endfacet
   facet normal -1 0 6.12323e-17
      outer loop
         vertex 0.0175 -0.0050153 -0.0363887
         vertex 0.0175 0.00501263 -0.0363895
         vertex 0.0175 0.00375254 -0.0367075
      endloop
   endfacet
   facet normal -1 0 6.12323e-17
      outer loop
         vertex 0.0175 -0.00375116 -0.0367078
         vertex 0.0175 -0.0050153 -0.0363887
         vertex 0.0175 0.00375254 -0.0367075
      endloop
   endfacet
   facet normal -1 0 6.12323e-17
      outer loop
         vertex 0.0175 -0.00626311 -0.0359846
         vertex 0.0175 0.00625521 -0.0359874
         vertex 0.0175 0.00501263 -0.0363895
      endloop
   endfacet
   facet normal -1 0 6.12323e-17
      outer loop
         vertex 0.0175 0.0211679 -0.0247418
         vertex 0.0175 -0.0101339 -0.0341771
         vertex 0.0175 -0.0126456 -0.0325685
      endloop
   endfacet
   facet normal -1 0 6.12323e-17
      outer loop
         vertex 0.0175 -0.00626311 -0.0359846
         vertex 0.0175 0.00747622 -0.0355075
         vertex 0.0175 0.00625521 -0.0359874
      endloop
   endfacet
   facet normal -1 0 6.12323e-17
      outer loop
         vertex 0.0175 -0.00882522 -0.0348808
         vertex 0.0175 0.0154858 -0.0303537
         vertex 0.0175 0.0126456 -0.0325685
      endloop
   endfacet
   facet normal -1 0 6.12323e-17
      outer loop
         vertex 0.0175 -0.0126456 -0.0325685
         vertex 0.0175 -0.0154812 -0.0303576
         vertex 0.0175 0.0211679 -0.0247418
      endloop
   endfacet
   facet normal -1 0 6.12323e-17
      outer loop
         vertex 0.0175 -0.0050153 -0.0363887
         vertex 0.0175 -0.00626311 -0.0359846
         vertex 0.0175 0.00501263 -0.0363895
      endloop
   endfacet
   facet normal -1 0 6.12323e-17
      outer loop
         vertex 0.0175 -0.00882522 -0.0348808
         vertex 0.0175 0.0181108 -0.0279498
         vertex 0.0175 0.0154858 -0.0303537
      endloop
   endfacet
   facet normal -1 0 6.12323e-17
      outer loop
         vertex 0.0175 0.0211679 -0.0247418
         vertex 0.0175 -0.00882522 -0.0348808
         vertex 0.0175 -0.0101339 -0.0341771
      endloop
   endfacet
   facet normal -1 0 6.12323e-17
      outer loop
         vertex 0.0175 -0.00747622 -0.0355075
         vertex 0.0175 0.00882852 -0.0348791
         vertex 0.0175 0.00747622 -0.0355075
      endloop
   endfacet
   facet normal -1 0 6.12323e-17
      outer loop
         vertex 0.0175 0.0126456 -0.0325685
         vertex 0.0175 0.010138 -0.0341748
         vertex 0.0175 -0.00882522 -0.0348808
      endloop
   endfacet
   facet normal -1 0 6.12323e-17
      outer loop
         vertex 0.0175 -0.0154812 -0.0303576
         vertex 0.0175 -0.0181108 -0.0279498
         vertex 0.0175 0.0211679 -0.0247418
      endloop
   endfacet
   facet normal -1 0 6.12323e-17
      outer loop
         vertex 0.0175 -0.00626311 -0.0359846
         vertex 0.0175 -0.00747622 -0.0355075
         vertex 0.0175 0.00747622 -0.0355075
      endloop
   endfacet
   facet normal -1 0 6.12323e-17
      outer loop
         vertex 0.0175 -0.00882522 -0.0348808
         vertex 0.0175 0.0211679 -0.0247418
         vertex 0.0175 0.0181108 -0.0279498
      endloop
   endfacet
   facet normal -1 0 6.12323e-17
      outer loop
         vertex 0.0175 -0.0181108 -0.0279498
         vertex 0.0175 -0.0211635 -0.0247466
         vertex 0.0175 0.0211679 -0.0247418
      endloop
   endfacet
   facet normal -1 0 6.12323e-17
      outer loop
         vertex 0.0175 0.010138 -0.0341748
         vertex 0.0175 0.00882852 -0.0348791
         vertex 0.0175 -0.00882522 -0.0348808
      endloop
   endfacet
   facet normal -1 0 6.12323e-17
      outer loop
         vertex 0.0175 -0.00747622 -0.0355075
         vertex 0.0175 -0.00882522 -0.0348808
         vertex 0.0175 0.00882852 -0.0348791
      endloop
   endfacet
   facet normal -1 0 6.12323e-17
      outer loop
         vertex 0.0175 -0.0240487 -0.0212839
         vertex 0.0175 0.0240293 -0.0213653
         vertex 0.0175 0.0211679 -0.0247418
      endloop
   endfacet
   facet normal -1 0 6.12323e-17
      outer loop
         vertex 0.0175 -0.0240487 -0.0212839
         vertex 0.0175 0.025 0
         vertex 0.0175 0.025 -0.0201422
      endloop
   endfacet
   facet normal -1 0 6.12323e-17
      outer loop
         vertex 0.0175 0.025 0
         vertex 0.0175 -0.0240487 -0.0212839
         vertex 0.0175 -0.025 -0.0201422
      endloop
   endfacet
   facet normal -1 0 6.12323e-17
      outer loop
         vertex 0.0175 0.025 -0.0201422
         vertex 0.0175 0.0240293 -0.0213653
         vertex 0.0175 -0.0240487 -0.0212839
      endloop
   endfacet
   facet normal -1 0 6.12323e-17
      outer loop
         vertex 0.0175 -0.0211635 -0.0247466
         vertex 0.0175 -0.0240487 -0.0212839
         vertex 0.0175 0.0211679 -0.0247418
      endloop
   endfacet
   facet normal -1 0 6.12323e-17
      outer loop
         vertex 0.0175 -0.025 -0.0201422
         vertex 0.0175 -0.025 0
         vertex 0.0175 0.025 0
      endloop
   endfacet
   facet normal -0.789901 0.508998 -0.34202
      outer loop
         vertex 0.0297791 0.0226957 -0.0525
         vertex 0.0234713 0.0301969 -0.0265455
         vertex 0.0257122 0.03154 -0.0291857
      endloop
   endfacet
   facet normal -0.789901 0.508998 -0.34202
      outer loop
         vertex 0.0297791 0.0226957 -0.0525
         vertex 0.0212249 0.0285308 -0.0240582
         vertex 0.0234713 0.0301969 -0.0265455
      endloop
   endfacet
   facet normal -0.789901 0.508998 -0.34202
      outer loop
         vertex 0.0297791 0.0226957 -0.0525
         vertex 0.0210096 0.0283453 -0.0238316
         vertex 0.0212249 0.0285308 -0.0240582
      endloop
   endfacet
   facet normal -0.732748 0.588305 -0.34202
      outer loop
         vertex 0.0323275 0.026232 -0.0525
         vertex 0.0283986 0.0328306 -0.0325309
         vertex 0.0309325 0.0337372 -0.035883
      endloop
   endfacet
   facet normal -0.732748 0.588305 -0.34202
      outer loop
         vertex 0.0323275 0.026232 -0.0525
         vertex 0.0257122 0.03154 -0.0291857
         vertex 0.0258703 0.0316348 -0.029372
      endloop
   endfacet
   facet normal -0.730752 0.590783 -0.34202
      outer loop
         vertex 0.0258703 0.0316348 -0.029372
         vertex 0.0283986 0.0328306 -0.0325309
         vertex 0.0323275 0.026232 -0.0525
      endloop
   endfacet
   facet normal -0.667665 0.661245 -0.34202
      outer loop
         vertex 0.0352294 0.0294843 -0.0525
         vertex 0.033745 0.0344524 -0.0398146
         vertex 0.0364563 0.0348546 -0.0438396
      endloop
   endfacet
   facet normal -0.667665 0.661245 -0.34202
      outer loop
         vertex 0.0352294 0.0294843 -0.0525
         vertex 0.0309325 0.0337372 -0.035883
         vertex 0.031032 0.0337728 -0.0360146
      endloop
   endfacet
   facet normal -0.666375 0.662545 -0.34202
      outer loop
         vertex 0.031032 0.0337728 -0.0360146
         vertex 0.033745 0.0344524 -0.0398146
         vertex 0.0352294 0.0294843 -0.0525
      endloop
   endfacet
   facet normal -0.595357 0.72703 -0.34202
      outer loop
         vertex 0.0384536 0.0324176 -0.0525
         vertex 0.0364563 0.0348546 -0.0438396
         vertex 0.0365116 0.0348628 -0.0439217
      endloop
   endfacet
   facet normal -0.594603 0.727647 -0.34202
      outer loop
         vertex 0.0365116 0.0348628 -0.0439217
         vertex 0.0393051 0.035 -0.048326
         vertex 0.0384536 0.0324176 -0.0525
      endloop
   endfacet
   facet normal -0.595357 -0.72703 -0.34202
      outer loop
         vertex 0.0384536 -0.0324176 -0.0525
         vertex 0.0393051 -0.035 -0.048326
         vertex 0.0365116 -0.0348628 -0.0439217
      endloop
   endfacet
   facet normal -0.595357 -0.72703 -0.34202
      outer loop
         vertex 0.0384536 -0.0324176 -0.0525
         vertex 0.041965 -0.035 -0.0525
         vertex 0.0393051 -0.035 -0.048326
      endloop
   endfacet
   facet normal -0.667665 -0.661245 -0.34202
      outer loop
         vertex 0.0352294 -0.0294843 -0.0525
         vertex 0.033745 -0.0344524 -0.0398146
         vertex 0.031032 -0.0337728 -0.0360146
      endloop
   endfacet
   facet normal -0.667665 -0.661245 -0.34202
      outer loop
         vertex 0.0352294 -0.0294843 -0.0525
         vertex 0.0384536 -0.0324176 -0.0525
         vertex 0.0364563 -0.0348546 -0.0438396
      endloop
   endfacet
   facet normal -0.595378 -0.727012 -0.34202
      outer loop
         vertex 0.0364563 -0.0348546 -0.0438396
         vertex 0.033745 -0.0344524 -0.0398146
         vertex 0.0352294 -0.0294843 -0.0525
      endloop
   endfacet
   facet normal -0.732748 -0.588305 -0.34202
      outer loop
         vertex 0.0323275 -0.026232 -0.0525
         vertex 0.0283986 -0.0328306 -0.0325309
         vertex 0.0258703 -0.0316348 -0.029372
      endloop
   endfacet
   facet normal -0.732748 -0.588305 -0.34202
      outer loop
         vertex 0.0323275 -0.026232 -0.0525
         vertex 0.0352294 -0.0294843 -0.0525
         vertex 0.0309325 -0.0337372 -0.035883
      endloop
   endfacet
   facet normal -0.667692 -0.661218 -0.34202
      outer loop
         vertex 0.0309325 -0.0337372 -0.035883
         vertex 0.0283986 -0.0328306 -0.0325309
         vertex 0.0323275 -0.026232 -0.0525
      endloop
   endfacet
   facet normal -0.789901 -0.508998 -0.34202
      outer loop
         vertex 0.0297791 -0.0226957 -0.0525
         vertex 0.0323275 -0.026232 -0.0525
         vertex 0.0257122 -0.03154 -0.0291857
      endloop
   endfacet
   facet normal -0.732777 -0.588269 -0.34202
      outer loop
         vertex 0.0257122 -0.03154 -0.0291857
         vertex 0.0234713 -0.0301969 -0.0265455
         vertex 0.0297791 -0.0226957 -0.0525
      endloop
   endfacet
   facet normal -0.760014 -0.552631 -0.34202
      outer loop
         vertex 0.0234713 -0.0301969 -0.0265455
         vertex 0.0212249 -0.0285308 -0.0240582
         vertex 0.0297791 -0.0226957 -0.0525
      endloop
   endfacet
   facet normal -0.812394 -0.47227 -0.34202
      outer loop
         vertex 0.0191525 -0.0266525 -0.0219163
         vertex 0.0175 -0.025 -0.0201422
         vertex 0.0175 -0.0240487 -0.0212839
      endloop
   endfacet
   facet normal -0.838505 -0.424183 -0.34202
      outer loop
         vertex 0.0276118 -0.0189139 -0.0525
         vertex 0.0297791 -0.0226957 -0.0525
         vertex 0.0210057 -0.0283491 -0.0238244
      endloop
   endfacet
   facet normal -0.789901 -0.508998 -0.34202
      outer loop
         vertex 0.0210057 -0.0283491 -0.0238244
         vertex 0.0191525 -0.0266525 -0.0219163
         vertex 0.0276118 -0.0189139 -0.0525
      endloop
   endfacet
   facet normal -0.838505 -0.424183 -0.34202
      outer loop
         vertex 0.0276118 -0.0189139 -0.0525
         vertex 0.0175 -0.0211635 -0.0247466
         vertex 0.0175 -0.0181108 -0.0279498
      endloop
   endfacet
   facet normal -0.838505 -0.424183 -0.34202
      outer loop
         vertex 0.0276118 -0.0189139 -0.0525
         vertex 0.0175 -0.0240487 -0.0212839
         vertex 0.0175 -0.0211635 -0.0247466
      endloop
   endfacet
   facet normal -0.878036 -0.334777 -0.34202
      outer loop
         vertex 0.0258492 -0.0149274 -0.0525
         vertex 0.0175 -0.0154812 -0.0303576
         vertex 0.0175 -0.0126456 -0.0325685
      endloop
   endfacet
   facet normal -0.878036 -0.334777 -0.34202
      outer loop
         vertex 0.0258492 -0.0149274 -0.0525
         vertex 0.0175 -0.0181108 -0.0279498
         vertex 0.0175 -0.0154812 -0.0303576
      endloop
   endfacet
   facet normal -0.908064 -0.241748 -0.34202
      outer loop
         vertex 0.0245103 -0.0107793 -0.0525
         vertex 0.0175 -0.00882522 -0.0348808
         vertex 0.0175 -0.00747622 -0.0355075
      endloop
   endfacet
   facet normal -0.908064 -0.241748 -0.34202
      outer loop
         vertex 0.0245103 -0.0107793 -0.0525
         vertex 0.0175 -0.0101339 -0.0341771
         vertex 0.0175 -0.00882522 -0.0348808
      endloop
   endfacet
   facet normal -0.908064 -0.241748 -0.34202
      outer loop
         vertex 0.0245103 -0.0107793 -0.0525
         vertex 0.0175 -0.0126456 -0.0325685
         vertex 0.0175 -0.0101339 -0.0341771
      endloop
   endfacet
   facet normal -0.928265 -0.146104 -0.34202
      outer loop
         vertex 0.0236095 -0.00651462 -0.0525
         vertex 0.0175 -0.00375116 -0.0367078
         vertex 0.0175 -0.00247403 -0.0369372
      endloop
   endfacet
   facet normal -0.928265 -0.146104 -0.34202
      outer loop
         vertex 0.0236095 -0.00651462 -0.0525
         vertex 0.0175 -0.00747622 -0.0355075
         vertex 0.0175 -0.00626311 -0.0359846
      endloop
   endfacet
   facet normal -0.931629 -0.12284 -0.34202
      outer loop
         vertex 0.0175 -0.00626311 -0.0359846
         vertex 0.0175 -0.0050153 -0.0363887
         vertex 0.0236095 -0.00651462 -0.0525
      endloop
   endfacet
   facet normal -0.934498 -0.0986692 -0.34202
      outer loop
         vertex 0.0175 -0.0050153 -0.0363887
         vertex 0.0175 -0.00375116 -0.0367078
         vertex 0.0236095 -0.00651462 -0.0525
      endloop
   endfacet
   facet normal -0.938421 0.0488775 -0.34202
      outer loop
         vertex 0.0231567 0.0021794 -0.0525
         vertex 0.0231567 -0.0021794 -0.0525
         vertex 0.0175 -7.36814e-06 -0.0371141
      endloop
   endfacet
   facet normal -0.939693 -0.000145764 -0.34202
      outer loop
         vertex 0.0175 -7.36814e-06 -0.0371141
         vertex 0.0175 0.00124074 -0.0370696
         vertex 0.0231567 0.0021794 -0.0525
      endloop
   endfacet
   facet normal -0.938421 -0.0488775 -0.34202
      outer loop
         vertex 0.0231567 -0.0021794 -0.0525
         vertex 0.0175 -0.00247403 -0.0369372
         vertex 0.0175 -0.001247 -0.0370692
      endloop
   endfacet
   facet normal -0.939369 -0.0246609 -0.34202
      outer loop
         vertex 0.0175 -0.001247 -0.0370692
         vertex 0.0175 -7.36814e-06 -0.0371141
         vertex 0.0231567 -0.0021794 -0.0525
      endloop
   endfacet
   facet normal -0.928265 0.146104 -0.34202
      outer loop
         vertex 0.0236095 0.00651462 -0.0525
         vertex 0.0175 0.00501263 -0.0363895
         vertex 0.0175 0.00625521 -0.0359874
      endloop
   endfacet
   facet normal -0.928265 0.146104 -0.34202
      outer loop
         vertex 0.0236095 0.00651462 -0.0525
         vertex 0.0175 0.00375254 -0.0367075
         vertex 0.0175 0.00501263 -0.0363895
      endloop
   endfacet
   facet normal -0.928265 0.146104 -0.34202
      outer loop
         vertex 0.0236095 0.00651462 -0.0525
         vertex 0.0231567 0.0021794 -0.0525
         vertex 0.0175 0.00247403 -0.0369372
      endloop
   endfacet
   facet normal -0.938421 0.0488775 -0.34202
      outer loop
         vertex 0.0175 0.00247403 -0.0369372
         vertex 0.0175 0.00375254 -0.0367075
         vertex 0.0236095 0.00651462 -0.0525
      endloop
   endfacet
   facet normal -0.908064 0.241748 -0.34202
      outer loop
         vertex 0.0245103 0.0107793 -0.0525
         vertex 0.0236095 0.00651462 -0.0525
         vertex 0.0175 0.00747622 -0.0355075
      endloop
   endfacet
   facet normal -0.928265 0.146104 -0.34202
      outer loop
         vertex 0.0175 0.00747622 -0.0355075
         vertex 0.0175 0.00882852 -0.0348791
         vertex 0.0245103 0.0107793 -0.0525
      endloop
   endfacet
   facet normal -0.92387 0.171714 -0.34202
      outer loop
         vertex 0.0175 0.00882852 -0.0348791
         vertex 0.0175 0.010138 -0.0341748
         vertex 0.0245103 0.0107793 -0.0525
      endloop
   endfacet
   facet normal -0.878036 0.334777 -0.34202
      outer loop
         vertex 0.0258492 0.0149274 -0.0525
         vertex 0.0245103 0.0107793 -0.0525
         vertex 0.0175 0.0126456 -0.0325685
      endloop
   endfacet
   facet normal -0.908064 0.241748 -0.34202
      outer loop
         vertex 0.0175 0.0126456 -0.0325685
         vertex 0.0175 0.0154858 -0.0303537
         vertex 0.0258492 0.0149274 -0.0525
      endloop
   endfacet
   facet normal -0.838505 0.424183 -0.34202
      outer loop
         vertex 0.0276118 0.0189139 -0.0525
         vertex 0.0258492 0.0149274 -0.0525
         vertex 0.0175 0.0181108 -0.0279498
      endloop
   endfacet
   facet normal -0.878036 0.334777 -0.34202
      outer loop
         vertex 0.0175 0.0181108 -0.0279498
         vertex 0.0175 0.0211679 -0.0247418
         vertex 0.0276118 0.0189139 -0.0525
      endloop
   endfacet
   facet normal -0.838505 0.424183 -0.34202
      outer loop
         vertex 0.0276118 0.0189139 -0.0525
         vertex 0.0201854 0.027635 -0.0229642
         vertex 0.0210096 0.0283453 -0.0238316
      endloop
   endfacet
   facet normal -0.838505 0.424183 -0.34202
      outer loop
         vertex 0.0276118 0.0189139 -0.0525
         vertex 0.0191525 0.0266525 -0.0219163
         vertex 0.0201854 0.027635 -0.0229642
      endloop
   endfacet
   facet normal -0.812394 0.47227 -0.34202
      outer loop
         vertex 0.0191525 0.0266525 -0.0219163
         vertex 0.0276118 0.0189139 -0.0525
         vertex 0.0175 0.0240293 -0.0213653
      endloop
   endfacet
   facet normal -0.838505 0.424183 -0.34202
      outer loop
         vertex 0.0175 0.0240293 -0.0213653
         vertex 0.0175 0.025 -0.0201422
         vertex 0.0191525 0.0266525 -0.0219163
      endloop
   endfacet
   facet normal -0.789912 0.508981 -0.34202
      outer loop
         vertex 0.0210096 0.0283453 -0.0238316
         vertex 0.0297791 0.0226957 -0.0525
         vertex 0.0276118 0.0189139 -0.0525
      endloop
   endfacet
   facet normal -0.858321 0.382502 -0.34202
      outer loop
         vertex 0.0175 0.0211679 -0.0247418
         vertex 0.0175 0.0240293 -0.0213653
         vertex 0.0276118 0.0189139 -0.0525
      endloop
   endfacet
   facet normal -0.893412 0.291267 -0.34202
      outer loop
         vertex 0.0175 0.0154858 -0.0303537
         vertex 0.0175 0.0181108 -0.0279498
         vertex 0.0258492 0.0149274 -0.0525
      endloop
   endfacet
   facet normal -0.918994 0.196143 -0.34202
      outer loop
         vertex 0.0175 0.010138 -0.0341748
         vertex 0.0175 0.0126456 -0.0325685
         vertex 0.0245103 0.0107793 -0.0525
      endloop
   endfacet
   facet normal -0.931649 0.122688 -0.34202
      outer loop
         vertex 0.0175 0.00625521 -0.0359874
         vertex 0.0175 0.00747622 -0.0355075
         vertex 0.0236095 0.00651462 -0.0525
      endloop
   endfacet
   facet normal -0.939372 0.0245373 -0.34202
      outer loop
         vertex 0.0175 0.00124074 -0.0370696
         vertex 0.0175 0.00247403 -0.0369372
         vertex 0.0231567 0.0021794 -0.0525
      endloop
   endfacet
   facet normal -0.938421 -0.0488775 -0.34202
      outer loop
         vertex 0.0175 -0.00247403 -0.0369372
         vertex 0.0231567 -0.0021794 -0.0525
         vertex 0.0236095 -0.00651462 -0.0525
      endloop
   endfacet
   facet normal -0.928265 -0.146104 -0.34202
      outer loop
         vertex 0.0175 -0.00747622 -0.0355075
         vertex 0.0236095 -0.00651462 -0.0525
         vertex 0.0245103 -0.0107793 -0.0525
      endloop
   endfacet
   facet normal -0.908064 -0.241748 -0.34202
      outer loop
         vertex 0.0175 -0.0126456 -0.0325685
         vertex 0.0245103 -0.0107793 -0.0525
         vertex 0.0258492 -0.0149274 -0.0525
      endloop
   endfacet
   facet normal -0.878036 -0.334777 -0.34202
      outer loop
         vertex 0.0175 -0.0181108 -0.0279498
         vertex 0.0258492 -0.0149274 -0.0525
         vertex 0.0276118 -0.0189139 -0.0525
      endloop
   endfacet
   facet normal -0.838367 -0.424455 -0.34202
      outer loop
         vertex 0.0175 -0.0240487 -0.0212839
         vertex 0.0276118 -0.0189139 -0.0525
         vertex 0.0191525 -0.0266525 -0.0219163
      endloop
   endfacet
   facet normal -0.787246 -0.513094 -0.34202
      outer loop
         vertex 0.0212249 -0.0285308 -0.0240582
         vertex 0.0210057 -0.0283491 -0.0238244
         vertex 0.0297791 -0.0226957 -0.0525
      endloop
   endfacet
   facet normal -0.730752 -0.590783 -0.34202
      outer loop
         vertex 0.0258703 -0.0316348 -0.029372
         vertex 0.0257122 -0.03154 -0.0291857
         vertex 0.0323275 -0.026232 -0.0525
      endloop
   endfacet
   facet normal -0.666375 -0.662545 -0.34202
      outer loop
         vertex 0.031032 -0.0337728 -0.0360146
         vertex 0.0309325 -0.0337372 -0.035883
         vertex 0.0352294 -0.0294843 -0.0525
      endloop
   endfacet
   facet normal -0.594603 -0.727647 -0.34202
      outer loop
         vertex 0.0365116 -0.0348628 -0.0439217
         vertex 0.0364563 -0.0348546 -0.0438396
         vertex 0.0384536 -0.0324176 -0.0525
      endloop
   endfacet
   facet normal -0.556098 0.757481 -0.34202
      outer loop
         vertex 0.0393051 0.035 -0.048326
         vertex 0.041965 0.035 -0.0525
         vertex 0.0384536 0.0324176 -0.0525
      endloop
   endfacet
   facet normal -0.595378 0.727012 -0.34202
      outer loop
         vertex 0.0364563 0.0348546 -0.0438396
         vertex 0.0384536 0.0324176 -0.0525
         vertex 0.0352294 0.0294843 -0.0525
      endloop
   endfacet
   facet normal -0.667692 0.661218 -0.34202
      outer loop
         vertex 0.0309325 0.0337372 -0.035883
         vertex 0.0352294 0.0294843 -0.0525
         vertex 0.0323275 0.026232 -0.0525
      endloop
   endfacet
   facet normal -0.732777 0.588269 -0.34202
      outer loop
         vertex 0.0257122 0.03154 -0.0291857
         vertex 0.0323275 0.026232 -0.0525
         vertex 0.0297791 0.0226957 -0.0525
      endloop
   endfacet
   facet normal -0.707107 0.707107 4.32978e-17
      outer loop
         vertex 0.0191525 0.0266525 0
         vertex 0.0191525 0.0266525 -0.0219163
         vertex 0.0175 0.025 -0.0201422
      endloop
   endfacet
   facet normal -0.707107 0.707107 4.32978e-17
      outer loop
         vertex 0.0175 0.025 -0.0201422
         vertex 0.0175 0.025 0
         vertex 0.0191525 0.0266525 0
      endloop
   endfacet
   facet normal -1 0 -1.83697e-16
      outer loop
         vertex 0.0175 0.025 0
         vertex 0.0175 -0.025 0
         vertex 0.0177784 -0.025 0.00513565
      endloop
   endfacet
   facet normal -0.994138 0 0.108119
      outer loop
         vertex 0.0177784 0.025 0.00513565
         vertex 0.0177784 -0.025 0.00513565
         vertex 0.0186105 -0.025 0.0102111
      endloop
   endfacet
   facet normal -0.976621 0 0.21497
      outer loop
         vertex 0.0186105 0.025 0.0102111
         vertex 0.0186105 -0.025 0.0102111
         vertex 0.0199865 -0.025 0.0151668
      endloop
   endfacet
   facet normal -0.947653 0 0.319302
      outer loop
         vertex 0.0199865 0.025 0.0151668
         vertex 0.0199865 -0.025 0.0151668
         vertex 0.0218902 -0.025 0.0199447
      endloop
   endfacet
   facet normal -0.907575 0 0.419889
      outer loop
         vertex 0.0218902 0.025 0.0199447
         vertex 0.0218902 -0.025 0.0199447
         vertex 0.0242993 -0.025 0.0244888
      endloop
   endfacet
   facet normal -0.856857 0 0.515554
      outer loop
         vertex 0.0242993 0.025 0.0244888
         vertex 0.0242993 -0.025 0.0244888
         vertex 0.0271856 -0.025 0.0287458
      endloop
   endfacet
   facet normal -0.796093 0 0.605174
      outer loop
         vertex 0.0271856 0.025 0.0287458
         vertex 0.0271856 -0.025 0.0287458
         vertex 0.0305152 -0.025 0.0326657
      endloop
   endfacet
   facet normal -0.725995 0 0.687699
      outer loop
         vertex 0.0305152 0.025 0.0326657
         vertex 0.0305152 -0.025 0.0326657
         vertex 0.0342492 -0.025 0.0362027
      endloop
   endfacet
   facet normal -0.647386 0 0.762162
      outer loop
         vertex 0.0342492 0.025 0.0362027
         vertex 0.0342492 -0.025 0.0362027
         vertex 0.0383436 -0.025 0.0393152
      endloop
   endfacet
   facet normal -0.561187 0 0.827689
      outer loop
         vertex 0.0383436 0.025 0.0393152
         vertex 0.0383436 -0.025 0.0393152
         vertex 0.0427506 -0.025 0.0419668
      endloop
   endfacet
   facet normal -0.468408 0 0.883512
      outer loop
         vertex 0.0427506 0.025 0.0419668
         vertex 0.0427506 -0.025 0.0419668
         vertex 0.0474184 -0.025 0.0441264
      endloop
   endfacet
   facet normal -0.370138 0 0.928977
      outer loop
         vertex 0.0474184 0.025 0.0441264
         vertex 0.0474184 -0.025 0.0441264
         vertex 0.0522924 -0.025 0.0457686
      endloop
   endfacet
   facet normal -0.267528 0 0.96355
      outer loop
         vertex 0.0522924 0.025 0.0457686
         vertex 0.0522924 -0.025 0.0457686
         vertex 0.0573154 -0.025 0.0468743
      endloop
   endfacet
   facet normal -0.161782 0 0.986827
      outer loop
         vertex 0.0573154 0.025 0.0468743
         vertex 0.0573154 -0.025 0.0468743
         vertex 0.0624284 -0.025 0.0474303
      endloop
   endfacet
   facet normal -0.0541389 0 0.998533
      outer loop
         vertex 0.0624284 0.025 0.0474303
         vertex 0.0624284 -0.025 0.0474303
         vertex 0.0675716 -0.025 0.0474303
      endloop
   endfacet
   facet normal 0.0541389 0 0.998533
      outer loop
         vertex 0.0675716 0.025 0.0474303
         vertex 0.0675716 -0.025 0.0474303
         vertex 0.0726846 -0.025 0.0468743
      endloop
   endfacet
   facet normal 0.161782 0 0.986827
      outer loop
         vertex 0.0726846 0.025 0.0468743
         vertex 0.0726846 -0.025 0.0468743
         vertex 0.0777076 -0.025 0.0457686
      endloop
   endfacet
   facet normal 0.267528 0 0.96355
      outer loop
         vertex 0.0777076 0.025 0.0457686
         vertex 0.0777076 -0.025 0.0457686
         vertex 0.0825816 -0.025 0.0441264
      endloop
   endfacet
   facet normal 0.370138 0 0.928977
      outer loop
         vertex 0.0825816 0.025 0.0441264
         vertex 0.0825816 -0.025 0.0441264
         vertex 0.0872494 -0.025 0.0419668
      endloop
   endfacet
   facet normal 0.468408 0 0.883512
      outer loop
         vertex 0.0872494 0.025 0.0419668
         vertex 0.0872494 -0.025 0.0419668
         vertex 0.0916564 -0.025 0.0393152
      endloop
   endfacet
   facet normal 0.561187 0 0.827689
      outer loop
         vertex 0.0916564 0.025 0.0393152
         vertex 0.0916564 -0.025 0.0393152
         vertex 0.0957508 -0.025 0.0362027
      endloop
   endfacet
   facet normal 0.647386 0 0.762162
      outer loop
         vertex 0.0957508 0.025 0.0362027
         vertex 0.0957508 -0.025 0.0362027
         vertex 0.0994848 -0.025 0.0326657
      endloop
   endfacet
   facet normal 0.725995 0 0.687699
      outer loop
         vertex 0.0994848 0.025 0.0326657
         vertex 0.0994848 -0.025 0.0326657
         vertex 0.102814 -0.025 0.0287458
      endloop
   endfacet
   facet normal 0.796093 0 0.605174
      outer loop
         vertex 0.102814 0.025 0.0287458
         vertex 0.102814 -0.025 0.0287458
         vertex 0.105701 -0.025 0.0244888
      endloop
   endfacet
   facet normal 0.856857 0 0.515554
      outer loop
         vertex 0.105701 0.025 0.0244888
         vertex 0.105701 -0.025 0.0244888
         vertex 0.10811 -0.025 0.0199447
      endloop
   endfacet
   facet normal 0.907575 0 0.419889
      outer loop
         vertex 0.10811 0.025 0.0199447
         vertex 0.10811 -0.025 0.0199447
         vertex 0.110014 -0.025 0.0151668
      endloop
   endfacet
   facet normal 0.947653 0 0.319302
      outer loop
         vertex 0.110014 0.025 0.0151668
         vertex 0.110014 -0.025 0.0151668
         vertex 0.111389 -0.025 0.0102111
      endloop
   endfacet
   facet normal 0.976621 0 0.21497
      outer loop
         vertex 0.111389 0.025 0.0102111
         vertex 0.111389 -0.025 0.0102111
         vertex 0.112222 -0.025 0.00513565
      endloop
   endfacet
   facet normal 0.994138 0 0.108119
      outer loop
         vertex 0.112222 0.025 0.00513565
         vertex 0.112222 -0.025 0.00513565
         vertex 0.1125 -0.025 0
      endloop
   endfacet
   facet normal 1 0 3.06162e-16
      outer loop
         vertex 0.1125 -0.025 0
         vertex 0.1125 0.025 0
         vertex 0.112222 0.025 0.00513565
      endloop
   endfacet
   facet normal 0.994138 0 0.108119
      outer loop
         vertex 0.112222 -0.025 0.00513565
         vertex 0.112222 0.025 0.00513565
         vertex 0.111389 0.025 0.0102111
      endloop
   endfacet
   facet normal 0.976621 0 0.21497
      outer loop
         vertex 0.111389 -0.025 0.0102111
         vertex 0.111389 0.025 0.0102111
         vertex 0.110014 0.025 0.0151668
      endloop
   endfacet
   facet normal 0.947653 0 0.319302
      outer loop
         vertex 0.110014 -0.025 0.0151668
         vertex 0.110014 0.025 0.0151668
         vertex 0.10811 0.025 0.0199447
      endloop
   endfacet
   facet normal 0.907575 0 0.419889
      outer loop
         vertex 0.10811 -0.025 0.0199447
         vertex 0.10811 0.025 0.0199447
         vertex 0.105701 0.025 0.0244888
      endloop
   endfacet
   facet normal 0.856857 0 0.515554
      outer loop
         vertex 0.105701 -0.025 0.0244888
         vertex 0.105701 0.025 0.0244888
         vertex 0.102814 0.025 0.0287458
      endloop
   endfacet
   facet normal 0.796093 0 0.605174
      outer loop
         vertex 0.102814 -0.025 0.0287458
         vertex 0.102814 0.025 0.0287458
         vertex 0.0994848 0.025 0.0326657
      endloop
   endfacet
   facet normal 0.725995 0 0.687699
      outer loop
         vertex 0.0994848 -0.025 0.0326657
         vertex 0.0994848 0.025 0.0326657
         vertex 0.0957508 0.025 0.0362027
      endloop
   endfacet
   facet normal 0.647386 0 0.762162
      outer loop
         vertex 0.0957508 -0.025 0.0362027
         vertex 0.0957508 0.025 0.0362027
         vertex 0.0916564 0.025 0.0393152
      endloop
   endfacet
   facet normal 0.561187 0 0.827689
      outer loop
         vertex 0.0916564 -0.025 0.0393152
         vertex 0.0916564 0.025 0.0393152
         vertex 0.0872494 0.025 0.0419668
      endloop
   endfacet
   facet normal 0.468408 0 0.883512
      outer loop
         vertex 0.0872494 -0.025 0.0419668
         vertex 0.0872494 0.025 0.0419668
         vertex 0.0825816 0.025 0.0441264
      endloop
   endfacet
   facet normal 0.370138 0 0.928977
      outer loop
         vertex 0.0825816 -0.025 0.0441264
         vertex 0.0825816 0.025 0.0441264
         vertex 0.0777076 0.025 0.0457686
      endloop
   endfacet
   facet normal 0.267528 0 0.96355
      outer loop
         vertex 0.0777076 -0.025 0.0457686
         vertex 0.0777076 0.025 0.0457686
         vertex 0.0726846 0.025 0.0468743
      endloop
   endfacet
   facet normal 0.161782 0 0.986827
      outer loop
         vertex 0.0726846 -0.025 0.0468743
         vertex 0.0726846 0.025 0.0468743
         vertex 0.0675716 0.025 0.0474303
      endloop
   endfacet
   facet normal 0.0541389 0 0.998533
      outer loop
         vertex 0.0675716 -0.025 0.0474303
         vertex 0.0675716 0.025 0.0474303
         vertex 0.0624284 0.025 0.0474303
      endloop
   endfacet
   facet normal -0.0541389 0 0.998533
      outer loop
         vertex 0.0624284 -0.025 0.0474303
         vertex 0.0624284 0.025 0.0474303
         vertex 0.0573154 0.025 0.0468743
      endloop
   endfacet
   facet normal -0.161782 0 0.986827
      outer loop
         vertex 0.0573154 -0.025 0.0468743
         vertex 0.0573154 0.025 0.0468743
         vertex 0.0522924 0.025 0.0457686
      endloop
   endfacet
   facet normal -0.267528 0 0.96355
      outer loop
         vertex 0.0522924 -0.025 0.0457686
         vertex 0.0522924 0.025 0.0457686
         vertex 0.0474184 0.025 0.0441264
      endloop
   endfacet
   facet normal -0.370138 0 0.928977
      outer loop
         vertex 0.0474184 -0.025 0.0441264
         vertex 0.0474184 0.025 0.0441264
         vertex 0.0427506 0.025 0.0419668
      endloop
   endfacet
   facet normal -0.468408 0 0.883512
      outer loop
         vertex 0.0427506 -0.025 0.0419668
         vertex 0.0427506 0.025 0.0419668
         vertex 0.0383436 0.025 0.0393152
      endloop
   endfacet
   facet normal -0.561187 0 0.827689
      outer loop
         vertex 0.0383436 -0.025 0.0393152
         vertex 0.0383436 0.025 0.0393152
         vertex 0.0342492 0.025 0.0362027
      endloop
   endfacet
   facet normal -0.647386 0 0.762162
      outer loop
         vertex 0.0342492 -0.025 0.0362027
         vertex 0.0342492 0.025 0.0362027
         vertex 0.0305152 0.025 0.0326657
      endloop
   endfacet
   facet normal -0.725995 0 0.687699
      outer loop
         vertex 0.0305152 -0.025 0.0326657
         vertex 0.0305152 0.025 0.0326657
         vertex 0.0271856 0.025 0.0287458
      endloop
   endfacet
   facet normal -0.796093 0 0.605174
      outer loop
         vertex 0.0271856 -0.025 0.0287458
         vertex 0.0271856 0.025 0.0287458
         vertex 0.0242993 0.025 0.0244888
      endloop
   endfacet
   facet normal -0.856857 0 0.515554
      outer loop
         vertex 0.0242993 -0.025 0.0244888
         vertex 0.0242993 0.025 0.0244888
         vertex 0.0218902 0.025 0.0199447
      endloop
   endfacet
   facet normal -0.907575 0 0.419889
      outer loop
         vertex 0.0218902 -0.025 0.0199447
         vertex 0.0218902 0.025 0.0199447
         vertex 0.0199865 0.025 0.0151668
      endloop
   endfacet
   facet normal -0.947653 0 0.319302
      outer loop
         vertex 0.0199865 -0.025 0.0151668
         vertex 0.0199865 0.025 0.0151668
         vertex 0.0186105 0.025 0.0102111
      endloop
   endfacet
   facet normal -0.976621 0 0.21497
      outer loop
         vertex 0.0186105 -0.025 0.0102111
         vertex 0.0186105 0.025 0.0102111
         vertex 0.0177784 0.025 0.00513565
      endloop
   endfacet
   facet normal -0.994138 0 0.108119
      outer loop
         vertex 0.0177784 -0.025 0.00513565
         vertex 0.0177784 0.025 0.00513565
         vertex 0.0175 0.025 0
      endloop
   endfacet
   facet normal 0.707107 -0.707107 4.32978e-17
      outer loop
         vertex 0.110847 -0.0266525 0
         vertex 0.110847 -0.0266525 -0.0219163
         vertex 0.1125 -0.025 -0.0201422
      endloop
   endfacet
   facet normal 0.707107 -0.707107 4.32978e-17
      outer loop
         vertex 0.1125 -0.025 -0.0201422
         vertex 0.1125 -0.025 0
         vertex 0.110847 -0.0266525 0
      endloop
   endfacet
   facet normal 1 0 3.06162e-16
      outer loop
         vertex 0.1125 -0.001247 -0.0370692
         vertex 0.1125 -7.36814e-06 -0.0371141
         vertex 0.1125 0.00124074 -0.0370696
      endloop
   endfacet
   facet normal 1 0 3.06162e-16
      outer loop
         vertex 0.1125 0.00247403 -0.0369372
         vertex 0.1125 -0.00247403 -0.0369372
         vertex 0.1125 -0.001247 -0.0370692
      endloop
   endfacet
   facet normal 1 0 3.06162e-16
      outer loop
         vertex 0.1125 0.00124074 -0.0370696
         vertex 0.1125 0.00247403 -0.0369372
         vertex 0.1125 -0.001247 -0.0370692
      endloop
   endfacet
   facet normal 1 0 3.06162e-16
      outer loop
         vertex 0.1125 0.00375254 -0.0367075
         vertex 0.1125 -0.00375116 -0.0367078
         vertex 0.1125 -0.00247403 -0.0369372
      endloop
   endfacet
   facet normal 1 0 3.06162e-16
      outer loop
         vertex 0.1125 0.00375254 -0.0367075
         vertex 0.1125 -0.0050153 -0.0363887
         vertex 0.1125 -0.00375116 -0.0367078
      endloop
   endfacet
   facet normal 1 0 3.06162e-16
      outer loop
         vertex 0.1125 0.00247403 -0.0369372
         vertex 0.1125 0.00375254 -0.0367075
         vertex 0.1125 -0.00247403 -0.0369372
      endloop
   endfacet
   facet normal 1 0 3.06162e-16
      outer loop
         vertex 0.1125 0.00501263 -0.0363895
         vertex 0.1125 -0.00626311 -0.0359846
         vertex 0.1125 -0.0050153 -0.0363887
      endloop
   endfacet
   facet normal 1 0 3.06162e-16
      outer loop
         vertex 0.1125 0.00375254 -0.0367075
         vertex 0.1125 0.00501263 -0.0363895
         vertex 0.1125 -0.0050153 -0.0363887
      endloop
   endfacet
   facet normal 1 0 3.06162e-16
      outer loop
         vertex 0.1125 -0.00882522 -0.0348808
         vertex 0.1125 0.010138 -0.0341748
         vertex 0.1125 0.0126456 -0.0325685
      endloop
   endfacet
   facet normal 1 0 3.06162e-16
      outer loop
         vertex 0.1125 0.00501263 -0.0363895
         vertex 0.1125 0.00625521 -0.0359874
         vertex 0.1125 -0.00626311 -0.0359846
      endloop
   endfacet
   facet normal 1 0 3.06162e-16
      outer loop
         vertex 0.1125 0.0211679 -0.0247418
         vertex 0.1125 -0.0154812 -0.0303576
         vertex 0.1125 -0.0126456 -0.0325685
      endloop
   endfacet
   facet normal 1 0 3.06162e-16
      outer loop
         vertex 0.1125 0.0126456 -0.0325685
         vertex 0.1125 0.0154858 -0.0303537
         vertex 0.1125 -0.00882522 -0.0348808
      endloop
   endfacet
   facet normal 1 0 3.06162e-16
      outer loop
         vertex 0.1125 0.00747622 -0.0355075
         vertex 0.1125 -0.00747622 -0.0355075
         vertex 0.1125 -0.00626311 -0.0359846
      endloop
   endfacet
   facet normal 1 0 3.06162e-16
      outer loop
         vertex 0.1125 0.0211679 -0.0247418
         vertex 0.1125 -0.0181108 -0.0279498
         vertex 0.1125 -0.0154812 -0.0303576
      endloop
   endfacet
   facet normal 1 0 3.06162e-16
      outer loop
         vertex 0.1125 -0.00882522 -0.0348808
         vertex 0.1125 0.00882852 -0.0348791
         vertex 0.1125 0.010138 -0.0341748
      endloop
   endfacet
   facet normal 1 0 3.06162e-16
      outer loop
         vertex 0.1125 0.00625521 -0.0359874
         vertex 0.1125 0.00747622 -0.0355075
         vertex 0.1125 -0.00626311 -0.0359846
      endloop
   endfacet
   facet normal 1 0 3.06162e-16
      outer loop
         vertex 0.1125 -0.0126456 -0.0325685
         vertex 0.1125 -0.0101339 -0.0341771
         vertex 0.1125 0.0211679 -0.0247418
      endloop
   endfacet
   facet normal 1 0 3.06162e-16
      outer loop
         vertex 0.1125 0.0154858 -0.0303537
         vertex 0.1125 0.0181108 -0.0279498
         vertex 0.1125 -0.00882522 -0.0348808
      endloop
   endfacet
   facet normal 1 0 3.06162e-16
      outer loop
         vertex 0.1125 0.00882852 -0.0348791
         vertex 0.1125 -0.00882522 -0.0348808
         vertex 0.1125 -0.00747622 -0.0355075
      endloop
   endfacet
   facet normal 1 0 3.06162e-16
      outer loop
         vertex 0.1125 0.0211679 -0.0247418
         vertex 0.1125 -0.0211635 -0.0247466
         vertex 0.1125 -0.0181108 -0.0279498
      endloop
   endfacet
   facet normal 1 0 3.06162e-16
      outer loop
         vertex 0.1125 0.00747622 -0.0355075
         vertex 0.1125 0.00882852 -0.0348791
         vertex 0.1125 -0.00747622 -0.0355075
      endloop
   endfacet
   facet normal 1 0 3.06162e-16
      outer loop
         vertex 0.1125 0.0211679 -0.0247418
         vertex 0.1125 -0.0240487 -0.0212839
         vertex 0.1125 -0.0211635 -0.0247466
      endloop
   endfacet
   facet normal 1 0 3.06162e-16
      outer loop
         vertex 0.1125 -0.0101339 -0.0341771
         vertex 0.1125 -0.00882522 -0.0348808
         vertex 0.1125 0.0211679 -0.0247418
      endloop
   endfacet
   facet normal 1 0 3.06162e-16
      outer loop
         vertex 0.1125 -0.0240487 -0.0212839
         vertex 0.1125 0.0240293 -0.0213653
         vertex 0.1125 0.025 -0.0201422
      endloop
   endfacet
   facet normal 1 0 3.06162e-16
      outer loop
         vertex 0.1125 0.0181108 -0.0279498
         vertex 0.1125 0.0211679 -0.0247418
         vertex 0.1125 -0.00882522 -0.0348808
      endloop
   endfacet
   facet normal 1 0 3.06162e-16
      outer loop
         vertex 0.1125 0.0211679 -0.0247418
         vertex 0.1125 0.0240293 -0.0213653
         vertex 0.1125 -0.0240487 -0.0212839
      endloop
   endfacet
   facet normal 1 0 3.06162e-16
      outer loop
         vertex 0.1125 0.025 0
         vertex 0.1125 -0.025 0
         vertex 0.1125 -0.025 -0.0201422
      endloop
   endfacet
   facet normal 1 0 3.06162e-16
      outer loop
         vertex 0.1125 -0.025 -0.0201422
         vertex 0.1125 -0.0240487 -0.0212839
         vertex 0.1125 0.025 0
      endloop
   endfacet
   facet normal 1 0 3.06162e-16
      outer loop
         vertex 0.1125 0.025 -0.0201422
         vertex 0.1125 0.025 0
         vertex 0.1125 -0.0240487 -0.0212839
      endloop
   endfacet
   facet normal 0.595357 0.72703 -0.34202
      outer loop
         vertex 0.0915464 0.0324176 -0.0525
         vertex 0.0906949 0.035 -0.048326
         vertex 0.0934884 0.0348628 -0.0439217
      endloop
   endfacet
   facet normal 0.595357 0.72703 -0.34202
      outer loop
         vertex 0.0915464 0.0324176 -0.0525
         vertex 0.088035 0.035 -0.0525
         vertex 0.0906949 0.035 -0.048326
      endloop
   endfacet
   facet normal 0.667665 0.661245 -0.34202
      outer loop
         vertex 0.0947706 0.0294843 -0.0525
         vertex 0.096255 0.0344524 -0.0398146
         vertex 0.098968 0.0337728 -0.0360146
      endloop
   endfacet
   facet normal 0.667665 0.661245 -0.34202
      outer loop
         vertex 0.0947706 0.0294843 -0.0525
         vertex 0.0915464 0.0324176 -0.0525
         vertex 0.0935437 0.0348546 -0.0438396
      endloop
   endfacet
   facet normal 0.595378 0.727012 -0.34202
      outer loop
         vertex 0.0935437 0.0348546 -0.0438396
         vertex 0.096255 0.0344524 -0.0398146
         vertex 0.0947706 0.0294843 -0.0525
      endloop
   endfacet
   facet normal 0.732748 0.588305 -0.34202
      outer loop
         vertex 0.0976725 0.026232 -0.0525
         vertex 0.101601 0.0328306 -0.0325309
         vertex 0.10413 0.0316348 -0.029372
      endloop
   endfacet
   facet normal 0.732748 0.588305 -0.34202
      outer loop
         vertex 0.0976725 0.026232 -0.0525
         vertex 0.0947706 0.0294843 -0.0525
         vertex 0.0990675 0.0337372 -0.035883
      endloop
   endfacet
   facet normal 0.667692 0.661218 -0.34202
      outer loop
         vertex 0.0990675 0.0337372 -0.035883
         vertex 0.101601 0.0328306 -0.0325309
         vertex 0.0976725 0.026232 -0.0525
      endloop
   endfacet
   facet normal 0.789901 0.508998 -0.34202
      outer loop
         vertex 0.100221 0.0226957 -0.0525
         vertex 0.0976725 0.026232 -0.0525
         vertex 0.104288 0.03154 -0.0291857
      endloop
   endfacet
   facet normal 0.732777 0.588269 -0.34202
      outer loop
         vertex 0.104288 0.03154 -0.0291857
         vertex 0.106529 0.0301969 -0.0265455
         vertex 0.100221 0.0226957 -0.0525
      endloop
   endfacet
   facet normal 0.760014 0.552631 -0.34202
      outer loop
         vertex 0.106529 0.0301969 -0.0265455
         vertex 0.108775 0.0285308 -0.0240582
         vertex 0.100221 0.0226957 -0.0525
      endloop
   endfacet
   facet normal 0.812394 0.47227 -0.34202
      outer loop
         vertex 0.110847 0.0266525 -0.0219163
         vertex 0.1125 0.025 -0.0201422
         vertex 0.1125 0.0240293 -0.0213653
      endloop
   endfacet
   facet normal 0.838505 0.424183 -0.34202
      outer loop
         vertex 0.102388 0.0189139 -0.0525
         vertex 0.100221 0.0226957 -0.0525
         vertex 0.10899 0.0283453 -0.0238316
      endloop
   endfacet
   facet normal 0.789912 0.508981 -0.34202
      outer loop
         vertex 0.10899 0.0283453 -0.0238316
         vertex 0.109815 0.027635 -0.0229642
         vertex 0.102388 0.0189139 -0.0525
      endloop
   endfacet
   facet normal 0.799844 0.493226 -0.34202
      outer loop
         vertex 0.109815 0.027635 -0.0229642
         vertex 0.110847 0.0266525 -0.0219163
         vertex 0.102388 0.0189139 -0.0525
      endloop
   endfacet
   facet normal 0.838505 0.424183 -0.34202
      outer loop
         vertex 0.102388 0.0189139 -0.0525
         vertex 0.1125 0.0211679 -0.0247418
         vertex 0.1125 0.0181108 -0.0279498
      endloop
   endfacet
   facet normal 0.838505 0.424183 -0.34202
      outer loop
         vertex 0.102388 0.0189139 -0.0525
         vertex 0.1125 0.0240293 -0.0213653
         vertex 0.1125 0.0211679 -0.0247418
      endloop
   endfacet
   facet normal 0.878036 0.334777 -0.34202
      outer loop
         vertex 0.104151 0.0149274 -0.0525
         vertex 0.1125 0.0154858 -0.0303537
         vertex 0.1125 0.0126456 -0.0325685
      endloop
   endfacet
   facet normal 0.878036 0.334777 -0.34202
      outer loop
         vertex 0.104151 0.0149274 -0.0525
         vertex 0.1125 0.0181108 -0.0279498
         vertex 0.1125 0.0154858 -0.0303537
      endloop
   endfacet
   facet normal 0.908064 0.241748 -0.34202
      outer loop
         vertex 0.10549 0.0107793 -0.0525
         vertex 0.1125 0.00882852 -0.0348791
         vertex 0.1125 0.00747622 -0.0355075
      endloop
   endfacet
   facet normal 0.908064 0.241748 -0.34202
      outer loop
         vertex 0.10549 0.0107793 -0.0525
         vertex 0.1125 0.010138 -0.0341748
         vertex 0.1125 0.00882852 -0.0348791
      endloop
   endfacet
   facet normal 0.908064 0.241748 -0.34202
      outer loop
         vertex 0.10549 0.0107793 -0.0525
         vertex 0.1125 0.0126456 -0.0325685
         vertex 0.1125 0.010138 -0.0341748
      endloop
   endfacet
   facet normal 0.928265 0.146104 -0.34202
      outer loop
         vertex 0.10639 0.00651462 -0.0525
         vertex 0.1125 0.00375254 -0.0367075
         vertex 0.1125 0.00247403 -0.0369372
      endloop
   endfacet
   facet normal 0.928265 0.146104 -0.34202
      outer loop
         vertex 0.10639 0.00651462 -0.0525
         vertex 0.1125 0.00747622 -0.0355075
         vertex 0.1125 0.00625521 -0.0359874
      endloop
   endfacet
   facet normal 0.931649 0.122688 -0.34202
      outer loop
         vertex 0.1125 0.00625521 -0.0359874
         vertex 0.1125 0.00501263 -0.0363895
         vertex 0.10639 0.00651462 -0.0525
      endloop
   endfacet
   facet normal 0.934504 0.0986174 -0.34202
      outer loop
         vertex 0.1125 0.00501263 -0.0363895
         vertex 0.1125 0.00375254 -0.0367075
         vertex 0.10639 0.00651462 -0.0525
      endloop
   endfacet
   facet normal 0.938421 -0.0488775 -0.34202
      outer loop
         vertex 0.106843 -0.0021794 -0.0525
         vertex 0.1125 -7.36814e-06 -0.0371141
         vertex 0.1125 -0.001247 -0.0370692
      endloop
   endfacet
   facet normal 0.938421 0.0488775 -0.34202
      outer loop
         vertex 0.106843 0.0021794 -0.0525
         vertex 0.1125 0.00124074 -0.0370696
         vertex 0.1125 -7.36814e-06 -0.0371141
      endloop
   endfacet
   facet normal 0.938421 0.0488775 -0.34202
      outer loop
         vertex 0.106843 0.0021794 -0.0525
         vertex 0.1125 0.00247403 -0.0369372
         vertex 0.1125 0.00124074 -0.0370696
      endloop
   endfacet
   facet normal 0.939693 -0.000145764 -0.34202
      outer loop
         vertex 0.1125 -7.36814e-06 -0.0371141
         vertex 0.106843 -0.0021794 -0.0525
         vertex 0.106843 0.0021794 -0.0525
      endloop
   endfacet
   facet normal 0.928265 -0.146104 -0.34202
      outer loop
         vertex 0.10639 -0.00651462 -0.0525
         vertex 0.1125 -0.0050153 -0.0363887
         vertex 0.1125 -0.00626311 -0.0359846
      endloop
   endfacet
   facet normal 0.928265 -0.146104 -0.34202
      outer loop
         vertex 0.10639 -0.00651462 -0.0525
         vertex 0.1125 -0.00375116 -0.0367078
         vertex 0.1125 -0.0050153 -0.0363887
      endloop
   endfacet
   facet normal 0.928265 -0.146104 -0.34202
      outer loop
         vertex 0.10639 -0.00651462 -0.0525
         vertex 0.106843 -0.0021794 -0.0525
         vertex 0.1125 -0.00247403 -0.0369372
      endloop
   endfacet
   facet normal 0.938421 -0.0488775 -0.34202
      outer loop
         vertex 0.1125 -0.00247403 -0.0369372
         vertex 0.1125 -0.00375116 -0.0367078
         vertex 0.10639 -0.00651462 -0.0525
      endloop
   endfacet
   facet normal 0.908064 -0.241748 -0.34202
      outer loop
         vertex 0.10549 -0.0107793 -0.0525
         vertex 0.10639 -0.00651462 -0.0525
         vertex 0.1125 -0.00747622 -0.0355075
      endloop
   endfacet
   facet normal 0.928265 -0.146104 -0.34202
      outer loop
         vertex 0.1125 -0.00747622 -0.0355075
         vertex 0.1125 -0.00882522 -0.0348808
         vertex 0.10549 -0.0107793 -0.0525
      endloop
   endfacet
   facet normal 0.923882 -0.171652 -0.34202
      outer loop
         vertex 0.1125 -0.00882522 -0.0348808
         vertex 0.1125 -0.0101339 -0.0341771
         vertex 0.10549 -0.0107793 -0.0525
      endloop
   endfacet
   facet normal 0.878036 -0.334777 -0.34202
      outer loop
         vertex 0.104151 -0.0149274 -0.0525
         vertex 0.10549 -0.0107793 -0.0525
         vertex 0.1125 -0.0126456 -0.0325685
      endloop
   endfacet
   facet normal 0.908064 -0.241748 -0.34202
      outer loop
         vertex 0.1125 -0.0126456 -0.0325685
         vertex 0.1125 -0.0154812 -0.0303576
         vertex 0.104151 -0.0149274 -0.0525
      endloop
   endfacet
   facet normal 0.838505 -0.424183 -0.34202
      outer loop
         vertex 0.102388 -0.0189139 -0.0525
         vertex 0.104151 -0.0149274 -0.0525
         vertex 0.1125 -0.0181108 -0.0279498
      endloop
   endfacet
   facet normal 0.878036 -0.334777 -0.34202
      outer loop
         vertex 0.1125 -0.0181108 -0.0279498
         vertex 0.1125 -0.0211635 -0.0247466
         vertex 0.102388 -0.0189139 -0.0525
      endloop
   endfacet
   facet normal 0.838505 -0.424183 -0.34202
      outer loop
         vertex 0.102388 -0.0189139 -0.0525
         vertex 0.110847 -0.0266525 -0.0219163
         vertex 0.108994 -0.0283491 -0.0238244
      endloop
   endfacet
   facet normal 0.812394 -0.47227 -0.34202
      outer loop
         vertex 0.110847 -0.0266525 -0.0219163
         vertex 0.102388 -0.0189139 -0.0525
         vertex 0.1125 -0.0240487 -0.0212839
      endloop
   endfacet
   facet normal 0.838367 -0.424455 -0.34202
      outer loop
         vertex 0.1125 -0.0240487 -0.0212839
         vertex 0.1125 -0.025 -0.0201422
         vertex 0.110847 -0.0266525 -0.0219163
      endloop
   endfacet
   facet normal 0.789901 -0.508998 -0.34202
      outer loop
         vertex 0.100221 -0.0226957 -0.0525
         vertex 0.106529 -0.0301969 -0.0265455
         vertex 0.104288 -0.03154 -0.0291857
      endloop
   endfacet
   facet normal 0.789901 -0.508998 -0.34202
      outer loop
         vertex 0.100221 -0.0226957 -0.0525
         vertex 0.108775 -0.0285308 -0.0240582
         vertex 0.106529 -0.0301969 -0.0265455
      endloop
   endfacet
   facet normal 0.789901 -0.508998 -0.34202
      outer loop
         vertex 0.100221 -0.0226957 -0.0525
         vertex 0.108994 -0.0283491 -0.0238244
         vertex 0.108775 -0.0285308 -0.0240582
      endloop
   endfacet
   facet normal 0.732748 -0.588305 -0.34202
      outer loop
         vertex 0.0976725 -0.026232 -0.0525
         vertex 0.101601 -0.0328306 -0.0325309
         vertex 0.0990675 -0.0337372 -0.035883
      endloop
   endfacet
   facet normal 0.732748 -0.588305 -0.34202
      outer loop
         vertex 0.0976725 -0.026232 -0.0525
         vertex 0.104288 -0.03154 -0.0291857
         vertex 0.10413 -0.0316348 -0.029372
      endloop
   endfacet
   facet normal 0.730752 -0.590783 -0.34202
      outer loop
         vertex 0.10413 -0.0316348 -0.029372
         vertex 0.101601 -0.0328306 -0.0325309
         vertex 0.0976725 -0.026232 -0.0525
      endloop
   endfacet
   facet normal 0.667665 -0.661245 -0.34202
      outer loop
         vertex 0.0947706 -0.0294843 -0.0525
         vertex 0.096255 -0.0344524 -0.0398146
         vertex 0.0935437 -0.0348546 -0.0438396
      endloop
   endfacet
   facet normal 0.667665 -0.661245 -0.34202
      outer loop
         vertex 0.0947706 -0.0294843 -0.0525
         vertex 0.0990675 -0.0337372 -0.035883
         vertex 0.098968 -0.0337728 -0.0360146
      endloop
   endfacet
   facet normal 0.666375 -0.662545 -0.34202
      outer loop
         vertex 0.098968 -0.0337728 -0.0360146
         vertex 0.096255 -0.0344524 -0.0398146
         vertex 0.0947706 -0.0294843 -0.0525
      endloop
   endfacet
   facet normal 0.595357 -0.72703 -0.34202
      outer loop
         vertex 0.0915464 -0.0324176 -0.0525
         vertex 0.0935437 -0.0348546 -0.0438396
         vertex 0.0934884 -0.0348628 -0.0439217
      endloop
   endfacet
   facet normal 0.594603 -0.727647 -0.34202
      outer loop
         vertex 0.0934884 -0.0348628 -0.0439217
         vertex 0.0906949 -0.035 -0.048326
         vertex 0.0915464 -0.0324176 -0.0525
      endloop
   endfacet
   facet normal 0.556098 -0.757481 -0.34202
      outer loop
         vertex 0.0906949 -0.035 -0.048326
         vertex 0.088035 -0.035 -0.0525
         vertex 0.0915464 -0.0324176 -0.0525
      endloop
   endfacet
   facet normal 0.595378 -0.727012 -0.34202
      outer loop
         vertex 0.0935437 -0.0348546 -0.0438396
         vertex 0.0915464 -0.0324176 -0.0525
         vertex 0.0947706 -0.0294843 -0.0525
      endloop
   endfacet
   facet normal 0.667692 -0.661218 -0.34202
      outer loop
         vertex 0.0990675 -0.0337372 -0.035883
         vertex 0.0947706 -0.0294843 -0.0525
         vertex 0.0976725 -0.026232 -0.0525
      endloop
   endfacet
   facet normal 0.732777 -0.588269 -0.34202
      outer loop
         vertex 0.104288 -0.03154 -0.0291857
         vertex 0.0976725 -0.026232 -0.0525
         vertex 0.100221 -0.0226957 -0.0525
      endloop
   endfacet
   facet normal 0.789901 -0.508998 -0.34202
      outer loop
         vertex 0.108994 -0.0283491 -0.0238244
         vertex 0.100221 -0.0226957 -0.0525
         vertex 0.102388 -0.0189139 -0.0525
      endloop
   endfacet
   facet normal 0.85835 -0.382436 -0.34202
      outer loop
         vertex 0.1125 -0.0211635 -0.0247466
         vertex 0.1125 -0.0240487 -0.0212839
         vertex 0.102388 -0.0189139 -0.0525
      endloop
   endfacet
   facet normal 0.893438 -0.291189 -0.34202
      outer loop
         vertex 0.1125 -0.0154812 -0.0303576
         vertex 0.1125 -0.0181108 -0.0279498
         vertex 0.104151 -0.0149274 -0.0525
      endloop
   endfacet
   facet normal 0.91901 -0.196067 -0.34202
      outer loop
         vertex 0.1125 -0.0101339 -0.0341771
         vertex 0.1125 -0.0126456 -0.0325685
         vertex 0.10549 -0.0107793 -0.0525
      endloop
   endfacet
   facet normal 0.931629 -0.12284 -0.34202
      outer loop
         vertex 0.1125 -0.00626311 -0.0359846
         vertex 0.1125 -0.00747622 -0.0355075
         vertex 0.10639 -0.00651462 -0.0525
      endloop
   endfacet
   facet normal 0.939369 -0.0246609 -0.34202
      outer loop
         vertex 0.1125 -0.001247 -0.0370692
         vertex 0.1125 -0.00247403 -0.0369372
         vertex 0.106843 -0.0021794 -0.0525
      endloop
   endfacet
   facet normal 0.938421 0.0488775 -0.34202
      outer loop
         vertex 0.1125 0.00247403 -0.0369372
         vertex 0.106843 0.0021794 -0.0525
         vertex 0.10639 0.00651462 -0.0525
      endloop
   endfacet
   facet normal 0.928265 0.146104 -0.34202
      outer loop
         vertex 0.1125 0.00747622 -0.0355075
         vertex 0.10639 0.00651462 -0.0525
         vertex 0.10549 0.0107793 -0.0525
      endloop
   endfacet
   facet normal 0.908064 0.241748 -0.34202
      outer loop
         vertex 0.1125 0.0126456 -0.0325685
         vertex 0.10549 0.0107793 -0.0525
         vertex 0.104151 0.0149274 -0.0525
      endloop
   endfacet
   facet normal 0.878036 0.334777 -0.34202
      outer loop
         vertex 0.1125 0.0181108 -0.0279498
         vertex 0.104151 0.0149274 -0.0525
         vertex 0.102388 0.0189139 -0.0525
      endloop
   endfacet
   facet normal 0.838505 0.424183 -0.34202
      outer loop
         vertex 0.1125 0.0240293 -0.0213653
         vertex 0.102388 0.0189139 -0.0525
         vertex 0.110847 0.0266525 -0.0219163
      endloop
   endfacet
   facet normal 0.787246 0.513094 -0.34202
      outer loop
         vertex 0.108775 0.0285308 -0.0240582
         vertex 0.10899 0.0283453 -0.0238316
         vertex 0.100221 0.0226957 -0.0525
      endloop
   endfacet
   facet normal 0.730752 0.590783 -0.34202
      outer loop
         vertex 0.10413 0.0316348 -0.029372
         vertex 0.104288 0.03154 -0.0291857
         vertex 0.0976725 0.026232 -0.0525
      endloop
   endfacet
   facet normal 0.666375 0.662545 -0.34202
      outer loop
         vertex 0.098968 0.0337728 -0.0360146
         vertex 0.0990675 0.0337372 -0.035883
         vertex 0.0947706 0.0294843 -0.0525
      endloop
   endfacet
   facet normal 0.594603 0.727647 -0.34202
      outer loop
         vertex 0.0934884 0.0348628 -0.0439217
         vertex 0.0935437 0.0348546 -0.0438396
         vertex 0.0915464 0.0324176 -0.0525
      endloop
   endfacet
   facet normal 0.707107 0.707107 4.32978e-17
      outer loop
         vertex 0.110847 0.0266525 0
         vertex 0.1125 0.025 0
         vertex 0.1125 0.025 -0.0201422
      endloop
   endfacet
   facet normal 0.707107 0.707107 4.32978e-17
      outer loop
         vertex 0.1125 0.025 -0.0201422
         vertex 0.110847 0.0266525 -0.0219163
         vertex 0.110847 0.0266525 0
      endloop
   endfacet
   facet normal 0 1 0
      outer loop
         vertex 0.0393051 0.035 -0.048326
         vertex 0.0612027 0.035 -0.034916
         vertex 0.065 0.035 -0.0351219
      endloop
   endfacet
   facet normal 0 1 0
      outer loop
         vertex 0.088035 0.035 -0.0525
         vertex 0.065 0.035 -0.0351219
         vertex 0.0687973 0.035 -0.034916
      endloop
   endfacet
   facet normal 0 1 0
      outer loop
         vertex 0.0393051 0.035 -0.048326
         vertex 0.0574498 0.035 -0.0343007
         vertex 0.0612027 0.035 -0.034916
      endloop
   endfacet
   facet normal 0 1 0
      outer loop
         vertex 0.0393051 0.035 -0.048326
         vertex 0.0502527 0.035 -0.0318757
         vertex 0.0537855 0.035 -0.0332833
      endloop
   endfacet
   facet normal 0 1 0
      outer loop
         vertex 0.0393051 0.035 -0.048326
         vertex 0.0437452 0.035 -0.0279603
         vertex 0.0468928 0.035 -0.0300944
      endloop
   endfacet
   facet normal 0 1 0
      outer loop
         vertex 0.065 0.035 -0.0351219
         vertex 0.088035 0.035 -0.0525
         vertex 0.0393051 0.035 -0.048326
      endloop
   endfacet
   facet normal 0 1 0
      outer loop
         vertex 0.0468928 0.035 -0.0300944
         vertex 0.0502527 0.035 -0.0318757
         vertex 0.0393051 0.035 -0.048326
      endloop
   endfacet
   facet normal 0 1 0
      outer loop
         vertex 0.0906949 0.035 -0.048326
         vertex 0.0862548 0.035 -0.0279603
         vertex 0.0891533 0.035 -0.0254983
      endloop
   endfacet
   facet normal 0 1 0
      outer loop
         vertex 0.0537855 0.035 -0.0332833
         vertex 0.0574498 0.035 -0.0343007
         vertex 0.0393051 0.035 -0.048326
      endloop
   endfacet
   facet normal 0 1 0
      outer loop
         vertex 0.0393051 0.035 -0.048326
         vertex 0.0393051 0.035 -0.023944
         vertex 0.0408467 0.035 -0.0254983
      endloop
   endfacet
   facet normal 0 1 0
      outer loop
         vertex 0.0906949 0.035 -0.048326
         vertex 0.0831072 0.035 -0.0300944
         vertex 0.0862548 0.035 -0.0279603
      endloop
   endfacet
   facet normal 0 1 0
      outer loop
         vertex 0.0797473 0.035 -0.0318757
         vertex 0.0831072 0.035 -0.0300944
         vertex 0.0906949 0.035 -0.048326
      endloop
   endfacet
   facet normal 0 1 0
      outer loop
         vertex 0.088035 0.035 -0.0525
         vertex 0.0725502 0.035 -0.0343007
         vertex 0.0762145 0.035 -0.0332833
      endloop
   endfacet
   facet normal 0 1 0
      outer loop
         vertex 0.0408467 0.035 -0.0254983
         vertex 0.0437452 0.035 -0.0279603
         vertex 0.0393051 0.035 -0.048326
      endloop
   endfacet
   facet normal 0 1 0
      outer loop
         vertex 0.088035 0.035 -0.0525
         vertex 0.088035 0.035 -0.0625
         vertex 0.041965 0.035 -0.0625
      endloop
   endfacet
   facet normal 0 1 0
      outer loop
         vertex 0.0906949 0.035 -0.048326
         vertex 0.088035 0.035 -0.0525
         vertex 0.0797473 0.035 -0.0318757
      endloop
   endfacet
   facet normal 0 1 0
      outer loop
         vertex 0.0687973 0.035 -0.034916
         vertex 0.0725502 0.035 -0.0343007
         vertex 0.088035 0.035 -0.0525
      endloop
   endfacet
   facet normal 0 1 0
      outer loop
         vertex 0.041965 0.035 -0.0625
         vertex 0.041965 0.035 -0.0525
         vertex 0.088035 0.035 -0.0525
      endloop
   endfacet
   facet normal 0 1 0
      outer loop
         vertex 0.0762145 0.035 -0.0332833
         vertex 0.0797473 0.035 -0.0318757
         vertex 0.088035 0.035 -0.0525
      endloop
   endfacet
   facet normal 0 1 0
      outer loop
         vertex 0.0891533 0.035 -0.0254983
         vertex 0.0906949 0.035 -0.023944
         vertex 0.0906949 0.035 -0.048326
      endloop
   endfacet
   facet normal 0 1 0
      outer loop
         vertex 0.041965 0.035 -0.0525
         vertex 0.0393051 0.035 -0.048326
         vertex 0.088035 0.035 -0.0525
      endloop
   endfacet
   facet normal -0.555733 0.831361 0
      outer loop
         vertex 0.0234667 0.0301938 2.54318e-18
         vertex 0.0234713 0.0301969 -0.0265455
         vertex 0.0212249 0.0285308 -0.0240582
      endloop
   endfacet
   facet normal -0.634393 0.77301 0
      outer loop
         vertex 0.0212249 0.0285308 -0.0240582
         vertex 0.021225 0.0285307 1.10709e-18
         vertex 0.0234667 0.0301938 2.54318e-18
      endloop
   endfacet
   facet normal -0.634469 0.772948 0
      outer loop
         vertex 0.0212227 0.028529 2.68059e-18
         vertex 0.0201854 0.027635 -0.0229642
         vertex 0.0191525 0.0266525 -0.0219163
      endloop
   endfacet
   facet normal -0.707107 0.707107 4.32978e-17
      outer loop
         vertex 0.0191525 0.0266525 -0.0219163
         vertex 0.0191525 0.0266525 0
         vertex 0.0212227 0.028529 2.68059e-18
      endloop
   endfacet
   facet normal -0.634393 0.77301 0
      outer loop
         vertex 0.021225 0.0285307 1.10709e-18
         vertex 0.0212249 0.0285308 -0.0240582
         vertex 0.0210096 0.0283453 -0.0238316
      endloop
   endfacet
   facet normal -0.642069 0.766647 0
      outer loop
         vertex 0.0210096 0.0283453 -0.0238316
         vertex 0.0201854 0.027635 -0.0229642
         vertex 0.021225 0.0285307 1.10709e-18
      endloop
   endfacet
   facet normal -0.471397 0.881921 0
      outer loop
         vertex 0.0258703 0.0316347 -0.000163309
         vertex 0.0257122 0.03154 -0.0291857
         vertex 0.0234713 0.0301969 -0.0265455
      endloop
   endfacet
   facet normal -0.555571 0.831469 0
      outer loop
         vertex 0.0234715 0.0301966 9.69529e-19
         vertex 0.0258629 0.0316308 8.23097e-19
         vertex 0.0258703 0.0316347 -0.000163309
      endloop
   endfacet
   facet normal -0.471397 0.881921 0
      outer loop
         vertex 0.0258703 0.0316347 -0.000163309
         vertex 0.0258703 0.0316348 -0.029372
         vertex 0.0257122 0.03154 -0.0291857
      endloop
   endfacet
   facet normal -0.471397 0.881921 0
      outer loop
         vertex 0.0258703 0.0316348 -0.029372
         vertex 0.0271265 0.0322669 -0.00620904
         vertex 0.0283986 0.0328306 -0.00906519
      endloop
   endfacet
   facet normal -0.471397 0.881921 0
      outer loop
         vertex 0.0258703 0.0316348 -0.029372
         vertex 0.0260188 0.0317136 -0.0021135
         vertex 0.0262078 0.0318123 -0.00316194
      endloop
   endfacet
   facet normal -0.471397 0.881921 0
      outer loop
         vertex 0.0258703 0.0316348 -0.029372
         vertex 0.0258703 0.0316347 -0.000163309
         vertex 0.0259212 0.0316619 -0.00128867
      endloop
   endfacet
   facet normal -0.46961 0.882874 0
      outer loop
         vertex 0.0259212 0.0316619 -0.00128867
         vertex 0.0260188 0.0317136 -0.0021135
         vertex 0.0258703 0.0316348 -0.029372
      endloop
   endfacet
   facet normal -0.459553 0.88815 0
      outer loop
         vertex 0.0262078 0.0318123 -0.00316194
         vertex 0.0264626 0.0319425 -0.0042005
         vertex 0.0258703 0.0316348 -0.029372
      endloop
   endfacet
   facet normal -0.450614 0.892719 0
      outer loop
         vertex 0.0264626 0.0319425 -0.0042005
         vertex 0.0271265 0.0322669 -0.00620904
         vertex 0.0258703 0.0316348 -0.029372
      endloop
   endfacet
   facet normal -0.293827 0.955859 0
      outer loop
         vertex 0.0309325 0.0337372 -0.035883
         vertex 0.0310048 0.0337646 -0.0135449
         vertex 0.0310323 0.0337717 -0.013584
      endloop
   endfacet
   facet normal -0.290286 0.95694 0
      outer loop
         vertex 0.0310323 0.0337717 -0.013584
         vertex 0.031032 0.0337728 -0.0360146
         vertex 0.0309325 0.0337372 -0.035883
      endloop
   endfacet
   facet normal -0.382683 0.92388 0
      outer loop
         vertex 0.0283986 0.0328306 -0.0325309
         vertex 0.0283986 0.0328306 -0.00906519
         vertex 0.0288986 0.0330322 -0.0100235
      endloop
   endfacet
   facet normal -0.365138 0.930953 0
      outer loop
         vertex 0.0288986 0.0330322 -0.0100235
         vertex 0.0310048 0.0337646 -0.0135449
         vertex 0.0283986 0.0328306 -0.0325309
      endloop
   endfacet
   facet normal -0.290285 0.95694 0
      outer loop
         vertex 0.031032 0.0337728 -0.0360146
         vertex 0.0332945 0.034359 -0.0168092
         vertex 0.0337487 0.0344301 -0.0173755
      endloop
   endfacet
   facet normal -0.290285 0.95694 0
      outer loop
         vertex 0.031032 0.0337728 -0.0360146
         vertex 0.0310323 0.0337717 -0.013584
         vertex 0.0332945 0.034359 -0.0168092
      endloop
   endfacet
   facet normal -0.0980171 0.995185 0
      outer loop
         vertex 0.0365116 0.0348628 -0.02082
         vertex 0.0365116 0.0348628 -0.0439217
         vertex 0.0364563 0.0348546 -0.0438396
      endloop
   endfacet
   facet normal -0.0999683 0.994991 0
      outer loop
         vertex 0.0364563 0.0348546 -0.0438396
         vertex 0.0337487 0.0344301 -0.0173755
         vertex 0.0357265 0.0347398 -0.0198412
      endloop
   endfacet
   facet normal -0.0999683 0.994991 0
      outer loop
         vertex 0.0364563 0.0348546 -0.0438396
         vertex 0.0357265 0.0347398 -0.0198412
         vertex 0.0365116 0.0348628 -0.02082
      endloop
   endfacet
   facet normal 9.43398e-15 1 0
      outer loop
         vertex 0.0393051 0.035 -0.023944
         vertex 0.0393051 0.035 -0.048326
         vertex 0.0365116 0.0348628 -0.0439217
      endloop
   endfacet
   facet normal -0.0980171 0.995185 0
      outer loop
         vertex 0.0365116 0.0348628 -0.0439217
         vertex 0.0365116 0.0348628 -0.02082
         vertex 0.0382274 0.0349471 -0.0227388
      endloop
   endfacet
   facet normal -0.0980171 0.995185 0
      outer loop
         vertex 0.0365116 0.0348628 -0.0439217
         vertex 0.0382274 0.0349471 -0.0227388
         vertex 0.0393051 0.035 -0.023944
      endloop
   endfacet
   facet normal -0.0999683 0.994991 0
      outer loop
         vertex 0.0364563 0.0348546 -0.0438396
         vertex 0.033745 0.0344524 -0.0398146
         vertex 0.0337487 0.0344301 -0.0173755
      endloop
   endfacet
   facet normal -0.195116 0.98078 0
      outer loop
         vertex 0.0337487 0.0344301 -0.0173755
         vertex 0.033745 0.0344524 -0.0398146
         vertex 0.031032 0.0337728 -0.0360146
      endloop
   endfacet
   facet normal -0.293827 0.955859 0
      outer loop
         vertex 0.0309325 0.0337372 -0.035883
         vertex 0.0283986 0.0328306 -0.0325309
         vertex 0.0310048 0.0337646 -0.0135449
      endloop
   endfacet
   facet normal -0.382683 0.92388 0
      outer loop
         vertex 0.0283986 0.0328306 -0.00906519
         vertex 0.0283986 0.0328306 -0.0325309
         vertex 0.0258703 0.0316348 -0.029372
      endloop
   endfacet
   facet normal -0.55557 0.83147 0
      outer loop
         vertex 0.0234713 0.0301969 -0.0265455
         vertex 0.0234715 0.0301966 9.69529e-19
         vertex 0.0258703 0.0316347 -0.000163309
      endloop
   endfacet
   facet normal -0.634469 0.772948 0
      outer loop
         vertex 0.0212227 0.028529 2.68059e-18
         vertex 0.021225 0.0285307 1.10709e-18
         vertex 0.0201854 0.027635 -0.0229642
      endloop
   endfacet
   facet normal -0.555733 0.831361 0
      outer loop
         vertex 0.0234667 0.0301938 2.54318e-18
         vertex 0.0234715 0.0301966 9.69529e-19
         vertex 0.0234713 0.0301969 -0.0265455
      endloop
   endfacet
   facet normal 0.634393 0.77301 0
      outer loop
         vertex 0.108775 0.0285307 -5.83181e-18
         vertex 0.109815 0.027635 -0.0229642
         vertex 0.10899 0.0283453 -0.0238316
      endloop
   endfacet
   facet normal 0.634393 0.77301 0
      outer loop
         vertex 0.108775 0.0285307 -5.83181e-18
         vertex 0.108777 0.028529 -8.04176e-18
         vertex 0.110847 0.0266525 -0.0219163
      endloop
   endfacet
   facet normal 0.707107 0.707107 4.32978e-17
      outer loop
         vertex 0.110847 0.0266525 -0.0219163
         vertex 0.109815 0.027635 -0.0229642
         vertex 0.108775 0.0285307 -5.83181e-18
      endloop
   endfacet
   facet normal 0.634469 0.772948 0
      outer loop
         vertex 0.108777 0.028529 -8.04176e-18
         vertex 0.110847 0.0266525 0
         vertex 0.110847 0.0266525 -0.0219163
      endloop
   endfacet
   facet normal 0.555571 0.831469 0
      outer loop
         vertex 0.106529 0.0301966 -5.96936e-18
         vertex 0.106533 0.0301938 -7.62954e-18
         vertex 0.108775 0.0285308 -0.0240582
      endloop
   endfacet
   facet normal 0.634393 0.77301 0
      outer loop
         vertex 0.108775 0.0285308 -0.0240582
         vertex 0.106529 0.0301969 -0.0265455
         vertex 0.106529 0.0301966 -5.96936e-18
      endloop
   endfacet
   facet normal -3.34723e-15 1 0
      outer loop
         vertex 0.0906949 0.035 -0.023944
         vertex 0.0917726 0.0349471 -0.0227388
         vertex 0.0934884 0.0348628 -0.0439217
      endloop
   endfacet
   facet normal 0.0980171 0.995185 0
      outer loop
         vertex 0.0934884 0.0348628 -0.0439217
         vertex 0.0906949 0.035 -0.048326
         vertex 0.0906949 0.035 -0.023944
      endloop
   endfacet
   facet normal 0.19509 0.980785 0
      outer loop
         vertex 0.096255 0.0344524 -0.0398146
         vertex 0.0935437 0.0348546 -0.0438396
         vertex 0.0934884 0.0348628 -0.02082
      endloop
   endfacet
   facet normal 0.0980171 0.995185 0
      outer loop
         vertex 0.0934884 0.0348628 -0.02082
         vertex 0.0942781 0.0347456 -0.0198452
         vertex 0.096255 0.0344524 -0.0398146
      endloop
   endfacet
   facet normal 0.0999683 0.994991 0
      outer loop
         vertex 0.0935437 0.0348546 -0.0438396
         vertex 0.0934884 0.0348628 -0.0439217
         vertex 0.0934884 0.0348628 -0.02082
      endloop
   endfacet
   facet normal 0.290285 0.95694 0
      outer loop
         vertex 0.098968 0.0337728 -0.0360146
         vertex 0.096255 0.0344524 -0.0398146
         vertex 0.096255 0.0344524 -0.0174052
      endloop
   endfacet
   facet normal 0.19509 0.980785 0
      outer loop
         vertex 0.096255 0.0344524 -0.0174052
         vertex 0.096689 0.0343437 -0.0167942
         vertex 0.098968 0.0337728 -0.0360146
      endloop
   endfacet
   facet normal 0.382683 0.92388 0
      outer loop
         vertex 0.101601 0.0328306 -0.0325309
         vertex 0.100347 0.0333158 -0.0113646
         vertex 0.101084 0.0330306 -0.0100132
      endloop
   endfacet
   facet normal 0.382683 0.92388 0
      outer loop
         vertex 0.101601 0.0328306 -0.0325309
         vertex 0.0990675 0.0337372 -0.035883
         vertex 0.098968 0.0337728 -0.0135864
      endloop
   endfacet
   facet normal 0.290285 0.95694 0
      outer loop
         vertex 0.098968 0.0337728 -0.0135864
         vertex 0.0989942 0.0337641 -0.0135442
         vertex 0.101601 0.0328306 -0.0325309
      endloop
   endfacet
   facet normal 0.291211 0.956659 0
      outer loop
         vertex 0.0989942 0.0337641 -0.0135442
         vertex 0.100347 0.0333158 -0.0113646
         vertex 0.101601 0.0328306 -0.0325309
      endloop
   endfacet
   facet normal 0.293827 0.955859 0
      outer loop
         vertex 0.0990675 0.0337372 -0.035883
         vertex 0.098968 0.0337728 -0.0360146
         vertex 0.098968 0.0337728 -0.0135864
      endloop
   endfacet
   facet normal 0.471397 0.881921 0
      outer loop
         vertex 0.10413 0.0316348 -0.029372
         vertex 0.103881 0.031766 -0.00271602
         vertex 0.103971 0.0317188 -0.00211256
      endloop
   endfacet
   facet normal 0.471397 0.881921 0
      outer loop
         vertex 0.10413 0.0316348 -0.029372
         vertex 0.103323 0.0320494 -0.00492274
         vertex 0.103636 0.0318926 -0.00382976
      endloop
   endfacet
   facet normal 0.454064 0.890969 0
      outer loop
         vertex 0.103636 0.0318926 -0.00382976
         vertex 0.103881 0.031766 -0.00271602
         vertex 0.10413 0.0316348 -0.029372
      endloop
   endfacet
   facet normal 0.471397 0.881921 0
      outer loop
         vertex 0.10413 0.0316348 -0.029372
         vertex 0.102543 0.0324204 -0.00703197
         vertex 0.10285 0.0322744 -0.00620205
      endloop
   endfacet
   facet normal 0.471397 0.881921 0
      outer loop
         vertex 0.10413 0.0316348 -0.029372
         vertex 0.101601 0.0328306 -0.0325309
         vertex 0.101601 0.0328306 -0.00906519
      endloop
   endfacet
   facet normal 0.382683 0.92388 0
      outer loop
         vertex 0.101601 0.0328306 -0.00906519
         vertex 0.102543 0.0324204 -0.00703197
         vertex 0.10413 0.0316348 -0.029372
      endloop
   endfacet
   facet normal 0.426547 0.904465 0
      outer loop
         vertex 0.10285 0.0322744 -0.00620205
         vertex 0.103323 0.0320494 -0.00492274
         vertex 0.10413 0.0316348 -0.029372
      endloop
   endfacet
   facet normal 0.465828 0.884875 0
      outer loop
         vertex 0.103971 0.0317188 -0.00211256
         vertex 0.104048 0.0316781 -0.00159239
         vertex 0.10413 0.0316348 -0.029372
      endloop
   endfacet
   facet normal 0.471397 0.881921 0
      outer loop
         vertex 0.10413 0.0316348 -0.000457893
         vertex 0.106529 0.0301966 -5.96936e-18
         vertex 0.106529 0.0301969 -0.0265455
      endloop
   endfacet
   facet normal 0.55557 0.83147 0
      outer loop
         vertex 0.106529 0.0301969 -0.0265455
         vertex 0.104288 0.03154 -0.0291857
         vertex 0.10413 0.0316348 -0.000457893
      endloop
   endfacet
   facet normal 0.471397 0.881921 0
      outer loop
         vertex 0.10413 0.0316348 -0.000457893
         vertex 0.104137 0.0316308 8.23097e-19
         vertex 0.106529 0.0301966 -5.96936e-18
      endloop
   endfacet
   facet normal 0.477084 0.878858 0
      outer loop
         vertex 0.104288 0.03154 -0.0291857
         vertex 0.10413 0.0316348 -0.029372
         vertex 0.10413 0.0316348 -0.000457893
      endloop
   endfacet
   facet normal 0.468538 0.883443 0
      outer loop
         vertex 0.104048 0.0316781 -0.00159239
         vertex 0.10413 0.0316348 -0.000457893
         vertex 0.10413 0.0316348 -0.029372
      endloop
   endfacet
   facet normal 0.364635 0.931151 0
      outer loop
         vertex 0.101084 0.0330306 -0.0100132
         vertex 0.101601 0.0328306 -0.00906519
         vertex 0.101601 0.0328306 -0.0325309
      endloop
   endfacet
   facet normal 0.210457 0.977603 0
      outer loop
         vertex 0.096689 0.0343437 -0.0167942
         vertex 0.098968 0.0337728 -0.0135864
         vertex 0.098968 0.0337728 -0.0360146
      endloop
   endfacet
   facet normal 0.12585 0.992049 0
      outer loop
         vertex 0.0942781 0.0347456 -0.0198452
         vertex 0.096255 0.0344524 -0.0174052
         vertex 0.096255 0.0344524 -0.0398146
      endloop
   endfacet
   facet normal 0.0378557 0.999283 0
      outer loop
         vertex 0.0917726 0.0349471 -0.0227388
         vertex 0.0934884 0.0348628 -0.02082
         vertex 0.0934884 0.0348628 -0.0439217
      endloop
   endfacet
   facet normal 0.555733 0.831361 0
      outer loop
         vertex 0.106533 0.0301938 -7.62954e-18
         vertex 0.108775 0.0285307 -5.83181e-18
         vertex 0.108775 0.0285308 -0.0240582
      endloop
   endfacet
   facet normal 0.642069 0.766647 0
      outer loop
         vertex 0.10899 0.0283453 -0.0238316
         vertex 0.108775 0.0285308 -0.0240582
         vertex 0.108775 0.0285307 -5.83181e-18
      endloop
   endfacet
   facet normal 0.702962 0.707107 0.0764517
      outer loop
         vertex 0.112222 0.025 0.00513565
         vertex 0.1125 0.025 0
         vertex 0.11078 0.0266525 0.00248213
      endloop
   endfacet
   facet normal 0.707107 0.707107 -1.29893e-16
      outer loop
         vertex 0.1125 0.025 0
         vertex 0.110847 0.0266525 0
         vertex 0.11078 0.0266525 0.00248213
      endloop
   endfacet
   facet normal 0.690575 0.707107 0.152007
      outer loop
         vertex 0.111389 0.025 0.0102111
         vertex 0.112222 0.025 0.00513565
         vertex 0.110243 0.0266525 0.00741729
      endloop
   endfacet
   facet normal 0.702962 0.707107 0.0764517
      outer loop
         vertex 0.112222 0.025 0.00513565
         vertex 0.110579 0.0266525 0.00495698
         vertex 0.110243 0.0266525 0.00741729
      endloop
   endfacet
   facet normal 0.670092 0.707107 0.22578
      outer loop
         vertex 0.110014 0.025 0.0151668
         vertex 0.111389 0.025 0.0102111
         vertex 0.109176 0.0266525 0.0122655
      endloop
   endfacet
   facet normal 0.690575 0.707107 0.152007
      outer loop
         vertex 0.111389 0.025 0.0102111
         vertex 0.109776 0.0266525 0.00985585
         vertex 0.109176 0.0266525 0.0122655
      endloop
   endfacet
   facet normal 0.641753 0.707107 0.296906
      outer loop
         vertex 0.10811 0.025 0.0199447
         vertex 0.110014 0.025 0.0151668
         vertex 0.107591 0.0266525 0.0169699
      endloop
   endfacet
   facet normal 0.670092 0.707107 0.22578
      outer loop
         vertex 0.110014 0.025 0.0151668
         vertex 0.108447 0.0266525 0.0146392
         vertex 0.107591 0.0266525 0.0169699
      endloop
   endfacet
   facet normal 0.60589 0.707107 0.364552
      outer loop
         vertex 0.105701 0.025 0.0244888
         vertex 0.10811 0.025 0.0199447
         vertex 0.105507 0.0266525 0.0214753
      endloop
   endfacet
   facet normal 0.641753 0.707107 0.296906
      outer loop
         vertex 0.10811 0.025 0.0199447
         vertex 0.10661 0.0266525 0.0192508
         vertex 0.105507 0.0266525 0.0214753
      endloop
   endfacet
   facet normal 0.562923 0.707107 0.427923
      outer loop
         vertex 0.102814 0.025 0.0287458
         vertex 0.105701 0.025 0.0244888
         vertex 0.102947 0.0266525 0.025729
      endloop
   endfacet
   facet normal 0.60589 0.707107 0.364552
      outer loop
         vertex 0.105701 0.025 0.0244888
         vertex 0.104285 0.0266525 0.0236368
         vertex 0.102947 0.0266525 0.025729
      endloop
   endfacet
   facet normal 0.513356 0.707107 0.486277
      outer loop
         vertex 0.0994848 0.025 0.0326657
         vertex 0.102814 0.025 0.0287458
         vertex 0.0999432 0.0266525 0.029681
      endloop
   endfacet
   facet normal 0.562923 0.707107 0.427923
      outer loop
         vertex 0.102814 0.025 0.0287458
         vertex 0.101499 0.0266525 0.0277457
         vertex 0.0999432 0.0266525 0.029681
      endloop
   endfacet
   facet normal 0.457771 0.707107 0.53893
      outer loop
         vertex 0.0957508 0.025 0.0362027
         vertex 0.0994848 0.025 0.0326657
         vertex 0.0965293 0.0266525 0.033285
      endloop
   endfacet
   facet normal 0.513356 0.707107 0.486277
      outer loop
         vertex 0.0994848 0.025 0.0326657
         vertex 0.098285 0.0266525 0.0315293
         vertex 0.0965293 0.0266525 0.033285
      endloop
   endfacet
   facet normal 0.396819 0.707107 0.585265
      outer loop
         vertex 0.0916564 0.025 0.0393152
         vertex 0.0957508 0.025 0.0362027
         vertex 0.0927457 0.0266525 0.0364988
      endloop
   endfacet
   facet normal 0.457771 0.707107 0.53893
      outer loop
         vertex 0.0957508 0.025 0.0362027
         vertex 0.094681 0.0266525 0.0349432
         vertex 0.0927457 0.0266525 0.0364988
      endloop
   endfacet
   facet normal 0.331215 0.707107 0.624737
      outer loop
         vertex 0.0872494 0.025 0.0419668
         vertex 0.0916564 0.025 0.0393152
         vertex 0.0886368 0.0266525 0.0392847
      endloop
   endfacet
   facet normal 0.396819 0.707107 0.585265
      outer loop
         vertex 0.0916564 0.025 0.0393152
         vertex 0.090729 0.0266525 0.0379474
         vertex 0.0886368 0.0266525 0.0392847
      endloop
   endfacet
   facet normal 0.261727 0.707107 0.656886
      outer loop
         vertex 0.0825816 0.025 0.0441264
         vertex 0.0872494 0.025 0.0419668
         vertex 0.0842508 0.0266525 0.04161
      endloop
   endfacet
   facet normal 0.331215 0.707107 0.624737
      outer loop
         vertex 0.0872494 0.025 0.0419668
         vertex 0.0864753 0.0266525 0.0405068
         vertex 0.0842508 0.0266525 0.04161
      endloop
   endfacet
   facet normal 0.189171 0.707107 0.681333
      outer loop
         vertex 0.0777076 0.025 0.0457686
         vertex 0.0825816 0.025 0.0441264
         vertex 0.0796392 0.0266525 0.0434475
      endloop
   endfacet
   facet normal 0.261727 0.707107 0.656886
      outer loop
         vertex 0.0825816 0.025 0.0441264
         vertex 0.0819699 0.0266525 0.0425912
         vertex 0.0796392 0.0266525 0.0434475
      endloop
   endfacet
   facet normal 0.114397 0.707107 0.697792
      outer loop
         vertex 0.0726846 0.025 0.0468743
         vertex 0.0777076 0.025 0.0457686
         vertex 0.0748558 0.0266525 0.0447756
      endloop
   endfacet
   facet normal 0.189171 0.707107 0.681333
      outer loop
         vertex 0.0777076 0.025 0.0457686
         vertex 0.0772655 0.0266525 0.0441763
         vertex 0.0748558 0.0266525 0.0447756
      endloop
   endfacet
   facet normal 0.038282 0.707107 0.70607
      outer loop
         vertex 0.0675716 0.025 0.0474303
         vertex 0.0726846 0.025 0.0468743
         vertex 0.069957 0.0266525 0.0455787
      endloop
   endfacet
   facet normal 0.114397 0.707107 0.697792
      outer loop
         vertex 0.0726846 0.025 0.0468743
         vertex 0.0724173 0.0266525 0.0452435
         vertex 0.069957 0.0266525 0.0455787
      endloop
   endfacet
   facet normal -0.038282 0.707107 0.70607
      outer loop
         vertex 0.0624284 0.025 0.0474303
         vertex 0.0675716 0.025 0.0474303
         vertex 0.065 0.0266525 0.0458475
      endloop
   endfacet
   facet normal 0.038282 0.707107 0.70607
      outer loop
         vertex 0.0675716 0.025 0.0474303
         vertex 0.0674821 0.0266525 0.0457802
         vertex 0.065 0.0266525 0.0458475
      endloop
   endfacet
   facet normal -0.114397 0.707107 0.697792
      outer loop
         vertex 0.0573154 0.025 0.0468743
         vertex 0.0624284 0.025 0.0474303
         vertex 0.060043 0.0266525 0.0455787
      endloop
   endfacet
   facet normal -0.038282 0.707107 0.70607
      outer loop
         vertex 0.0624284 0.025 0.0474303
         vertex 0.0625179 0.0266525 0.0457802
         vertex 0.060043 0.0266525 0.0455787
      endloop
   endfacet
   facet normal -0.189171 0.707107 0.681333
      outer loop
         vertex 0.0522924 0.025 0.0457686
         vertex 0.0573154 0.025 0.0468743
         vertex 0.0551442 0.0266525 0.0447756
      endloop
   endfacet
   facet normal -0.114397 0.707107 0.697792
      outer loop
         vertex 0.0573154 0.025 0.0468743
         vertex 0.0575827 0.0266525 0.0452435
         vertex 0.0551442 0.0266525 0.0447756
      endloop
   endfacet
   facet normal -0.261727 0.707107 0.656886
      outer loop
         vertex 0.0474184 0.025 0.0441264
         vertex 0.0522924 0.025 0.0457686
         vertex 0.0503608 0.0266525 0.0434475
      endloop
   endfacet
   facet normal -0.189171 0.707107 0.681333
      outer loop
         vertex 0.0522924 0.025 0.0457686
         vertex 0.0527345 0.0266525 0.0441763
         vertex 0.0503608 0.0266525 0.0434475
      endloop
   endfacet
   facet normal -0.331215 0.707107 0.624737
      outer loop
         vertex 0.0427506 0.025 0.0419668
         vertex 0.0474184 0.025 0.0441264
         vertex 0.0457492 0.0266525 0.04161
      endloop
   endfacet
   facet normal -0.261727 0.707107 0.656886
      outer loop
         vertex 0.0474184 0.025 0.0441264
         vertex 0.0480301 0.0266525 0.0425912
         vertex 0.0457492 0.0266525 0.04161
      endloop
   endfacet
   facet normal -0.396819 0.707107 0.585265
      outer loop
         vertex 0.0383436 0.025 0.0393152
         vertex 0.0427506 0.025 0.0419668
         vertex 0.0413632 0.0266525 0.0392847
      endloop
   endfacet
   facet normal -0.331215 0.707107 0.624737
      outer loop
         vertex 0.0427506 0.025 0.0419668
         vertex 0.0435247 0.0266525 0.0405068
         vertex 0.0413632 0.0266525 0.0392847
      endloop
   endfacet
   facet normal -0.457771 0.707107 0.53893
      outer loop
         vertex 0.0342492 0.025 0.0362027
         vertex 0.0383436 0.025 0.0393152
         vertex 0.0372543 0.0266525 0.0364988
      endloop
   endfacet
   facet normal -0.396819 0.707107 0.585265
      outer loop
         vertex 0.0383436 0.025 0.0393152
         vertex 0.039271 0.0266525 0.0379474
         vertex 0.0372543 0.0266525 0.0364988
      endloop
   endfacet
   facet normal -0.513356 0.707107 0.486277
      outer loop
         vertex 0.0305152 0.025 0.0326657
         vertex 0.0342492 0.025 0.0362027
         vertex 0.0334707 0.0266525 0.033285
      endloop
   endfacet
   facet normal -0.457771 0.707107 0.53893
      outer loop
         vertex 0.0342492 0.025 0.0362027
         vertex 0.035319 0.0266525 0.0349432
         vertex 0.0334707 0.0266525 0.033285
      endloop
   endfacet
   facet normal -0.562923 0.707107 0.427923
      outer loop
         vertex 0.0271856 0.025 0.0287458
         vertex 0.0305152 0.025 0.0326657
         vertex 0.0300568 0.0266525 0.029681
      endloop
   endfacet
   facet normal -0.513356 0.707107 0.486277
      outer loop
         vertex 0.0305152 0.025 0.0326657
         vertex 0.031715 0.0266525 0.0315293
         vertex 0.0300568 0.0266525 0.029681
      endloop
   endfacet
   facet normal -0.60589 0.707107 0.364552
      outer loop
         vertex 0.0242993 0.025 0.0244888
         vertex 0.0271856 0.025 0.0287458
         vertex 0.0270526 0.0266525 0.025729
      endloop
   endfacet
   facet normal -0.562923 0.707107 0.427923
      outer loop
         vertex 0.0271856 0.025 0.0287458
         vertex 0.0285012 0.0266525 0.0277457
         vertex 0.0270526 0.0266525 0.025729
      endloop
   endfacet
   facet normal -0.641753 0.707107 0.296906
      outer loop
         vertex 0.0218902 0.025 0.0199447
         vertex 0.0242993 0.025 0.0244888
         vertex 0.0244932 0.0266525 0.0214753
      endloop
   endfacet
   facet normal -0.60589 0.707107 0.364552
      outer loop
         vertex 0.0242993 0.025 0.0244888
         vertex 0.0257153 0.0266525 0.0236368
         vertex 0.0244932 0.0266525 0.0214753
      endloop
   endfacet
   facet normal -0.670092 0.707107 0.22578
      outer loop
         vertex 0.0199865 0.025 0.0151668
         vertex 0.0218902 0.025 0.0199447
         vertex 0.0224088 0.0266525 0.0169699
      endloop
   endfacet
   facet normal -0.641753 0.707107 0.296906
      outer loop
         vertex 0.0218902 0.025 0.0199447
         vertex 0.02339 0.0266525 0.0192508
         vertex 0.0224088 0.0266525 0.0169699
      endloop
   endfacet
   facet normal -0.690575 0.707107 0.152007
      outer loop
         vertex 0.0186105 0.025 0.0102111
         vertex 0.0199865 0.025 0.0151668
         vertex 0.0208237 0.0266525 0.0122655
      endloop
   endfacet
   facet normal -0.670092 0.707107 0.22578
      outer loop
         vertex 0.0199865 0.025 0.0151668
         vertex 0.0215525 0.0266525 0.0146392
         vertex 0.0208237 0.0266525 0.0122655
      endloop
   endfacet
   facet normal -0.702962 0.707107 0.0764517
      outer loop
         vertex 0.0177784 0.025 0.00513565
         vertex 0.0186105 0.025 0.0102111
         vertex 0.0197565 0.0266525 0.00741729
      endloop
   endfacet
   facet normal -0.690575 0.707107 0.152007
      outer loop
         vertex 0.0186105 0.025 0.0102111
         vertex 0.0202244 0.0266525 0.00985585
         vertex 0.0197565 0.0266525 0.00741729
      endloop
   endfacet
   facet normal -0.707107 0.707107 -1.73028e-17
      outer loop
         vertex 0.0175 0.025 0
         vertex 0.0177784 0.025 0.00513565
         vertex 0.0192198 0.0266525 0.00248213
      endloop
   endfacet
   facet normal -0.702962 0.707107 0.0764517
      outer loop
         vertex 0.0177784 0.025 0.00513565
         vertex 0.0194213 0.0266525 0.00495698
         vertex 0.0192198 0.0266525 0.00248213
      endloop
   endfacet
   facet normal -0.70607 0.707107 0.038282
      outer loop
         vertex 0.0192198 0.0266525 0.00248213
         vertex 0.0191525 0.0266525 0
         vertex 0.0175 0.025 0
      endloop
   endfacet
   facet normal -0.697792 0.707107 0.114397
      outer loop
         vertex 0.0197565 0.0266525 0.00741729
         vertex 0.0194213 0.0266525 0.00495698
         vertex 0.0177784 0.025 0.00513565
      endloop
   endfacet
   facet normal -0.681333 0.707107 0.189171
      outer loop
         vertex 0.0208237 0.0266525 0.0122655
         vertex 0.0202244 0.0266525 0.00985585
         vertex 0.0186105 0.025 0.0102111
      endloop
   endfacet
   facet normal -0.656886 0.707107 0.261727
      outer loop
         vertex 0.0224088 0.0266525 0.0169699
         vertex 0.0215525 0.0266525 0.0146392
         vertex 0.0199865 0.025 0.0151668
      endloop
   endfacet
   facet normal -0.624737 0.707107 0.331215
      outer loop
         vertex 0.0244932 0.0266525 0.0214753
         vertex 0.02339 0.0266525 0.0192508
         vertex 0.0218902 0.025 0.0199447
      endloop
   endfacet
   facet normal -0.585265 0.707107 0.396819
      outer loop
         vertex 0.0270526 0.0266525 0.025729
         vertex 0.0257153 0.0266525 0.0236368
         vertex 0.0242993 0.025 0.0244888
      endloop
   endfacet
   facet normal -0.53893 0.707107 0.457771
      outer loop
         vertex 0.0300568 0.0266525 0.029681
         vertex 0.0285012 0.0266525 0.0277457
         vertex 0.0271856 0.025 0.0287458
      endloop
   endfacet
   facet normal -0.486277 0.707107 0.513356
      outer loop
         vertex 0.0334707 0.0266525 0.033285
         vertex 0.031715 0.0266525 0.0315293
         vertex 0.0305152 0.025 0.0326657
      endloop
   endfacet
   facet normal -0.427923 0.707107 0.562923
      outer loop
         vertex 0.0372543 0.0266525 0.0364988
         vertex 0.035319 0.0266525 0.0349432
         vertex 0.0342492 0.025 0.0362027
      endloop
   endfacet
   facet normal -0.364552 0.707107 0.60589
      outer loop
         vertex 0.0413632 0.0266525 0.0392847
         vertex 0.039271 0.0266525 0.0379474
         vertex 0.0383436 0.025 0.0393152
      endloop
   endfacet
   facet normal -0.296906 0.707107 0.641753
      outer loop
         vertex 0.0457492 0.0266525 0.04161
         vertex 0.0435247 0.0266525 0.0405068
         vertex 0.0427506 0.025 0.0419668
      endloop
   endfacet
   facet normal -0.22578 0.707107 0.670092
      outer loop
         vertex 0.0503608 0.0266525 0.0434475
         vertex 0.0480301 0.0266525 0.0425912
         vertex 0.0474184 0.025 0.0441264
      endloop
   endfacet
   facet normal -0.152007 0.707107 0.690575
      outer loop
         vertex 0.0551442 0.0266525 0.0447756
         vertex 0.0527345 0.0266525 0.0441763
         vertex 0.0522924 0.025 0.0457686
      endloop
   endfacet
   facet normal -0.0764517 0.707107 0.702962
      outer loop
         vertex 0.060043 0.0266525 0.0455787
         vertex 0.0575827 0.0266525 0.0452435
         vertex 0.0573154 0.025 0.0468743
      endloop
   endfacet
   facet normal 4.49479e-15 0.707107 0.707107
      outer loop
         vertex 0.065 0.0266525 0.0458475
         vertex 0.0625179 0.0266525 0.0457802
         vertex 0.0624284 0.025 0.0474303
      endloop
   endfacet
   facet normal 0.0764517 0.707107 0.702962
      outer loop
         vertex 0.069957 0.0266525 0.0455787
         vertex 0.0674821 0.0266525 0.0457802
         vertex 0.0675716 0.025 0.0474303
      endloop
   endfacet
   facet normal 0.152007 0.707107 0.690575
      outer loop
         vertex 0.0748558 0.0266525 0.0447756
         vertex 0.0724173 0.0266525 0.0452435
         vertex 0.0726846 0.025 0.0468743
      endloop
   endfacet
   facet normal 0.22578 0.707107 0.670092
      outer loop
         vertex 0.0796392 0.0266525 0.0434475
         vertex 0.0772655 0.0266525 0.0441763
         vertex 0.0777076 0.025 0.0457686
      endloop
   endfacet
   facet normal 0.296906 0.707107 0.641753
      outer loop
         vertex 0.0842508 0.0266525 0.04161
         vertex 0.0819699 0.0266525 0.0425912
         vertex 0.0825816 0.025 0.0441264
      endloop
   endfacet
   facet normal 0.364552 0.707107 0.60589
      outer loop
         vertex 0.0886368 0.0266525 0.0392847
         vertex 0.0864753 0.0266525 0.0405068
         vertex 0.0872494 0.025 0.0419668
      endloop
   endfacet
   facet normal 0.427923 0.707107 0.562923
      outer loop
         vertex 0.0927457 0.0266525 0.0364988
         vertex 0.090729 0.0266525 0.0379474
         vertex 0.0916564 0.025 0.0393152
      endloop
   endfacet
   facet normal 0.486277 0.707107 0.513356
      outer loop
         vertex 0.0965293 0.0266525 0.033285
         vertex 0.094681 0.0266525 0.0349432
         vertex 0.0957508 0.025 0.0362027
      endloop
   endfacet
   facet normal 0.53893 0.707107 0.457771
      outer loop
         vertex 0.0999432 0.0266525 0.029681
         vertex 0.098285 0.0266525 0.0315293
         vertex 0.0994848 0.025 0.0326657
      endloop
   endfacet
   facet normal 0.585265 0.707107 0.396819
      outer loop
         vertex 0.102947 0.0266525 0.025729
         vertex 0.101499 0.0266525 0.0277457
         vertex 0.102814 0.025 0.0287458
      endloop
   endfacet
   facet normal 0.624737 0.707107 0.331215
      outer loop
         vertex 0.105507 0.0266525 0.0214753
         vertex 0.104285 0.0266525 0.0236368
         vertex 0.105701 0.025 0.0244888
      endloop
   endfacet
   facet normal 0.656886 0.707107 0.261727
      outer loop
         vertex 0.107591 0.0266525 0.0169699
         vertex 0.10661 0.0266525 0.0192508
         vertex 0.10811 0.025 0.0199447
      endloop
   endfacet
   facet normal 0.681333 0.707107 0.189171
      outer loop
         vertex 0.109176 0.0266525 0.0122655
         vertex 0.108447 0.0266525 0.0146392
         vertex 0.110014 0.025 0.0151668
      endloop
   endfacet
   facet normal 0.697792 0.707107 0.114397
      outer loop
         vertex 0.110243 0.0266525 0.00741729
         vertex 0.109776 0.0266525 0.00985585
         vertex 0.111389 0.025 0.0102111
      endloop
   endfacet
   facet normal 0.70607 0.707107 0.038282
      outer loop
         vertex 0.11078 0.0266525 0.00248213
         vertex 0.110579 0.0266525 0.00495698
         vertex 0.112222 0.025 0.00513565
      endloop
   endfacet
   facet normal 0.554918 0.831361 0.0300868
      outer loop
         vertex 0.106472 0.0301938 0.00224857
         vertex 0.106533 0.0301938 -7.62954e-18
         vertex 0.106529 0.0301966 -5.96936e-18
      endloop
   endfacet
   facet normal 0.555571 0.831469 -1.02057e-16
      outer loop
         vertex 0.106529 0.0301966 -5.96936e-18
         vertex 0.10408 0.0316308 0.00211884
         vertex 0.106472 0.0301938 0.00224857
      endloop
   endfacet
   facet normal 0.554918 0.831361 0.0300868
      outer loop
         vertex 0.106472 0.0301938 0.00224857
         vertex 0.10408 0.0316308 0.00211884
         vertex 0.103908 0.0316308 0.00423147
      endloop
   endfacet
   facet normal 0.552475 0.831361 0.0600853
      outer loop
         vertex 0.10629 0.0301938 0.00449054
         vertex 0.103908 0.0316308 0.00423147
         vertex 0.103622 0.0316308 0.00633168
      endloop
   endfacet
   facet normal 0.548412 0.831361 0.0899076
      outer loop
         vertex 0.105986 0.0301938 0.00671934
         vertex 0.103622 0.0316308 0.00633168
         vertex 0.103222 0.0316308 0.00841332
      endloop
   endfacet
   facet normal 0.54274 0.831361 0.119466
      outer loop
         vertex 0.105562 0.0301938 0.00892843
         vertex 0.103222 0.0316308 0.00841332
         vertex 0.102711 0.0316308 0.0104703
      endloop
   endfacet
   facet normal 0.535477 0.831361 0.148674
      outer loop
         vertex 0.105019 0.0301938 0.0111113
         vertex 0.102711 0.0316308 0.0104703
         vertex 0.102088 0.0316308 0.0124965
      endloop
   endfacet
   facet normal 0.526642 0.831361 0.177446
      outer loop
         vertex 0.104359 0.0301938 0.0132616
         vertex 0.102088 0.0316308 0.0124965
         vertex 0.101357 0.0316308 0.0144861
      endloop
   endfacet
   facet normal 0.516263 0.831361 0.205698
      outer loop
         vertex 0.103583 0.0301938 0.0153731
         vertex 0.101357 0.0316308 0.0144861
         vertex 0.10052 0.0316308 0.0164332
      endloop
   endfacet
   facet normal 0.50437 0.831361 0.233346
      outer loop
         vertex 0.102695 0.0301938 0.0174394
         vertex 0.10052 0.0316308 0.0164332
         vertex 0.0995781 0.0316308 0.0183322
      endloop
   endfacet
   facet normal 0.490997 0.831361 0.26031
      outer loop
         vertex 0.101695 0.0301938 0.0194546
         vertex 0.0995781 0.0316308 0.0183322
         vertex 0.0985349 0.0316308 0.0201773
      endloop
   endfacet
   facet normal 0.476184 0.831361 0.28651
      outer loop
         vertex 0.100588 0.0301938 0.0214127
         vertex 0.0985349 0.0316308 0.0201773
         vertex 0.0973934 0.0316308 0.0219632
      endloop
   endfacet
   facet normal 0.459974 0.831361 0.31187
      outer loop
         vertex 0.0993767 0.0301938 0.023308
         vertex 0.0973934 0.0316308 0.0219632
         vertex 0.0961568 0.0316308 0.0236848
      endloop
   endfacet
   facet normal 0.442415 0.831361 0.336315
      outer loop
         vertex 0.0980644 0.0301938 0.0251349
         vertex 0.0961568 0.0316308 0.0236848
         vertex 0.0948288 0.0316308 0.0253368
      endloop
   endfacet
   facet normal 0.423559 0.831361 0.359774
      outer loop
         vertex 0.0966551 0.0301938 0.0268881
         vertex 0.0948288 0.0316308 0.0253368
         vertex 0.0934134 0.0316308 0.0269146
      endloop
   endfacet
   facet normal 0.40346 0.831361 0.382177
      outer loop
         vertex 0.095153 0.0301938 0.0285624
         vertex 0.0934134 0.0316308 0.0269146
         vertex 0.0919146 0.0316308 0.0284134
      endloop
   endfacet
   facet normal 0.382177 0.831361 0.40346
      outer loop
         vertex 0.0935624 0.0301938 0.030153
         vertex 0.0919146 0.0316308 0.0284134
         vertex 0.0903368 0.0316308 0.0298288
      endloop
   endfacet
   facet normal 0.359774 0.831361 0.423559
      outer loop
         vertex 0.0918881 0.0301938 0.0316551
         vertex 0.0903368 0.0316308 0.0298288
         vertex 0.0886848 0.0316308 0.0311568
      endloop
   endfacet
   facet normal 0.336315 0.831361 0.442415
      outer loop
         vertex 0.0901349 0.0301938 0.0330644
         vertex 0.0886848 0.0316308 0.0311568
         vertex 0.0869632 0.0316308 0.0323934
      endloop
   endfacet
   facet normal 0.31187 0.831361 0.459974
      outer loop
         vertex 0.088308 0.0301938 0.0343767
         vertex 0.0869632 0.0316308 0.0323934
         vertex 0.0851773 0.0316308 0.0335349
      endloop
   endfacet
   facet normal 0.28651 0.831361 0.476184
      outer loop
         vertex 0.0864127 0.0301938 0.0355881
         vertex 0.0851773 0.0316308 0.0335349
         vertex 0.0833322 0.0316308 0.0345781
      endloop
   endfacet
   facet normal 0.26031 0.831361 0.490997
      outer loop
         vertex 0.0844546 0.0301938 0.0366952
         vertex 0.0833322 0.0316308 0.0345781
         vertex 0.0814332 0.0316308 0.0355199
      endloop
   endfacet
   facet normal 0.233346 0.831361 0.50437
      outer loop
         vertex 0.0824394 0.0301938 0.0376946
         vertex 0.0814332 0.0316308 0.0355199
         vertex 0.0794861 0.0316308 0.0363575
      endloop
   endfacet
   facet normal 0.205698 0.831361 0.516263
      outer loop
         vertex 0.0803731 0.0301938 0.0385835
         vertex 0.0794861 0.0316308 0.0363575
         vertex 0.0774965 0.0316308 0.0370884
      endloop
   endfacet
   facet normal 0.177446 0.831361 0.526642
      outer loop
         vertex 0.0782616 0.0301938 0.0393592
         vertex 0.0774965 0.0316308 0.0370884
         vertex 0.0754703 0.0316308 0.0377106
      endloop
   endfacet
   facet normal 0.148674 0.831361 0.535477
      outer loop
         vertex 0.0761113 0.0301938 0.0400194
         vertex 0.0754703 0.0316308 0.0377106
         vertex 0.0734133 0.0316308 0.0382221
      endloop
   endfacet
   facet normal 0.119466 0.831361 0.54274
      outer loop
         vertex 0.0739284 0.0301938 0.0405623
         vertex 0.0734133 0.0316308 0.0382221
         vertex 0.0713317 0.0316308 0.0386215
      endloop
   endfacet
   facet normal 0.0899076 0.831361 0.548412
      outer loop
         vertex 0.0717193 0.0301938 0.0409862
         vertex 0.0713317 0.0316308 0.0386215
         vertex 0.0692315 0.0316308 0.0389077
      endloop
   endfacet
   facet normal 0.0600853 0.831361 0.552475
      outer loop
         vertex 0.0694905 0.0301938 0.0412898
         vertex 0.0692315 0.0316308 0.0389077
         vertex 0.0671188 0.0316308 0.0390797
      endloop
   endfacet
   facet normal 0.0300868 0.831361 0.554918
      outer loop
         vertex 0.0672486 0.0301938 0.0414724
         vertex 0.0671188 0.0316308 0.0390797
         vertex 0.065 0.0316308 0.0391371
      endloop
   endfacet
   facet normal 1.06294e-14 0.831361 0.555733
      outer loop
         vertex 0.065 0.0301938 0.0415333
         vertex 0.065 0.0316308 0.0391371
         vertex 0.0628812 0.0316308 0.0390797
      endloop
   endfacet
   facet normal -0.0300868 0.831361 0.554918
      outer loop
         vertex 0.0627514 0.0301938 0.0414724
         vertex 0.0628812 0.0316308 0.0390797
         vertex 0.0607685 0.0316308 0.0389077
      endloop
   endfacet
   facet normal -0.0600853 0.831361 0.552475
      outer loop
         vertex 0.0605095 0.0301938 0.0412898
         vertex 0.0607685 0.0316308 0.0389077
         vertex 0.0586683 0.0316308 0.0386215
      endloop
   endfacet
   facet normal -0.0899076 0.831361 0.548412
      outer loop
         vertex 0.0582807 0.0301938 0.0409862
         vertex 0.0586683 0.0316308 0.0386215
         vertex 0.0565867 0.0316308 0.0382221
      endloop
   endfacet
   facet normal -0.119466 0.831361 0.54274
      outer loop
         vertex 0.0560716 0.0301938 0.0405623
         vertex 0.0565867 0.0316308 0.0382221
         vertex 0.0545297 0.0316308 0.0377106
      endloop
   endfacet
   facet normal -0.148674 0.831361 0.535477
      outer loop
         vertex 0.0538887 0.0301938 0.0400194
         vertex 0.0545297 0.0316308 0.0377106
         vertex 0.0525035 0.0316308 0.0370884
      endloop
   endfacet
   facet normal -0.177446 0.831361 0.526642
      outer loop
         vertex 0.0517384 0.0301938 0.0393592
         vertex 0.0525035 0.0316308 0.0370884
         vertex 0.0505139 0.0316308 0.0363575
      endloop
   endfacet
   facet normal -0.205698 0.831361 0.516263
      outer loop
         vertex 0.0496269 0.0301938 0.0385835
         vertex 0.0505139 0.0316308 0.0363575
         vertex 0.0485668 0.0316308 0.0355199
      endloop
   endfacet
   facet normal -0.233346 0.831361 0.50437
      outer loop
         vertex 0.0475606 0.0301938 0.0376946
         vertex 0.0485668 0.0316308 0.0355199
         vertex 0.0466678 0.0316308 0.0345781
      endloop
   endfacet
   facet normal -0.26031 0.831361 0.490997
      outer loop
         vertex 0.0455454 0.0301938 0.0366952
         vertex 0.0466678 0.0316308 0.0345781
         vertex 0.0448227 0.0316308 0.0335349
      endloop
   endfacet
   facet normal -0.28651 0.831361 0.476184
      outer loop
         vertex 0.0435873 0.0301938 0.0355881
         vertex 0.0448227 0.0316308 0.0335349
         vertex 0.0430368 0.0316308 0.0323934
      endloop
   endfacet
   facet normal -0.31187 0.831361 0.459974
      outer loop
         vertex 0.041692 0.0301938 0.0343767
         vertex 0.0430368 0.0316308 0.0323934
         vertex 0.0413152 0.0316308 0.0311568
      endloop
   endfacet
   facet normal -0.336315 0.831361 0.442415
      outer loop
         vertex 0.0398651 0.0301938 0.0330644
         vertex 0.0413152 0.0316308 0.0311568
         vertex 0.0396632 0.0316308 0.0298288
      endloop
   endfacet
   facet normal -0.359774 0.831361 0.423559
      outer loop
         vertex 0.0381119 0.0301938 0.0316551
         vertex 0.0396632 0.0316308 0.0298288
         vertex 0.0380854 0.0316308 0.0284134
      endloop
   endfacet
   facet normal -0.382177 0.831361 0.40346
      outer loop
         vertex 0.0364376 0.0301938 0.030153
         vertex 0.0380854 0.0316308 0.0284134
         vertex 0.0365866 0.0316308 0.0269146
      endloop
   endfacet
   facet normal -0.40346 0.831361 0.382177
      outer loop
         vertex 0.034847 0.0301938 0.0285624
         vertex 0.0365866 0.0316308 0.0269146
         vertex 0.0351712 0.0316308 0.0253368
      endloop
   endfacet
   facet normal -0.423559 0.831361 0.359774
      outer loop
         vertex 0.0333449 0.0301938 0.0268881
         vertex 0.0351712 0.0316308 0.0253368
         vertex 0.0338432 0.0316308 0.0236848
      endloop
   endfacet
   facet normal -0.442415 0.831361 0.336315
      outer loop
         vertex 0.0319356 0.0301938 0.0251349
         vertex 0.0338432 0.0316308 0.0236848
         vertex 0.0326066 0.0316308 0.0219632
      endloop
   endfacet
   facet normal -0.459974 0.831361 0.31187
      outer loop
         vertex 0.0306233 0.0301938 0.023308
         vertex 0.0326066 0.0316308 0.0219632
         vertex 0.0314651 0.0316308 0.0201773
      endloop
   endfacet
   facet normal -0.476184 0.831361 0.28651
      outer loop
         vertex 0.0294119 0.0301938 0.0214127
         vertex 0.0314651 0.0316308 0.0201773
         vertex 0.0304219 0.0316308 0.0183322
      endloop
   endfacet
   facet normal -0.490997 0.831361 0.26031
      outer loop
         vertex 0.0283048 0.0301938 0.0194546
         vertex 0.0304219 0.0316308 0.0183322
         vertex 0.0294801 0.0316308 0.0164332
      endloop
   endfacet
   facet normal -0.50437 0.831361 0.233346
      outer loop
         vertex 0.0273054 0.0301938 0.0174394
         vertex 0.0294801 0.0316308 0.0164332
         vertex 0.0286425 0.0316308 0.0144861
      endloop
   endfacet
   facet normal -0.516263 0.831361 0.205698
      outer loop
         vertex 0.0264165 0.0301938 0.0153731
         vertex 0.0286425 0.0316308 0.0144861
         vertex 0.0279116 0.0316308 0.0124965
      endloop
   endfacet
   facet normal -0.526642 0.831361 0.177446
      outer loop
         vertex 0.0256408 0.0301938 0.0132616
         vertex 0.0279116 0.0316308 0.0124965
         vertex 0.0272894 0.0316308 0.0104703
      endloop
   endfacet
   facet normal -0.535477 0.831361 0.148674
      outer loop
         vertex 0.0249806 0.0301938 0.0111113
         vertex 0.0272894 0.0316308 0.0104703
         vertex 0.0267779 0.0316308 0.00841332
      endloop
   endfacet
   facet normal -0.54274 0.831361 0.119466
      outer loop
         vertex 0.0244377 0.0301938 0.00892843
         vertex 0.0267779 0.0316308 0.00841332
         vertex 0.0263785 0.0316308 0.00633168
      endloop
   endfacet
   facet normal -0.548412 0.831361 0.0899076
      outer loop
         vertex 0.0240138 0.0301938 0.00671934
         vertex 0.0263785 0.0316308 0.00633168
         vertex 0.0260923 0.0316308 0.00423147
      endloop
   endfacet
   facet normal -0.552475 0.831361 0.0600853
      outer loop
         vertex 0.0237102 0.0301938 0.00449054
         vertex 0.0260923 0.0316308 0.00423147
         vertex 0.0259203 0.0316308 0.00211884
      endloop
   endfacet
   facet normal -0.555571 0.831469 3.40189e-17
      outer loop
         vertex 0.0234715 0.0301966 9.69529e-19
         vertex 0.0235276 0.0301938 0.00224857
         vertex 0.0259203 0.0316308 0.00211884
      endloop
   endfacet
   facet normal -0.470964 0.881783 0.0255349
      outer loop
         vertex 0.0259203 0.0316308 0.00211884
         vertex 0.0258629 0.0316308 8.23097e-19
         vertex 0.0234715 0.0301966 9.69529e-19
      endloop
   endfacet
   facet normal 0.633538 0.772948 0.0343495
      outer loop
         vertex 0.108713 0.028529 0.00237005
         vertex 0.108777 0.028529 -8.04176e-18
         vertex 0.108775 0.0285307 -5.83181e-18
      endloop
   endfacet
   facet normal 0.634393 0.77301 -1.16536e-16
      outer loop
         vertex 0.108775 0.0285307 -5.83181e-18
         vertex 0.106472 0.0301938 0.00224857
         vertex 0.108713 0.028529 0.00237005
      endloop
   endfacet
   facet normal 0.633538 0.772948 0.0343495
      outer loop
         vertex 0.108713 0.028529 0.00237005
         vertex 0.106472 0.0301938 0.00224857
         vertex 0.10629 0.0301938 0.00449054
      endloop
   endfacet
   facet normal 0.63075 0.772948 0.0685982
      outer loop
         vertex 0.108521 0.028529 0.00473316
         vertex 0.10629 0.0301938 0.00449054
         vertex 0.105986 0.0301938 0.00671934
      endloop
   endfacet
   facet normal 0.626111 0.772948 0.102646
      outer loop
         vertex 0.108201 0.028529 0.00708238
         vertex 0.105986 0.0301938 0.00671934
         vertex 0.105562 0.0301938 0.00892843
      endloop
   endfacet
   facet normal 0.619635 0.772948 0.136392
      outer loop
         vertex 0.107754 0.028529 0.00941082
         vertex 0.105562 0.0301938 0.00892843
         vertex 0.105019 0.0301938 0.0111113
      endloop
   endfacet
   facet normal 0.611343 0.772948 0.169738
      outer loop
         vertex 0.107182 0.028529 0.0117117
         vertex 0.105019 0.0301938 0.0111113
         vertex 0.104359 0.0301938 0.0132616
      endloop
   endfacet
   facet normal 0.601257 0.772948 0.202587
      outer loop
         vertex 0.106486 0.028529 0.0139782
         vertex 0.104359 0.0301938 0.0132616
         vertex 0.103583 0.0301938 0.0153731
      endloop
   endfacet
   facet normal 0.589407 0.772948 0.234841
      outer loop
         vertex 0.105668 0.028529 0.0162036
         vertex 0.103583 0.0301938 0.0153731
         vertex 0.102695 0.0301938 0.0174394
      endloop
   endfacet
   facet normal 0.575828 0.772948 0.266407
      outer loop
         vertex 0.104731 0.028529 0.0183816
         vertex 0.102695 0.0301938 0.0174394
         vertex 0.101695 0.0301938 0.0194546
      endloop
   endfacet
   facet normal 0.560561 0.772948 0.297191
      outer loop
         vertex 0.103678 0.028529 0.0205056
         vertex 0.101695 0.0301938 0.0194546
         vertex 0.100588 0.0301938 0.0214127
      endloop
   endfacet
   facet normal 0.543649 0.772948 0.327103
      outer loop
         vertex 0.102511 0.028529 0.0225695
         vertex 0.100588 0.0301938 0.0214127
         vertex 0.0993767 0.0301938 0.023308
      endloop
   endfacet
   facet normal 0.525143 0.772948 0.356056
      outer loop
         vertex 0.101234 0.028529 0.0245672
         vertex 0.0993767 0.0301938 0.023308
         vertex 0.0980644 0.0301938 0.0251349
      endloop
   endfacet
   facet normal 0.505096 0.772948 0.383964
      outer loop
         vertex 0.0998508 0.028529 0.0264929
         vertex 0.0980644 0.0301938 0.0251349
         vertex 0.0966551 0.0301938 0.0268881
      endloop
   endfacet
   facet normal 0.483568 0.772948 0.410747
      outer loop
         vertex 0.0983654 0.028529 0.0283408
         vertex 0.0966551 0.0301938 0.0268881
         vertex 0.095153 0.0301938 0.0285624
      endloop
   endfacet
   facet normal 0.460622 0.772948 0.436324
      outer loop
         vertex 0.0967821 0.028529 0.0301056
         vertex 0.095153 0.0301938 0.0285624
         vertex 0.0935624 0.0301938 0.030153
      endloop
   endfacet
   facet normal 0.436324 0.772948 0.460622
      outer loop
         vertex 0.0951056 0.028529 0.0317821
         vertex 0.0935624 0.0301938 0.030153
         vertex 0.0918881 0.0301938 0.0316551
      endloop
   endfacet
   facet normal 0.410747 0.772948 0.483568
      outer loop
         vertex 0.0933408 0.028529 0.0333654
         vertex 0.0918881 0.0301938 0.0316551
         vertex 0.0901349 0.0301938 0.0330644
      endloop
   endfacet
   facet normal 0.383964 0.772948 0.505096
      outer loop
         vertex 0.0914929 0.028529 0.0348508
         vertex 0.0901349 0.0301938 0.0330644
         vertex 0.088308 0.0301938 0.0343767
      endloop
   endfacet
   facet normal 0.356056 0.772948 0.525143
      outer loop
         vertex 0.0895672 0.028529 0.036234
         vertex 0.088308 0.0301938 0.0343767
         vertex 0.0864127 0.0301938 0.0355881
      endloop
   endfacet
   facet normal 0.327103 0.772948 0.543649
      outer loop
         vertex 0.0875695 0.028529 0.0375109
         vertex 0.0864127 0.0301938 0.0355881
         vertex 0.0844546 0.0301938 0.0366952
      endloop
   endfacet
   facet normal 0.297191 0.772948 0.560561
      outer loop
         vertex 0.0855056 0.028529 0.0386778
         vertex 0.0844546 0.0301938 0.0366952
         vertex 0.0824394 0.0301938 0.0376946
      endloop
   endfacet
   facet normal 0.266407 0.772948 0.575828
      outer loop
         vertex 0.0833816 0.028529 0.0397312
         vertex 0.0824394 0.0301938 0.0376946
         vertex 0.0803731 0.0301938 0.0385835
      endloop
   endfacet
   facet normal 0.234841 0.772948 0.589407
      outer loop
         vertex 0.0812036 0.028529 0.0406681
         vertex 0.0803731 0.0301938 0.0385835
         vertex 0.0782616 0.0301938 0.0393592
      endloop
   endfacet
   facet normal 0.202587 0.772948 0.601257
      outer loop
         vertex 0.0789782 0.028529 0.0414857
         vertex 0.0782616 0.0301938 0.0393592
         vertex 0.0761113 0.0301938 0.0400194
      endloop
   endfacet
   facet normal 0.169738 0.772948 0.611343
      outer loop
         vertex 0.0767117 0.028529 0.0421816
         vertex 0.0761113 0.0301938 0.0400194
         vertex 0.0739284 0.0301938 0.0405623
      endloop
   endfacet
   facet normal 0.136392 0.772948 0.619635
      outer loop
         vertex 0.0744108 0.028529 0.0427538
         vertex 0.0739284 0.0301938 0.0405623
         vertex 0.0717193 0.0301938 0.0409862
      endloop
   endfacet
   facet normal 0.102646 0.772948 0.626111
      outer loop
         vertex 0.0720824 0.028529 0.0432006
         vertex 0.0717193 0.0301938 0.0409862
         vertex 0.0694905 0.0301938 0.0412898
      endloop
   endfacet
   facet normal 0.0685982 0.772948 0.63075
      outer loop
         vertex 0.0697332 0.028529 0.0435207
         vertex 0.0694905 0.0301938 0.0412898
         vertex 0.0672486 0.0301938 0.0414724
      endloop
   endfacet
   facet normal 0.0343495 0.772948 0.633538
      outer loop
         vertex 0.0673701 0.028529 0.0437131
         vertex 0.0672486 0.0301938 0.0414724
         vertex 0.065 0.0301938 0.0415333
      endloop
   endfacet
   facet normal 1.21354e-14 0.772948 0.634469
      outer loop
         vertex 0.065 0.028529 0.0437773
         vertex 0.065 0.0301938 0.0415333
         vertex 0.0627514 0.0301938 0.0414724
      endloop
   endfacet
   facet normal -0.0343495 0.772948 0.633538
      outer loop
         vertex 0.0626299 0.028529 0.0437131
         vertex 0.0627514 0.0301938 0.0414724
         vertex 0.0605095 0.0301938 0.0412898
      endloop
   endfacet
   facet normal -0.0685982 0.772948 0.63075
      outer loop
         vertex 0.0602668 0.028529 0.0435207
         vertex 0.0605095 0.0301938 0.0412898
         vertex 0.0582807 0.0301938 0.0409862
      endloop
   endfacet
   facet normal -0.102646 0.772948 0.626111
      outer loop
         vertex 0.0579176 0.028529 0.0432006
         vertex 0.0582807 0.0301938 0.0409862
         vertex 0.0560716 0.0301938 0.0405623
      endloop
   endfacet
   facet normal -0.136392 0.772948 0.619635
      outer loop
         vertex 0.0555892 0.028529 0.0427538
         vertex 0.0560716 0.0301938 0.0405623
         vertex 0.0538887 0.0301938 0.0400194
      endloop
   endfacet
   facet normal -0.169738 0.772948 0.611343
      outer loop
         vertex 0.0532883 0.028529 0.0421816
         vertex 0.0538887 0.0301938 0.0400194
         vertex 0.0517384 0.0301938 0.0393592
      endloop
   endfacet
   facet normal -0.202587 0.772948 0.601257
      outer loop
         vertex 0.0510218 0.028529 0.0414857
         vertex 0.0517384 0.0301938 0.0393592
         vertex 0.0496269 0.0301938 0.0385835
      endloop
   endfacet
   facet normal -0.234841 0.772948 0.589407
      outer loop
         vertex 0.0487964 0.028529 0.0406681
         vertex 0.0496269 0.0301938 0.0385835
         vertex 0.0475606 0.0301938 0.0376946
      endloop
   endfacet
   facet normal -0.266407 0.772948 0.575828
      outer loop
         vertex 0.0466184 0.028529 0.0397312
         vertex 0.0475606 0.0301938 0.0376946
         vertex 0.0455454 0.0301938 0.0366952
      endloop
   endfacet
   facet normal -0.297191 0.772948 0.560561
      outer loop
         vertex 0.0444944 0.028529 0.0386778
         vertex 0.0455454 0.0301938 0.0366952
         vertex 0.0435873 0.0301938 0.0355881
      endloop
   endfacet
   facet normal -0.327103 0.772948 0.543649
      outer loop
         vertex 0.0424305 0.028529 0.0375109
         vertex 0.0435873 0.0301938 0.0355881
         vertex 0.041692 0.0301938 0.0343767
      endloop
   endfacet
   facet normal -0.356056 0.772948 0.525143
      outer loop
         vertex 0.0404328 0.028529 0.036234
         vertex 0.041692 0.0301938 0.0343767
         vertex 0.0398651 0.0301938 0.0330644
      endloop
   endfacet
   facet normal -0.383964 0.772948 0.505096
      outer loop
         vertex 0.0385071 0.028529 0.0348508
         vertex 0.0398651 0.0301938 0.0330644
         vertex 0.0381119 0.0301938 0.0316551
      endloop
   endfacet
   facet normal -0.410747 0.772948 0.483568
      outer loop
         vertex 0.0366592 0.028529 0.0333654
         vertex 0.0381119 0.0301938 0.0316551
         vertex 0.0364376 0.0301938 0.030153
      endloop
   endfacet
   facet normal -0.436324 0.772948 0.460622
      outer loop
         vertex 0.0348944 0.028529 0.0317821
         vertex 0.0364376 0.0301938 0.030153
         vertex 0.034847 0.0301938 0.0285624
      endloop
   endfacet
   facet normal -0.460622 0.772948 0.436324
      outer loop
         vertex 0.0332179 0.028529 0.0301056
         vertex 0.034847 0.0301938 0.0285624
         vertex 0.0333449 0.0301938 0.0268881
      endloop
   endfacet
   facet normal -0.483568 0.772948 0.410747
      outer loop
         vertex 0.0316346 0.028529 0.0283408
         vertex 0.0333449 0.0301938 0.0268881
         vertex 0.0319356 0.0301938 0.0251349
      endloop
   endfacet
   facet normal -0.505096 0.772948 0.383964
      outer loop
         vertex 0.0301492 0.028529 0.0264929
         vertex 0.0319356 0.0301938 0.0251349
         vertex 0.0306233 0.0301938 0.023308
      endloop
   endfacet
   facet normal -0.525143 0.772948 0.356056
      outer loop
         vertex 0.028766 0.028529 0.0245672
         vertex 0.0306233 0.0301938 0.023308
         vertex 0.0294119 0.0301938 0.0214127
      endloop
   endfacet
   facet normal -0.543649 0.772948 0.327103
      outer loop
         vertex 0.0274891 0.028529 0.0225695
         vertex 0.0294119 0.0301938 0.0214127
         vertex 0.0283048 0.0301938 0.0194546
      endloop
   endfacet
   facet normal -0.560561 0.772948 0.297191
      outer loop
         vertex 0.0263222 0.028529 0.0205056
         vertex 0.0283048 0.0301938 0.0194546
         vertex 0.0273054 0.0301938 0.0174394
      endloop
   endfacet
   facet normal -0.575828 0.772948 0.266407
      outer loop
         vertex 0.0252688 0.028529 0.0183816
         vertex 0.0273054 0.0301938 0.0174394
         vertex 0.0264165 0.0301938 0.0153731
      endloop
   endfacet
   facet normal -0.589407 0.772948 0.234841
      outer loop
         vertex 0.0243319 0.028529 0.0162036
         vertex 0.0264165 0.0301938 0.0153731
         vertex 0.0256408 0.0301938 0.0132616
      endloop
   endfacet
   facet normal -0.601257 0.772948 0.202587
      outer loop
         vertex 0.0235143 0.028529 0.0139782
         vertex 0.0256408 0.0301938 0.0132616
         vertex 0.0249806 0.0301938 0.0111113
      endloop
   endfacet
   facet normal -0.611343 0.772948 0.169738
      outer loop
         vertex 0.0228184 0.028529 0.0117117
         vertex 0.0249806 0.0301938 0.0111113
         vertex 0.0244377 0.0301938 0.00892843
      endloop
   endfacet
   facet normal -0.619635 0.772948 0.136392
      outer loop
         vertex 0.0222462 0.028529 0.00941082
         vertex 0.0244377 0.0301938 0.00892843
         vertex 0.0240138 0.0301938 0.00671934
      endloop
   endfacet
   facet normal -0.626111 0.772948 0.102646
      outer loop
         vertex 0.0217994 0.028529 0.00708238
         vertex 0.0240138 0.0301938 0.00671934
         vertex 0.0237102 0.0301938 0.00449054
      endloop
   endfacet
   facet normal -0.63075 0.772948 0.0685982
      outer loop
         vertex 0.0214793 0.028529 0.00473316
         vertex 0.0237102 0.0301938 0.00449054
         vertex 0.0235276 0.0301938 0.00224857
      endloop
   endfacet
   facet normal -0.634393 0.77301 3.88454e-17
      outer loop
         vertex 0.021225 0.0285307 1.10709e-18
         vertex 0.0212869 0.028529 0.00237005
         vertex 0.0235276 0.0301938 0.00224857
      endloop
   endfacet
   facet normal -0.554918 0.831361 0.0300868
      outer loop
         vertex 0.0235276 0.0301938 0.00224857
         vertex 0.0234667 0.0301938 2.54318e-18
         vertex 0.021225 0.0285307 1.10709e-18
      endloop
   endfacet
   facet normal 0.707107 0.707107 -1.29893e-16
      outer loop
         vertex 0.110847 0.0266525 0
         vertex 0.108777 0.028529 -8.04176e-18
         vertex 0.108713 0.028529 0.00237005
      endloop
   endfacet
   facet normal 0.70607 0.707107 0.038282
      outer loop
         vertex 0.11078 0.0266525 0.00248213
         vertex 0.108713 0.028529 0.00237005
         vertex 0.108521 0.028529 0.00473316
      endloop
   endfacet
   facet normal 0.702962 0.707107 0.0764517
      outer loop
         vertex 0.110579 0.0266525 0.00495698
         vertex 0.108521 0.028529 0.00473316
         vertex 0.108201 0.028529 0.00708238
      endloop
   endfacet
   facet normal 0.697792 0.707107 0.114397
      outer loop
         vertex 0.110243 0.0266525 0.00741729
         vertex 0.108201 0.028529 0.00708238
         vertex 0.107754 0.028529 0.00941082
      endloop
   endfacet
   facet normal 0.690575 0.707107 0.152007
      outer loop
         vertex 0.109776 0.0266525 0.00985585
         vertex 0.107754 0.028529 0.00941082
         vertex 0.107182 0.028529 0.0117117
      endloop
   endfacet
   facet normal 0.681333 0.707107 0.189171
      outer loop
         vertex 0.109176 0.0266525 0.0122655
         vertex 0.107182 0.028529 0.0117117
         vertex 0.106486 0.028529 0.0139782
      endloop
   endfacet
   facet normal 0.670092 0.707107 0.22578
      outer loop
         vertex 0.108447 0.0266525 0.0146392
         vertex 0.106486 0.028529 0.0139782
         vertex 0.105668 0.028529 0.0162036
      endloop
   endfacet
   facet normal 0.656886 0.707107 0.261727
      outer loop
         vertex 0.107591 0.0266525 0.0169699
         vertex 0.105668 0.028529 0.0162036
         vertex 0.104731 0.028529 0.0183816
      endloop
   endfacet
   facet normal 0.641753 0.707107 0.296906
      outer loop
         vertex 0.10661 0.0266525 0.0192508
         vertex 0.104731 0.028529 0.0183816
         vertex 0.103678 0.028529 0.0205056
      endloop
   endfacet
   facet normal 0.624737 0.707107 0.331215
      outer loop
         vertex 0.105507 0.0266525 0.0214753
         vertex 0.103678 0.028529 0.0205056
         vertex 0.102511 0.028529 0.0225695
      endloop
   endfacet
   facet normal 0.60589 0.707107 0.364552
      outer loop
         vertex 0.104285 0.0266525 0.0236368
         vertex 0.102511 0.028529 0.0225695
         vertex 0.101234 0.028529 0.0245672
      endloop
   endfacet
   facet normal 0.585265 0.707107 0.396819
      outer loop
         vertex 0.102947 0.0266525 0.025729
         vertex 0.101234 0.028529 0.0245672
         vertex 0.0998508 0.028529 0.0264929
      endloop
   endfacet
   facet normal 0.562923 0.707107 0.427923
      outer loop
         vertex 0.101499 0.0266525 0.0277457
         vertex 0.0998508 0.028529 0.0264929
         vertex 0.0983654 0.028529 0.0283408
      endloop
   endfacet
   facet normal 0.53893 0.707107 0.457771
      outer loop
         vertex 0.0999432 0.0266525 0.029681
         vertex 0.0983654 0.028529 0.0283408
         vertex 0.0967821 0.028529 0.0301056
      endloop
   endfacet
   facet normal 0.513356 0.707107 0.486277
      outer loop
         vertex 0.098285 0.0266525 0.0315293
         vertex 0.0967821 0.028529 0.0301056
         vertex 0.0951056 0.028529 0.0317821
      endloop
   endfacet
   facet normal 0.486277 0.707107 0.513356
      outer loop
         vertex 0.0965293 0.0266525 0.033285
         vertex 0.0951056 0.028529 0.0317821
         vertex 0.0933408 0.028529 0.0333654
      endloop
   endfacet
   facet normal 0.457771 0.707107 0.53893
      outer loop
         vertex 0.094681 0.0266525 0.0349432
         vertex 0.0933408 0.028529 0.0333654
         vertex 0.0914929 0.028529 0.0348508
      endloop
   endfacet
   facet normal 0.427923 0.707107 0.562923
      outer loop
         vertex 0.0927457 0.0266525 0.0364988
         vertex 0.0914929 0.028529 0.0348508
         vertex 0.0895672 0.028529 0.036234
      endloop
   endfacet
   facet normal 0.396819 0.707107 0.585265
      outer loop
         vertex 0.090729 0.0266525 0.0379474
         vertex 0.0895672 0.028529 0.036234
         vertex 0.0875695 0.028529 0.0375109
      endloop
   endfacet
   facet normal 0.364552 0.707107 0.60589
      outer loop
         vertex 0.0886368 0.0266525 0.0392847
         vertex 0.0875695 0.028529 0.0375109
         vertex 0.0855056 0.028529 0.0386778
      endloop
   endfacet
   facet normal 0.331215 0.707107 0.624737
      outer loop
         vertex 0.0864753 0.0266525 0.0405068
         vertex 0.0855056 0.028529 0.0386778
         vertex 0.0833816 0.028529 0.0397312
      endloop
   endfacet
   facet normal 0.296906 0.707107 0.641753
      outer loop
         vertex 0.0842508 0.0266525 0.04161
         vertex 0.0833816 0.028529 0.0397312
         vertex 0.0812036 0.028529 0.0406681
      endloop
   endfacet
   facet normal 0.261727 0.707107 0.656886
      outer loop
         vertex 0.0819699 0.0266525 0.0425912
         vertex 0.0812036 0.028529 0.0406681
         vertex 0.0789782 0.028529 0.0414857
      endloop
   endfacet
   facet normal 0.22578 0.707107 0.670092
      outer loop
         vertex 0.0796392 0.0266525 0.0434475
         vertex 0.0789782 0.028529 0.0414857
         vertex 0.0767117 0.028529 0.0421816
      endloop
   endfacet
   facet normal 0.189171 0.707107 0.681333
      outer loop
         vertex 0.0772655 0.0266525 0.0441763
         vertex 0.0767117 0.028529 0.0421816
         vertex 0.0744108 0.028529 0.0427538
      endloop
   endfacet
   facet normal 0.152007 0.707107 0.690575
      outer loop
         vertex 0.0748558 0.0266525 0.0447756
         vertex 0.0744108 0.028529 0.0427538
         vertex 0.0720824 0.028529 0.0432006
      endloop
   endfacet
   facet normal 0.114397 0.707107 0.697792
      outer loop
         vertex 0.0724173 0.0266525 0.0452435
         vertex 0.0720824 0.028529 0.0432006
         vertex 0.0697332 0.028529 0.0435207
      endloop
   endfacet
   facet normal 0.0764517 0.707107 0.702962
      outer loop
         vertex 0.069957 0.0266525 0.0455787
         vertex 0.0697332 0.028529 0.0435207
         vertex 0.0673701 0.028529 0.0437131
      endloop
   endfacet
   facet normal 0.038282 0.707107 0.70607
      outer loop
         vertex 0.0674821 0.0266525 0.0457802
         vertex 0.0673701 0.028529 0.0437131
         vertex 0.065 0.028529 0.0437773
      endloop
   endfacet
   facet normal 1.35247e-14 0.707107 0.707107
      outer loop
         vertex 0.065 0.0266525 0.0458475
         vertex 0.065 0.028529 0.0437773
         vertex 0.0626299 0.028529 0.0437131
      endloop
   endfacet
   facet normal -0.038282 0.707107 0.70607
      outer loop
         vertex 0.0625179 0.0266525 0.0457802
         vertex 0.0626299 0.028529 0.0437131
         vertex 0.0602668 0.028529 0.0435207
      endloop
   endfacet
   facet normal -0.0764517 0.707107 0.702962
      outer loop
         vertex 0.060043 0.0266525 0.0455787
         vertex 0.0602668 0.028529 0.0435207
         vertex 0.0579176 0.028529 0.0432006
      endloop
   endfacet
   facet normal -0.114397 0.707107 0.697792
      outer loop
         vertex 0.0575827 0.0266525 0.0452435
         vertex 0.0579176 0.028529 0.0432006
         vertex 0.0555892 0.028529 0.0427538
      endloop
   endfacet
   facet normal -0.152007 0.707107 0.690575
      outer loop
         vertex 0.0551442 0.0266525 0.0447756
         vertex 0.0555892 0.028529 0.0427538
         vertex 0.0532883 0.028529 0.0421816
      endloop
   endfacet
   facet normal -0.189171 0.707107 0.681333
      outer loop
         vertex 0.0527345 0.0266525 0.0441763
         vertex 0.0532883 0.028529 0.0421816
         vertex 0.0510218 0.028529 0.0414857
      endloop
   endfacet
   facet normal -0.22578 0.707107 0.670092
      outer loop
         vertex 0.0503608 0.0266525 0.0434475
         vertex 0.0510218 0.028529 0.0414857
         vertex 0.0487964 0.028529 0.0406681
      endloop
   endfacet
   facet normal -0.261727 0.707107 0.656886
      outer loop
         vertex 0.0480301 0.0266525 0.0425912
         vertex 0.0487964 0.028529 0.0406681
         vertex 0.0466184 0.028529 0.0397312
      endloop
   endfacet
   facet normal -0.296906 0.707107 0.641753
      outer loop
         vertex 0.0457492 0.0266525 0.04161
         vertex 0.0466184 0.028529 0.0397312
         vertex 0.0444944 0.028529 0.0386778
      endloop
   endfacet
   facet normal -0.331215 0.707107 0.624737
      outer loop
         vertex 0.0435247 0.0266525 0.0405068
         vertex 0.0444944 0.028529 0.0386778
         vertex 0.0424305 0.028529 0.0375109
      endloop
   endfacet
   facet normal -0.364552 0.707107 0.60589
      outer loop
         vertex 0.0413632 0.0266525 0.0392847
         vertex 0.0424305 0.028529 0.0375109
         vertex 0.0404328 0.028529 0.036234
      endloop
   endfacet
   facet normal -0.396819 0.707107 0.585265
      outer loop
         vertex 0.039271 0.0266525 0.0379474
         vertex 0.0404328 0.028529 0.036234
         vertex 0.0385071 0.028529 0.0348508
      endloop
   endfacet
   facet normal -0.427923 0.707107 0.562923
      outer loop
         vertex 0.0372543 0.0266525 0.0364988
         vertex 0.0385071 0.028529 0.0348508
         vertex 0.0366592 0.028529 0.0333654
      endloop
   endfacet
   facet normal -0.457771 0.707107 0.53893
      outer loop
         vertex 0.035319 0.0266525 0.0349432
         vertex 0.0366592 0.028529 0.0333654
         vertex 0.0348944 0.028529 0.0317821
      endloop
   endfacet
   facet normal -0.486277 0.707107 0.513356
      outer loop
         vertex 0.0334707 0.0266525 0.033285
         vertex 0.0348944 0.028529 0.0317821
         vertex 0.0332179 0.028529 0.0301056
      endloop
   endfacet
   facet normal -0.513356 0.707107 0.486277
      outer loop
         vertex 0.031715 0.0266525 0.0315293
         vertex 0.0332179 0.028529 0.0301056
         vertex 0.0316346 0.028529 0.0283408
      endloop
   endfacet
   facet normal -0.53893 0.707107 0.457771
      outer loop
         vertex 0.0300568 0.0266525 0.029681
         vertex 0.0316346 0.028529 0.0283408
         vertex 0.0301492 0.028529 0.0264929
      endloop
   endfacet
   facet normal -0.562923 0.707107 0.427923
      outer loop
         vertex 0.0285012 0.0266525 0.0277457
         vertex 0.0301492 0.028529 0.0264929
         vertex 0.028766 0.028529 0.0245672
      endloop
   endfacet
   facet normal -0.585265 0.707107 0.396819
      outer loop
         vertex 0.0270526 0.0266525 0.025729
         vertex 0.028766 0.028529 0.0245672
         vertex 0.0274891 0.028529 0.0225695
      endloop
   endfacet
   facet normal -0.60589 0.707107 0.364552
      outer loop
         vertex 0.0257153 0.0266525 0.0236368
         vertex 0.0274891 0.028529 0.0225695
         vertex 0.0263222 0.028529 0.0205056
      endloop
   endfacet
   facet normal -0.624737 0.707107 0.331215
      outer loop
         vertex 0.0244932 0.0266525 0.0214753
         vertex 0.0263222 0.028529 0.0205056
         vertex 0.0252688 0.028529 0.0183816
      endloop
   endfacet
   facet normal -0.641753 0.707107 0.296906
      outer loop
         vertex 0.02339 0.0266525 0.0192508
         vertex 0.0252688 0.028529 0.0183816
         vertex 0.0243319 0.028529 0.0162036
      endloop
   endfacet
   facet normal -0.656886 0.707107 0.261727
      outer loop
         vertex 0.0224088 0.0266525 0.0169699
         vertex 0.0243319 0.028529 0.0162036
         vertex 0.0235143 0.028529 0.0139782
      endloop
   endfacet
   facet normal -0.670092 0.707107 0.22578
      outer loop
         vertex 0.0215525 0.0266525 0.0146392
         vertex 0.0235143 0.028529 0.0139782
         vertex 0.0228184 0.028529 0.0117117
      endloop
   endfacet
   facet normal -0.681333 0.707107 0.189171
      outer loop
         vertex 0.0208237 0.0266525 0.0122655
         vertex 0.0228184 0.028529 0.0117117
         vertex 0.0222462 0.028529 0.00941082
      endloop
   endfacet
   facet normal -0.690575 0.707107 0.152007
      outer loop
         vertex 0.0202244 0.0266525 0.00985585
         vertex 0.0222462 0.028529 0.00941082
         vertex 0.0217994 0.028529 0.00708238
      endloop
   endfacet
   facet normal -0.697792 0.707107 0.114397
      outer loop
         vertex 0.0197565 0.0266525 0.00741729
         vertex 0.0217994 0.028529 0.00708238
         vertex 0.0214793 0.028529 0.00473316
      endloop
   endfacet
   facet normal -0.702962 0.707107 0.0764517
      outer loop
         vertex 0.0194213 0.0266525 0.00495698
         vertex 0.0214793 0.028529 0.00473316
         vertex 0.0212869 0.028529 0.00237005
      endloop
   endfacet
   facet normal -0.70607 0.707107 0.038282
      outer loop
         vertex 0.0192198 0.0266525 0.00248213
         vertex 0.0212869 0.028529 0.00237005
         vertex 0.0212227 0.028529 2.68059e-18
      endloop
   endfacet
   facet normal -0.634469 0.772948 2.39958e-14
      outer loop
         vertex 0.0212227 0.028529 2.68059e-18
         vertex 0.0191525 0.0266525 0
         vertex 0.0192198 0.0266525 0.00248213
      endloop
   endfacet
   facet normal -0.633538 0.772948 0.0343495
      outer loop
         vertex 0.0212869 0.028529 0.00237005
         vertex 0.0192198 0.0266525 0.00248213
         vertex 0.0194213 0.0266525 0.00495698
      endloop
   endfacet
   facet normal -0.63075 0.772948 0.0685982
      outer loop
         vertex 0.0214793 0.028529 0.00473316
         vertex 0.0194213 0.0266525 0.00495698
         vertex 0.0197565 0.0266525 0.00741729
      endloop
   endfacet
   facet normal -0.626111 0.772948 0.102646
      outer loop
         vertex 0.0217994 0.028529 0.00708238
         vertex 0.0197565 0.0266525 0.00741729
         vertex 0.0202244 0.0266525 0.00985585
      endloop
   endfacet
   facet normal -0.619635 0.772948 0.136392
      outer loop
         vertex 0.0222462 0.028529 0.00941082
         vertex 0.0202244 0.0266525 0.00985585
         vertex 0.0208237 0.0266525 0.0122655
      endloop
   endfacet
   facet normal -0.611343 0.772948 0.169738
      outer loop
         vertex 0.0228184 0.028529 0.0117117
         vertex 0.0208237 0.0266525 0.0122655
         vertex 0.0215525 0.0266525 0.0146392
      endloop
   endfacet
   facet normal -0.601257 0.772948 0.202587
      outer loop
         vertex 0.0235143 0.028529 0.0139782
         vertex 0.0215525 0.0266525 0.0146392
         vertex 0.0224088 0.0266525 0.0169699
      endloop
   endfacet
   facet normal -0.589407 0.772948 0.234841
      outer loop
         vertex 0.0243319 0.028529 0.0162036
         vertex 0.0224088 0.0266525 0.0169699
         vertex 0.02339 0.0266525 0.0192508
      endloop
   endfacet
   facet normal -0.575828 0.772948 0.266407
      outer loop
         vertex 0.0252688 0.028529 0.0183816
         vertex 0.02339 0.0266525 0.0192508
         vertex 0.0244932 0.0266525 0.0214753
      endloop
   endfacet
   facet normal -0.560561 0.772948 0.297191
      outer loop
         vertex 0.0263222 0.028529 0.0205056
         vertex 0.0244932 0.0266525 0.0214753
         vertex 0.0257153 0.0266525 0.0236368
      endloop
   endfacet
   facet normal -0.543649 0.772948 0.327103
      outer loop
         vertex 0.0274891 0.028529 0.0225695
         vertex 0.0257153 0.0266525 0.0236368
         vertex 0.0270526 0.0266525 0.025729
      endloop
   endfacet
   facet normal -0.525143 0.772948 0.356056
      outer loop
         vertex 0.028766 0.028529 0.0245672
         vertex 0.0270526 0.0266525 0.025729
         vertex 0.0285012 0.0266525 0.0277457
      endloop
   endfacet
   facet normal -0.505096 0.772948 0.383964
      outer loop
         vertex 0.0301492 0.028529 0.0264929
         vertex 0.0285012 0.0266525 0.0277457
         vertex 0.0300568 0.0266525 0.029681
      endloop
   endfacet
   facet normal -0.483568 0.772948 0.410747
      outer loop
         vertex 0.0316346 0.028529 0.0283408
         vertex 0.0300568 0.0266525 0.029681
         vertex 0.031715 0.0266525 0.0315293
      endloop
   endfacet
   facet normal -0.460622 0.772948 0.436324
      outer loop
         vertex 0.0332179 0.028529 0.0301056
         vertex 0.031715 0.0266525 0.0315293
         vertex 0.0334707 0.0266525 0.033285
      endloop
   endfacet
   facet normal -0.436324 0.772948 0.460622
      outer loop
         vertex 0.0348944 0.028529 0.0317821
         vertex 0.0334707 0.0266525 0.033285
         vertex 0.035319 0.0266525 0.0349432
      endloop
   endfacet
   facet normal -0.410747 0.772948 0.483568
      outer loop
         vertex 0.0366592 0.028529 0.0333654
         vertex 0.035319 0.0266525 0.0349432
         vertex 0.0372543 0.0266525 0.0364988
      endloop
   endfacet
   facet normal -0.383964 0.772948 0.505096
      outer loop
         vertex 0.0385071 0.028529 0.0348508
         vertex 0.0372543 0.0266525 0.0364988
         vertex 0.039271 0.0266525 0.0379474
      endloop
   endfacet
   facet normal -0.356056 0.772948 0.525143
      outer loop
         vertex 0.0404328 0.028529 0.036234
         vertex 0.039271 0.0266525 0.0379474
         vertex 0.0413632 0.0266525 0.0392847
      endloop
   endfacet
   facet normal -0.327103 0.772948 0.543649
      outer loop
         vertex 0.0424305 0.028529 0.0375109
         vertex 0.0413632 0.0266525 0.0392847
         vertex 0.0435247 0.0266525 0.0405068
      endloop
   endfacet
   facet normal -0.297191 0.772948 0.560561
      outer loop
         vertex 0.0444944 0.028529 0.0386778
         vertex 0.0435247 0.0266525 0.0405068
         vertex 0.0457492 0.0266525 0.04161
      endloop
   endfacet
   facet normal -0.266407 0.772948 0.575828
      outer loop
         vertex 0.0466184 0.028529 0.0397312
         vertex 0.0457492 0.0266525 0.04161
         vertex 0.0480301 0.0266525 0.0425912
      endloop
   endfacet
   facet normal -0.234841 0.772948 0.589407
      outer loop
         vertex 0.0487964 0.028529 0.0406681
         vertex 0.0480301 0.0266525 0.0425912
         vertex 0.0503608 0.0266525 0.0434475
      endloop
   endfacet
   facet normal -0.202587 0.772948 0.601257
      outer loop
         vertex 0.0510218 0.028529 0.0414857
         vertex 0.0503608 0.0266525 0.0434475
         vertex 0.0527345 0.0266525 0.0441763
      endloop
   endfacet
   facet normal -0.169738 0.772948 0.611343
      outer loop
         vertex 0.0532883 0.028529 0.0421816
         vertex 0.0527345 0.0266525 0.0441763
         vertex 0.0551442 0.0266525 0.0447756
      endloop
   endfacet
   facet normal -0.136392 0.772948 0.619635
      outer loop
         vertex 0.0555892 0.028529 0.0427538
         vertex 0.0551442 0.0266525 0.0447756
         vertex 0.0575827 0.0266525 0.0452435
      endloop
   endfacet
   facet normal -0.102646 0.772948 0.626111
      outer loop
         vertex 0.0579176 0.028529 0.0432006
         vertex 0.0575827 0.0266525 0.0452435
         vertex 0.060043 0.0266525 0.0455787
      endloop
   endfacet
   facet normal -0.0685982 0.772948 0.63075
      outer loop
         vertex 0.0602668 0.028529 0.0435207
         vertex 0.060043 0.0266525 0.0455787
         vertex 0.0625179 0.0266525 0.0457802
      endloop
   endfacet
   facet normal -0.0343495 0.772948 0.633538
      outer loop
         vertex 0.0626299 0.028529 0.0437131
         vertex 0.0625179 0.0266525 0.0457802
         vertex 0.065 0.0266525 0.0458475
      endloop
   endfacet
   facet normal 1.21354e-14 0.772948 0.634469
      outer loop
         vertex 0.065 0.028529 0.0437773
         vertex 0.065 0.0266525 0.0458475
         vertex 0.0674821 0.0266525 0.0457802
      endloop
   endfacet
   facet normal 0.0343495 0.772948 0.633538
      outer loop
         vertex 0.0673701 0.028529 0.0437131
         vertex 0.0674821 0.0266525 0.0457802
         vertex 0.069957 0.0266525 0.0455787
      endloop
   endfacet
   facet normal 0.0685982 0.772948 0.63075
      outer loop
         vertex 0.0697332 0.028529 0.0435207
         vertex 0.069957 0.0266525 0.0455787
         vertex 0.0724173 0.0266525 0.0452435
      endloop
   endfacet
   facet normal 0.102646 0.772948 0.626111
      outer loop
         vertex 0.0720824 0.028529 0.0432006
         vertex 0.0724173 0.0266525 0.0452435
         vertex 0.0748558 0.0266525 0.0447756
      endloop
   endfacet
   facet normal 0.136392 0.772948 0.619635
      outer loop
         vertex 0.0744108 0.028529 0.0427538
         vertex 0.0748558 0.0266525 0.0447756
         vertex 0.0772655 0.0266525 0.0441763
      endloop
   endfacet
   facet normal 0.169738 0.772948 0.611343
      outer loop
         vertex 0.0767117 0.028529 0.0421816
         vertex 0.0772655 0.0266525 0.0441763
         vertex 0.0796392 0.0266525 0.0434475
      endloop
   endfacet
   facet normal 0.202587 0.772948 0.601257
      outer loop
         vertex 0.0789782 0.028529 0.0414857
         vertex 0.0796392 0.0266525 0.0434475
         vertex 0.0819699 0.0266525 0.0425912
      endloop
   endfacet
   facet normal 0.234841 0.772948 0.589407
      outer loop
         vertex 0.0812036 0.028529 0.0406681
         vertex 0.0819699 0.0266525 0.0425912
         vertex 0.0842508 0.0266525 0.04161
      endloop
   endfacet
   facet normal 0.266407 0.772948 0.575828
      outer loop
         vertex 0.0833816 0.028529 0.0397312
         vertex 0.0842508 0.0266525 0.04161
         vertex 0.0864753 0.0266525 0.0405068
      endloop
   endfacet
   facet normal 0.297191 0.772948 0.560561
      outer loop
         vertex 0.0855056 0.028529 0.0386778
         vertex 0.0864753 0.0266525 0.0405068
         vertex 0.0886368 0.0266525 0.0392847
      endloop
   endfacet
   facet normal 0.327103 0.772948 0.543649
      outer loop
         vertex 0.0875695 0.028529 0.0375109
         vertex 0.0886368 0.0266525 0.0392847
         vertex 0.090729 0.0266525 0.0379474
      endloop
   endfacet
   facet normal 0.356056 0.772948 0.525143
      outer loop
         vertex 0.0895672 0.028529 0.036234
         vertex 0.090729 0.0266525 0.0379474
         vertex 0.0927457 0.0266525 0.0364988
      endloop
   endfacet
   facet normal 0.383964 0.772948 0.505096
      outer loop
         vertex 0.0914929 0.028529 0.0348508
         vertex 0.0927457 0.0266525 0.0364988
         vertex 0.094681 0.0266525 0.0349432
      endloop
   endfacet
   facet normal 0.410747 0.772948 0.483568
      outer loop
         vertex 0.0933408 0.028529 0.0333654
         vertex 0.094681 0.0266525 0.0349432
         vertex 0.0965293 0.0266525 0.033285
      endloop
   endfacet
   facet normal 0.436324 0.772948 0.460622
      outer loop
         vertex 0.0951056 0.028529 0.0317821
         vertex 0.0965293 0.0266525 0.033285
         vertex 0.098285 0.0266525 0.0315293
      endloop
   endfacet
   facet normal 0.460622 0.772948 0.436324
      outer loop
         vertex 0.0967821 0.028529 0.0301056
         vertex 0.098285 0.0266525 0.0315293
         vertex 0.0999432 0.0266525 0.029681
      endloop
   endfacet
   facet normal 0.483568 0.772948 0.410747
      outer loop
         vertex 0.0983654 0.028529 0.0283408
         vertex 0.0999432 0.0266525 0.029681
         vertex 0.101499 0.0266525 0.0277457
      endloop
   endfacet
   facet normal 0.505096 0.772948 0.383964
      outer loop
         vertex 0.0998508 0.028529 0.0264929
         vertex 0.101499 0.0266525 0.0277457
         vertex 0.102947 0.0266525 0.025729
      endloop
   endfacet
   facet normal 0.525143 0.772948 0.356056
      outer loop
         vertex 0.101234 0.028529 0.0245672
         vertex 0.102947 0.0266525 0.025729
         vertex 0.104285 0.0266525 0.0236368
      endloop
   endfacet
   facet normal 0.543649 0.772948 0.327103
      outer loop
         vertex 0.102511 0.028529 0.0225695
         vertex 0.104285 0.0266525 0.0236368
         vertex 0.105507 0.0266525 0.0214753
      endloop
   endfacet
   facet normal 0.560561 0.772948 0.297191
      outer loop
         vertex 0.103678 0.028529 0.0205056
         vertex 0.105507 0.0266525 0.0214753
         vertex 0.10661 0.0266525 0.0192508
      endloop
   endfacet
   facet normal 0.575828 0.772948 0.266407
      outer loop
         vertex 0.104731 0.028529 0.0183816
         vertex 0.10661 0.0266525 0.0192508
         vertex 0.107591 0.0266525 0.0169699
      endloop
   endfacet
   facet normal 0.589407 0.772948 0.234841
      outer loop
         vertex 0.105668 0.028529 0.0162036
         vertex 0.107591 0.0266525 0.0169699
         vertex 0.108447 0.0266525 0.0146392
      endloop
   endfacet
   facet normal 0.601257 0.772948 0.202587
      outer loop
         vertex 0.106486 0.028529 0.0139782
         vertex 0.108447 0.0266525 0.0146392
         vertex 0.109176 0.0266525 0.0122655
      endloop
   endfacet
   facet normal 0.611343 0.772948 0.169738
      outer loop
         vertex 0.107182 0.028529 0.0117117
         vertex 0.109176 0.0266525 0.0122655
         vertex 0.109776 0.0266525 0.00985585
      endloop
   endfacet
   facet normal 0.619635 0.772948 0.136392
      outer loop
         vertex 0.107754 0.028529 0.00941082
         vertex 0.109776 0.0266525 0.00985585
         vertex 0.110243 0.0266525 0.00741729
      endloop
   endfacet
   facet normal 0.626111 0.772948 0.102646
      outer loop
         vertex 0.108201 0.028529 0.00708238
         vertex 0.110243 0.0266525 0.00741729
         vertex 0.110579 0.0266525 0.00495698
      endloop
   endfacet
   facet normal 0.63075 0.772948 0.0685982
      outer loop
         vertex 0.108521 0.028529 0.00473316
         vertex 0.110579 0.0266525 0.00495698
         vertex 0.11078 0.0266525 0.00248213
      endloop
   endfacet
   facet normal 0.633538 0.772948 0.0343495
      outer loop
         vertex 0.108713 0.028529 0.00237005
         vertex 0.11078 0.0266525 0.00248213
         vertex 0.110847 0.0266525 0
      endloop
   endfacet
   facet normal -0.634393 0.77301 3.88454e-17
      outer loop
         vertex 0.021225 0.0285307 1.10709e-18
         vertex 0.0212227 0.028529 2.68059e-18
         vertex 0.0212869 0.028529 0.00237005
      endloop
   endfacet
   facet normal -0.554918 0.831361 0.0300868
      outer loop
         vertex 0.0235276 0.0301938 0.00224857
         vertex 0.0212869 0.028529 0.00237005
         vertex 0.0214793 0.028529 0.00473316
      endloop
   endfacet
   facet normal -0.552475 0.831361 0.0600853
      outer loop
         vertex 0.0237102 0.0301938 0.00449054
         vertex 0.0214793 0.028529 0.00473316
         vertex 0.0217994 0.028529 0.00708238
      endloop
   endfacet
   facet normal -0.548412 0.831361 0.0899076
      outer loop
         vertex 0.0240138 0.0301938 0.00671934
         vertex 0.0217994 0.028529 0.00708238
         vertex 0.0222462 0.028529 0.00941082
      endloop
   endfacet
   facet normal -0.54274 0.831361 0.119466
      outer loop
         vertex 0.0244377 0.0301938 0.00892843
         vertex 0.0222462 0.028529 0.00941082
         vertex 0.0228184 0.028529 0.0117117
      endloop
   endfacet
   facet normal -0.535477 0.831361 0.148674
      outer loop
         vertex 0.0249806 0.0301938 0.0111113
         vertex 0.0228184 0.028529 0.0117117
         vertex 0.0235143 0.028529 0.0139782
      endloop
   endfacet
   facet normal -0.526642 0.831361 0.177446
      outer loop
         vertex 0.0256408 0.0301938 0.0132616
         vertex 0.0235143 0.028529 0.0139782
         vertex 0.0243319 0.028529 0.0162036
      endloop
   endfacet
   facet normal -0.516263 0.831361 0.205698
      outer loop
         vertex 0.0264165 0.0301938 0.0153731
         vertex 0.0243319 0.028529 0.0162036
         vertex 0.0252688 0.028529 0.0183816
      endloop
   endfacet
   facet normal -0.50437 0.831361 0.233346
      outer loop
         vertex 0.0273054 0.0301938 0.0174394
         vertex 0.0252688 0.028529 0.0183816
         vertex 0.0263222 0.028529 0.0205056
      endloop
   endfacet
   facet normal -0.490997 0.831361 0.26031
      outer loop
         vertex 0.0283048 0.0301938 0.0194546
         vertex 0.0263222 0.028529 0.0205056
         vertex 0.0274891 0.028529 0.0225695
      endloop
   endfacet
   facet normal -0.476184 0.831361 0.28651
      outer loop
         vertex 0.0294119 0.0301938 0.0214127
         vertex 0.0274891 0.028529 0.0225695
         vertex 0.028766 0.028529 0.0245672
      endloop
   endfacet
   facet normal -0.459974 0.831361 0.31187
      outer loop
         vertex 0.0306233 0.0301938 0.023308
         vertex 0.028766 0.028529 0.0245672
         vertex 0.0301492 0.028529 0.0264929
      endloop
   endfacet
   facet normal -0.442415 0.831361 0.336315
      outer loop
         vertex 0.0319356 0.0301938 0.0251349
         vertex 0.0301492 0.028529 0.0264929
         vertex 0.0316346 0.028529 0.0283408
      endloop
   endfacet
   facet normal -0.423559 0.831361 0.359774
      outer loop
         vertex 0.0333449 0.0301938 0.0268881
         vertex 0.0316346 0.028529 0.0283408
         vertex 0.0332179 0.028529 0.0301056
      endloop
   endfacet
   facet normal -0.40346 0.831361 0.382177
      outer loop
         vertex 0.034847 0.0301938 0.0285624
         vertex 0.0332179 0.028529 0.0301056
         vertex 0.0348944 0.028529 0.0317821
      endloop
   endfacet
   facet normal -0.382177 0.831361 0.40346
      outer loop
         vertex 0.0364376 0.0301938 0.030153
         vertex 0.0348944 0.028529 0.0317821
         vertex 0.0366592 0.028529 0.0333654
      endloop
   endfacet
   facet normal -0.359774 0.831361 0.423559
      outer loop
         vertex 0.0381119 0.0301938 0.0316551
         vertex 0.0366592 0.028529 0.0333654
         vertex 0.0385071 0.028529 0.0348508
      endloop
   endfacet
   facet normal -0.336315 0.831361 0.442415
      outer loop
         vertex 0.0398651 0.0301938 0.0330644
         vertex 0.0385071 0.028529 0.0348508
         vertex 0.0404328 0.028529 0.036234
      endloop
   endfacet
   facet normal -0.31187 0.831361 0.459974
      outer loop
         vertex 0.041692 0.0301938 0.0343767
         vertex 0.0404328 0.028529 0.036234
         vertex 0.0424305 0.028529 0.0375109
      endloop
   endfacet
   facet normal -0.28651 0.831361 0.476184
      outer loop
         vertex 0.0435873 0.0301938 0.0355881
         vertex 0.0424305 0.028529 0.0375109
         vertex 0.0444944 0.028529 0.0386778
      endloop
   endfacet
   facet normal -0.26031 0.831361 0.490997
      outer loop
         vertex 0.0455454 0.0301938 0.0366952
         vertex 0.0444944 0.028529 0.0386778
         vertex 0.0466184 0.028529 0.0397312
      endloop
   endfacet
   facet normal -0.233346 0.831361 0.50437
      outer loop
         vertex 0.0475606 0.0301938 0.0376946
         vertex 0.0466184 0.028529 0.0397312
         vertex 0.0487964 0.028529 0.0406681
      endloop
   endfacet
   facet normal -0.205698 0.831361 0.516263
      outer loop
         vertex 0.0496269 0.0301938 0.0385835
         vertex 0.0487964 0.028529 0.0406681
         vertex 0.0510218 0.028529 0.0414857
      endloop
   endfacet
   facet normal -0.177446 0.831361 0.526642
      outer loop
         vertex 0.0517384 0.0301938 0.0393592
         vertex 0.0510218 0.028529 0.0414857
         vertex 0.0532883 0.028529 0.0421816
      endloop
   endfacet
   facet normal -0.148674 0.831361 0.535477
      outer loop
         vertex 0.0538887 0.0301938 0.0400194
         vertex 0.0532883 0.028529 0.0421816
         vertex 0.0555892 0.028529 0.0427538
      endloop
   endfacet
   facet normal -0.119466 0.831361 0.54274
      outer loop
         vertex 0.0560716 0.0301938 0.0405623
         vertex 0.0555892 0.028529 0.0427538
         vertex 0.0579176 0.028529 0.0432006
      endloop
   endfacet
   facet normal -0.0899076 0.831361 0.548412
      outer loop
         vertex 0.0582807 0.0301938 0.0409862
         vertex 0.0579176 0.028529 0.0432006
         vertex 0.0602668 0.028529 0.0435207
      endloop
   endfacet
   facet normal -0.0600853 0.831361 0.552475
      outer loop
         vertex 0.0605095 0.0301938 0.0412898
         vertex 0.0602668 0.028529 0.0435207
         vertex 0.0626299 0.028529 0.0437131
      endloop
   endfacet
   facet normal -0.0300868 0.831361 0.554918
      outer loop
         vertex 0.0627514 0.0301938 0.0414724
         vertex 0.0626299 0.028529 0.0437131
         vertex 0.065 0.028529 0.0437773
      endloop
   endfacet
   facet normal 1.06294e-14 0.831361 0.555733
      outer loop
         vertex 0.065 0.0301938 0.0415333
         vertex 0.065 0.028529 0.0437773
         vertex 0.0673701 0.028529 0.0437131
      endloop
   endfacet
   facet normal 0.0300868 0.831361 0.554918
      outer loop
         vertex 0.0672486 0.0301938 0.0414724
         vertex 0.0673701 0.028529 0.0437131
         vertex 0.0697332 0.028529 0.0435207
      endloop
   endfacet
   facet normal 0.0600853 0.831361 0.552475
      outer loop
         vertex 0.0694905 0.0301938 0.0412898
         vertex 0.0697332 0.028529 0.0435207
         vertex 0.0720824 0.028529 0.0432006
      endloop
   endfacet
   facet normal 0.0899076 0.831361 0.548412
      outer loop
         vertex 0.0717193 0.0301938 0.0409862
         vertex 0.0720824 0.028529 0.0432006
         vertex 0.0744108 0.028529 0.0427538
      endloop
   endfacet
   facet normal 0.119466 0.831361 0.54274
      outer loop
         vertex 0.0739284 0.0301938 0.0405623
         vertex 0.0744108 0.028529 0.0427538
         vertex 0.0767117 0.028529 0.0421816
      endloop
   endfacet
   facet normal 0.148674 0.831361 0.535477
      outer loop
         vertex 0.0761113 0.0301938 0.0400194
         vertex 0.0767117 0.028529 0.0421816
         vertex 0.0789782 0.028529 0.0414857
      endloop
   endfacet
   facet normal 0.177446 0.831361 0.526642
      outer loop
         vertex 0.0782616 0.0301938 0.0393592
         vertex 0.0789782 0.028529 0.0414857
         vertex 0.0812036 0.028529 0.0406681
      endloop
   endfacet
   facet normal 0.205698 0.831361 0.516263
      outer loop
         vertex 0.0803731 0.0301938 0.0385835
         vertex 0.0812036 0.028529 0.0406681
         vertex 0.0833816 0.028529 0.0397312
      endloop
   endfacet
   facet normal 0.233346 0.831361 0.50437
      outer loop
         vertex 0.0824394 0.0301938 0.0376946
         vertex 0.0833816 0.028529 0.0397312
         vertex 0.0855056 0.028529 0.0386778
      endloop
   endfacet
   facet normal 0.26031 0.831361 0.490997
      outer loop
         vertex 0.0844546 0.0301938 0.0366952
         vertex 0.0855056 0.028529 0.0386778
         vertex 0.0875695 0.028529 0.0375109
      endloop
   endfacet
   facet normal 0.28651 0.831361 0.476184
      outer loop
         vertex 0.0864127 0.0301938 0.0355881
         vertex 0.0875695 0.028529 0.0375109
         vertex 0.0895672 0.028529 0.036234
      endloop
   endfacet
   facet normal 0.31187 0.831361 0.459974
      outer loop
         vertex 0.088308 0.0301938 0.0343767
         vertex 0.0895672 0.028529 0.036234
         vertex 0.0914929 0.028529 0.0348508
      endloop
   endfacet
   facet normal 0.336315 0.831361 0.442415
      outer loop
         vertex 0.0901349 0.0301938 0.0330644
         vertex 0.0914929 0.028529 0.0348508
         vertex 0.0933408 0.028529 0.0333654
      endloop
   endfacet
   facet normal 0.359774 0.831361 0.423559
      outer loop
         vertex 0.0918881 0.0301938 0.0316551
         vertex 0.0933408 0.028529 0.0333654
         vertex 0.0951056 0.028529 0.0317821
      endloop
   endfacet
   facet normal 0.382177 0.831361 0.40346
      outer loop
         vertex 0.0935624 0.0301938 0.030153
         vertex 0.0951056 0.028529 0.0317821
         vertex 0.0967821 0.028529 0.0301056
      endloop
   endfacet
   facet normal 0.40346 0.831361 0.382177
      outer loop
         vertex 0.095153 0.0301938 0.0285624
         vertex 0.0967821 0.028529 0.0301056
         vertex 0.0983654 0.028529 0.0283408
      endloop
   endfacet
   facet normal 0.423559 0.831361 0.359774
      outer loop
         vertex 0.0966551 0.0301938 0.0268881
         vertex 0.0983654 0.028529 0.0283408
         vertex 0.0998508 0.028529 0.0264929
      endloop
   endfacet
   facet normal 0.442415 0.831361 0.336315
      outer loop
         vertex 0.0980644 0.0301938 0.0251349
         vertex 0.0998508 0.028529 0.0264929
         vertex 0.101234 0.028529 0.0245672
      endloop
   endfacet
   facet normal 0.459974 0.831361 0.31187
      outer loop
         vertex 0.0993767 0.0301938 0.023308
         vertex 0.101234 0.028529 0.0245672
         vertex 0.102511 0.028529 0.0225695
      endloop
   endfacet
   facet normal 0.476184 0.831361 0.28651
      outer loop
         vertex 0.100588 0.0301938 0.0214127
         vertex 0.102511 0.028529 0.0225695
         vertex 0.103678 0.028529 0.0205056
      endloop
   endfacet
   facet normal 0.490997 0.831361 0.26031
      outer loop
         vertex 0.101695 0.0301938 0.0194546
         vertex 0.103678 0.028529 0.0205056
         vertex 0.104731 0.028529 0.0183816
      endloop
   endfacet
   facet normal 0.50437 0.831361 0.233346
      outer loop
         vertex 0.102695 0.0301938 0.0174394
         vertex 0.104731 0.028529 0.0183816
         vertex 0.105668 0.028529 0.0162036
      endloop
   endfacet
   facet normal 0.516263 0.831361 0.205698
      outer loop
         vertex 0.103583 0.0301938 0.0153731
         vertex 0.105668 0.028529 0.0162036
         vertex 0.106486 0.028529 0.0139782
      endloop
   endfacet
   facet normal 0.526642 0.831361 0.177446
      outer loop
         vertex 0.104359 0.0301938 0.0132616
         vertex 0.106486 0.028529 0.0139782
         vertex 0.107182 0.028529 0.0117117
      endloop
   endfacet
   facet normal 0.535477 0.831361 0.148674
      outer loop
         vertex 0.105019 0.0301938 0.0111113
         vertex 0.107182 0.028529 0.0117117
         vertex 0.107754 0.028529 0.00941082
      endloop
   endfacet
   facet normal 0.54274 0.831361 0.119466
      outer loop
         vertex 0.105562 0.0301938 0.00892843
         vertex 0.107754 0.028529 0.00941082
         vertex 0.108201 0.028529 0.00708238
      endloop
   endfacet
   facet normal 0.548412 0.831361 0.0899076
      outer loop
         vertex 0.105986 0.0301938 0.00671934
         vertex 0.108201 0.028529 0.00708238
         vertex 0.108521 0.028529 0.00473316
      endloop
   endfacet
   facet normal 0.552475 0.831361 0.0600853
      outer loop
         vertex 0.10629 0.0301938 0.00449054
         vertex 0.108521 0.028529 0.00473316
         vertex 0.108713 0.028529 0.00237005
      endloop
   endfacet
   facet normal 0.634393 0.77301 -1.16536e-16
      outer loop
         vertex 0.108775 0.0285307 -5.83181e-18
         vertex 0.106533 0.0301938 -7.62954e-18
         vertex 0.106472 0.0301938 0.00224857
      endloop
   endfacet
   facet normal -0.555571 0.831469 3.40189e-17
      outer loop
         vertex 0.0234715 0.0301966 9.69529e-19
         vertex 0.0234667 0.0301938 2.54318e-18
         vertex 0.0235276 0.0301938 0.00224857
      endloop
   endfacet
   facet normal -0.470964 0.881783 0.0255349
      outer loop
         vertex 0.0259203 0.0316308 0.00211884
         vertex 0.0235276 0.0301938 0.00224857
         vertex 0.0237102 0.0301938 0.00449054
      endloop
   endfacet
   facet normal -0.468891 0.881783 0.050995
      outer loop
         vertex 0.0260923 0.0316308 0.00423147
         vertex 0.0237102 0.0301938 0.00449054
         vertex 0.0240138 0.0301938 0.00671934
      endloop
   endfacet
   facet normal -0.465443 0.881783 0.0763054
      outer loop
         vertex 0.0263785 0.0316308 0.00633168
         vertex 0.0240138 0.0301938 0.00671934
         vertex 0.0244377 0.0301938 0.00892843
      endloop
   endfacet
   facet normal -0.460629 0.881783 0.101392
      outer loop
         vertex 0.0267779 0.0316308 0.00841332
         vertex 0.0244377 0.0301938 0.00892843
         vertex 0.0249806 0.0301938 0.0111113
      endloop
   endfacet
   facet normal -0.454464 0.881783 0.126181
      outer loop
         vertex 0.0272894 0.0316308 0.0104703
         vertex 0.0249806 0.0301938 0.0111113
         vertex 0.0256408 0.0301938 0.0132616
      endloop
   endfacet
   facet normal -0.446966 0.881783 0.1506
      outer loop
         vertex 0.0279116 0.0316308 0.0124965
         vertex 0.0256408 0.0301938 0.0132616
         vertex 0.0264165 0.0301938 0.0153731
      endloop
   endfacet
   facet normal -0.438157 0.881783 0.174578
      outer loop
         vertex 0.0286425 0.0316308 0.0144861
         vertex 0.0264165 0.0301938 0.0153731
         vertex 0.0273054 0.0301938 0.0174394
      endloop
   endfacet
   facet normal -0.428063 0.881783 0.198043
      outer loop
         vertex 0.0294801 0.0316308 0.0164332
         vertex 0.0273054 0.0301938 0.0174394
         vertex 0.0283048 0.0301938 0.0194546
      endloop
   endfacet
   facet normal -0.416714 0.881783 0.220928
      outer loop
         vertex 0.0304219 0.0316308 0.0183322
         vertex 0.0283048 0.0301938 0.0194546
         vertex 0.0294119 0.0301938 0.0214127
      endloop
   endfacet
   facet normal -0.404142 0.881783 0.243164
      outer loop
         vertex 0.0314651 0.0316308 0.0201773
         vertex 0.0294119 0.0301938 0.0214127
         vertex 0.0306233 0.0301938 0.023308
      endloop
   endfacet
   facet normal -0.390384 0.881783 0.264687
      outer loop
         vertex 0.0326066 0.0316308 0.0219632
         vertex 0.0306233 0.0301938 0.023308
         vertex 0.0319356 0.0301938 0.0251349
      endloop
   endfacet
   facet normal -0.375482 0.881783 0.285434
      outer loop
         vertex 0.0338432 0.0316308 0.0236848
         vertex 0.0319356 0.0301938 0.0251349
         vertex 0.0333449 0.0301938 0.0268881
      endloop
   endfacet
   facet normal -0.359478 0.881783 0.305344
      outer loop
         vertex 0.0351712 0.0316308 0.0253368
         vertex 0.0333449 0.0301938 0.0268881
         vertex 0.034847 0.0301938 0.0285624
      endloop
   endfacet
   facet normal -0.34242 0.881783 0.324357
      outer loop
         vertex 0.0365866 0.0316308 0.0269146
         vertex 0.034847 0.0301938 0.0285624
         vertex 0.0364376 0.0301938 0.030153
      endloop
   endfacet
   facet normal -0.324357 0.881783 0.34242
      outer loop
         vertex 0.0380854 0.0316308 0.0284134
         vertex 0.0364376 0.0301938 0.030153
         vertex 0.0381119 0.0301938 0.0316551
      endloop
   endfacet
   facet normal -0.305344 0.881783 0.359478
      outer loop
         vertex 0.0396632 0.0316308 0.0298288
         vertex 0.0381119 0.0301938 0.0316551
         vertex 0.0398651 0.0301938 0.0330644
      endloop
   endfacet
   facet normal -0.285434 0.881783 0.375482
      outer loop
         vertex 0.0413152 0.0316308 0.0311568
         vertex 0.0398651 0.0301938 0.0330644
         vertex 0.041692 0.0301938 0.0343767
      endloop
   endfacet
   facet normal -0.264687 0.881783 0.390384
      outer loop
         vertex 0.0430368 0.0316308 0.0323934
         vertex 0.041692 0.0301938 0.0343767
         vertex 0.0435873 0.0301938 0.0355881
      endloop
   endfacet
   facet normal -0.243164 0.881783 0.404142
      outer loop
         vertex 0.0448227 0.0316308 0.0335349
         vertex 0.0435873 0.0301938 0.0355881
         vertex 0.0455454 0.0301938 0.0366952
      endloop
   endfacet
   facet normal -0.220928 0.881783 0.416714
      outer loop
         vertex 0.0466678 0.0316308 0.0345781
         vertex 0.0455454 0.0301938 0.0366952
         vertex 0.0475606 0.0301938 0.0376946
      endloop
   endfacet
   facet normal -0.198043 0.881783 0.428063
      outer loop
         vertex 0.0485668 0.0316308 0.0355199
         vertex 0.0475606 0.0301938 0.0376946
         vertex 0.0496269 0.0301938 0.0385835
      endloop
   endfacet
   facet normal -0.174578 0.881783 0.438157
      outer loop
         vertex 0.0505139 0.0316308 0.0363575
         vertex 0.0496269 0.0301938 0.0385835
         vertex 0.0517384 0.0301938 0.0393592
      endloop
   endfacet
   facet normal -0.1506 0.881783 0.446966
      outer loop
         vertex 0.0525035 0.0316308 0.0370884
         vertex 0.0517384 0.0301938 0.0393592
         vertex 0.0538887 0.0301938 0.0400194
      endloop
   endfacet
   facet normal -0.126181 0.881783 0.454464
      outer loop
         vertex 0.0545297 0.0316308 0.0377106
         vertex 0.0538887 0.0301938 0.0400194
         vertex 0.0560716 0.0301938 0.0405623
      endloop
   endfacet
   facet normal -0.101392 0.881783 0.460629
      outer loop
         vertex 0.0565867 0.0316308 0.0382221
         vertex 0.0560716 0.0301938 0.0405623
         vertex 0.0582807 0.0301938 0.0409862
      endloop
   endfacet
   facet normal -0.0763054 0.881783 0.465443
      outer loop
         vertex 0.0586683 0.0316308 0.0386215
         vertex 0.0582807 0.0301938 0.0409862
         vertex 0.0605095 0.0301938 0.0412898
      endloop
   endfacet
   facet normal -0.050995 0.881783 0.468891
      outer loop
         vertex 0.0607685 0.0316308 0.0389077
         vertex 0.0605095 0.0301938 0.0412898
         vertex 0.0627514 0.0301938 0.0414724
      endloop
   endfacet
   facet normal -0.0255349 0.881783 0.470964
      outer loop
         vertex 0.0628812 0.0316308 0.0390797
         vertex 0.0627514 0.0301938 0.0414724
         vertex 0.065 0.0301938 0.0415333
      endloop
   endfacet
   facet normal 9.0213e-15 0.881783 0.471656
      outer loop
         vertex 0.065 0.0316308 0.0391371
         vertex 0.065 0.0301938 0.0415333
         vertex 0.0672486 0.0301938 0.0414724
      endloop
   endfacet
   facet normal 0.0255349 0.881783 0.470964
      outer loop
         vertex 0.0671188 0.0316308 0.0390797
         vertex 0.0672486 0.0301938 0.0414724
         vertex 0.0694905 0.0301938 0.0412898
      endloop
   endfacet
   facet normal 0.050995 0.881783 0.468891
      outer loop
         vertex 0.0692315 0.0316308 0.0389077
         vertex 0.0694905 0.0301938 0.0412898
         vertex 0.0717193 0.0301938 0.0409862
      endloop
   endfacet
   facet normal 0.0763054 0.881783 0.465443
      outer loop
         vertex 0.0713317 0.0316308 0.0386215
         vertex 0.0717193 0.0301938 0.0409862
         vertex 0.0739284 0.0301938 0.0405623
      endloop
   endfacet
   facet normal 0.101392 0.881783 0.460629
      outer loop
         vertex 0.0734133 0.0316308 0.0382221
         vertex 0.0739284 0.0301938 0.0405623
         vertex 0.0761113 0.0301938 0.0400194
      endloop
   endfacet
   facet normal 0.126181 0.881783 0.454464
      outer loop
         vertex 0.0754703 0.0316308 0.0377106
         vertex 0.0761113 0.0301938 0.0400194
         vertex 0.0782616 0.0301938 0.0393592
      endloop
   endfacet
   facet normal 0.1506 0.881783 0.446966
      outer loop
         vertex 0.0774965 0.0316308 0.0370884
         vertex 0.0782616 0.0301938 0.0393592
         vertex 0.0803731 0.0301938 0.0385835
      endloop
   endfacet
   facet normal 0.174578 0.881783 0.438157
      outer loop
         vertex 0.0794861 0.0316308 0.0363575
         vertex 0.0803731 0.0301938 0.0385835
         vertex 0.0824394 0.0301938 0.0376946
      endloop
   endfacet
   facet normal 0.198043 0.881783 0.428063
      outer loop
         vertex 0.0814332 0.0316308 0.0355199
         vertex 0.0824394 0.0301938 0.0376946
         vertex 0.0844546 0.0301938 0.0366952
      endloop
   endfacet
   facet normal 0.220928 0.881783 0.416714
      outer loop
         vertex 0.0833322 0.0316308 0.0345781
         vertex 0.0844546 0.0301938 0.0366952
         vertex 0.0864127 0.0301938 0.0355881
      endloop
   endfacet
   facet normal 0.243164 0.881783 0.404142
      outer loop
         vertex 0.0851773 0.0316308 0.0335349
         vertex 0.0864127 0.0301938 0.0355881
         vertex 0.088308 0.0301938 0.0343767
      endloop
   endfacet
   facet normal 0.264687 0.881783 0.390384
      outer loop
         vertex 0.0869632 0.0316308 0.0323934
         vertex 0.088308 0.0301938 0.0343767
         vertex 0.0901349 0.0301938 0.0330644
      endloop
   endfacet
   facet normal 0.285434 0.881783 0.375482
      outer loop
         vertex 0.0886848 0.0316308 0.0311568
         vertex 0.0901349 0.0301938 0.0330644
         vertex 0.0918881 0.0301938 0.0316551
      endloop
   endfacet
   facet normal 0.305344 0.881783 0.359478
      outer loop
         vertex 0.0903368 0.0316308 0.0298288
         vertex 0.0918881 0.0301938 0.0316551
         vertex 0.0935624 0.0301938 0.030153
      endloop
   endfacet
   facet normal 0.324357 0.881783 0.34242
      outer loop
         vertex 0.0919146 0.0316308 0.0284134
         vertex 0.0935624 0.0301938 0.030153
         vertex 0.095153 0.0301938 0.0285624
      endloop
   endfacet
   facet normal 0.34242 0.881783 0.324357
      outer loop
         vertex 0.0934134 0.0316308 0.0269146
         vertex 0.095153 0.0301938 0.0285624
         vertex 0.0966551 0.0301938 0.0268881
      endloop
   endfacet
   facet normal 0.359478 0.881783 0.305344
      outer loop
         vertex 0.0948288 0.0316308 0.0253368
         vertex 0.0966551 0.0301938 0.0268881
         vertex 0.0980644 0.0301938 0.0251349
      endloop
   endfacet
   facet normal 0.375482 0.881783 0.285434
      outer loop
         vertex 0.0961568 0.0316308 0.0236848
         vertex 0.0980644 0.0301938 0.0251349
         vertex 0.0993767 0.0301938 0.023308
      endloop
   endfacet
   facet normal 0.390384 0.881783 0.264687
      outer loop
         vertex 0.0973934 0.0316308 0.0219632
         vertex 0.0993767 0.0301938 0.023308
         vertex 0.100588 0.0301938 0.0214127
      endloop
   endfacet
   facet normal 0.404142 0.881783 0.243164
      outer loop
         vertex 0.0985349 0.0316308 0.0201773
         vertex 0.100588 0.0301938 0.0214127
         vertex 0.101695 0.0301938 0.0194546
      endloop
   endfacet
   facet normal 0.416714 0.881783 0.220928
      outer loop
         vertex 0.0995781 0.0316308 0.0183322
         vertex 0.101695 0.0301938 0.0194546
         vertex 0.102695 0.0301938 0.0174394
      endloop
   endfacet
   facet normal 0.428063 0.881783 0.198043
      outer loop
         vertex 0.10052 0.0316308 0.0164332
         vertex 0.102695 0.0301938 0.0174394
         vertex 0.103583 0.0301938 0.0153731
      endloop
   endfacet
   facet normal 0.438157 0.881783 0.174578
      outer loop
         vertex 0.101357 0.0316308 0.0144861
         vertex 0.103583 0.0301938 0.0153731
         vertex 0.104359 0.0301938 0.0132616
      endloop
   endfacet
   facet normal 0.446966 0.881783 0.1506
      outer loop
         vertex 0.102088 0.0316308 0.0124965
         vertex 0.104359 0.0301938 0.0132616
         vertex 0.105019 0.0301938 0.0111113
      endloop
   endfacet
   facet normal 0.454464 0.881783 0.126181
      outer loop
         vertex 0.102711 0.0316308 0.0104703
         vertex 0.105019 0.0301938 0.0111113
         vertex 0.105562 0.0301938 0.00892843
      endloop
   endfacet
   facet normal 0.460629 0.881783 0.101392
      outer loop
         vertex 0.103222 0.0316308 0.00841332
         vertex 0.105562 0.0301938 0.00892843
         vertex 0.105986 0.0301938 0.00671934
      endloop
   endfacet
   facet normal 0.465443 0.881783 0.0763054
      outer loop
         vertex 0.103622 0.0316308 0.00633168
         vertex 0.105986 0.0301938 0.00671934
         vertex 0.10629 0.0301938 0.00449054
      endloop
   endfacet
   facet normal 0.468891 0.881783 0.050995
      outer loop
         vertex 0.103908 0.0316308 0.00423147
         vertex 0.10629 0.0301938 0.00449054
         vertex 0.106472 0.0301938 0.00224857
      endloop
   endfacet
   facet normal 0.555571 0.831469 -1.02057e-16
      outer loop
         vertex 0.106529 0.0301966 -5.96936e-18
         vertex 0.104137 0.0316308 8.23097e-19
         vertex 0.10408 0.0316308 0.00211884
      endloop
   endfacet
   facet normal -0.0694976 0.766044 0.63902
      outer loop
         vertex 0.0614861 0.0372 0.0323095
         vertex 0.0607685 0.0316308 0.0389077
         vertex 0.0628812 0.0316308 0.0390797
      endloop
   endfacet
   facet normal -0.0347998 0.766044 0.641845
      outer loop
         vertex 0.0628812 0.0316308 0.0390797
         vertex 0.065 0.0372 0.0325
         vertex 0.0614861 0.0372 0.0323095
      endloop
   endfacet
   facet normal -0.13818 0.766044 0.62776
      outer loop
         vertex 0.0580135 0.0372 0.0317402
         vertex 0.0565867 0.0316308 0.0382221
         vertex 0.0586683 0.0316308 0.0386215
      endloop
   endfacet
   facet normal -0.103991 0.766044 0.63432
      outer loop
         vertex 0.0586683 0.0316308 0.0386215
         vertex 0.0614861 0.0372 0.0323095
         vertex 0.0580135 0.0372 0.0317402
      endloop
   endfacet
   facet normal -0.205243 0.766044 0.60914
      outer loop
         vertex 0.0546227 0.0372 0.0307987
         vertex 0.0525035 0.0316308 0.0370884
         vertex 0.0545297 0.0316308 0.0377106
      endloop
   endfacet
   facet normal -0.171964 0.766044 0.619358
      outer loop
         vertex 0.0545297 0.0316308 0.0377106
         vertex 0.0580135 0.0372 0.0317402
         vertex 0.0546227 0.0372 0.0307987
      endloop
   endfacet
   facet normal -0.2699 0.766044 0.583378
      outer loop
         vertex 0.0513536 0.0372 0.0294962
         vertex 0.0485668 0.0316308 0.0355199
         vertex 0.0505139 0.0316308 0.0363575
      endloop
   endfacet
   facet normal -0.23792 0.766044 0.597135
      outer loop
         vertex 0.0505139 0.0316308 0.0363575
         vertex 0.0546227 0.0372 0.0307987
         vertex 0.0513536 0.0372 0.0294962
      endloop
   endfacet
   facet normal -0.331392 0.766044 0.550777
      outer loop
         vertex 0.0482445 0.0372 0.0278479
         vertex 0.0448227 0.0316308 0.0335349
         vertex 0.0466678 0.0316308 0.0345781
      endloop
   endfacet
   facet normal -0.301087 0.766044 0.567911
      outer loop
         vertex 0.0466678 0.0316308 0.0345781
         vertex 0.0513536 0.0372 0.0294962
         vertex 0.0482445 0.0372 0.0278479
      endloop
   endfacet
   facet normal -0.388998 0.766044 0.511719
      outer loop
         vertex 0.0453318 0.0372 0.025873
         vertex 0.0413152 0.0316308 0.0311568
         vertex 0.0430368 0.0316308 0.0323934
      endloop
   endfacet
   facet normal -0.360724 0.766044 0.532028
      outer loop
         vertex 0.0430368 0.0316308 0.0323934
         vertex 0.0482445 0.0372 0.0278479
         vertex 0.0453318 0.0372 0.025873
      endloop
   endfacet
   facet normal -0.442045 0.766044 0.466661
      outer loop
         vertex 0.0426498 0.0372 0.0235949
         vertex 0.0380854 0.0316308 0.0284134
         vertex 0.0396632 0.0316308 0.0298288
      endloop
   endfacet
   facet normal -0.416132 0.766044 0.489908
      outer loop
         vertex 0.0396632 0.0316308 0.0298288
         vertex 0.0453318 0.0372 0.025873
         vertex 0.0426498 0.0372 0.0235949
      endloop
   endfacet
   facet normal -0.489908 0.766044 0.416132
      outer loop
         vertex 0.0402297 0.0372 0.0210401
         vertex 0.0351712 0.0316308 0.0253368
         vertex 0.0365866 0.0316308 0.0269146
      endloop
   endfacet
   facet normal -0.466661 0.766044 0.442045
      outer loop
         vertex 0.0365866 0.0316308 0.0269146
         vertex 0.0426498 0.0372 0.0235949
         vertex 0.0402297 0.0372 0.0210401
      endloop
   endfacet
   facet normal -0.532028 0.766044 0.360724
      outer loop
         vertex 0.0381001 0.0372 0.0182386
         vertex 0.0326066 0.0316308 0.0219632
         vertex 0.0338432 0.0316308 0.0236848
      endloop
   endfacet
   facet normal -0.511719 0.766044 0.388998
      outer loop
         vertex 0.0338432 0.0316308 0.0236848
         vertex 0.0402297 0.0372 0.0210401
         vertex 0.0381001 0.0372 0.0182386
      endloop
   endfacet
   facet normal -0.567911 0.766044 0.301087
      outer loop
         vertex 0.0362859 0.0372 0.0152233
         vertex 0.0304219 0.0316308 0.0183322
         vertex 0.0314651 0.0316308 0.0201773
      endloop
   endfacet
   facet normal -0.550777 0.766044 0.331392
      outer loop
         vertex 0.0314651 0.0316308 0.0201773
         vertex 0.0381001 0.0372 0.0182386
         vertex 0.0362859 0.0372 0.0152233
      endloop
   endfacet
   facet normal -0.597135 0.766044 0.23792
      outer loop
         vertex 0.0348083 0.0372 0.0120295
         vertex 0.0286425 0.0316308 0.0144861
         vertex 0.0294801 0.0316308 0.0164332
      endloop
   endfacet
   facet normal -0.583378 0.766044 0.2699
      outer loop
         vertex 0.0294801 0.0316308 0.0164332
         vertex 0.0362859 0.0372 0.0152233
         vertex 0.0348083 0.0372 0.0120295
      endloop
   endfacet
   facet normal -0.619358 0.766044 0.171964
      outer loop
         vertex 0.0336846 0.0372 0.00869467
         vertex 0.0272894 0.0316308 0.0104703
         vertex 0.0279116 0.0316308 0.0124965
      endloop
   endfacet
   facet normal -0.60914 0.766044 0.205243
      outer loop
         vertex 0.0279116 0.0316308 0.0124965
         vertex 0.0348083 0.0372 0.0120295
         vertex 0.0336846 0.0372 0.00869467
      endloop
   endfacet
   facet normal -0.63432 0.766044 0.103991
      outer loop
         vertex 0.0329281 0.0372 0.00525791
         vertex 0.0263785 0.0316308 0.00633168
         vertex 0.0267779 0.0316308 0.00841332
      endloop
   endfacet
   facet normal -0.62776 0.766044 0.13818
      outer loop
         vertex 0.0267779 0.0316308 0.00841332
         vertex 0.0336846 0.0372 0.00869467
         vertex 0.0329281 0.0372 0.00525791
      endloop
   endfacet
   facet normal -0.641845 0.766044 0.0347998
      outer loop
         vertex 0.0325477 0.0372 0.00175951
         vertex 0.0259203 0.0316308 0.00211884
         vertex 0.0260923 0.0316308 0.00423147
      endloop
   endfacet
   facet normal -0.63902 0.766044 0.0694976
      outer loop
         vertex 0.0260923 0.0316308 0.00423147
         vertex 0.0329281 0.0372 0.00525791
         vertex 0.0325477 0.0372 0.00175951
      endloop
   endfacet
   facet normal 0.63432 0.766044 0.103991
      outer loop
         vertex 0.0970719 0.0372 0.00525791
         vertex 0.103622 0.0316308 0.00633168
         vertex 0.103908 0.0316308 0.00423147
      endloop
   endfacet
   facet normal 0.63902 0.766044 0.0694976
      outer loop
         vertex 0.103908 0.0316308 0.00423147
         vertex 0.0974523 0.0372 0.00175951
         vertex 0.0970719 0.0372 0.00525791
      endloop
   endfacet
   facet normal 0.619358 0.766044 0.171964
      outer loop
         vertex 0.0963154 0.0372 0.00869467
         vertex 0.102711 0.0316308 0.0104703
         vertex 0.103222 0.0316308 0.00841332
      endloop
   endfacet
   facet normal 0.62776 0.766044 0.13818
      outer loop
         vertex 0.103222 0.0316308 0.00841332
         vertex 0.0970719 0.0372 0.00525791
         vertex 0.0963154 0.0372 0.00869467
      endloop
   endfacet
   facet normal 0.597135 0.766044 0.23792
      outer loop
         vertex 0.0951917 0.0372 0.0120295
         vertex 0.101357 0.0316308 0.0144861
         vertex 0.102088 0.0316308 0.0124965
      endloop
   endfacet
   facet normal 0.60914 0.766044 0.205243
      outer loop
         vertex 0.102088 0.0316308 0.0124965
         vertex 0.0963154 0.0372 0.00869467
         vertex 0.0951917 0.0372 0.0120295
      endloop
   endfacet
   facet normal 0.567911 0.766044 0.301087
      outer loop
         vertex 0.0937141 0.0372 0.0152233
         vertex 0.0995781 0.0316308 0.0183322
         vertex 0.10052 0.0316308 0.0164332
      endloop
   endfacet
   facet normal 0.583378 0.766044 0.2699
      outer loop
         vertex 0.10052 0.0316308 0.0164332
         vertex 0.0951917 0.0372 0.0120295
         vertex 0.0937141 0.0372 0.0152233
      endloop
   endfacet
   facet normal 0.532028 0.766044 0.360724
      outer loop
         vertex 0.0918999 0.0372 0.0182386
         vertex 0.0973934 0.0316308 0.0219632
         vertex 0.0985349 0.0316308 0.0201773
      endloop
   endfacet
   facet normal 0.550777 0.766044 0.331392
      outer loop
         vertex 0.0985349 0.0316308 0.0201773
         vertex 0.0937141 0.0372 0.0152233
         vertex 0.0918999 0.0372 0.0182386
      endloop
   endfacet
   facet normal 0.489908 0.766044 0.416132
      outer loop
         vertex 0.0897703 0.0372 0.0210401
         vertex 0.0948288 0.0316308 0.0253368
         vertex 0.0961568 0.0316308 0.0236848
      endloop
   endfacet
   facet normal 0.511719 0.766044 0.388998
      outer loop
         vertex 0.0961568 0.0316308 0.0236848
         vertex 0.0918999 0.0372 0.0182386
         vertex 0.0897703 0.0372 0.0210401
      endloop
   endfacet
   facet normal 0.442045 0.766044 0.466661
      outer loop
         vertex 0.0873502 0.0372 0.0235949
         vertex 0.0919146 0.0316308 0.0284134
         vertex 0.0934134 0.0316308 0.0269146
      endloop
   endfacet
   facet normal 0.466661 0.766044 0.442045
      outer loop
         vertex 0.0934134 0.0316308 0.0269146
         vertex 0.0897703 0.0372 0.0210401
         vertex 0.0873502 0.0372 0.0235949
      endloop
   endfacet
   facet normal 0.388998 0.766044 0.511719
      outer loop
         vertex 0.0846682 0.0372 0.025873
         vertex 0.0886848 0.0316308 0.0311568
         vertex 0.0903368 0.0316308 0.0298288
      endloop
   endfacet
   facet normal 0.416132 0.766044 0.489908
      outer loop
         vertex 0.0903368 0.0316308 0.0298288
         vertex 0.0873502 0.0372 0.0235949
         vertex 0.0846682 0.0372 0.025873
      endloop
   endfacet
   facet normal 0.331392 0.766044 0.550777
      outer loop
         vertex 0.0817555 0.0372 0.0278479
         vertex 0.0851773 0.0316308 0.0335349
         vertex 0.0869632 0.0316308 0.0323934
      endloop
   endfacet
   facet normal 0.360724 0.766044 0.532028
      outer loop
         vertex 0.0869632 0.0316308 0.0323934
         vertex 0.0846682 0.0372 0.025873
         vertex 0.0817555 0.0372 0.0278479
      endloop
   endfacet
   facet normal 0.2699 0.766044 0.583378
      outer loop
         vertex 0.0786464 0.0372 0.0294962
         vertex 0.0814332 0.0316308 0.0355199
         vertex 0.0833322 0.0316308 0.0345781
      endloop
   endfacet
   facet normal 0.301087 0.766044 0.567911
      outer loop
         vertex 0.0833322 0.0316308 0.0345781
         vertex 0.0817555 0.0372 0.0278479
         vertex 0.0786464 0.0372 0.0294962
      endloop
   endfacet
   facet normal 0.205243 0.766044 0.60914
      outer loop
         vertex 0.0753773 0.0372 0.0307987
         vertex 0.0774965 0.0316308 0.0370884
         vertex 0.0794861 0.0316308 0.0363575
      endloop
   endfacet
   facet normal 0.23792 0.766044 0.597135
      outer loop
         vertex 0.0794861 0.0316308 0.0363575
         vertex 0.0786464 0.0372 0.0294962
         vertex 0.0753773 0.0372 0.0307987
      endloop
   endfacet
   facet normal 0.13818 0.766044 0.62776
      outer loop
         vertex 0.0719865 0.0372 0.0317402
         vertex 0.0734133 0.0316308 0.0382221
         vertex 0.0754703 0.0316308 0.0377106
      endloop
   endfacet
   facet normal 0.171964 0.766044 0.619358
      outer loop
         vertex 0.0754703 0.0316308 0.0377106
         vertex 0.0753773 0.0372 0.0307987
         vertex 0.0719865 0.0372 0.0317402
      endloop
   endfacet
   facet normal 0.0694976 0.766044 0.63902
      outer loop
         vertex 0.0685139 0.0372 0.0323095
         vertex 0.0692315 0.0316308 0.0389077
         vertex 0.0713317 0.0316308 0.0386215
      endloop
   endfacet
   facet normal 0.103991 0.766044 0.63432
      outer loop
         vertex 0.0713317 0.0316308 0.0386215
         vertex 0.0719865 0.0372 0.0317402
         vertex 0.0685139 0.0372 0.0323095
      endloop
   endfacet
   facet normal 0 0.766044 0.642788
      outer loop
         vertex 0.065 0.0372 0.0325
         vertex 0.065 0.0316308 0.0391371
         vertex 0.0671188 0.0316308 0.0390797
      endloop
   endfacet
   facet normal 0.0347998 0.766044 0.641845
      outer loop
         vertex 0.0671188 0.0316308 0.0390797
         vertex 0.0685139 0.0372 0.0323095
         vertex 0.065 0.0372 0.0325
      endloop
   endfacet
   facet normal -0.489908 0.766044 -0.416132
      outer loop
         vertex 0.0402297 0.0372 -0.0210401
         vertex 0.0382274 0.0349471 -0.0227388
         vertex 0.0365116 0.0348628 -0.02082
      endloop
   endfacet
   facet normal -0.518968 0.766044 -0.379273
      outer loop
         vertex 0.0365116 0.0348628 -0.02082
         vertex 0.0381001 0.0372 -0.0182386
         vertex 0.0402297 0.0372 -0.0210401
      endloop
   endfacet
   facet normal -0.567911 0.766044 -0.301087
      outer loop
         vertex 0.0362859 0.0372 -0.0152233
         vertex 0.0381001 0.0372 -0.0182386
         vertex 0.0357265 0.0347398 -0.0198412
      endloop
   endfacet
   facet normal -0.532086 0.766044 -0.360639
      outer loop
         vertex 0.0357265 0.0347398 -0.0198412
         vertex 0.0337487 0.0344301 -0.0173755
         vertex 0.0362859 0.0372 -0.0152233
      endloop
   endfacet
   facet normal -0.597135 0.766044 -0.23792
      outer loop
         vertex 0.0348083 0.0372 -0.0120295
         vertex 0.0362859 0.0372 -0.0152233
         vertex 0.0332945 0.034359 -0.0168092
      endloop
   endfacet
   facet normal -0.567911 0.766044 -0.301087
      outer loop
         vertex 0.0332945 0.034359 -0.0168092
         vertex 0.0310323 0.0337717 -0.013584
         vertex 0.0348083 0.0372 -0.0120295
      endloop
   endfacet
   facet normal -0.619358 0.766044 -0.171964
      outer loop
         vertex 0.0336846 0.0372 -0.00869467
         vertex 0.0348083 0.0372 -0.0120295
         vertex 0.0310048 0.0337646 -0.0135449
      endloop
   endfacet
   facet normal -0.63432 0.766044 -0.103991
      outer loop
         vertex 0.0329281 0.0372 -0.00525791
         vertex 0.0336846 0.0372 -0.00869467
         vertex 0.0288986 0.0330322 -0.0100235
      endloop
   endfacet
   facet normal -0.619358 0.766044 -0.171964
      outer loop
         vertex 0.0288986 0.0330322 -0.0100235
         vertex 0.0283986 0.0328306 -0.00906519
         vertex 0.0329281 0.0372 -0.00525791
      endloop
   endfacet
   facet normal -0.641845 0.766044 -0.0347998
      outer loop
         vertex 0.0325477 0.0372 -0.00175951
         vertex 0.0329281 0.0372 -0.00525791
         vertex 0.0271265 0.0322669 -0.00620904
      endloop
   endfacet
   facet normal -0.63432 0.766044 -0.103991
      outer loop
         vertex 0.0271265 0.0322669 -0.00620904
         vertex 0.0264626 0.0319425 -0.0042005
         vertex 0.0325477 0.0372 -0.00175951
      endloop
   endfacet
   facet normal -0.639003 0.766044 -0.06965
      outer loop
         vertex 0.0264626 0.0319425 -0.0042005
         vertex 0.0262078 0.0318123 -0.00316194
         vertex 0.0325477 0.0372 -0.00175951
      endloop
   endfacet
   facet normal -0.641845 0.766044 0.0347998
      outer loop
         vertex 0.0325477 0.0372 0.00175951
         vertex 0.0258703 0.0316347 -0.000163309
         vertex 0.0258629 0.0316308 8.23097e-19
      endloop
   endfacet
   facet normal -0.641845 0.766044 -0.0347998
      outer loop
         vertex 0.0325477 0.0372 -0.00175951
         vertex 0.0259212 0.0316619 -0.00128867
         vertex 0.0258703 0.0316347 -0.000163309
      endloop
   endfacet
   facet normal -0.641845 0.766044 -0.0347998
      outer loop
         vertex 0.0325477 0.0372 -0.00175951
         vertex 0.0260188 0.0317136 -0.0021135
         vertex 0.0259212 0.0316619 -0.00128867
      endloop
   endfacet
   facet normal -0.642782 0.766044 -0.00268267
      outer loop
         vertex 0.0258703 0.0316347 -0.000163309
         vertex 0.0325477 0.0372 0.00175951
         vertex 0.0325477 0.0372 -0.00175951
      endloop
   endfacet
   facet normal 0.641845 0.766044 -0.0347998
      outer loop
         vertex 0.0974523 0.0372 -0.00175951
         vertex 0.10413 0.0316348 -0.000457893
         vertex 0.104048 0.0316781 -0.00159239
      endloop
   endfacet
   facet normal 0.641845 0.766044 -0.0347998
      outer loop
         vertex 0.0974523 0.0372 -0.00175951
         vertex 0.104137 0.0316308 8.23097e-19
         vertex 0.10413 0.0316348 -0.000457893
      endloop
   endfacet
   facet normal 0.641845 0.766044 0.0347998
      outer loop
         vertex 0.0974523 0.0372 0.00175951
         vertex 0.10408 0.0316308 0.00211884
         vertex 0.104137 0.0316308 8.23097e-19
      endloop
   endfacet
   facet normal 0.642788 0.766044 -1.18078e-16
      outer loop
         vertex 0.104137 0.0316308 8.23097e-19
         vertex 0.0974523 0.0372 -0.00175951
         vertex 0.0974523 0.0372 0.00175951
      endloop
   endfacet
   facet normal 0.641845 0.766044 -0.0347998
      outer loop
         vertex 0.0974523 0.0372 -0.00175951
         vertex 0.103323 0.0320494 -0.00492274
         vertex 0.10285 0.0322744 -0.00620205
      endloop
   endfacet
   facet normal 0.641845 0.766044 -0.0347998
      outer loop
         vertex 0.0974523 0.0372 -0.00175951
         vertex 0.103636 0.0318926 -0.00382976
         vertex 0.103323 0.0320494 -0.00492274
      endloop
   endfacet
   facet normal 0.641845 0.766044 -0.0347998
      outer loop
         vertex 0.0974523 0.0372 -0.00175951
         vertex 0.103971 0.0317188 -0.00211256
         vertex 0.103881 0.031766 -0.00271602
      endloop
   endfacet
   facet normal 0.641225 0.766044 -0.0447923
      outer loop
         vertex 0.103881 0.031766 -0.00271602
         vertex 0.103636 0.0318926 -0.00382976
         vertex 0.0974523 0.0372 -0.00175951
      endloop
   endfacet
   facet normal 0.63432 0.766044 -0.103991
      outer loop
         vertex 0.0970719 0.0372 -0.00525791
         vertex 0.101601 0.0328306 -0.00906519
         vertex 0.101084 0.0330306 -0.0100132
      endloop
   endfacet
   facet normal 0.63432 0.766044 -0.103991
      outer loop
         vertex 0.0970719 0.0372 -0.00525791
         vertex 0.10285 0.0322744 -0.00620205
         vertex 0.102543 0.0324204 -0.00703197
      endloop
   endfacet
   facet normal 0.631801 0.766044 -0.118338
      outer loop
         vertex 0.102543 0.0324204 -0.00703197
         vertex 0.101601 0.0328306 -0.00906519
         vertex 0.0970719 0.0372 -0.00525791
      endloop
   endfacet
   facet normal 0.619358 0.766044 -0.171964
      outer loop
         vertex 0.0963154 0.0372 -0.00869467
         vertex 0.100347 0.0333158 -0.0113646
         vertex 0.0989942 0.0337641 -0.0135442
      endloop
   endfacet
   facet normal 0.619358 0.766044 -0.171964
      outer loop
         vertex 0.0963154 0.0372 -0.00869467
         vertex 0.101084 0.0330306 -0.0100132
         vertex 0.100347 0.0333158 -0.0113646
      endloop
   endfacet
   facet normal 0.597135 0.766044 -0.23792
      outer loop
         vertex 0.0951917 0.0372 -0.0120295
         vertex 0.098968 0.0337728 -0.0135864
         vertex 0.096689 0.0343437 -0.0167942
      endloop
   endfacet
   facet normal 0.597135 0.766044 -0.23792
      outer loop
         vertex 0.0951917 0.0372 -0.0120295
         vertex 0.0989942 0.0337641 -0.0135442
         vertex 0.098968 0.0337728 -0.0135864
      endloop
   endfacet
   facet normal 0.567911 0.766044 -0.301087
      outer loop
         vertex 0.0937141 0.0372 -0.0152233
         vertex 0.096255 0.0344524 -0.0174052
         vertex 0.0942781 0.0347456 -0.0198452
      endloop
   endfacet
   facet normal 0.567911 0.766044 -0.301087
      outer loop
         vertex 0.0937141 0.0372 -0.0152233
         vertex 0.096689 0.0343437 -0.0167942
         vertex 0.096255 0.0344524 -0.0174052
      endloop
   endfacet
   facet normal 0.489908 0.766044 -0.416132
      outer loop
         vertex 0.0897703 0.0372 -0.0210401
         vertex 0.0918999 0.0372 -0.0182386
         vertex 0.0934884 0.0348628 -0.02082
      endloop
   endfacet
   facet normal 0.532028 0.766044 -0.360724
      outer loop
         vertex 0.0918999 0.0372 -0.0182386
         vertex 0.0942781 0.0347456 -0.0198452
         vertex 0.0934884 0.0348628 -0.02082
      endloop
   endfacet
   facet normal 0.442045 0.766044 -0.466661
      outer loop
         vertex 0.0873502 0.0372 -0.0235949
         vertex 0.0897703 0.0372 -0.0210401
         vertex 0.0906949 0.035 -0.023944
      endloop
   endfacet
   facet normal 0.489908 0.766044 -0.416132
      outer loop
         vertex 0.0897703 0.0372 -0.0210401
         vertex 0.0917726 0.0349471 -0.0227388
         vertex 0.0906949 0.035 -0.023944
      endloop
   endfacet
   facet normal 0.388998 0.766044 -0.511719
      outer loop
         vertex 0.0862548 0.035 -0.0279603
         vertex 0.0846682 0.0372 -0.025873
         vertex 0.0873502 0.0372 -0.0235949
      endloop
   endfacet
   facet normal 0.331392 0.766044 -0.550777
      outer loop
         vertex 0.0831072 0.035 -0.0300944
         vertex 0.0817555 0.0372 -0.0278479
         vertex 0.0846682 0.0372 -0.025873
      endloop
   endfacet
   facet normal 0.2699 0.766044 -0.583378
      outer loop
         vertex 0.0797473 0.035 -0.0318757
         vertex 0.0786464 0.0372 -0.0294962
         vertex 0.0817555 0.0372 -0.0278479
      endloop
   endfacet
   facet normal 0.205243 0.766044 -0.60914
      outer loop
         vertex 0.0762145 0.035 -0.0332833
         vertex 0.0753773 0.0372 -0.0307987
         vertex 0.0786464 0.0372 -0.0294962
      endloop
   endfacet
   facet normal 0.13818 0.766044 -0.62776
      outer loop
         vertex 0.0725502 0.035 -0.0343007
         vertex 0.0719865 0.0372 -0.0317402
         vertex 0.0753773 0.0372 -0.0307987
      endloop
   endfacet
   facet normal 0.0694976 0.766044 -0.63902
      outer loop
         vertex 0.0687973 0.035 -0.034916
         vertex 0.0685139 0.0372 -0.0323095
         vertex 0.0719865 0.0372 -0.0317402
      endloop
   endfacet
   facet normal 5.07973e-16 0.766044 -0.642788
      outer loop
         vertex 0.065 0.035 -0.0351219
         vertex 0.065 0.0372 -0.0325
         vertex 0.0685139 0.0372 -0.0323095
      endloop
   endfacet
   facet normal -0.0694976 0.766044 -0.63902
      outer loop
         vertex 0.0612027 0.035 -0.034916
         vertex 0.0614861 0.0372 -0.0323095
         vertex 0.065 0.0372 -0.0325
      endloop
   endfacet
   facet normal -0.13818 0.766044 -0.62776
      outer loop
         vertex 0.0574498 0.035 -0.0343007
         vertex 0.0580135 0.0372 -0.0317402
         vertex 0.0614861 0.0372 -0.0323095
      endloop
   endfacet
   facet normal -0.205243 0.766044 -0.60914
      outer loop
         vertex 0.0537855 0.035 -0.0332833
         vertex 0.0546227 0.0372 -0.0307987
         vertex 0.0580135 0.0372 -0.0317402
      endloop
   endfacet
   facet normal -0.2699 0.766044 -0.583378
      outer loop
         vertex 0.0502527 0.035 -0.0318757
         vertex 0.0513536 0.0372 -0.0294962
         vertex 0.0546227 0.0372 -0.0307987
      endloop
   endfacet
   facet normal -0.331392 0.766044 -0.550777
      outer loop
         vertex 0.0468928 0.035 -0.0300944
         vertex 0.0482445 0.0372 -0.0278479
         vertex 0.0513536 0.0372 -0.0294962
      endloop
   endfacet
   facet normal -0.388998 0.766044 -0.511719
      outer loop
         vertex 0.0437452 0.035 -0.0279603
         vertex 0.0453318 0.0372 -0.025873
         vertex 0.0482445 0.0372 -0.0278479
      endloop
   endfacet
   facet normal -0.442045 0.766044 -0.466661
      outer loop
         vertex 0.0408467 0.035 -0.0254983
         vertex 0.0426498 0.0372 -0.0235949
         vertex 0.0453318 0.0372 -0.025873
      endloop
   endfacet
   facet normal -0.442045 0.766044 -0.466661
      outer loop
         vertex 0.0426498 0.0372 -0.0235949
         vertex 0.0408467 0.035 -0.0254983
         vertex 0.0393051 0.035 -0.023944
      endloop
   endfacet
   facet normal -0.470259 0.766044 -0.438215
      outer loop
         vertex 0.0393051 0.035 -0.023944
         vertex 0.0402297 0.0372 -0.0210401
         vertex 0.0426498 0.0372 -0.0235949
      endloop
   endfacet
   facet normal -0.470259 0.766044 -0.438215
      outer loop
         vertex 0.0393051 0.035 -0.023944
         vertex 0.0382274 0.0349471 -0.0227388
         vertex 0.0402297 0.0372 -0.0210401
      endloop
   endfacet
   facet normal -0.388998 0.766044 -0.511719
      outer loop
         vertex 0.0453318 0.0372 -0.025873
         vertex 0.0437452 0.035 -0.0279603
         vertex 0.0408467 0.035 -0.0254983
      endloop
   endfacet
   facet normal -0.331392 0.766044 -0.550777
      outer loop
         vertex 0.0482445 0.0372 -0.0278479
         vertex 0.0468928 0.035 -0.0300944
         vertex 0.0437452 0.035 -0.0279603
      endloop
   endfacet
   facet normal -0.2699 0.766044 -0.583378
      outer loop
         vertex 0.0513536 0.0372 -0.0294962
         vertex 0.0502527 0.035 -0.0318757
         vertex 0.0468928 0.035 -0.0300944
      endloop
   endfacet
   facet normal -0.205243 0.766044 -0.60914
      outer loop
         vertex 0.0546227 0.0372 -0.0307987
         vertex 0.0537855 0.035 -0.0332833
         vertex 0.0502527 0.035 -0.0318757
      endloop
   endfacet
   facet normal -0.13818 0.766044 -0.62776
      outer loop
         vertex 0.0580135 0.0372 -0.0317402
         vertex 0.0574498 0.035 -0.0343007
         vertex 0.0537855 0.035 -0.0332833
      endloop
   endfacet
   facet normal -0.0694976 0.766044 -0.63902
      outer loop
         vertex 0.0614861 0.0372 -0.0323095
         vertex 0.0612027 0.035 -0.034916
         vertex 0.0574498 0.035 -0.0343007
      endloop
   endfacet
   facet normal 5.07973e-16 0.766044 -0.642788
      outer loop
         vertex 0.065 0.0372 -0.0325
         vertex 0.065 0.035 -0.0351219
         vertex 0.0612027 0.035 -0.034916
      endloop
   endfacet
   facet normal 0.0694976 0.766044 -0.63902
      outer loop
         vertex 0.0685139 0.0372 -0.0323095
         vertex 0.0687973 0.035 -0.034916
         vertex 0.065 0.035 -0.0351219
      endloop
   endfacet
   facet normal 0.13818 0.766044 -0.62776
      outer loop
         vertex 0.0719865 0.0372 -0.0317402
         vertex 0.0725502 0.035 -0.0343007
         vertex 0.0687973 0.035 -0.034916
      endloop
   endfacet
   facet normal 0.205243 0.766044 -0.60914
      outer loop
         vertex 0.0753773 0.0372 -0.0307987
         vertex 0.0762145 0.035 -0.0332833
         vertex 0.0725502 0.035 -0.0343007
      endloop
   endfacet
   facet normal 0.2699 0.766044 -0.583378
      outer loop
         vertex 0.0786464 0.0372 -0.0294962
         vertex 0.0797473 0.035 -0.0318757
         vertex 0.0762145 0.035 -0.0332833
      endloop
   endfacet
   facet normal 0.331392 0.766044 -0.550777
      outer loop
         vertex 0.0817555 0.0372 -0.0278479
         vertex 0.0831072 0.035 -0.0300944
         vertex 0.0797473 0.035 -0.0318757
      endloop
   endfacet
   facet normal 0.388998 0.766044 -0.511719
      outer loop
         vertex 0.0846682 0.0372 -0.025873
         vertex 0.0862548 0.035 -0.0279603
         vertex 0.0831072 0.035 -0.0300944
      endloop
   endfacet
   facet normal 0.442045 0.766044 -0.466661
      outer loop
         vertex 0.0873502 0.0372 -0.0235949
         vertex 0.0891533 0.035 -0.0254983
         vertex 0.0862548 0.035 -0.0279603
      endloop
   endfacet
   facet normal 0.470259 0.766044 -0.438215
      outer loop
         vertex 0.0906949 0.035 -0.023944
         vertex 0.0891533 0.035 -0.0254983
         vertex 0.0873502 0.0372 -0.0235949
      endloop
   endfacet
   facet normal 0.518968 0.766044 -0.379273
      outer loop
         vertex 0.0934884 0.0348628 -0.02082
         vertex 0.0917726 0.0349471 -0.0227388
         vertex 0.0897703 0.0372 -0.0210401
      endloop
   endfacet
   facet normal 0.532077 0.766044 -0.360652
      outer loop
         vertex 0.0942781 0.0347456 -0.0198452
         vertex 0.0918999 0.0372 -0.0182386
         vertex 0.0937141 0.0372 -0.0152233
      endloop
   endfacet
   facet normal 0.567957 0.766044 -0.300999
      outer loop
         vertex 0.096689 0.0343437 -0.0167942
         vertex 0.0937141 0.0372 -0.0152233
         vertex 0.0951917 0.0372 -0.0120295
      endloop
   endfacet
   facet normal 0.597137 0.766044 -0.237915
      outer loop
         vertex 0.0989942 0.0337641 -0.0135442
         vertex 0.0951917 0.0372 -0.0120295
         vertex 0.0963154 0.0372 -0.00869467
      endloop
   endfacet
   facet normal 0.619382 0.766044 -0.171876
      outer loop
         vertex 0.101084 0.0330306 -0.0100132
         vertex 0.0963154 0.0372 -0.00869467
         vertex 0.0970719 0.0372 -0.00525791
      endloop
   endfacet
   facet normal 0.634328 0.766044 -0.10394
      outer loop
         vertex 0.10285 0.0322744 -0.00620205
         vertex 0.0970719 0.0372 -0.00525791
         vertex 0.0974523 0.0372 -0.00175951
      endloop
   endfacet
   facet normal 0.642254 0.766044 -0.0261912
      outer loop
         vertex 0.104048 0.0316781 -0.00159239
         vertex 0.103971 0.0317188 -0.00211256
         vertex 0.0974523 0.0372 -0.00175951
      endloop
   endfacet
   facet normal -0.642788 0.766044 1.82087e-16
      outer loop
         vertex 0.0258629 0.0316308 8.23097e-19
         vertex 0.0259203 0.0316308 0.00211884
         vertex 0.0325477 0.0372 0.00175951
      endloop
   endfacet
   facet normal -0.640663 0.766044 -0.0522203
      outer loop
         vertex 0.0262078 0.0318123 -0.00316194
         vertex 0.0260188 0.0317136 -0.0021135
         vertex 0.0325477 0.0372 -0.00175951
      endloop
   endfacet
   facet normal -0.623936 0.766044 -0.154532
      outer loop
         vertex 0.0283986 0.0328306 -0.00906519
         vertex 0.0271265 0.0322669 -0.00620904
         vertex 0.0329281 0.0372 -0.00525791
      endloop
   endfacet
   facet normal -0.597135 0.766044 -0.23792
      outer loop
         vertex 0.0310048 0.0337646 -0.0135449
         vertex 0.0288986 0.0330322 -0.0100235
         vertex 0.0336846 0.0372 -0.00869467
      endloop
   endfacet
   facet normal -0.596832 0.766044 -0.238679
      outer loop
         vertex 0.0310323 0.0337717 -0.013584
         vertex 0.0310048 0.0337646 -0.0135449
         vertex 0.0348083 0.0372 -0.0120295
      endloop
   endfacet
   facet normal -0.561793 0.766044 -0.312353
      outer loop
         vertex 0.0337487 0.0344301 -0.0173755
         vertex 0.0332945 0.034359 -0.0168092
         vertex 0.0362859 0.0372 -0.0152233
      endloop
   endfacet
   facet normal -0.518968 0.766044 -0.379273
      outer loop
         vertex 0.0365116 0.0348628 -0.02082
         vertex 0.0357265 0.0347398 -0.0198412
         vertex 0.0381001 0.0372 -0.0182386
      endloop
   endfacet
   facet normal 0.0347998 0.766044 0.641845
      outer loop
         vertex 0.0671188 0.0316308 0.0390797
         vertex 0.0692315 0.0316308 0.0389077
         vertex 0.0685139 0.0372 0.0323095
      endloop
   endfacet
   facet normal 0.103991 0.766044 0.63432
      outer loop
         vertex 0.0713317 0.0316308 0.0386215
         vertex 0.0734133 0.0316308 0.0382221
         vertex 0.0719865 0.0372 0.0317402
      endloop
   endfacet
   facet normal 0.171964 0.766044 0.619358
      outer loop
         vertex 0.0754703 0.0316308 0.0377106
         vertex 0.0774965 0.0316308 0.0370884
         vertex 0.0753773 0.0372 0.0307987
      endloop
   endfacet
   facet normal 0.23792 0.766044 0.597135
      outer loop
         vertex 0.0794861 0.0316308 0.0363575
         vertex 0.0814332 0.0316308 0.0355199
         vertex 0.0786464 0.0372 0.0294962
      endloop
   endfacet
   facet normal 0.301087 0.766044 0.567911
      outer loop
         vertex 0.0833322 0.0316308 0.0345781
         vertex 0.0851773 0.0316308 0.0335349
         vertex 0.0817555 0.0372 0.0278479
      endloop
   endfacet
   facet normal 0.360724 0.766044 0.532028
      outer loop
         vertex 0.0869632 0.0316308 0.0323934
         vertex 0.0886848 0.0316308 0.0311568
         vertex 0.0846682 0.0372 0.025873
      endloop
   endfacet
   facet normal 0.416132 0.766044 0.489908
      outer loop
         vertex 0.0903368 0.0316308 0.0298288
         vertex 0.0919146 0.0316308 0.0284134
         vertex 0.0873502 0.0372 0.0235949
      endloop
   endfacet
   facet normal 0.466661 0.766044 0.442045
      outer loop
         vertex 0.0934134 0.0316308 0.0269146
         vertex 0.0948288 0.0316308 0.0253368
         vertex 0.0897703 0.0372 0.0210401
      endloop
   endfacet
   facet normal 0.511719 0.766044 0.388998
      outer loop
         vertex 0.0961568 0.0316308 0.0236848
         vertex 0.0973934 0.0316308 0.0219632
         vertex 0.0918999 0.0372 0.0182386
      endloop
   endfacet
   facet normal 0.550777 0.766044 0.331392
      outer loop
         vertex 0.0985349 0.0316308 0.0201773
         vertex 0.0995781 0.0316308 0.0183322
         vertex 0.0937141 0.0372 0.0152233
      endloop
   endfacet
   facet normal 0.583378 0.766044 0.2699
      outer loop
         vertex 0.10052 0.0316308 0.0164332
         vertex 0.101357 0.0316308 0.0144861
         vertex 0.0951917 0.0372 0.0120295
      endloop
   endfacet
   facet normal 0.60914 0.766044 0.205243
      outer loop
         vertex 0.102088 0.0316308 0.0124965
         vertex 0.102711 0.0316308 0.0104703
         vertex 0.0963154 0.0372 0.00869467
      endloop
   endfacet
   facet normal 0.62776 0.766044 0.13818
      outer loop
         vertex 0.103222 0.0316308 0.00841332
         vertex 0.103622 0.0316308 0.00633168
         vertex 0.0970719 0.0372 0.00525791
      endloop
   endfacet
   facet normal 0.63902 0.766044 0.0694976
      outer loop
         vertex 0.103908 0.0316308 0.00423147
         vertex 0.10408 0.0316308 0.00211884
         vertex 0.0974523 0.0372 0.00175951
      endloop
   endfacet
   facet normal -0.63902 0.766044 0.0694976
      outer loop
         vertex 0.0260923 0.0316308 0.00423147
         vertex 0.0263785 0.0316308 0.00633168
         vertex 0.0329281 0.0372 0.00525791
      endloop
   endfacet
   facet normal -0.62776 0.766044 0.13818
      outer loop
         vertex 0.0267779 0.0316308 0.00841332
         vertex 0.0272894 0.0316308 0.0104703
         vertex 0.0336846 0.0372 0.00869467
      endloop
   endfacet
   facet normal -0.60914 0.766044 0.205243
      outer loop
         vertex 0.0279116 0.0316308 0.0124965
         vertex 0.0286425 0.0316308 0.0144861
         vertex 0.0348083 0.0372 0.0120295
      endloop
   endfacet
   facet normal -0.583378 0.766044 0.2699
      outer loop
         vertex 0.0294801 0.0316308 0.0164332
         vertex 0.0304219 0.0316308 0.0183322
         vertex 0.0362859 0.0372 0.0152233
      endloop
   endfacet
   facet normal -0.550777 0.766044 0.331392
      outer loop
         vertex 0.0314651 0.0316308 0.0201773
         vertex 0.0326066 0.0316308 0.0219632
         vertex 0.0381001 0.0372 0.0182386
      endloop
   endfacet
   facet normal -0.511719 0.766044 0.388998
      outer loop
         vertex 0.0338432 0.0316308 0.0236848
         vertex 0.0351712 0.0316308 0.0253368
         vertex 0.0402297 0.0372 0.0210401
      endloop
   endfacet
   facet normal -0.466661 0.766044 0.442045
      outer loop
         vertex 0.0365866 0.0316308 0.0269146
         vertex 0.0380854 0.0316308 0.0284134
         vertex 0.0426498 0.0372 0.0235949
      endloop
   endfacet
   facet normal -0.416132 0.766044 0.489908
      outer loop
         vertex 0.0396632 0.0316308 0.0298288
         vertex 0.0413152 0.0316308 0.0311568
         vertex 0.0453318 0.0372 0.025873
      endloop
   endfacet
   facet normal -0.360724 0.766044 0.532028
      outer loop
         vertex 0.0430368 0.0316308 0.0323934
         vertex 0.0448227 0.0316308 0.0335349
         vertex 0.0482445 0.0372 0.0278479
      endloop
   endfacet
   facet normal -0.301087 0.766044 0.567911
      outer loop
         vertex 0.0466678 0.0316308 0.0345781
         vertex 0.0485668 0.0316308 0.0355199
         vertex 0.0513536 0.0372 0.0294962
      endloop
   endfacet
   facet normal -0.23792 0.766044 0.597135
      outer loop
         vertex 0.0505139 0.0316308 0.0363575
         vertex 0.0525035 0.0316308 0.0370884
         vertex 0.0546227 0.0372 0.0307987
      endloop
   endfacet
   facet normal -0.171964 0.766044 0.619358
      outer loop
         vertex 0.0545297 0.0316308 0.0377106
         vertex 0.0565867 0.0316308 0.0382221
         vertex 0.0580135 0.0372 0.0317402
      endloop
   endfacet
   facet normal -0.103991 0.766044 0.63432
      outer loop
         vertex 0.0586683 0.0316308 0.0386215
         vertex 0.0607685 0.0316308 0.0389077
         vertex 0.0614861 0.0372 0.0323095
      endloop
   endfacet
   facet normal -0.0347998 0.766044 0.641845
      outer loop
         vertex 0.0628812 0.0316308 0.0390797
         vertex 0.065 0.0316308 0.0391371
         vertex 0.065 0.0372 0.0325
      endloop
   endfacet
   facet normal 0 1 0
      outer loop
         vertex 0.065 0.0372 0
         vertex 0.0685139 0.0372 0.0323095
         vertex 0.0719865 0.0372 0.0317402
      endloop
   endfacet
   facet normal 0 1 0
      outer loop
         vertex 0.0719865 0.0372 0.0317402
         vertex 0.0753773 0.0372 0.0307987
         vertex 0.065 0.0372 0
      endloop
   endfacet
   facet normal 0 1 0
      outer loop
         vertex 0.0753773 0.0372 0.0307987
         vertex 0.0786464 0.0372 0.0294962
         vertex 0.065 0.0372 0
      endloop
   endfacet
   facet normal 0 1 0
      outer loop
         vertex 0.0786464 0.0372 0.0294962
         vertex 0.0817555 0.0372 0.0278479
         vertex 0.065 0.0372 0
      endloop
   endfacet
   facet normal 0 1 0
      outer loop
         vertex 0.0817555 0.0372 0.0278479
         vertex 0.0846682 0.0372 0.025873
         vertex 0.065 0.0372 0
      endloop
   endfacet
   facet normal 0 1 0
      outer loop
         vertex 0.0846682 0.0372 0.025873
         vertex 0.0873502 0.0372 0.0235949
         vertex 0.065 0.0372 0
      endloop
   endfacet
   facet normal 0 1 0
      outer loop
         vertex 0.0873502 0.0372 0.0235949
         vertex 0.0897703 0.0372 0.0210401
         vertex 0.065 0.0372 0
      endloop
   endfacet
   facet normal 0 1 0
      outer loop
         vertex 0.0897703 0.0372 0.0210401
         vertex 0.0918999 0.0372 0.0182386
         vertex 0.065 0.0372 0
      endloop
   endfacet
   facet normal 0 1 0
      outer loop
         vertex 0.0918999 0.0372 0.0182386
         vertex 0.0937141 0.0372 0.0152233
         vertex 0.065 0.0372 0
      endloop
   endfacet
   facet normal 0 1 0
      outer loop
         vertex 0.0937141 0.0372 0.0152233
         vertex 0.0951917 0.0372 0.0120295
         vertex 0.065 0.0372 0
      endloop
   endfacet
   facet normal 0 1 0
      outer loop
         vertex 0.0951917 0.0372 0.0120295
         vertex 0.0963154 0.0372 0.00869467
         vertex 0.065 0.0372 0
      endloop
   endfacet
   facet normal 0 1 0
      outer loop
         vertex 0.0963154 0.0372 0.00869467
         vertex 0.0970719 0.0372 0.00525791
         vertex 0.065 0.0372 0
      endloop
   endfacet
   facet normal 0 1 0
      outer loop
         vertex 0.0970719 0.0372 0.00525791
         vertex 0.0974523 0.0372 0.00175951
         vertex 0.065 0.0372 0
      endloop
   endfacet
   facet normal 0 1 0
      outer loop
         vertex 0.0974523 0.0372 0.00175951
         vertex 0.0974523 0.0372 -0.00175951
         vertex 0.065 0.0372 0
      endloop
   endfacet
   facet normal 0 1 0
      outer loop
         vertex 0.0974523 0.0372 -0.00175951
         vertex 0.0970719 0.0372 -0.00525791
         vertex 0.065 0.0372 0
      endloop
   endfacet
   facet normal 0 1 0
      outer loop
         vertex 0.0970719 0.0372 -0.00525791
         vertex 0.0963154 0.0372 -0.00869467
         vertex 0.065 0.0372 0
      endloop
   endfacet
   facet normal 0 1 0
      outer loop
         vertex 0.0963154 0.0372 -0.00869467
         vertex 0.0951917 0.0372 -0.0120295
         vertex 0.065 0.0372 0
      endloop
   endfacet
   facet normal 0 1 0
      outer loop
         vertex 0.0951917 0.0372 -0.0120295
         vertex 0.0937141 0.0372 -0.0152233
         vertex 0.065 0.0372 0
      endloop
   endfacet
   facet normal 0 1 0
      outer loop
         vertex 0.0937141 0.0372 -0.0152233
         vertex 0.0918999 0.0372 -0.0182386
         vertex 0.065 0.0372 0
      endloop
   endfacet
   facet normal 0 1 0
      outer loop
         vertex 0.0918999 0.0372 -0.0182386
         vertex 0.0897703 0.0372 -0.0210401
         vertex 0.065 0.0372 0
      endloop
   endfacet
   facet normal 0 1 0
      outer loop
         vertex 0.0897703 0.0372 -0.0210401
         vertex 0.0873502 0.0372 -0.0235949
         vertex 0.065 0.0372 0
      endloop
   endfacet
   facet normal 0 1 0
      outer loop
         vertex 0.0873502 0.0372 -0.0235949
         vertex 0.0846682 0.0372 -0.025873
         vertex 0.065 0.0372 0
      endloop
   endfacet
   facet normal 0 1 0
      outer loop
         vertex 0.0846682 0.0372 -0.025873
         vertex 0.0817555 0.0372 -0.0278479
         vertex 0.065 0.0372 0
      endloop
   endfacet
   facet normal 0 1 0
      outer loop
         vertex 0.0817555 0.0372 -0.0278479
         vertex 0.0786464 0.0372 -0.0294962
         vertex 0.065 0.0372 0
      endloop
   endfacet
   facet normal 0 1 0
      outer loop
         vertex 0.0786464 0.0372 -0.0294962
         vertex 0.0753773 0.0372 -0.0307987
         vertex 0.065 0.0372 0
      endloop
   endfacet
   facet normal 0 1 0
      outer loop
         vertex 0.0753773 0.0372 -0.0307987
         vertex 0.0719865 0.0372 -0.0317402
         vertex 0.065 0.0372 0
      endloop
   endfacet
   facet normal 0 1 0
      outer loop
         vertex 0.0719865 0.0372 -0.0317402
         vertex 0.0685139 0.0372 -0.0323095
         vertex 0.065 0.0372 0
      endloop
   endfacet
   facet normal 0 1 0
      outer loop
         vertex 0.0685139 0.0372 -0.0323095
         vertex 0.065 0.0372 -0.0325
         vertex 0.065 0.0372 0
      endloop
   endfacet
   facet normal 0 1 0
      outer loop
         vertex 0.065 0.0372 -0.0325
         vertex 0.0614861 0.0372 -0.0323095
         vertex 0.065 0.0372 0
      endloop
   endfacet
   facet normal 0 1 0
      outer loop
         vertex 0.0614861 0.0372 -0.0323095
         vertex 0.0580135 0.0372 -0.0317402
         vertex 0.065 0.0372 0
      endloop
   endfacet
   facet normal 0 1 0
      outer loop
         vertex 0.0580135 0.0372 -0.0317402
         vertex 0.0546227 0.0372 -0.0307987
         vertex 0.065 0.0372 0
      endloop
   endfacet
   facet normal 0 1 0
      outer loop
         vertex 0.0546227 0.0372 -0.0307987
         vertex 0.0513536 0.0372 -0.0294962
         vertex 0.065 0.0372 0
      endloop
   endfacet
   facet normal 0 1 0
      outer loop
         vertex 0.0513536 0.0372 -0.0294962
         vertex 0.0482445 0.0372 -0.0278479
         vertex 0.065 0.0372 0
      endloop
   endfacet
   facet normal 0 1 0
      outer loop
         vertex 0.0482445 0.0372 -0.0278479
         vertex 0.0453318 0.0372 -0.025873
         vertex 0.065 0.0372 0
      endloop
   endfacet
   facet normal 0 1 0
      outer loop
         vertex 0.0453318 0.0372 -0.025873
         vertex 0.0426498 0.0372 -0.0235949
         vertex 0.065 0.0372 0
      endloop
   endfacet
   facet normal 0 1 0
      outer loop
         vertex 0.0426498 0.0372 -0.0235949
         vertex 0.0402297 0.0372 -0.0210401
         vertex 0.065 0.0372 0
      endloop
   endfacet
   facet normal 0 1 0
      outer loop
         vertex 0.0402297 0.0372 -0.0210401
         vertex 0.0381001 0.0372 -0.0182386
         vertex 0.065 0.0372 0
      endloop
   endfacet
   facet normal 0 1 0
      outer loop
         vertex 0.0381001 0.0372 -0.0182386
         vertex 0.0362859 0.0372 -0.0152233
         vertex 0.065 0.0372 0
      endloop
   endfacet
   facet normal 0 1 0
      outer loop
         vertex 0.0362859 0.0372 -0.0152233
         vertex 0.0348083 0.0372 -0.0120295
         vertex 0.065 0.0372 0
      endloop
   endfacet
   facet normal 0 1 0
      outer loop
         vertex 0.0348083 0.0372 -0.0120295
         vertex 0.0336846 0.0372 -0.00869467
         vertex 0.065 0.0372 0
      endloop
   endfacet
   facet normal 0 1 0
      outer loop
         vertex 0.0336846 0.0372 -0.00869467
         vertex 0.0329281 0.0372 -0.00525791
         vertex 0.065 0.0372 0
      endloop
   endfacet
   facet normal 0 1 0
      outer loop
         vertex 0.0329281 0.0372 -0.00525791
         vertex 0.0325477 0.0372 -0.00175951
         vertex 0.065 0.0372 0
      endloop
   endfacet
   facet normal 0 1 0
      outer loop
         vertex 0.0325477 0.0372 -0.00175951
         vertex 0.0325477 0.0372 0.00175951
         vertex 0.065 0.0372 0
      endloop
   endfacet
   facet normal 0 1 0
      outer loop
         vertex 0.0325477 0.0372 0.00175951
         vertex 0.0329281 0.0372 0.00525791
         vertex 0.065 0.0372 0
      endloop
   endfacet
   facet normal 0 1 0
      outer loop
         vertex 0.0329281 0.0372 0.00525791
         vertex 0.0336846 0.0372 0.00869467
         vertex 0.065 0.0372 0
      endloop
   endfacet
   facet normal 0 1 0
      outer loop
         vertex 0.0336846 0.0372 0.00869467
         vertex 0.0348083 0.0372 0.0120295
         vertex 0.065 0.0372 0
      endloop
   endfacet
   facet normal 0 1 0
      outer loop
         vertex 0.0348083 0.0372 0.0120295
         vertex 0.0362859 0.0372 0.0152233
         vertex 0.065 0.0372 0
      endloop
   endfacet
   facet normal 0 1 0
      outer loop
         vertex 0.0362859 0.0372 0.0152233
         vertex 0.0381001 0.0372 0.0182386
         vertex 0.065 0.0372 0
      endloop
   endfacet
   facet normal 0 1 0
      outer loop
         vertex 0.0381001 0.0372 0.0182386
         vertex 0.0402297 0.0372 0.0210401
         vertex 0.065 0.0372 0
      endloop
   endfacet
   facet normal 0 1 0
      outer loop
         vertex 0.0402297 0.0372 0.0210401
         vertex 0.0426498 0.0372 0.0235949
         vertex 0.065 0.0372 0
      endloop
   endfacet
   facet normal 0 1 0
      outer loop
         vertex 0.0426498 0.0372 0.0235949
         vertex 0.0453318 0.0372 0.025873
         vertex 0.065 0.0372 0
      endloop
   endfacet
   facet normal 0 1 0
      outer loop
         vertex 0.0453318 0.0372 0.025873
         vertex 0.0482445 0.0372 0.0278479
         vertex 0.065 0.0372 0
      endloop
   endfacet
   facet normal 0 1 0
      outer loop
         vertex 0.0482445 0.0372 0.0278479
         vertex 0.0513536 0.0372 0.0294962
         vertex 0.065 0.0372 0
      endloop
   endfacet
   facet normal 0 1 0
      outer loop
         vertex 0.0513536 0.0372 0.0294962
         vertex 0.0546227 0.0372 0.0307987
         vertex 0.065 0.0372 0
      endloop
   endfacet
   facet normal 0 1 0
      outer loop
         vertex 0.0546227 0.0372 0.0307987
         vertex 0.0580135 0.0372 0.0317402
         vertex 0.065 0.0372 0
      endloop
   endfacet
   facet normal 0 1 0
      outer loop
         vertex 0.0580135 0.0372 0.0317402
         vertex 0.0614861 0.0372 0.0323095
         vertex 0.065 0.0372 0
      endloop
   endfacet
   facet normal 0 1 0
      outer loop
         vertex 0.0614861 0.0372 0.0323095
         vertex 0.065 0.0372 0.0325
         vertex 0.065 0.0372 0
      endloop
   endfacet
   facet normal 0 1 0
      outer loop
         vertex 0.065 0.0372 0.0325
         vertex 0.0685139 0.0372 0.0323095
         vertex 0.065 0.0372 0
      endloop
   endfacet
   facet normal 0.311509 0.707107 0.634793
      outer loop
         vertex 0.0490524 -0.0176 -0.0324979
         vertex 0.0495 -0.0176 -0.0327138
         vertex 0.0495 -0.0171454 -0.0332161
      endloop
   endfacet
   facet normal -0.428177 0 -0.903695
      outer loop
         vertex 0.0495 -0.0176 -0.0327138
         vertex 0.049176 -0.0159463 -0.0325582
         vertex 0.049237 -0.0158835 -0.0325878
      endloop
   endfacet
   facet normal -0.428177 0 -0.903695
      outer loop
         vertex 0.0495 -0.0176 -0.0327138
         vertex 0.0491351 -0.0159891 -0.0325383
         vertex 0.049139 -0.0159844 -0.0325403
      endloop
   endfacet
   facet normal -0.43815 0 -0.898902
      outer loop
         vertex 0.049139 -0.0159844 -0.0325403
         vertex 0.049176 -0.0159463 -0.0325582
         vertex 0.0495 -0.0176 -0.0327138
      endloop
   endfacet
   facet normal -0.435442 0 -0.900217
      outer loop
         vertex 0.049237 -0.0158835 -0.0325878
         vertex 0.0492436 -0.0158776 -0.032591
         vertex 0.0495 -0.0176 -0.0327138
      endloop
   endfacet
   facet normal -0.428177 0 -0.903695
      outer loop
         vertex 0.0495 -0.0176 -0.0327138
         vertex 0.0490964 -0.0160354 -0.0325195
         vertex 0.0490965 -0.0160353 -0.0325195
      endloop
   endfacet
   facet normal -0.439325 0 -0.898328
      outer loop
         vertex 0.0490965 -0.0160353 -0.0325195
         vertex 0.0491351 -0.0159891 -0.0325383
         vertex 0.0495 -0.0176 -0.0327138
      endloop
   endfacet
   facet normal -0.428177 0 -0.903695
      outer loop
         vertex 0.0495 -0.0176 -0.0327138
         vertex 0.0490524 -0.0176 -0.0324979
         vertex 0.0490524 -0.0161 -0.0324979
      endloop
   endfacet
   facet normal -0.440541 0 -0.897733
      outer loop
         vertex 0.0490524 -0.0161 -0.0324979
         vertex 0.049066 -0.0160778 -0.0325046
         vertex 0.0495 -0.0176 -0.0327138
      endloop
   endfacet
   facet normal -0.440166 0 -0.897917
      outer loop
         vertex 0.049066 -0.0160778 -0.0325046
         vertex 0.0490896 -0.0160449 -0.0325161
         vertex 0.0495 -0.0176 -0.0327138
      endloop
   endfacet
   facet normal -0.439514 0 -0.898236
      outer loop
         vertex 0.0490896 -0.0160449 -0.0325161
         vertex 0.0490964 -0.0160354 -0.0325195
         vertex 0.0495 -0.0176 -0.0327138
      endloop
   endfacet
   facet normal -0.435259 0 -0.900305
      outer loop
         vertex 0.0492436 -0.0158776 -0.032591
         vertex 0.0495 -0.0156515 -0.0327138
         vertex 0.0495 -0.0176 -0.0327138
      endloop
   endfacet
   facet normal 0.848687 0 0.528895
      outer loop
         vertex 0.0490524 -0.0176 -0.0324979
         vertex 0.0491643 -0.0161 -0.0326775
         vertex 0.0491084 -0.0161 -0.0325877
      endloop
   endfacet
   facet normal 0.848687 0 0.528895
      outer loop
         vertex 0.0490524 -0.0176 -0.0324979
         vertex 0.0492762 -0.0161 -0.032857
         vertex 0.0491643 -0.0161 -0.0326775
      endloop
   endfacet
   facet normal 0.848687 0 0.528895
      outer loop
         vertex 0.0492762 -0.0161 -0.032857
         vertex 0.0490524 -0.0176 -0.0324979
         vertex 0.0495 -0.0171454 -0.0332161
      endloop
   endfacet
   facet normal 0.848687 0 0.528895
      outer loop
         vertex 0.0495 -0.0171454 -0.0332161
         vertex 0.0495 -0.0161 -0.0332161
         vertex 0.0492762 -0.0161 -0.032857
      endloop
   endfacet
   facet normal 0.848687 0 0.528895
      outer loop
         vertex 0.0491084 -0.0161 -0.0325877
         vertex 0.0490524 -0.0161 -0.0324979
         vertex 0.0490524 -0.0176 -0.0324979
      endloop
   endfacet
   facet normal -1 0 0
      outer loop
         vertex 0.0495 -0.0158744 -0.0329634
         vertex 0.0495 -0.0161 -0.0332161
         vertex 0.0495 -0.0171454 -0.0332161
      endloop
   endfacet
   facet normal -1 0 0
      outer loop
         vertex 0.0495 -0.0176 -0.0327138
         vertex 0.0495 -0.0156515 -0.0327138
         vertex 0.0495 -0.0158744 -0.0329634
      endloop
   endfacet
   facet normal -1 0 0
      outer loop
         vertex 0.0495 -0.0171454 -0.0332161
         vertex 0.0495 -0.0176 -0.0327138
         vertex 0.0495 -0.0158744 -0.0329634
      endloop
   endfacet
   facet normal 0.705504 -0.528661 0.471999
      outer loop
         vertex 0.0495 -0.0158744 -0.0329634
         vertex 0.0492514 -0.0159308 -0.032655
         vertex 0.0492762 -0.0161 -0.032857
      endloop
   endfacet
   facet normal 0.683445 -0.544546 0.486182
      outer loop
         vertex 0.0495 -0.0156515 -0.0327138
         vertex 0.0492436 -0.0158776 -0.032591
         vertex 0.0492514 -0.0159308 -0.032655
      endloop
   endfacet
   facet normal 0.722522 -0.483729 0.493931
      outer loop
         vertex 0.0492514 -0.0159308 -0.032655
         vertex 0.0492436 -0.0158776 -0.032591
         vertex 0.049237 -0.0158835 -0.0325878
      endloop
   endfacet
   facet normal 0.722522 -0.483729 0.493931
      outer loop
         vertex 0.0492514 -0.0159308 -0.032655
         vertex 0.0491457 -0.0160295 -0.0325891
         vertex 0.0491643 -0.0161 -0.0326775
      endloop
   endfacet
   facet normal 0.755326 -0.425306 0.498595
      outer loop
         vertex 0.0491457 -0.0160295 -0.0325891
         vertex 0.0492514 -0.0159308 -0.032655
         vertex 0.049176 -0.0159463 -0.0325582
      endloop
   endfacet
   facet normal 0.729637 -0.46272 0.503508
      outer loop
         vertex 0.049176 -0.0159463 -0.0325582
         vertex 0.049139 -0.0159844 -0.0325403
         vertex 0.0491457 -0.0160295 -0.0325891
      endloop
   endfacet
   facet normal 0.741752 -0.440547 0.50569
      outer loop
         vertex 0.049139 -0.0159844 -0.0325403
         vertex 0.0491351 -0.0159891 -0.0325383
         vertex 0.0491457 -0.0160295 -0.0325891
      endloop
   endfacet
   facet normal 0.755326 -0.425306 0.498595
      outer loop
         vertex 0.0491457 -0.0160295 -0.0325891
         vertex 0.0491351 -0.0159891 -0.0325383
         vertex 0.0490965 -0.0160353 -0.0325195
      endloop
   endfacet
   facet normal 0.789867 -0.365802 0.492239
      outer loop
         vertex 0.0491084 -0.0161 -0.0325877
         vertex 0.0491457 -0.0160295 -0.0325891
         vertex 0.0490964 -0.0160354 -0.0325195
      endloop
   endfacet
   facet normal 0.763574 -0.400476 0.506531
      outer loop
         vertex 0.0490964 -0.0160354 -0.0325195
         vertex 0.0490896 -0.0160449 -0.0325161
         vertex 0.0491084 -0.0161 -0.0325877
      endloop
   endfacet
   facet normal 0.789867 -0.365802 0.492239
      outer loop
         vertex 0.0491084 -0.0161 -0.0325877
         vertex 0.0490896 -0.0160449 -0.0325161
         vertex 0.049066 -0.0160778 -0.0325046
      endloop
   endfacet
   facet normal 0.788309 -0.352288 0.504442
      outer loop
         vertex 0.049066 -0.0160778 -0.0325046
         vertex 0.0490524 -0.0161 -0.0324979
         vertex 0.0491084 -0.0161 -0.0325877
      endloop
   endfacet
   facet normal 0.789867 -0.365802 0.492239
      outer loop
         vertex 0.0491084 -0.0161 -0.0325877
         vertex 0.0491643 -0.0161 -0.0326775
         vertex 0.0491457 -0.0160295 -0.0325891
      endloop
   endfacet
   facet normal 0.763549 -0.400523 0.506532
      outer loop
         vertex 0.0490965 -0.0160353 -0.0325195
         vertex 0.0490964 -0.0160354 -0.0325195
         vertex 0.0491457 -0.0160295 -0.0325891
      endloop
   endfacet
   facet normal 0.777215 -0.401669 0.484354
      outer loop
         vertex 0.0491643 -0.0161 -0.0326775
         vertex 0.0492762 -0.0161 -0.032857
         vertex 0.0492514 -0.0159308 -0.032655
      endloop
   endfacet
   facet normal 0.713786 -0.490096 0.500315
      outer loop
         vertex 0.049237 -0.0158835 -0.0325878
         vertex 0.049176 -0.0159463 -0.0325582
         vertex 0.0492514 -0.0159308 -0.032655
      endloop
   endfacet
   facet normal 0.722522 -0.483729 0.493931
      outer loop
         vertex 0.0492514 -0.0159308 -0.032655
         vertex 0.0495 -0.0158744 -0.0329634
         vertex 0.0495 -0.0156515 -0.0327138
      endloop
   endfacet
   facet normal 0.756972 -0.452168 0.471739
      outer loop
         vertex 0.0492762 -0.0161 -0.032857
         vertex 0.0495 -0.0161 -0.0332161
         vertex 0.0495 -0.0158744 -0.0329634
      endloop
   endfacet
   facet normal -0.966639 0 0.256141
      outer loop
         vertex 0.0361458 0.0143542 0.00764581
         vertex 0.0361458 0.0156458 0.00764581
         vertex 0.0357821 0.0152821 0.00611029
      endloop
   endfacet
   facet normal -0.978825 0 0.2047
      outer loop
         vertex 0.0357821 0.0152821 0.00611029
         vertex 0.0357821 0.0147179 0.00611029
         vertex 0.0361458 0.0143542 0.00764581
      endloop
   endfacet
   facet normal -0.978825 0 0.2047
      outer loop
         vertex 0.0357821 0.0152821 0.00611029
         vertex 0.0355 0.015 0.00455769
         vertex 0.0357821 0.0147179 0.00611029
      endloop
   endfacet
   facet normal 0.707107 2.45327e-16 -0.707107
      outer loop
         vertex 0.0361458 0.0143542 0.00764581
         vertex 0.0355 0.015 0.007
         vertex 0.0361458 0.0156458 0.00764581
      endloop
   endfacet
   facet normal 0.707107 0.707107 0
      outer loop
         vertex 0.0355 0.015 0.007
         vertex 0.0361458 0.0143542 0.00764581
         vertex 0.0357821 0.0147179 0.00611029
      endloop
   endfacet
   facet normal 0.707107 0.707107 0
      outer loop
         vertex 0.0357821 0.0147179 0.00611029
         vertex 0.0355 0.015 0.00455769
         vertex 0.0355 0.015 0.007
      endloop
   endfacet
   facet normal 0.707107 -0.707107 0
      outer loop
         vertex 0.0355 0.015 0.007
         vertex 0.0355 0.015 0.00455769
         vertex 0.0357821 0.0152821 0.00611029
      endloop
   endfacet
   facet normal 0.707107 -0.707107 0
      outer loop
         vertex 0.0357821 0.0152821 0.00611029
         vertex 0.0361458 0.0156458 0.00764581
         vertex 0.0355 0.015 0.007
      endloop
   endfacet
endsolid urdf_shoulder_horizontal. Units = meters