solid urdf_forearm. STL generated by ONSHAPE BY PTC INC, 1.219. Units = meters
   facet normal 0 0 1
      outer loop
         vertex 0.0647419 0.000468706 -0.303438
         vertex 0.0696073 -0.0442675 -0.303438
         vertex 0.0744156 -0.0434792 -0.303438
      endloop
   endfacet
   facet normal 0 0 1
      outer loop
         vertex 0.0744156 -0.0434792 -0.303438
         vertex 0.0791105 -0.0421757 -0.303438
         vertex 0.0647419 0.000468706 -0.303438
      endloop
   endfacet
   facet normal 0 0 1
      outer loop
         vertex 0.0791105 -0.0421757 -0.303438
         vertex 0.0836369 -0.0403722 -0.303438
         vertex 0.0647419 0.000468706 -0.303438
      endloop
   endfacet
   facet normal 0 0 1
      outer loop
         vertex 0.0836369 -0.0403722 -0.303438
         vertex 0.0879419 -0.0380899 -0.303438
         vertex 0.0647419 0.000468706 -0.303438
      endloop
   endfacet
   facet normal 0 0 1
      outer loop
         vertex 0.0879419 -0.0380899 -0.303438
         vertex 0.0919748 -0.0353555 -0.303438
         vertex 0.0647419 0.000468706 -0.303438
      endloop
   endfacet
   facet normal 0 0 1
      outer loop
         vertex 0.0919748 -0.0353555 -0.303438
         vertex 0.0956884 -0.0322011 -0.303438
         vertex 0.0647419 0.000468706 -0.303438
      endloop
   endfacet
   facet normal 0 0 1
      outer loop
         vertex 0.0956884 -0.0322011 -0.303438
         vertex 0.0990392 -0.0286637 -0.303438
         vertex 0.0647419 0.000468706 -0.303438
      endloop
   endfacet
   facet normal 0 0 1
      outer loop
         vertex 0.0990392 -0.0286637 -0.303438
         vertex 0.101988 -0.0247847 -0.303438
         vertex 0.0647419 0.000468706 -0.303438
      endloop
   endfacet
   facet normal 0 0 1
      outer loop
         vertex 0.101988 -0.0247847 -0.303438
         vertex 0.1045 -0.0206097 -0.303438
         vertex 0.0647419 0.000468706 -0.303438
      endloop
   endfacet
   facet normal 0 0 1
      outer loop
         vertex 0.1045 -0.0206097 -0.303438
         vertex 0.106546 -0.0161875 -0.303438
         vertex 0.0647419 0.000468706 -0.303438
      endloop
   endfacet
   facet normal 0 0 1
      outer loop
         vertex 0.106546 -0.0161875 -0.303438
         vertex 0.108102 -0.0115701 -0.303438
         vertex 0.0647419 0.000468706 -0.303438
      endloop
   endfacet
   facet normal 0 0 1
      outer loop
         vertex 0.108102 -0.0115701 -0.303438
         vertex 0.109149 -0.00681148 -0.303438
         vertex 0.0647419 0.000468706 -0.303438
      endloop
   endfacet
   facet normal 0 0 1
      outer loop
         vertex 0.109149 -0.00681148 -0.303438
         vertex 0.109676 -0.00196754 -0.303438
         vertex 0.0647419 0.000468706 -0.303438
      endloop
   endfacet
   facet normal 0 0 1
      outer loop
         vertex 0.109676 -0.00196754 -0.303438
         vertex 0.109676 0.00290496 -0.303438
         vertex 0.0647419 0.000468706 -0.303438
      endloop
   endfacet
   facet normal 0 0 1
      outer loop
         vertex 0.109676 0.00290496 -0.303438
         vertex 0.109149 0.0077489 -0.303438
         vertex 0.0647419 0.000468706 -0.303438
      endloop
   endfacet
   facet normal 0 0 1
      outer loop
         vertex 0.109149 0.0077489 -0.303438
         vertex 0.108102 0.0125075 -0.303438
         vertex 0.0647419 0.000468706 -0.303438
      endloop
   endfacet
   facet normal 0 0 1
      outer loop
         vertex 0.108102 0.0125075 -0.303438
         vertex 0.106546 0.0171249 -0.303438
         vertex 0.0647419 0.000468706 -0.303438
      endloop
   endfacet
   facet normal 0 0 1
      outer loop
         vertex 0.106546 0.0171249 -0.303438
         vertex 0.1045 0.0215471 -0.303438
         vertex 0.0647419 0.000468706 -0.303438
      endloop
   endfacet
   facet normal 0 0 1
      outer loop
         vertex 0.1045 0.0215471 -0.303438
         vertex 0.101988 0.0257221 -0.303438
         vertex 0.0647419 0.000468706 -0.303438
      endloop
   endfacet
   facet normal 0 0 1
      outer loop
         vertex 0.101988 0.0257221 -0.303438
         vertex 0.0990392 0.0296011 -0.303438
         vertex 0.0647419 0.000468706 -0.303438
      endloop
   endfacet
   facet normal 0 0 1
      outer loop
         vertex 0.0990392 0.0296011 -0.303438
         vertex 0.0956884 0.0331385 -0.303438
         vertex 0.0647419 0.000468706 -0.303438
      endloop
   endfacet
   facet normal 0 0 1
      outer loop
         vertex 0.0956884 0.0331385 -0.303438
         vertex 0.0919748 0.0362929 -0.303438
         vertex 0.0647419 0.000468706 -0.303438
      endloop
   endfacet
   facet normal 0 0 1
      outer loop
         vertex 0.0919748 0.0362929 -0.303438
         vertex 0.0879419 0.0390273 -0.303438
         vertex 0.0647419 0.000468706 -0.303438
      endloop
   endfacet
   facet normal 0 0 1
      outer loop
         vertex 0.0879419 0.0390273 -0.303438
         vertex 0.0836369 0.0413096 -0.303438
         vertex 0.0647419 0.000468706 -0.303438
      endloop
   endfacet
   facet normal 0 0 1
      outer loop
         vertex 0.0836369 0.0413096 -0.303438
         vertex 0.0791105 0.0431131 -0.303438
         vertex 0.0647419 0.000468706 -0.303438
      endloop
   endfacet
   facet normal 0 0 1
      outer loop
         vertex 0.0791105 0.0431131 -0.303438
         vertex 0.0744156 0.0444166 -0.303438
         vertex 0.0647419 0.000468706 -0.303438
      endloop
   endfacet
   facet normal 0 0 1
      outer loop
         vertex 0.0744156 0.0444166 -0.303438
         vertex 0.0696073 0.0452049 -0.303438
         vertex 0.0647419 0.000468706 -0.303438
      endloop
   endfacet
   facet normal 0 0 1
      outer loop
         vertex 0.0696073 0.0452049 -0.303438
         vertex 0.0647419 0.0454687 -0.303438
         vertex 0.0647419 0.000468706 -0.303438
      endloop
   endfacet
   facet normal 0 0 1
      outer loop
         vertex 0.0647419 0.0454687 -0.303438
         vertex 0.0598766 0.0452049 -0.303438
         vertex 0.0647419 0.000468706 -0.303438
      endloop
   endfacet
   facet normal 0 0 1
      outer loop
         vertex 0.0598766 0.0452049 -0.303438
         vertex 0.0550683 0.0444166 -0.303438
         vertex 0.0647419 0.000468706 -0.303438
      endloop
   endfacet
   facet normal 0 0 1
      outer loop
         vertex 0.0550683 0.0444166 -0.303438
         vertex 0.0503734 0.0431131 -0.303438
         vertex 0.0647419 0.000468706 -0.303438
      endloop
   endfacet
   facet normal 0 0 1
      outer loop
         vertex 0.0503734 0.0431131 -0.303438
         vertex 0.0458469 0.0413096 -0.303438
         vertex 0.0647419 0.000468706 -0.303438
      endloop
   endfacet
   facet normal 0 0 1
      outer loop
         vertex 0.0458469 0.0413096 -0.303438
         vertex 0.041542 0.0390273 -0.303438
         vertex 0.0647419 0.000468706 -0.303438
      endloop
   endfacet
   facet normal 0 0 1
      outer loop
         vertex 0.041542 0.0390273 -0.303438
         vertex 0.0375091 0.0362929 -0.303438
         vertex 0.0647419 0.000468706 -0.303438
      endloop
   endfacet
   facet normal 0 0 1
      outer loop
         vertex 0.0375091 0.0362929 -0.303438
         vertex 0.0337955 0.0331385 -0.303438
         vertex 0.0647419 0.000468706 -0.303438
      endloop
   endfacet
   facet normal 0 0 1
      outer loop
         vertex 0.0337955 0.0331385 -0.303438
         vertex 0.0304446 0.0296011 -0.303438
         vertex 0.0647419 0.000468706 -0.303438
      endloop
   endfacet
   facet normal 0 0 1
      outer loop
         vertex 0.0304446 0.0296011 -0.303438
         vertex 0.0274959 0.0257221 -0.303438
         vertex 0.0647419 0.000468706 -0.303438
      endloop
   endfacet
   facet normal 0 0 1
      outer loop
         vertex 0.0274959 0.0257221 -0.303438
         vertex 0.0249839 0.0215471 -0.303438
         vertex 0.0647419 0.000468706 -0.303438
      endloop
   endfacet
   facet normal 0 0 1
      outer loop
         vertex 0.0249839 0.0215471 -0.303438
         vertex 0.022938 0.0171249 -0.303438
         vertex 0.0647419 0.000468706 -0.303438
      endloop
   endfacet
   facet normal 0 0 1
      outer loop
         vertex 0.022938 0.0171249 -0.303438
         vertex 0.0213822 0.0125075 -0.303438
         vertex 0.0647419 0.000468706 -0.303438
      endloop
   endfacet
   facet normal 0 0 1
      outer loop
         vertex 0.0213822 0.0125075 -0.303438
         vertex 0.0203347 0.0077489 -0.303438
         vertex 0.0647419 0.000468706 -0.303438
      endloop
   endfacet
   facet normal 0 0 1
      outer loop
         vertex 0.0203347 0.0077489 -0.303438
         vertex 0.0198079 0.00290496 -0.303438
         vertex 0.0647419 0.000468706 -0.303438
      endloop
   endfacet
   facet normal 0 0 1
      outer loop
         vertex 0.0198079 0.00290496 -0.303438
         vertex 0.0198079 -0.00196754 -0.303438
         vertex 0.0647419 0.000468706 -0.303438
      endloop
   endfacet
   facet normal 0 0 1
      outer loop
         vertex 0.0198079 -0.00196754 -0.303438
         vertex 0.0203347 -0.00681148 -0.303438
         vertex 0.0647419 0.000468706 -0.303438
      endloop
   endfacet
   facet normal 0 0 1
      outer loop
         vertex 0.0203347 -0.00681148 -0.303438
         vertex 0.0213822 -0.0115701 -0.303438
         vertex 0.0647419 0.000468706 -0.303438
      endloop
   endfacet
   facet normal 0 0 1
      outer loop
         vertex 0.0213822 -0.0115701 -0.303438
         vertex 0.022938 -0.0161875 -0.303438
         vertex 0.0647419 0.000468706 -0.303438
      endloop
   endfacet
   facet normal 0 0 1
      outer loop
         vertex 0.022938 -0.0161875 -0.303438
         vertex 0.0249839 -0.0206097 -0.303438
         vertex 0.0647419 0.000468706 -0.303438
      endloop
   endfacet
   facet normal 0 0 1
      outer loop
         vertex 0.0249839 -0.0206097 -0.303438
         vertex 0.0274959 -0.0247847 -0.303438
         vertex 0.0647419 0.000468706 -0.303438
      endloop
   endfacet
   facet normal 0 0 1
      outer loop
         vertex 0.0274959 -0.0247847 -0.303438
         vertex 0.0304446 -0.0286637 -0.303438
         vertex 0.0647419 0.000468706 -0.303438
      endloop
   endfacet
   facet normal 0 0 1
      outer loop
         vertex 0.0304446 -0.0286637 -0.303438
         vertex 0.0337955 -0.0322011 -0.303438
         vertex 0.0647419 0.000468706 -0.303438
      endloop
   endfacet
   facet normal 0 0 1
      outer loop
         vertex 0.0337955 -0.0322011 -0.303438
         vertex 0.0375091 -0.0353555 -0.303438
         vertex 0.0647419 0.000468706 -0.303438
      endloop
   endfacet
   facet normal 0 0 1
      outer loop
         vertex 0.0375091 -0.0353555 -0.303438
         vertex 0.041542 -0.0380899 -0.303438
         vertex 0.0647419 0.000468706 -0.303438
      endloop
   endfacet
   facet normal 0 0 1
      outer loop
         vertex 0.041542 -0.0380899 -0.303438
         vertex 0.0458469 -0.0403722 -0.303438
         vertex 0.0647419 0.000468706 -0.303438
      endloop
   endfacet
   facet normal 0 0 1
      outer loop
         vertex 0.0458469 -0.0403722 -0.303438
         vertex 0.0503734 -0.0421757 -0.303438
         vertex 0.0647419 0.000468706 -0.303438
      endloop
   endfacet
   facet normal 0 0 1
      outer loop
         vertex 0.0503734 -0.0421757 -0.303438
         vertex 0.0550683 -0.0434792 -0.303438
         vertex 0.0647419 0.000468706 -0.303438
      endloop
   endfacet
   facet normal 0 0 1
      outer loop
         vertex 0.0550683 -0.0434792 -0.303438
         vertex 0.0598766 -0.0442675 -0.303438
         vertex 0.0647419 0.000468706 -0.303438
      endloop
   endfacet
   facet normal 0 0 1
      outer loop
         vertex 0.0598766 -0.0442675 -0.303438
         vertex 0.0647419 -0.0445313 -0.303438
         vertex 0.0647419 0.000468706 -0.303438
      endloop
   endfacet
   facet normal 0 0 1
      outer loop
         vertex 0.0647419 -0.0445313 -0.303438
         vertex 0.0696073 -0.0442675 -0.303438
         vertex 0.0647419 0.000468706 -0.303438
      endloop
   endfacet
   facet normal 0 -1 0
      outer loop
         vertex 0.0647419 -0.0445313 -0.322838
         vertex 0.0647419 -0.0445313 -0.303438
         vertex 0.0598766 -0.0442675 -0.303438
      endloop
   endfacet
   facet normal -0.108119 -0.994138 0
      outer loop
         vertex 0.0598766 -0.0442675 -0.322838
         vertex 0.0598766 -0.0442675 -0.303438
         vertex 0.0550683 -0.0434792 -0.303438
      endloop
   endfacet
   facet normal -0.21497 -0.976621 0
      outer loop
         vertex 0.0550683 -0.0434792 -0.322838
         vertex 0.0550683 -0.0434792 -0.303438
         vertex 0.0503734 -0.0421757 -0.303438
      endloop
   endfacet
   facet normal -0.319302 -0.947653 0
      outer loop
         vertex 0.0503734 -0.0421757 -0.322838
         vertex 0.0503734 -0.0421757 -0.303438
         vertex 0.0458469 -0.0403722 -0.303438
      endloop
   endfacet
   facet normal -0.419889 -0.907575 0
      outer loop
         vertex 0.0458469 -0.0403722 -0.322838
         vertex 0.0458469 -0.0403722 -0.303438
         vertex 0.041542 -0.0380899 -0.303438
      endloop
   endfacet
   facet normal -0.515554 -0.856857 0
      outer loop
         vertex 0.041542 -0.0380899 -0.322838
         vertex 0.041542 -0.0380899 -0.303438
         vertex 0.0375091 -0.0353555 -0.303438
      endloop
   endfacet
   facet normal -0.605174 -0.796093 0
      outer loop
         vertex 0.0375091 -0.0353555 -0.322838
         vertex 0.0375091 -0.0353555 -0.303438
         vertex 0.0337955 -0.0322011 -0.303438
      endloop
   endfacet
   facet normal -0.687699 -0.725995 0
      outer loop
         vertex 0.0337955 -0.0322011 -0.322838
         vertex 0.0337955 -0.0322011 -0.303438
         vertex 0.0304446 -0.0286637 -0.303438
      endloop
   endfacet
   facet normal -0.762162 -0.647386 0
      outer loop
         vertex 0.0304446 -0.0286637 -0.322838
         vertex 0.0304446 -0.0286637 -0.303438
         vertex 0.0274959 -0.0247847 -0.303438
      endloop
   endfacet
   facet normal -0.827689 -0.561187 0
      outer loop
         vertex 0.0274959 -0.0247847 -0.322838
         vertex 0.0274959 -0.0247847 -0.303438
         vertex 0.0249839 -0.0206097 -0.303438
      endloop
   endfacet
   facet normal -0.883512 -0.468408 0
      outer loop
         vertex 0.0249839 -0.0206097 -0.322838
         vertex 0.0249839 -0.0206097 -0.303438
         vertex 0.022938 -0.0161875 -0.303438
      endloop
   endfacet
   facet normal -0.928977 -0.370138 0
      outer loop
         vertex 0.022938 -0.0161875 -0.322838
         vertex 0.022938 -0.0161875 -0.303438
         vertex 0.0213822 -0.0115701 -0.303438
      endloop
   endfacet
   facet normal -0.96355 -0.267528 0
      outer loop
         vertex 0.0213822 -0.0115701 -0.322838
         vertex 0.0213822 -0.0115701 -0.303438
         vertex 0.0203347 -0.00681148 -0.303438
      endloop
   endfacet
   facet normal -0.986827 -0.161782 0
      outer loop
         vertex 0.0203347 -0.00681148 -0.322838
         vertex 0.0203347 -0.00681148 -0.303438
         vertex 0.0198079 -0.00196754 -0.303438
      endloop
   endfacet
   facet normal -0.998533 -0.0541389 0
      outer loop
         vertex 0.0198079 -0.00196754 -0.322838
         vertex 0.0198079 -0.00196754 -0.303438
         vertex 0.0198079 0.00290496 -0.303438
      endloop
   endfacet
   facet normal -0.998533 0.0541389 0
      outer loop
         vertex 0.0198079 0.00290496 -0.322838
         vertex 0.0198079 0.00290496 -0.303438
         vertex 0.0203347 0.0077489 -0.303438
      endloop
   endfacet
   facet normal -0.986827 0.161782 0
      outer loop
         vertex 0.0203347 0.0077489 -0.322838
         vertex 0.0203347 0.0077489 -0.303438
         vertex 0.0213822 0.0125075 -0.303438
      endloop
   endfacet
   facet normal -0.96355 0.267528 0
      outer loop
         vertex 0.0213822 0.0125075 -0.322838
         vertex 0.0213822 0.0125075 -0.303438
         vertex 0.022938 0.0171249 -0.303438
      endloop
   endfacet
   facet normal -0.928977 0.370138 0
      outer loop
         vertex 0.022938 0.0171249 -0.322838
         vertex 0.022938 0.0171249 -0.303438
         vertex 0.0249839 0.0215471 -0.303438
      endloop
   endfacet
   facet normal -0.883512 0.468408 0
      outer loop
         vertex 0.0249839 0.0215471 -0.322838
         vertex 0.0249839 0.0215471 -0.303438
         vertex 0.0274959 0.0257221 -0.303438
      endloop
   endfacet
   facet normal -0.827689 0.561187 0
      outer loop
         vertex 0.0274959 0.0257221 -0.322838
         vertex 0.0274959 0.0257221 -0.303438
         vertex 0.0304446 0.0296011 -0.303438
      endloop
   endfacet
   facet normal -0.762162 0.647386 0
      outer loop
         vertex 0.0304446 0.0296011 -0.322838
         vertex 0.0304446 0.0296011 -0.303438
         vertex 0.0337955 0.0331385 -0.303438
      endloop
   endfacet
   facet normal -0.687699 0.725995 0
      outer loop
         vertex 0.0337955 0.0331385 -0.322838
         vertex 0.0337955 0.0331385 -0.303438
         vertex 0.0375091 0.0362929 -0.303438
      endloop
   endfacet
   facet normal -0.605174 0.796093 0
      outer loop
         vertex 0.0375091 0.0362929 -0.322838
         vertex 0.0375091 0.0362929 -0.303438
         vertex 0.041542 0.0390273 -0.303438
      endloop
   endfacet
   facet normal -0.515554 0.856857 0
      outer loop
         vertex 0.041542 0.0390273 -0.322838
         vertex 0.041542 0.0390273 -0.303438
         vertex 0.0458469 0.0413096 -0.303438
      endloop
   endfacet
   facet normal -0.419889 0.907575 0
      outer loop
         vertex 0.0458469 0.0413096 -0.322838
         vertex 0.0458469 0.0413096 -0.303438
         vertex 0.0503734 0.0431131 -0.303438
      endloop
   endfacet
   facet normal -0.319302 0.947653 0
      outer loop
         vertex 0.0503734 0.0431131 -0.322838
         vertex 0.0503734 0.0431131 -0.303438
         vertex 0.0550683 0.0444166 -0.303438
      endloop
   endfacet
   facet normal -0.21497 0.976621 0
      outer loop
         vertex 0.0550683 0.0444166 -0.322838
         vertex 0.0550683 0.0444166 -0.303438
         vertex 0.0598766 0.0452049 -0.303438
      endloop
   endfacet
   facet normal -0.108119 0.994138 0
      outer loop
         vertex 0.0598766 0.0452049 -0.322838
         vertex 0.0598766 0.0452049 -0.303438
         vertex 0.0647419 0.0454687 -0.303438
      endloop
   endfacet
   facet normal -1.22465e-16 1 0
      outer loop
         vertex 0.0647419 0.0454687 -0.322838
         vertex 0.0647419 0.0454687 -0.303438
         vertex 0.0696073 0.0452049 -0.303438
      endloop
   endfacet
   facet normal 0.108119 0.994138 0
      outer loop
         vertex 0.0696073 0.0452049 -0.322838
         vertex 0.0696073 0.0452049 -0.303438
         vertex 0.0744156 0.0444166 -0.303438
      endloop
   endfacet
   facet normal 0.21497 0.976621 0
      outer loop
         vertex 0.0744156 0.0444166 -0.322838
         vertex 0.0744156 0.0444166 -0.303438
         vertex 0.0791105 0.0431131 -0.303438
      endloop
   endfacet
   facet normal 0.319302 0.947653 0
      outer loop
         vertex 0.0791105 0.0431131 -0.322838
         vertex 0.0791105 0.0431131 -0.303438
         vertex 0.0836369 0.0413096 -0.303438
      endloop
   endfacet
   facet normal 0.419889 0.907575 0
      outer loop
         vertex 0.0836369 0.0413096 -0.322838
         vertex 0.0836369 0.0413096 -0.303438
         vertex 0.0879419 0.0390273 -0.303438
      endloop
   endfacet
   facet normal 0.515554 0.856857 0
      outer loop
         vertex 0.0879419 0.0390273 -0.322838
         vertex 0.0879419 0.0390273 -0.303438
         vertex 0.0919748 0.0362929 -0.303438
      endloop
   endfacet
   facet normal 0.605174 0.796093 0
      outer loop
         vertex 0.0919748 0.0362929 -0.322838
         vertex 0.0919748 0.0362929 -0.303438
         vertex 0.0956884 0.0331385 -0.303438
      endloop
   endfacet
   facet normal 0.687699 0.725995 0
      outer loop
         vertex 0.0956884 0.0331385 -0.322838
         vertex 0.0956884 0.0331385 -0.303438
         vertex 0.0990392 0.0296011 -0.303438
      endloop
   endfacet
   facet normal 0.762162 0.647386 0
      outer loop
         vertex 0.0990392 0.0296011 -0.322838
         vertex 0.0990392 0.0296011 -0.303438
         vertex 0.101988 0.0257221 -0.303438
      endloop
   endfacet
   facet normal 0.827689 0.561187 0
      outer loop
         vertex 0.101988 0.0257221 -0.322838
         vertex 0.101988 0.0257221 -0.303438
         vertex 0.1045 0.0215471 -0.303438
      endloop
   endfacet
   facet normal 0.883512 0.468408 0
      outer loop
         vertex 0.1045 0.0215471 -0.322838
         vertex 0.1045 0.0215471 -0.303438
         vertex 0.106546 0.0171249 -0.303438
      endloop
   endfacet
   facet normal 0.928977 0.370138 0
      outer loop
         vertex 0.106546 0.0171249 -0.322838
         vertex 0.106546 0.0171249 -0.303438
         vertex 0.108102 0.0125075 -0.303438
      endloop
   endfacet
   facet normal 0.96355 0.267528 0
      outer loop
         vertex 0.108102 0.0125075 -0.322838
         vertex 0.108102 0.0125075 -0.303438
         vertex 0.109149 0.0077489 -0.303438
      endloop
   endfacet
   facet normal 0.986827 0.161782 0
      outer loop
         vertex 0.109149 0.0077489 -0.322838
         vertex 0.109149 0.0077489 -0.303438
         vertex 0.109676 0.00290496 -0.303438
      endloop
   endfacet
   facet normal 0.998533 0.0541389 0
      outer loop
         vertex 0.109676 0.00290496 -0.322838
         vertex 0.109676 0.00290496 -0.303438
         vertex 0.109676 -0.00196754 -0.303438
      endloop
   endfacet
   facet normal 0.998533 -0.0541389 0
      outer loop
         vertex 0.109676 -0.00196754 -0.322838
         vertex 0.109676 -0.00196754 -0.303438
         vertex 0.109149 -0.00681148 -0.303438
      endloop
   endfacet
   facet normal 0.986827 -0.161782 0
      outer loop
         vertex 0.109149 -0.00681148 -0.322838
         vertex 0.109149 -0.00681148 -0.303438
         vertex 0.108102 -0.0115701 -0.303438
      endloop
   endfacet
   facet normal 0.96355 -0.267528 0
      outer loop
         vertex 0.108102 -0.0115701 -0.322838
         vertex 0.108102 -0.0115701 -0.303438
         vertex 0.106546 -0.0161875 -0.303438
      endloop
   endfacet
   facet normal 0.928977 -0.370138 0
      outer loop
         vertex 0.106546 -0.0161875 -0.322838
         vertex 0.106546 -0.0161875 -0.303438
         vertex 0.1045 -0.0206097 -0.303438
      endloop
   endfacet
   facet normal 0.883512 -0.468408 0
      outer loop
         vertex 0.1045 -0.0206097 -0.322838
         vertex 0.1045 -0.0206097 -0.303438
         vertex 0.101988 -0.0247847 -0.303438
      endloop
   endfacet
   facet normal 0.827689 -0.561187 0
      outer loop
         vertex 0.101988 -0.0247847 -0.322838
         vertex 0.101988 -0.0247847 -0.303438
         vertex 0.0990392 -0.0286637 -0.303438
      endloop
   endfacet
   facet normal 0.762162 -0.647386 0
      outer loop
         vertex 0.0990392 -0.0286637 -0.322838
         vertex 0.0990392 -0.0286637 -0.303438
         vertex 0.0956884 -0.0322011 -0.303438
      endloop
   endfacet
   facet normal 0.687699 -0.725995 0
      outer loop
         vertex 0.0956884 -0.0322011 -0.322838
         vertex 0.0956884 -0.0322011 -0.303438
         vertex 0.0919748 -0.0353555 -0.303438
      endloop
   endfacet
   facet normal 0.605174 -0.796093 0
      outer loop
         vertex 0.0919748 -0.0353555 -0.322838
         vertex 0.0919748 -0.0353555 -0.303438
         vertex 0.0879419 -0.0380899 -0.303438
      endloop
   endfacet
   facet normal 0.515554 -0.856857 0
      outer loop
         vertex 0.0879419 -0.0380899 -0.322838
         vertex 0.0879419 -0.0380899 -0.303438
         vertex 0.0836369 -0.0403722 -0.303438
      endloop
   endfacet
   facet normal 0.419889 -0.907575 0
      outer loop
         vertex 0.0836369 -0.0403722 -0.322838
         vertex 0.0836369 -0.0403722 -0.303438
         vertex 0.0791105 -0.0421757 -0.303438
      endloop
   endfacet
   facet normal 0.319302 -0.947653 0
      outer loop
         vertex 0.0791105 -0.0421757 -0.322838
         vertex 0.0791105 -0.0421757 -0.303438
         vertex 0.0744156 -0.0434792 -0.303438
      endloop
   endfacet
   facet normal 0.21497 -0.976621 0
      outer loop
         vertex 0.0744156 -0.0434792 -0.322838
         vertex 0.0744156 -0.0434792 -0.303438
         vertex 0.0696073 -0.0442675 -0.303438
      endloop
   endfacet
   facet normal 0.108119 -0.994138 0
      outer loop
         vertex 0.0696073 -0.0442675 -0.322838
         vertex 0.0696073 -0.0442675 -0.303438
         vertex 0.0647419 -0.0445313 -0.303438
      endloop
   endfacet
   facet normal 0 -1 0
      outer loop
         vertex 0.0647419 -0.0445313 -0.303438
         vertex 0.0647419 -0.0445313 -0.322838
         vertex 0.0696073 -0.0442675 -0.322838
      endloop
   endfacet
   facet normal 0.108119 -0.994138 0
      outer loop
         vertex 0.0696073 -0.0442675 -0.303438
         vertex 0.0696073 -0.0442675 -0.322838
         vertex 0.0744156 -0.0434792 -0.322838
      endloop
   endfacet
   facet normal 0.21497 -0.976621 0
      outer loop
         vertex 0.0744156 -0.0434792 -0.303438
         vertex 0.0744156 -0.0434792 -0.322838
         vertex 0.0791105 -0.0421757 -0.322838
      endloop
   endfacet
   facet normal 0.319302 -0.947653 0
      outer loop
         vertex 0.0791105 -0.0421757 -0.303438
         vertex 0.0791105 -0.0421757 -0.322838
         vertex 0.0836369 -0.0403722 -0.322838
      endloop
   endfacet
   facet normal 0.419889 -0.907575 0
      outer loop
         vertex 0.0836369 -0.0403722 -0.303438
         vertex 0.0836369 -0.0403722 -0.322838
         vertex 0.0879419 -0.0380899 -0.322838
      endloop
   endfacet
   facet normal 0.515554 -0.856857 0
      outer loop
         vertex 0.0879419 -0.0380899 -0.303438
         vertex 0.0879419 -0.0380899 -0.322838
         vertex 0.0919748 -0.0353555 -0.322838
      endloop
   endfacet
   facet normal 0.605174 -0.796093 0
      outer loop
         vertex 0.0919748 -0.0353555 -0.303438
         vertex 0.0919748 -0.0353555 -0.322838
         vertex 0.0956884 -0.0322011 -0.322838
      endloop
   endfacet
   facet normal 0.687699 -0.725995 0
      outer loop
         vertex 0.0956884 -0.0322011 -0.303438
         vertex 0.0956884 -0.0322011 -0.322838
         vertex 0.0990392 -0.0286637 -0.322838
      endloop
   endfacet
   facet normal 0.762162 -0.647386 0
      outer loop
         vertex 0.0990392 -0.0286637 -0.303438
         vertex 0.0990392 -0.0286637 -0.322838
         vertex 0.101988 -0.0247847 -0.322838
      endloop
   endfacet
   facet normal 0.827689 -0.561187 0
      outer loop
         vertex 0.101988 -0.0247847 -0.303438
         vertex 0.101988 -0.0247847 -0.322838
         vertex 0.1045 -0.0206097 -0.322838
      endloop
   endfacet
   facet normal 0.883512 -0.468408 0
      outer loop
         vertex 0.1045 -0.0206097 -0.303438
         vertex 0.1045 -0.0206097 -0.322838
         vertex 0.106546 -0.0161875 -0.322838
      endloop
   endfacet
   facet normal 0.928977 -0.370138 0
      outer loop
         vertex 0.106546 -0.0161875 -0.303438
         vertex 0.106546 -0.0161875 -0.322838
         vertex 0.108102 -0.0115701 -0.322838
      endloop
   endfacet
   facet normal 0.96355 -0.267528 0
      outer loop
         vertex 0.108102 -0.0115701 -0.303438
         vertex 0.108102 -0.0115701 -0.322838
         vertex 0.109149 -0.00681148 -0.322838
      endloop
   endfacet
   facet normal 0.986827 -0.161782 0
      outer loop
         vertex 0.109149 -0.00681148 -0.303438
         vertex 0.109149 -0.00681148 -0.322838
         vertex 0.109676 -0.00196754 -0.322838
      endloop
   endfacet
   facet normal 0.998533 -0.0541389 0
      outer loop
         vertex 0.109676 -0.00196754 -0.303438
         vertex 0.109676 -0.00196754 -0.322838
         vertex 0.109676 0.00290496 -0.322838
      endloop
   endfacet
   facet normal 0.998533 0.0541389 0
      outer loop
         vertex 0.109676 0.00290496 -0.303438
         vertex 0.109676 0.00290496 -0.322838
         vertex 0.109149 0.0077489 -0.322838
      endloop
   endfacet
   facet normal 0.986827 0.161782 0
      outer loop
         vertex 0.109149 0.0077489 -0.303438
         vertex 0.109149 0.0077489 -0.322838
         vertex 0.108102 0.0125075 -0.322838
      endloop
   endfacet
   facet normal 0.96355 0.267528 0
      outer loop
         vertex 0.108102 0.0125075 -0.303438
         vertex 0.108102 0.0125075 -0.322838
         vertex 0.106546 0.0171249 -0.322838
      endloop
   endfacet
   facet normal 0.928977 0.370138 0
      outer loop
         vertex 0.106546 0.0171249 -0.303438
         vertex 0.106546 0.0171249 -0.322838
         vertex 0.1045 0.0215471 -0.322838
      endloop
   endfacet
   facet normal 0.883512 0.468408 0
      outer loop
         vertex 0.1045 0.0215471 -0.303438
         vertex 0.1045 0.0215471 -0.322838
         vertex 0.101988 0.0257221 -0.322838
      endloop
   endfacet
   facet normal 0.827689 0.561187 0
      outer loop
         vertex 0.101988 0.0257221 -0.303438
         vertex 0.101988 0.0257221 -0.322838
         vertex 0.0990392 0.0296011 -0.322838
      endloop
   endfacet
   facet normal 0.762162 0.647386 0
      outer loop
         vertex 0.0990392 0.0296011 -0.303438
         vertex 0.0990392 0.0296011 -0.322838
         vertex 0.0956884 0.0331385 -0.322838
      endloop
   endfacet
   facet normal 0.687699 0.725995 0
      outer loop
         vertex 0.0956884 0.0331385 -0.303438
         vertex 0.0956884 0.0331385 -0.322838
         vertex 0.0919748 0.0362929 -0.322838
      endloop
   endfacet
   facet normal 0.605174 0.796093 0
      outer loop
         vertex 0.0919748 0.0362929 -0.303438
         vertex 0.0919748 0.0362929 -0.322838
         vertex 0.0879419 0.0390273 -0.322838
      endloop
   endfacet
   facet normal 0.515554 0.856857 0
      outer loop
         vertex 0.0879419 0.0390273 -0.303438
         vertex 0.0879419 0.0390273 -0.322838
         vertex 0.0836369 0.0413096 -0.322838
      endloop
   endfacet
   facet normal 0.419889 0.907575 0
      outer loop
         vertex 0.0836369 0.0413096 -0.303438
         vertex 0.0836369 0.0413096 -0.322838
         vertex 0.0791105 0.0431131 -0.322838
      endloop
   endfacet
   facet normal 0.319302 0.947653 0
      outer loop
         vertex 0.0791105 0.0431131 -0.303438
         vertex 0.0791105 0.0431131 -0.322838
         vertex 0.0744156 0.0444166 -0.322838
      endloop
   endfacet
   facet normal 0.21497 0.976621 0
      outer loop
         vertex 0.0744156 0.0444166 -0.303438
         vertex 0.0744156 0.0444166 -0.322838
         vertex 0.0696073 0.0452049 -0.322838
      endloop
   endfacet
   facet normal 0.108119 0.994138 0
      outer loop
         vertex 0.0696073 0.0452049 -0.303438
         vertex 0.0696073 0.0452049 -0.322838
         vertex 0.0647419 0.0454687 -0.322838
      endloop
   endfacet
   facet normal -1.22465e-16 1 0
      outer loop
         vertex 0.0647419 0.0454687 -0.303438
         vertex 0.0647419 0.0454687 -0.322838
         vertex 0.0598766 0.0452049 -0.322838
      endloop
   endfacet
   facet normal -0.108119 0.994138 0
      outer loop
         vertex 0.0598766 0.0452049 -0.303438
         vertex 0.0598766 0.0452049 -0.322838
         vertex 0.0550683 0.0444166 -0.322838
      endloop
   endfacet
   facet normal -0.21497 0.976621 0
      outer loop
         vertex 0.0550683 0.0444166 -0.303438
         vertex 0.0550683 0.0444166 -0.322838
         vertex 0.0503734 0.0431131 -0.322838
      endloop
   endfacet
   facet normal -0.319302 0.947653 0
      outer loop
         vertex 0.0503734 0.0431131 -0.303438
         vertex 0.0503734 0.0431131 -0.322838
         vertex 0.0458469 0.0413096 -0.322838
      endloop
   endfacet
   facet normal -0.419889 0.907575 0
      outer loop
         vertex 0.0458469 0.0413096 -0.303438
         vertex 0.0458469 0.0413096 -0.322838
         vertex 0.041542 0.0390273 -0.322838
      endloop
   endfacet
   facet normal -0.515554 0.856857 0
      outer loop
         vertex 0.041542 0.0390273 -0.303438
         vertex 0.041542 0.0390273 -0.322838
         vertex 0.0375091 0.0362929 -0.322838
      endloop
   endfacet
   facet normal -0.605174 0.796093 0
      outer loop
         vertex 0.0375091 0.0362929 -0.303438
         vertex 0.0375091 0.0362929 -0.322838
         vertex 0.0337955 0.0331385 -0.322838
      endloop
   endfacet
   facet normal -0.687699 0.725995 0
      outer loop
         vertex 0.0337955 0.0331385 -0.303438
         vertex 0.0337955 0.0331385 -0.322838
         vertex 0.0304446 0.0296011 -0.322838
      endloop
   endfacet
   facet normal -0.762162 0.647386 0
      outer loop
         vertex 0.0304446 0.0296011 -0.303438
         vertex 0.0304446 0.0296011 -0.322838
         vertex 0.0274959 0.0257221 -0.322838
      endloop
   endfacet
   facet normal -0.827689 0.561187 0
      outer loop
         vertex 0.0274959 0.0257221 -0.303438
         vertex 0.0274959 0.0257221 -0.322838
         vertex 0.0249839 0.0215471 -0.322838
      endloop
   endfacet
   facet normal -0.883512 0.468408 0
      outer loop
         vertex 0.0249839 0.0215471 -0.303438
         vertex 0.0249839 0.0215471 -0.322838
         vertex 0.022938 0.0171249 -0.322838
      endloop
   endfacet
   facet normal -0.928977 0.370138 0
      outer loop
         vertex 0.022938 0.0171249 -0.303438
         vertex 0.022938 0.0171249 -0.322838
         vertex 0.0213822 0.0125075 -0.322838
      endloop
   endfacet
   facet normal -0.96355 0.267528 0
      outer loop
         vertex 0.0213822 0.0125075 -0.303438
         vertex 0.0213822 0.0125075 -0.322838
         vertex 0.0203347 0.0077489 -0.322838
      endloop
   endfacet
   facet normal -0.986827 0.161782 0
      outer loop
         vertex 0.0203347 0.0077489 -0.303438
         vertex 0.0203347 0.0077489 -0.322838
         vertex 0.0198079 0.00290496 -0.322838
      endloop
   endfacet
   facet normal -0.998533 0.0541389 0
      outer loop
         vertex 0.0198079 0.00290496 -0.303438
         vertex 0.0198079 0.00290496 -0.322838
         vertex 0.0198079 -0.00196754 -0.322838
      endloop
   endfacet
   facet normal -0.998533 -0.0541389 0
      outer loop
         vertex 0.0198079 -0.00196754 -0.303438
         vertex 0.0198079 -0.00196754 -0.322838
         vertex 0.0203347 -0.00681148 -0.322838
      endloop
   endfacet
   facet normal -0.986827 -0.161782 0
      outer loop
         vertex 0.0203347 -0.00681148 -0.303438
         vertex 0.0203347 -0.00681148 -0.322838
         vertex 0.0213822 -0.0115701 -0.322838
      endloop
   endfacet
   facet normal -0.96355 -0.267528 0
      outer loop
         vertex 0.0213822 -0.0115701 -0.303438
         vertex 0.0213822 -0.0115701 -0.322838
         vertex 0.022938 -0.0161875 -0.322838
      endloop
   endfacet
   facet normal -0.928977 -0.370138 0
      outer loop
         vertex 0.022938 -0.0161875 -0.303438
         vertex 0.022938 -0.0161875 -0.322838
         vertex 0.0249839 -0.0206097 -0.322838
      endloop
   endfacet
   facet normal -0.883512 -0.468408 0
      outer loop
         vertex 0.0249839 -0.0206097 -0.303438
         vertex 0.0249839 -0.0206097 -0.322838
         vertex 0.0274959 -0.0247847 -0.322838
      endloop
   endfacet
   facet normal -0.827689 -0.561187 0
      outer loop
         vertex 0.0274959 -0.0247847 -0.303438
         vertex 0.0274959 -0.0247847 -0.322838
         vertex 0.0304446 -0.0286637 -0.322838
      endloop
   endfacet
   facet normal -0.762162 -0.647386 0
      outer loop
         vertex 0.0304446 -0.0286637 -0.303438
         vertex 0.0304446 -0.0286637 -0.322838
         vertex 0.0337955 -0.0322011 -0.322838
      endloop
   endfacet
   facet normal -0.687699 -0.725995 0
      outer loop
         vertex 0.0337955 -0.0322011 -0.303438
         vertex 0.0337955 -0.0322011 -0.322838
         vertex 0.0375091 -0.0353555 -0.322838
      endloop
   endfacet
   facet normal -0.605174 -0.796093 0
      outer loop
         vertex 0.0375091 -0.0353555 -0.303438
         vertex 0.0375091 -0.0353555 -0.322838
         vertex 0.041542 -0.0380899 -0.322838
      endloop
   endfacet
   facet normal -0.515554 -0.856857 0
      outer loop
         vertex 0.041542 -0.0380899 -0.303438
         vertex 0.041542 -0.0380899 -0.322838
         vertex 0.0458469 -0.0403722 -0.322838
      endloop
   endfacet
   facet normal -0.419889 -0.907575 0
      outer loop
         vertex 0.0458469 -0.0403722 -0.303438
         vertex 0.0458469 -0.0403722 -0.322838
         vertex 0.0503734 -0.0421757 -0.322838
      endloop
   endfacet
   facet normal -0.319302 -0.947653 0
      outer loop
         vertex 0.0503734 -0.0421757 -0.303438
         vertex 0.0503734 -0.0421757 -0.322838
         vertex 0.0550683 -0.0434792 -0.322838
      endloop
   endfacet
   facet normal -0.21497 -0.976621 0
      outer loop
         vertex 0.0550683 -0.0434792 -0.303438
         vertex 0.0550683 -0.0434792 -0.322838
         vertex 0.0598766 -0.0442675 -0.322838
      endloop
   endfacet
   facet normal -0.108119 -0.994138 0
      outer loop
         vertex 0.0598766 -0.0442675 -0.303438
         vertex 0.0598766 -0.0442675 -0.322838
         vertex 0.0647419 -0.0445313 -0.322838
      endloop
   endfacet
   facet normal -0.107458 0.988058 -0.110432
      outer loop
         vertex 0.0598766 0.0452049 -0.322838
         vertex 0.0647419 0.0454687 -0.322838
         vertex 0.0647419 0.034344 -0.42296
      endloop
   endfacet
   facet normal 0 0.993884 -0.110432
      outer loop
         vertex 0.0647419 0.034344 -0.42296
         vertex 0.0612581 0.032502 -0.437838
         vertex 0.0598766 0.0452049 -0.322838
      endloop
   endfacet
   facet normal -0.107458 0.988058 -0.110432
      outer loop
         vertex 0.0598766 0.0452049 -0.322838
         vertex 0.0612581 0.032502 -0.437838
         vertex 0.0578151 0.0319376 -0.437838
      endloop
   endfacet
   facet normal -0.213656 0.970647 -0.110432
      outer loop
         vertex 0.0550683 0.0444166 -0.322838
         vertex 0.0578151 0.0319376 -0.437838
         vertex 0.0544533 0.0310042 -0.437838
      endloop
   endfacet
   facet normal -0.317349 0.941857 -0.110432
      outer loop
         vertex 0.0503734 0.0431131 -0.322838
         vertex 0.0544533 0.0310042 -0.437838
         vertex 0.0512122 0.0297128 -0.437838
      endloop
   endfacet
   facet normal -0.417321 -0.902024 -0.110432
      outer loop
         vertex 0.0458469 -0.0403722 -0.322838
         vertex 0.0512122 -0.0287754 -0.437838
         vertex 0.0544533 -0.0300668 -0.437838
      endloop
   endfacet
   facet normal -0.317349 -0.941857 -0.110432
      outer loop
         vertex 0.0503734 -0.0421757 -0.322838
         vertex 0.0544533 -0.0300668 -0.437838
         vertex 0.0578151 -0.0310002 -0.437838
      endloop
   endfacet
   facet normal -0.213656 -0.970647 -0.110432
      outer loop
         vertex 0.0550683 -0.0434792 -0.322838
         vertex 0.0578151 -0.0310002 -0.437838
         vertex 0.0612581 -0.0315646 -0.437838
      endloop
   endfacet
   facet normal -0.107458 -0.988058 -0.110432
      outer loop
         vertex 0.0598766 -0.0442675 -0.322838
         vertex 0.0612581 -0.0315646 -0.437838
         vertex 0.0647419 -0.0334066 -0.42296
      endloop
   endfacet
   facet normal -0.107458 -0.988058 -0.110432
      outer loop
         vertex 0.0612581 -0.0315646 -0.437838
         vertex 0.0647419 -0.0317535 -0.437838
         vertex 0.0647419 -0.0334066 -0.42296
      endloop
   endfacet
   facet normal 0.683493 -0.721555 -0.110432
      outer loop
         vertex 0.0956884 -0.0322011 -0.322838
         vertex 0.0872832 -0.0233278 -0.432838
         vertex 0.0897239 -0.0207512 -0.432838
      endloop
   endfacet
   facet normal 0.7575 -0.643427 -0.110432
      outer loop
         vertex 0.0990392 -0.0286637 -0.322838
         vertex 0.0897239 -0.0207512 -0.432838
         vertex 0.0918717 -0.0179258 -0.432838
      endloop
   endfacet
   facet normal 0.822627 -0.557755 -0.110432
      outer loop
         vertex 0.101988 -0.0247847 -0.322838
         vertex 0.0918717 -0.0179258 -0.432838
         vertex 0.0937015 -0.0148847 -0.432838
      endloop
   endfacet
   facet normal 0.878108 -0.465544 -0.110432
      outer loop
         vertex 0.1045 -0.0206097 -0.322838
         vertex 0.0937015 -0.0148847 -0.432838
         vertex 0.0951917 -0.0116636 -0.432838
      endloop
   endfacet
   facet normal 0.923295 -0.367874 -0.110432
      outer loop
         vertex 0.106546 -0.0161875 -0.322838
         vertex 0.0951917 -0.0116636 -0.432838
         vertex 0.096325 -0.00830028 -0.432838
      endloop
   endfacet
   facet normal 0.957657 -0.265892 -0.110432
      outer loop
         vertex 0.108102 -0.0115701 -0.322838
         vertex 0.096325 -0.00830028 -0.432838
         vertex 0.0970879 -0.00483415 -0.432838
      endloop
   endfacet
   facet normal 0.980791 -0.160792 -0.110432
      outer loop
         vertex 0.109149 -0.00681148 -0.322838
         vertex 0.0970879 -0.00483415 -0.432838
         vertex 0.0974716 -0.00130585 -0.432838
      endloop
   endfacet
   facet normal 0.992426 -0.0538078 -0.110432
      outer loop
         vertex 0.109676 -0.00196754 -0.322838
         vertex 0.0974716 -0.00130585 -0.432838
         vertex 0.0974716 0.00224326 -0.432838
      endloop
   endfacet
   facet normal 0.992426 0.0538078 -0.110432
      outer loop
         vertex 0.109676 0.00290496 -0.322838
         vertex 0.0974716 0.00224326 -0.432838
         vertex 0.0970879 0.00577156 -0.432838
      endloop
   endfacet
   facet normal 0.980791 0.160792 -0.110432
      outer loop
         vertex 0.109149 0.0077489 -0.322838
         vertex 0.0970879 0.00577156 -0.432838
         vertex 0.096325 0.00923769 -0.432838
      endloop
   endfacet
   facet normal 0.957657 0.265892 -0.110432
      outer loop
         vertex 0.108102 0.0125075 -0.322838
         vertex 0.096325 0.00923769 -0.432838
         vertex 0.0951917 0.012601 -0.432838
      endloop
   endfacet
   facet normal 0.923295 0.367874 -0.110432
      outer loop
         vertex 0.106546 0.0171249 -0.322838
         vertex 0.0951917 0.012601 -0.432838
         vertex 0.0937015 0.0158221 -0.432838
      endloop
   endfacet
   facet normal 0.878108 0.465544 -0.110432
      outer loop
         vertex 0.1045 0.0215471 -0.322838
         vertex 0.0937015 0.0158221 -0.432838
         vertex 0.0918717 0.0188632 -0.432838
      endloop
   endfacet
   facet normal 0.822627 0.557755 -0.110432
      outer loop
         vertex 0.101988 0.0257221 -0.322838
         vertex 0.0918717 0.0188632 -0.432838
         vertex 0.0897239 0.0216886 -0.432838
      endloop
   endfacet
   facet normal 0.7575 0.643427 -0.110432
      outer loop
         vertex 0.0990392 0.0296011 -0.322838
         vertex 0.0897239 0.0216886 -0.432838
         vertex 0.0872832 0.0242652 -0.432838
      endloop
   endfacet
   facet normal 0.601473 0.791224 -0.110432
      outer loop
         vertex 0.0919748 0.0362929 -0.322838
         vertex 0.0852436 0.0269929 -0.426122
         vertex 0.0850968 0.027151 -0.425796
      endloop
   endfacet
   facet normal 0.683493 0.721555 -0.110432
      outer loop
         vertex 0.0956884 0.0331385 -0.322838
         vertex 0.0853534 0.0268621 -0.426445
         vertex 0.0852436 0.0269929 -0.426122
      endloop
   endfacet
   facet normal 0.683493 0.721555 -0.110432
      outer loop
         vertex 0.0956884 0.0331385 -0.322838
         vertex 0.0854006 0.0268058 -0.426584
         vertex 0.0853534 0.0268621 -0.426445
      endloop
   endfacet
   facet normal 0.607813 0.786364 -0.110432
      outer loop
         vertex 0.0852436 0.0269929 -0.426122
         vertex 0.0919748 0.0362929 -0.322838
         vertex 0.0956884 0.0331385 -0.322838
      endloop
   endfacet
   facet normal 0.683493 0.721555 -0.110432
      outer loop
         vertex 0.0956884 0.0331385 -0.322838
         vertex 0.0855037 0.0266635 -0.427014
         vertex 0.0854442 0.0267457 -0.426766
      endloop
   endfacet
   facet normal 0.683493 0.721555 -0.110432
      outer loop
         vertex 0.0956884 0.0331385 -0.322838
         vertex 0.0855548 0.0265738 -0.42736
         vertex 0.0855136 0.0266462 -0.427081
      endloop
   endfacet
   facet normal 0.683493 0.721555 -0.110432
      outer loop
         vertex 0.0872832 0.0242652 -0.432838
         vertex 0.085568 0.0265407 -0.427519
         vertex 0.0855548 0.0265738 -0.42736
      endloop
   endfacet
   facet normal 0.683493 0.721555 -0.110432
      outer loop
         vertex 0.0872832 0.0242652 -0.432838
         vertex 0.0855741 0.0264965 -0.427796
         vertex 0.0855715 0.0265154 -0.427677
      endloop
   endfacet
   facet normal 0.620734 0.776205 -0.110432
      outer loop
         vertex 0.0855715 0.0265154 -0.427677
         vertex 0.085568 0.0265407 -0.427519
         vertex 0.0872832 0.0242652 -0.432838
      endloop
   endfacet
   facet normal 0.619581 0.777125 -0.110432
      outer loop
         vertex 0.0855548 0.0265738 -0.42736
         vertex 0.0956884 0.0331385 -0.322838
         vertex 0.0872832 0.0242652 -0.432838
      endloop
   endfacet
   facet normal 0.683493 0.721555 -0.110432
      outer loop
         vertex 0.0872832 0.0242652 -0.432838
         vertex 0.0855611 0.026475 -0.42802
         vertex 0.0855649 0.0264813 -0.427954
      endloop
   endfacet
   facet normal 0.683493 0.721555 -0.110432
      outer loop
         vertex 0.0872832 0.0242652 -0.432838
         vertex 0.0847015 0.0264687 -0.432838
         vertex 0.0855349 0.0264687 -0.428211
      endloop
   endfacet
   facet normal 0.620746 0.776196 -0.110432
      outer loop
         vertex 0.0855349 0.0264687 -0.428211
         vertex 0.0855611 0.026475 -0.42802
         vertex 0.0872832 0.0242652 -0.432838
      endloop
   endfacet
   facet normal 0.621109 0.775905 -0.110432
      outer loop
         vertex 0.0855649 0.0264813 -0.427954
         vertex 0.0855741 0.0264965 -0.427796
         vertex 0.0872832 0.0242652 -0.432838
      endloop
   endfacet
   facet normal 0.61778 0.778558 -0.110432
      outer loop
         vertex 0.0855136 0.0266462 -0.427081
         vertex 0.0855037 0.0266635 -0.427014
         vertex 0.0956884 0.0331385 -0.322838
      endloop
   endfacet
   facet normal 0.615072 0.780699 -0.110432
      outer loop
         vertex 0.0854442 0.0267457 -0.426766
         vertex 0.0854006 0.0268058 -0.426584
         vertex 0.0956884 0.0331385 -0.322838
      endloop
   endfacet
   facet normal 0.512401 0.851616 -0.110432
      outer loop
         vertex 0.0879419 0.0390273 -0.322838
         vertex 0.0824537 0.0293176 -0.423168
         vertex 0.0823258 0.0294006 -0.423126
      endloop
   endfacet
   facet normal 0.512401 0.851616 -0.110432
      outer loop
         vertex 0.0879419 0.0390273 -0.322838
         vertex 0.08282 0.0290675 -0.423336
         vertex 0.0826283 0.0291984 -0.423248
      endloop
   endfacet
   facet normal 0.512401 0.851616 -0.110432
      outer loop
         vertex 0.0879419 0.0390273 -0.322838
         vertex 0.0830235 0.0289229 -0.423449
         vertex 0.0829312 0.0289885 -0.423398
      endloop
   endfacet
   facet normal 0.534436 0.837964 -0.110432
      outer loop
         vertex 0.0829312 0.0289885 -0.423398
         vertex 0.08282 0.0290675 -0.423336
         vertex 0.0879419 0.0390273 -0.322838
      endloop
   endfacet
   facet normal 0.512401 0.851616 -0.110432
      outer loop
         vertex 0.0879419 0.0390273 -0.322838
         vertex 0.0834543 0.0286028 -0.423739
         vertex 0.0832282 0.0287709 -0.423587
      endloop
   endfacet
   facet normal 0.543511 0.832106 -0.110432
      outer loop
         vertex 0.0832282 0.0287709 -0.423587
         vertex 0.0830235 0.0289229 -0.423449
         vertex 0.0879419 0.0390273 -0.322838
      endloop
   endfacet
   facet normal 0.525285 0.84373 -0.110432
      outer loop
         vertex 0.0826283 0.0291984 -0.423248
         vertex 0.0824537 0.0293176 -0.423168
         vertex 0.0879419 0.0390273 -0.322838
      endloop
   endfacet
   facet normal 0.512401 0.851616 -0.110432
      outer loop
         vertex 0.0879419 0.0390273 -0.322838
         vertex 0.0838717 0.0282732 -0.424091
         vertex 0.0837982 0.0283312 -0.424029
      endloop
   endfacet
   facet normal 0.56108 0.820362 -0.110432
      outer loop
         vertex 0.0837982 0.0283312 -0.424029
         vertex 0.0835192 0.0285516 -0.423793
         vertex 0.0879419 0.0390273 -0.322838
      endloop
   endfacet
   facet normal 0.512401 0.851616 -0.110432
      outer loop
         vertex 0.0879419 0.0390273 -0.322838
         vertex 0.0843734 0.0278474 -0.424632
         vertex 0.0843132 0.0279002 -0.42456
      endloop
   endfacet
   facet normal 0.57724 0.809073 -0.110432
      outer loop
         vertex 0.0843132 0.0279002 -0.42456
         vertex 0.0842687 0.0279393 -0.424506
         vertex 0.0879419 0.0390273 -0.322838
      endloop
   endfacet
   facet normal 0.512401 0.851616 -0.110432
      outer loop
         vertex 0.0879419 0.0390273 -0.322838
         vertex 0.0845364 0.0276979 -0.424856
         vertex 0.0844984 0.0277327 -0.424804
      endloop
   endfacet
   facet normal 0.583186 0.804798 -0.110432
      outer loop
         vertex 0.0844984 0.0277327 -0.424804
         vertex 0.0843734 0.0278474 -0.424632
         vertex 0.0879419 0.0390273 -0.322838
      endloop
   endfacet
   facet normal 0.575825 0.810081 -0.110432
      outer loop
         vertex 0.0842687 0.0279393 -0.424506
         vertex 0.0840605 0.0281144 -0.424289
         vertex 0.0879419 0.0390273 -0.322838
      endloop
   endfacet
   facet normal 0.569293 0.814684 -0.110432
      outer loop
         vertex 0.0840605 0.0281144 -0.424289
         vertex 0.0838717 0.0282732 -0.424091
         vertex 0.0879419 0.0390273 -0.322838
      endloop
   endfacet
   facet normal 0.552434 0.826209 -0.110432
      outer loop
         vertex 0.0835192 0.0285516 -0.423793
         vertex 0.0834543 0.0286028 -0.423739
         vertex 0.0879419 0.0390273 -0.322838
      endloop
   endfacet
   facet normal 0.512401 0.851616 -0.110432
      outer loop
         vertex 0.0879419 0.0390273 -0.322838
         vertex 0.0850256 0.0272277 -0.425637
         vertex 0.0849323 0.02732 -0.425475
      endloop
   endfacet
   facet normal 0.597312 0.79437 -0.110432
      outer loop
         vertex 0.0849323 0.02732 -0.425475
         vertex 0.084727 0.0275231 -0.425119
         vertex 0.0879419 0.0390273 -0.322838
      endloop
   endfacet
   facet normal 0.590534 0.799421 -0.110432
      outer loop
         vertex 0.084727 0.0275231 -0.425119
         vertex 0.0845364 0.0276979 -0.424856
         vertex 0.0879419 0.0390273 -0.322838
      endloop
   endfacet
   facet normal 0.601473 0.791224 -0.110432
      outer loop
         vertex 0.0919748 0.0362929 -0.322838
         vertex 0.0850574 0.0271934 -0.425708
         vertex 0.0850256 0.0272277 -0.425637
      endloop
   endfacet
   facet normal 0.600383 0.792051 -0.110432
      outer loop
         vertex 0.0850256 0.0272277 -0.425637
         vertex 0.0879419 0.0390273 -0.322838
         vertex 0.0919748 0.0362929 -0.322838
      endloop
   endfacet
   facet normal 0.417321 0.902024 -0.110432
      outer loop
         vertex 0.0836369 0.0413096 -0.322838
         vertex 0.0814892 0.0299146 -0.42296
         vertex 0.0814596 0.0299315 -0.42296
      endloop
   endfacet
   facet normal 0.490487 0.864423 -0.110432
      outer loop
         vertex 0.0814596 0.0299315 -0.42296
         vertex 0.0807881 0.0302766 -0.42296
         vertex 0.0836369 0.0413096 -0.322838
      endloop
   endfacet
   facet normal 0.512401 0.851616 -0.110432
      outer loop
         vertex 0.0879419 0.0390273 -0.322838
         vertex 0.0817338 0.0297719 -0.422978
         vertex 0.0814892 0.0299146 -0.42296
      endloop
   endfacet
   facet normal 0.491357 0.863929 -0.110432
      outer loop
         vertex 0.0814892 0.0299146 -0.42296
         vertex 0.0836369 0.0413096 -0.322838
         vertex 0.0879419 0.0390273 -0.322838
      endloop
   endfacet
   facet normal 0.512401 0.851616 -0.110432
      outer loop
         vertex 0.0879419 0.0390273 -0.322838
         vertex 0.0821029 0.0295452 -0.423052
         vertex 0.0820005 0.0296095 -0.423026
      endloop
   endfacet
   facet normal 0.512401 0.851616 -0.110432
      outer loop
         vertex 0.0879419 0.0390273 -0.322838
         vertex 0.0821991 0.0294828 -0.423084
         vertex 0.0821029 0.0295452 -0.423052
      endloop
   endfacet
   facet normal 0.506466 0.855159 -0.110432
      outer loop
         vertex 0.0820005 0.0296095 -0.423026
         vertex 0.0817359 0.0297706 -0.422978
         vertex 0.0879419 0.0390273 -0.322838
      endloop
   endfacet
   facet normal 0.498624 0.859755 -0.110432
      outer loop
         vertex 0.0817359 0.0297706 -0.422978
         vertex 0.0817338 0.0297719 -0.422978
         vertex 0.0879419 0.0390273 -0.322838
      endloop
   endfacet
   facet normal 0.317349 0.941857 -0.110432
      outer loop
         vertex 0.0791105 0.0431131 -0.322838
         vertex 0.0836369 0.0413096 -0.322838
         vertex 0.0777623 0.0316926 -0.42296
      endloop
   endfacet
   facet normal 0.417321 0.902024 -0.110432
      outer loop
         vertex 0.0836369 0.0413096 -0.322838
         vertex 0.0789658 0.0312131 -0.42296
         vertex 0.0777623 0.0316926 -0.42296
      endloop
   endfacet
   facet normal 0.213656 0.970647 -0.110432
      outer loop
         vertex 0.0744156 0.0444166 -0.322838
         vertex 0.0791105 0.0431131 -0.322838
         vertex 0.0746223 0.0328306 -0.42296
      endloop
   endfacet
   facet normal 0.317349 0.941857 -0.110432
      outer loop
         vertex 0.0791105 0.0431131 -0.322838
         vertex 0.0755584 0.0325707 -0.42296
         vertex 0.0746223 0.0328306 -0.42296
      endloop
   endfacet
   facet normal 0.107458 0.988058 -0.110432
      outer loop
         vertex 0.0696073 0.0452049 -0.322838
         vertex 0.0744156 0.0444166 -0.322838
         vertex 0.0713851 0.0336568 -0.42296
      endloop
   endfacet
   facet normal 0.213656 0.970647 -0.110432
      outer loop
         vertex 0.0744156 0.0444166 -0.322838
         vertex 0.0720241 0.033552 -0.42296
         vertex 0.0713851 0.0336568 -0.42296
      endloop
   endfacet
   facet normal 0.107458 0.988058 -0.110432
      outer loop
         vertex 0.0696073 0.0452049 -0.322838
         vertex 0.0684045 0.0341454 -0.42296
         vertex 0.0680813 0.0341629 -0.42296
      endloop
   endfacet
   facet normal 0.0980211 0.989038 -0.110432
      outer loop
         vertex 0.0680813 0.0341629 -0.42296
         vertex 0.0647419 0.0454687 -0.322838
         vertex 0.0696073 0.0452049 -0.322838
      endloop
   endfacet
   facet normal 2.06894e-16 -0.993884 -0.110432
      outer loop
         vertex 0.0647419 -0.0445313 -0.322838
         vertex 0.0647419 -0.0334066 -0.42296
         vertex 0.0680821 -0.0332415 -0.42296
      endloop
   endfacet
   facet normal 0.0980003 -0.98904 -0.110432
      outer loop
         vertex 0.0680821 -0.0332415 -0.42296
         vertex 0.0696073 -0.0442675 -0.322838
         vertex 0.0647419 -0.0445313 -0.322838
      endloop
   endfacet
   facet normal 0.107458 -0.988058 -0.110432
      outer loop
         vertex 0.0696073 -0.0442675 -0.322838
         vertex 0.0684024 -0.0331937 -0.42296
         vertex 0.0713898 -0.0327479 -0.42296
      endloop
   endfacet
   facet normal 0.195045 -0.974557 -0.110432
      outer loop
         vertex 0.0713898 -0.0327479 -0.42296
         vertex 0.0744156 -0.0434792 -0.322838
         vertex 0.0696073 -0.0442675 -0.322838
      endloop
   endfacet
   facet normal 0.213656 -0.970647 -0.110432
      outer loop
         vertex 0.0744156 -0.0434792 -0.322838
         vertex 0.0720178 -0.0325896 -0.42296
         vertex 0.0746327 -0.0319305 -0.42296
      endloop
   endfacet
   facet normal 0.290189 -0.950576 -0.110432
      outer loop
         vertex 0.0746327 -0.0319305 -0.42296
         vertex 0.0791105 -0.0421757 -0.322838
         vertex 0.0744156 -0.0434792 -0.322838
      endloop
   endfacet
   facet normal 0.317349 -0.941857 -0.110432
      outer loop
         vertex 0.0791105 -0.0421757 -0.322838
         vertex 0.0755468 -0.0316013 -0.42296
         vertex 0.0777791 -0.0307974 -0.42296
      endloop
   endfacet
   facet normal 0.382505 -0.91733 -0.110432
      outer loop
         vertex 0.0777791 -0.0307974 -0.42296
         vertex 0.0836369 -0.0403722 -0.322838
         vertex 0.0791105 -0.0421757 -0.322838
      endloop
   endfacet
   facet normal 0.512401 -0.851616 -0.110432
      outer loop
         vertex 0.0879419 -0.0380899 -0.322838
         vertex 0.0817338 -0.0288345 -0.422978
         vertex 0.0817359 -0.0288332 -0.422978
      endloop
   endfacet
   facet normal 0.498624 -0.859755 -0.110432
      outer loop
         vertex 0.0817359 -0.0288332 -0.422978
         vertex 0.0820005 -0.028672 -0.423026
         vertex 0.0879419 -0.0380899 -0.322838
      endloop
   endfacet
   facet normal 0.506466 -0.855159 -0.110432
      outer loop
         vertex 0.0820005 -0.028672 -0.423026
         vertex 0.0821029 -0.0286078 -0.423052
         vertex 0.0879419 -0.0380899 -0.322838
      endloop
   endfacet
   facet normal 0.417321 -0.902024 -0.110432
      outer loop
         vertex 0.0836369 -0.0403722 -0.322838
         vertex 0.0789489 -0.0302403 -0.42296
         vertex 0.0807986 -0.0293595 -0.42296
      endloop
   endfacet
   facet normal 0.471093 -0.875144 -0.110432
      outer loop
         vertex 0.0807986 -0.0293595 -0.42296
         vertex 0.0879419 -0.0380899 -0.322838
         vertex 0.0836369 -0.0403722 -0.322838
      endloop
   endfacet
   facet normal 0.471093 -0.875144 -0.110432
      outer loop
         vertex 0.0807986 -0.0293595 -0.42296
         vertex 0.0814596 -0.0289941 -0.42296
         vertex 0.0879419 -0.0380899 -0.322838
      endloop
   endfacet
   facet normal 0.490487 -0.864423 -0.110432
      outer loop
         vertex 0.0814596 -0.0289941 -0.42296
         vertex 0.0814892 -0.0289772 -0.42296
         vertex 0.0879419 -0.0380899 -0.322838
      endloop
   endfacet
   facet normal 0.491357 -0.863929 -0.110432
      outer loop
         vertex 0.0814892 -0.0289772 -0.42296
         vertex 0.0817338 -0.0288345 -0.422978
         vertex 0.0879419 -0.0380899 -0.322838
      endloop
   endfacet
   facet normal 0.601473 -0.791224 -0.110432
      outer loop
         vertex 0.0919748 -0.0353555 -0.322838
         vertex 0.084727 -0.0265856 -0.425119
         vertex 0.0849323 -0.0263826 -0.425475
      endloop
   endfacet
   facet normal 0.601473 -0.791224 -0.110432
      outer loop
         vertex 0.0919748 -0.0353555 -0.322838
         vertex 0.0844984 -0.0267953 -0.424804
         vertex 0.0845364 -0.0267605 -0.424856
      endloop
   endfacet
   facet normal 0.601473 -0.791224 -0.110432
      outer loop
         vertex 0.0919748 -0.0353555 -0.322838
         vertex 0.0843734 -0.02691 -0.424632
         vertex 0.0844984 -0.0267953 -0.424804
      endloop
   endfacet
   facet normal 0.601473 -0.791224 -0.110432
      outer loop
         vertex 0.0919748 -0.0353555 -0.322838
         vertex 0.0842687 -0.0270019 -0.424506
         vertex 0.0843132 -0.0269628 -0.42456
      endloop
   endfacet
   facet normal 0.601473 -0.791224 -0.110432
      outer loop
         vertex 0.0919748 -0.0353555 -0.322838
         vertex 0.0838717 -0.0273358 -0.424091
         vertex 0.0840605 -0.027177 -0.424289
      endloop
   endfacet
   facet normal 0.569293 -0.814684 -0.110432
      outer loop
         vertex 0.0840605 -0.027177 -0.424289
         vertex 0.0842687 -0.0270019 -0.424506
         vertex 0.0919748 -0.0353555 -0.322838
      endloop
   endfacet
   facet normal 0.57724 -0.809073 -0.110432
      outer loop
         vertex 0.0843132 -0.0269628 -0.42456
         vertex 0.0843734 -0.02691 -0.424632
         vertex 0.0919748 -0.0353555 -0.322838
      endloop
   endfacet
   facet normal 0.601473 -0.791224 -0.110432
      outer loop
         vertex 0.0919748 -0.0353555 -0.322838
         vertex 0.0835192 -0.0276142 -0.423793
         vertex 0.0837982 -0.0273938 -0.424029
      endloop
   endfacet
   facet normal 0.601473 -0.791224 -0.110432
      outer loop
         vertex 0.0919748 -0.0353555 -0.322838
         vertex 0.0834543 -0.0276654 -0.423739
         vertex 0.0835192 -0.0276142 -0.423793
      endloop
   endfacet
   facet normal 0.56108 -0.820362 -0.110432
      outer loop
         vertex 0.0837982 -0.0273938 -0.424029
         vertex 0.0838717 -0.0273358 -0.424091
         vertex 0.0919748 -0.0353555 -0.322838
      endloop
   endfacet
   facet normal 0.601473 -0.791224 -0.110432
      outer loop
         vertex 0.0919748 -0.0353555 -0.322838
         vertex 0.0830235 -0.0279855 -0.423449
         vertex 0.0832282 -0.0278334 -0.423587
      endloop
   endfacet
   facet normal 0.601473 -0.791224 -0.110432
      outer loop
         vertex 0.0919748 -0.0353555 -0.322838
         vertex 0.0824537 -0.0283802 -0.423168
         vertex 0.0826283 -0.028261 -0.423248
      endloop
   endfacet
   facet normal 0.525285 -0.84373 -0.110432
      outer loop
         vertex 0.0826283 -0.028261 -0.423248
         vertex 0.08282 -0.0281301 -0.423336
         vertex 0.0919748 -0.0353555 -0.322838
      endloop
   endfacet
   facet normal 0.531057 -0.840109 -0.110432
      outer loop
         vertex 0.08282 -0.0281301 -0.423336
         vertex 0.0829312 -0.0280511 -0.423398
         vertex 0.0919748 -0.0353555 -0.322838
      endloop
   endfacet
   facet normal 0.534436 -0.837964 -0.110432
      outer loop
         vertex 0.0829312 -0.0280511 -0.423398
         vertex 0.0830235 -0.0279855 -0.423449
         vertex 0.0919748 -0.0353555 -0.322838
      endloop
   endfacet
   facet normal 0.601473 -0.791224 -0.110432
      outer loop
         vertex 0.0919748 -0.0353555 -0.322838
         vertex 0.0879419 -0.0380899 -0.322838
         vertex 0.0821991 -0.0285454 -0.423084
      endloop
   endfacet
   facet normal 0.5124 -0.851617 -0.110432
      outer loop
         vertex 0.0821991 -0.0285454 -0.423084
         vertex 0.0823258 -0.0284632 -0.423126
         vertex 0.0919748 -0.0353555 -0.322838
      endloop
   endfacet
   facet normal 0.516191 -0.849324 -0.110432
      outer loop
         vertex 0.0823258 -0.0284632 -0.423126
         vertex 0.0824537 -0.0283802 -0.423168
         vertex 0.0919748 -0.0353555 -0.322838
      endloop
   endfacet
   facet normal 0.543511 -0.832106 -0.110432
      outer loop
         vertex 0.0832282 -0.0278334 -0.423587
         vertex 0.0834543 -0.0276654 -0.423739
         vertex 0.0919748 -0.0353555 -0.322838
      endloop
   endfacet
   facet normal 0.584409 -0.80391 -0.110432
      outer loop
         vertex 0.0845364 -0.0267605 -0.424856
         vertex 0.084727 -0.0265856 -0.425119
         vertex 0.0919748 -0.0353555 -0.322838
      endloop
   endfacet
   facet normal 0.597312 -0.79437 -0.110432
      outer loop
         vertex 0.0849323 -0.0263826 -0.425475
         vertex 0.0850256 -0.0262903 -0.425637
         vertex 0.0919748 -0.0353555 -0.322838
      endloop
   endfacet
   facet normal 0.683493 -0.721555 -0.110432
      outer loop
         vertex 0.0872832 -0.0233278 -0.432838
         vertex 0.0855611 -0.0255376 -0.42802
         vertex 0.0855349 -0.0255313 -0.428211
      endloop
   endfacet
   facet normal 0.683493 -0.721555 -0.110432
      outer loop
         vertex 0.0872832 -0.0233278 -0.432838
         vertex 0.0855741 -0.0255591 -0.427796
         vertex 0.0855649 -0.0255439 -0.427954
      endloop
   endfacet
   facet normal 0.621109 -0.775905 -0.110432
      outer loop
         vertex 0.0855649 -0.0255439 -0.427954
         vertex 0.0855611 -0.0255376 -0.42802
         vertex 0.0872832 -0.0233278 -0.432838
      endloop
   endfacet
   facet normal 0.683493 -0.721555 -0.110432
      outer loop
         vertex 0.0872832 -0.0233278 -0.432838
         vertex 0.085568 -0.0256033 -0.427519
         vertex 0.0855715 -0.025578 -0.427677
      endloop
   endfacet
   facet normal 0.683493 -0.721555 -0.110432
      outer loop
         vertex 0.0872832 -0.0233278 -0.432838
         vertex 0.0855548 -0.0256364 -0.42736
         vertex 0.085568 -0.0256033 -0.427519
      endloop
   endfacet
   facet normal 0.683493 -0.721555 -0.110432
      outer loop
         vertex 0.0872832 -0.0233278 -0.432838
         vertex 0.0855037 -0.0257261 -0.427014
         vertex 0.0855136 -0.0257088 -0.427081
      endloop
   endfacet
   facet normal 0.61778 -0.778558 -0.110432
      outer loop
         vertex 0.0855136 -0.0257088 -0.427081
         vertex 0.0855548 -0.0256364 -0.42736
         vertex 0.0872832 -0.0233278 -0.432838
      endloop
   endfacet
   facet normal 0.620734 -0.776205 -0.110432
      outer loop
         vertex 0.0855715 -0.025578 -0.427677
         vertex 0.0855741 -0.0255591 -0.427796
         vertex 0.0872832 -0.0233278 -0.432838
      endloop
   endfacet
   facet normal 0.683493 -0.721555 -0.110432
      outer loop
         vertex 0.0956884 -0.0322011 -0.322838
         vertex 0.0854006 -0.0258684 -0.426584
         vertex 0.0854442 -0.0258082 -0.426766
      endloop
   endfacet
   facet normal 0.615072 -0.780699 -0.110432
      outer loop
         vertex 0.0854442 -0.0258082 -0.426766
         vertex 0.0872832 -0.0233278 -0.432838
         vertex 0.0956884 -0.0322011 -0.322838
      endloop
   endfacet
   facet normal 0.615072 -0.780699 -0.110432
      outer loop
         vertex 0.0854442 -0.0258082 -0.426766
         vertex 0.0855037 -0.0257261 -0.427014
         vertex 0.0872832 -0.0233278 -0.432838
      endloop
   endfacet
   facet normal 0.683493 -0.721555 -0.110432
      outer loop
         vertex 0.0956884 -0.0322011 -0.322838
         vertex 0.0852436 -0.0260555 -0.426122
         vertex 0.0853534 -0.0259247 -0.426445
      endloop
   endfacet
   facet normal 0.683493 -0.721555 -0.110432
      outer loop
         vertex 0.0956884 -0.0322011 -0.322838
         vertex 0.0919748 -0.0353555 -0.322838
         vertex 0.0850574 -0.026256 -0.425708
      endloop
   endfacet
   facet normal 0.601472 -0.791225 -0.110432
      outer loop
         vertex 0.0850574 -0.026256 -0.425708
         vertex 0.0850968 -0.0262136 -0.425796
         vertex 0.0956884 -0.0322011 -0.322838
      endloop
   endfacet
   facet normal 0.602814 -0.790202 -0.110432
      outer loop
         vertex 0.0850968 -0.0262136 -0.425796
         vertex 0.0852436 -0.0260555 -0.426122
         vertex 0.0956884 -0.0322011 -0.322838
      endloop
   endfacet
   facet normal 0.611724 -0.783325 -0.110432
      outer loop
         vertex 0.0853534 -0.0259247 -0.426445
         vertex 0.0854006 -0.0258684 -0.426584
         vertex 0.0956884 -0.0322011 -0.322838
      endloop
   endfacet
   facet normal -0.512401 0.851616 -0.110432
      outer loop
         vertex 0.041542 0.0390273 -0.322838
         vertex 0.0458469 0.0413096 -0.322838
         vertex 0.0435403 0.0376228 -0.342838
      endloop
   endfacet
   facet normal -0.417321 0.902024 -0.110432
      outer loop
         vertex 0.0458469 0.0413096 -0.322838
         vertex 0.0512122 0.0297128 -0.437838
         vertex 0.0440867 0.0355798 -0.361213
      endloop
   endfacet
   facet normal -0.503949 0.856645 -0.110432
      outer loop
         vertex 0.0440867 0.0355798 -0.361213
         vertex 0.043749 0.0368359 -0.349915
         vertex 0.0458469 0.0413096 -0.322838
      endloop
   endfacet
   facet normal -0.496875 0.860767 -0.110432
      outer loop
         vertex 0.043749 0.0368359 -0.349915
         vertex 0.0435403 0.0376228 -0.342838
         vertex 0.0458469 0.0413096 -0.322838
      endloop
   endfacet
   facet normal -0.512401 0.851616 -0.110432
      outer loop
         vertex 0.0481296 0.0280785 -0.437838
         vertex 0.0436161 0.0355798 -0.359047
         vertex 0.0440867 0.0355798 -0.361213
      endloop
   endfacet
   facet normal -0.503949 0.856645 -0.110432
      outer loop
         vertex 0.0440867 0.0355798 -0.361213
         vertex 0.0512122 0.0297128 -0.437838
         vertex 0.0481296 0.0280785 -0.437838
      endloop
   endfacet
   facet normal -0.512401 0.851616 -0.110432
      outer loop
         vertex 0.041542 0.0390273 -0.322838
         vertex 0.0426877 0.0371232 -0.342838
         vertex 0.0388539 0.0345238 -0.342838
      endloop
   endfacet
   facet normal -0.601473 0.791224 -0.110432
      outer loop
         vertex 0.0375091 0.0362929 -0.322838
         vertex 0.0388539 0.0345238 -0.342838
         vertex 0.0353237 0.0315252 -0.342838
      endloop
   endfacet
   facet normal -0.683493 0.721555 -0.110432
      outer loop
         vertex 0.0337955 0.0331385 -0.322838
         vertex 0.0353237 0.0315252 -0.342838
         vertex 0.0321383 0.0281625 -0.342838
      endloop
   endfacet
   facet normal -0.7575 0.643427 -0.110432
      outer loop
         vertex 0.0304446 0.0296011 -0.322838
         vertex 0.0321383 0.0281625 -0.342838
         vertex 0.0293352 0.024475 -0.342838
      endloop
   endfacet
   facet normal -0.822627 0.557755 -0.110432
      outer loop
         vertex 0.0274959 0.0257221 -0.322838
         vertex 0.0293352 0.024475 -0.342838
         vertex 0.0269472 0.0205062 -0.342838
      endloop
   endfacet
   facet normal -0.878108 0.465544 -0.110432
      outer loop
         vertex 0.0249839 0.0215471 -0.322838
         vertex 0.0269472 0.0205062 -0.342838
         vertex 0.0250024 0.0163024 -0.342838
      endloop
   endfacet
   facet normal -0.923295 0.367874 -0.110432
      outer loop
         vertex 0.022938 0.0171249 -0.322838
         vertex 0.0250024 0.0163024 -0.342838
         vertex 0.0235234 0.011913 -0.342838
      endloop
   endfacet
   facet normal -0.957657 0.265892 -0.110432
      outer loop
         vertex 0.0213822 0.0125075 -0.322838
         vertex 0.0235234 0.011913 -0.342838
         vertex 0.0225277 0.00738938 -0.342838
      endloop
   endfacet
   facet normal -0.980791 0.160792 -0.110432
      outer loop
         vertex 0.0203347 0.0077489 -0.322838
         vertex 0.0225277 0.00738938 -0.342838
         vertex 0.0220269 0.00278465 -0.342838
      endloop
   endfacet
   facet normal -0.992426 0.0538078 -0.110432
      outer loop
         vertex 0.0198079 0.00290496 -0.322838
         vertex 0.0220269 0.00278465 -0.342838
         vertex 0.0220269 -0.00184724 -0.342838
      endloop
   endfacet
   facet normal -0.992426 -0.0538078 -0.110432
      outer loop
         vertex 0.0198079 -0.00196754 -0.322838
         vertex 0.0220269 -0.00184724 -0.342838
         vertex 0.0225277 -0.00645197 -0.342838
      endloop
   endfacet
   facet normal -0.980791 -0.160792 -0.110432
      outer loop
         vertex 0.0203347 -0.00681148 -0.322838
         vertex 0.0225277 -0.00645197 -0.342838
         vertex 0.0235234 -0.0109756 -0.342838
      endloop
   endfacet
   facet normal -0.957657 -0.265892 -0.110432
      outer loop
         vertex 0.0213822 -0.0115701 -0.322838
         vertex 0.0235234 -0.0109756 -0.342838
         vertex 0.0250024 -0.015365 -0.342838
      endloop
   endfacet
   facet normal -0.923295 -0.367874 -0.110432
      outer loop
         vertex 0.022938 -0.0161875 -0.322838
         vertex 0.0250024 -0.015365 -0.342838
         vertex 0.0269472 -0.0195688 -0.342838
      endloop
   endfacet
   facet normal -0.878108 -0.465544 -0.110432
      outer loop
         vertex 0.0249839 -0.0206097 -0.322838
         vertex 0.0269472 -0.0195688 -0.342838
         vertex 0.0293352 -0.0235376 -0.342838
      endloop
   endfacet
   facet normal -0.822627 -0.557755 -0.110432
      outer loop
         vertex 0.0274959 -0.0247847 -0.322838
         vertex 0.0293352 -0.0235376 -0.342838
         vertex 0.0321383 -0.027225 -0.342838
      endloop
   endfacet
   facet normal -0.7575 -0.643427 -0.110432
      outer loop
         vertex 0.0304446 -0.0286637 -0.322838
         vertex 0.0321383 -0.027225 -0.342838
         vertex 0.0353237 -0.0305878 -0.342838
      endloop
   endfacet
   facet normal -0.683493 -0.721555 -0.110432
      outer loop
         vertex 0.0337955 -0.0322011 -0.322838
         vertex 0.0353237 -0.0305878 -0.342838
         vertex 0.0388539 -0.0335864 -0.342838
      endloop
   endfacet
   facet normal -0.601473 -0.791224 -0.110432
      outer loop
         vertex 0.0375091 -0.0353555 -0.322838
         vertex 0.0388539 -0.0335864 -0.342838
         vertex 0.0426877 -0.0361857 -0.342838
      endloop
   endfacet
   facet normal -0.512401 -0.851616 -0.110432
      outer loop
         vertex 0.0481296 -0.0271411 -0.437838
         vertex 0.0512122 -0.0287754 -0.437838
         vertex 0.0440867 -0.0346424 -0.361213
      endloop
   endfacet
   facet normal -0.417321 -0.902024 -0.110432
      outer loop
         vertex 0.0458469 -0.0403722 -0.322838
         vertex 0.043749 -0.0358985 -0.349915
         vertex 0.0440867 -0.0346424 -0.361213
      endloop
   endfacet
   facet normal -0.417321 -0.902024 -0.110432
      outer loop
         vertex 0.0458469 -0.0403722 -0.322838
         vertex 0.0435403 -0.0366854 -0.342838
         vertex 0.043749 -0.0358985 -0.349915
      endloop
   endfacet
   facet normal -0.512401 -0.851616 -0.110432
      outer loop
         vertex 0.041542 -0.0380899 -0.322838
         vertex 0.0426877 -0.0361857 -0.342838
         vertex 0.0435403 -0.0366854 -0.342838
      endloop
   endfacet
   facet normal -0.492592 -0.863225 -0.110432
      outer loop
         vertex 0.0435403 -0.0366854 -0.342838
         vertex 0.0458469 -0.0403722 -0.322838
         vertex 0.041542 -0.0380899 -0.322838
      endloop
   endfacet
   facet normal -0.503949 -0.856645 -0.110432
      outer loop
         vertex 0.0440867 -0.0346424 -0.361213
         vertex 0.0512122 -0.0287754 -0.437838
         vertex 0.0458469 -0.0403722 -0.322838
      endloop
   endfacet
   facet normal -0.601473 -0.791224 -0.110432
      outer loop
         vertex 0.0452419 -0.0251832 -0.437838
         vertex 0.0481296 -0.0271411 -0.437838
         vertex 0.0419474 -0.033596 -0.358948
      endloop
   endfacet
   facet normal -0.55273 -0.826011 -0.110432
      outer loop
         vertex 0.0419474 -0.033596 -0.358948
         vertex 0.0481296 -0.0271411 -0.437838
         vertex 0.0436161 -0.0346424 -0.359047
      endloop
   endfacet
   facet normal -0.512403 -0.851615 -0.110432
      outer loop
         vertex 0.0436161 -0.0346424 -0.359047
         vertex 0.0435947 -0.0346424 -0.358948
         vertex 0.0419474 -0.033596 -0.358948
      endloop
   endfacet
   facet normal -0.683493 -0.721555 -0.110432
      outer loop
         vertex 0.0425827 -0.0229245 -0.437838
         vertex 0.0452419 -0.0251832 -0.437838
         vertex 0.0385572 -0.0310646 -0.358948
      endloop
   endfacet
   facet normal -0.601473 -0.791224 -0.110432
      outer loop
         vertex 0.0452419 -0.0251832 -0.437838
         vertex 0.039969 -0.0321188 -0.358948
         vertex 0.0385572 -0.0310646 -0.358948
      endloop
   endfacet
   facet normal -0.7575 -0.643427 -0.110432
      outer loop
         vertex 0.0401834 -0.0203915 -0.437838
         vertex 0.0425827 -0.0229245 -0.437838
         vertex 0.035446 -0.0281973 -0.358948
      endloop
   endfacet
   facet normal -0.683493 -0.721555 -0.110432
      outer loop
         vertex 0.0425827 -0.0229245 -0.437838
         vertex 0.0365891 -0.0292509 -0.358948
         vertex 0.035446 -0.0281973 -0.358948
      endloop
   endfacet
   facet normal -0.822627 -0.557755 -0.110432
      outer loop
         vertex 0.0380719 -0.017614 -0.437838
         vertex 0.0401834 -0.0203915 -0.437838
         vertex 0.032647 -0.0250246 -0.358948
      endloop
   endfacet
   facet normal -0.7575 -0.643427 -0.110432
      outer loop
         vertex 0.0401834 -0.0203915 -0.437838
         vertex 0.0335382 -0.0260348 -0.358948
         vertex 0.032647 -0.0250246 -0.358948
      endloop
   endfacet
   facet normal -0.837828 -0.534648 -0.110432
      outer loop
         vertex 0.0301899 -0.0215802 -0.358948
         vertex 0.0285614 -0.0187118 -0.358948
         vertex 0.0362732 -0.0146245 -0.437838
      endloop
   endfacet
   facet normal -0.822627 -0.557755 -0.110432
      outer loop
         vertex 0.0380719 -0.017614 -0.437838
         vertex 0.0308519 -0.0225081 -0.358948
         vertex 0.0301899 -0.0215802 -0.358948
      endloop
   endfacet
   facet normal -0.88848 -0.44543 -0.110432
      outer loop
         vertex 0.028101 -0.0179008 -0.358948
         vertex 0.0266937 -0.01469 -0.358948
         vertex 0.0348082 -0.011458 -0.437838
      endloop
   endfacet
   facet normal -0.878108 -0.465544 -0.110432
      outer loop
         vertex 0.0362732 -0.0146245 -0.437838
         vertex 0.0285614 -0.0187118 -0.358948
         vertex 0.028101 -0.0179008 -0.358948
      endloop
   endfacet
   facet normal -0.929665 -0.351466 -0.110432
      outer loop
         vertex 0.0264026 -0.0140257 -0.358948
         vertex 0.0252706 -0.0104895 -0.358948
         vertex 0.0336942 -0.00815165 -0.437838
      endloop
   endfacet
   facet normal -0.923295 -0.367874 -0.110432
      outer loop
         vertex 0.0348082 -0.011458 -0.437838
         vertex 0.0266937 -0.01469 -0.358948
         vertex 0.0264026 -0.0140257 -0.358948
      endloop
   endfacet
   facet normal -0.960943 -0.253757 -0.110432
      outer loop
         vertex 0.0251127 -0.00999622 -0.358948
         vertex 0.0243087 -0.00615932 -0.358948
         vertex 0.0329442 -0.00474427 -0.437838
      endloop
   endfacet
   facet normal -0.957657 -0.265892 -0.110432
      outer loop
         vertex 0.0336942 -0.00815165 -0.437838
         vertex 0.0252706 -0.0104895 -0.358948
         vertex 0.0251127 -0.00999622 -0.358948
      endloop
   endfacet
   facet normal -0.981983 -0.153344 -0.110432
      outer loop
         vertex 0.024245 -0.00585519 -0.358948
         vertex 0.0238195 -0.00174979 -0.358948
         vertex 0.032567 -0.00127577 -0.437838
      endloop
   endfacet
   facet normal -0.980791 -0.160792 -0.110432
      outer loop
         vertex 0.0329442 -0.00474427 -0.437838
         vertex 0.0243087 -0.00615932 -0.358948
         vertex 0.024245 -0.00585519 -0.358948
      endloop
   endfacet
   facet normal -0.992559 -0.0512968 -0.110432
      outer loop
         vertex 0.0238088 -0.00164677 -0.358948
         vertex 0.0238088 0.00258418 -0.358948
         vertex 0.032567 0.00221318 -0.437838
      endloop
   endfacet
   facet normal -0.992426 0.0538078 -0.110432
      outer loop
         vertex 0.032567 0.00221318 -0.437838
         vertex 0.032567 -0.00127577 -0.437838
         vertex 0.0238088 -0.00164677 -0.358948
      endloop
   endfacet
   facet normal -0.992426 -0.0538078 -0.110432
      outer loop
         vertex 0.032567 -0.00127577 -0.437838
         vertex 0.0238195 -0.00174979 -0.358948
         vertex 0.0238088 -0.00164677 -0.358948
      endloop
   endfacet
   facet normal -0.981983 0.153344 -0.110432
      outer loop
         vertex 0.024245 0.0067926 -0.358948
         vertex 0.0329442 0.00568168 -0.437838
         vertex 0.032567 0.00221318 -0.437838
      endloop
   endfacet
   facet normal -0.992426 0.0538078 -0.110432
      outer loop
         vertex 0.032567 0.00221318 -0.437838
         vertex 0.0238195 0.0026872 -0.358948
         vertex 0.024245 0.0067926 -0.358948
      endloop
   endfacet
   facet normal -0.960943 0.253757 -0.110432
      outer loop
         vertex 0.0251127 0.0109336 -0.358948
         vertex 0.0336942 0.00908906 -0.437838
         vertex 0.0329442 0.00568168 -0.437838
      endloop
   endfacet
   facet normal -0.980791 0.160792 -0.110432
      outer loop
         vertex 0.0329442 0.00568168 -0.437838
         vertex 0.0243087 0.00709673 -0.358948
         vertex 0.0251127 0.0109336 -0.358948
      endloop
   endfacet
   facet normal -0.929665 0.351466 -0.110432
      outer loop
         vertex 0.0264026 0.0149632 -0.358948
         vertex 0.0348082 0.0123954 -0.437838
         vertex 0.0336942 0.00908906 -0.437838
      endloop
   endfacet
   facet normal -0.957657 0.265892 -0.110432
      outer loop
         vertex 0.0336942 0.00908906 -0.437838
         vertex 0.0252706 0.0114269 -0.358948
         vertex 0.0264026 0.0149632 -0.358948
      endloop
   endfacet
   facet normal -0.88848 0.44543 -0.110432
      outer loop
         vertex 0.028101 0.0188382 -0.358948
         vertex 0.0362732 0.0155619 -0.437838
         vertex 0.0348082 0.0123954 -0.437838
      endloop
   endfacet
   facet normal -0.923295 0.367874 -0.110432
      outer loop
         vertex 0.0348082 0.0123954 -0.437838
         vertex 0.0266937 0.0156274 -0.358948
         vertex 0.028101 0.0188382 -0.358948
      endloop
   endfacet
   facet normal -0.837828 0.534648 -0.110432
      outer loop
         vertex 0.0301899 0.0225176 -0.358948
         vertex 0.0380719 0.0185514 -0.437838
         vertex 0.0362732 0.0155619 -0.437838
      endloop
   endfacet
   facet normal -0.878108 0.465544 -0.110432
      outer loop
         vertex 0.0362732 0.0155619 -0.437838
         vertex 0.0285614 0.0196492 -0.358948
         vertex 0.0301899 0.0225176 -0.358948
      endloop
   endfacet
   facet normal -0.822627 0.557755 -0.110432
      outer loop
         vertex 0.0380719 0.0185514 -0.437838
         vertex 0.0308519 0.0234455 -0.358948
         vertex 0.032647 0.025962 -0.358948
      endloop
   endfacet
   facet normal -0.778249 0.618169 -0.110432
      outer loop
         vertex 0.032647 0.025962 -0.358948
         vertex 0.0401834 0.0213289 -0.437838
         vertex 0.0380719 0.0185514 -0.437838
      endloop
   endfacet
   facet normal -0.7575 0.643427 -0.110432
      outer loop
         vertex 0.0401834 0.0213289 -0.437838
         vertex 0.0335382 0.0269722 -0.358948
         vertex 0.035446 0.0291347 -0.358948
      endloop
   endfacet
   facet normal -0.710377 0.695103 -0.110432
      outer loop
         vertex 0.035446 0.0291347 -0.358948
         vertex 0.0425827 0.0238619 -0.437838
         vertex 0.0401834 0.0213289 -0.437838
      endloop
   endfacet
   facet normal -0.683493 0.721555 -0.110432
      outer loop
         vertex 0.0425827 0.0238619 -0.437838
         vertex 0.0365891 0.0301883 -0.358948
         vertex 0.0385572 0.0320021 -0.358948
      endloop
   endfacet
   facet normal -0.634936 0.764631 -0.110432
      outer loop
         vertex 0.0385572 0.0320021 -0.358948
         vertex 0.0452419 0.0261206 -0.437838
         vertex 0.0425827 0.0238619 -0.437838
      endloop
   endfacet
   facet normal -0.55273 0.826011 -0.110432
      outer loop
         vertex 0.0419474 0.0345334 -0.358948
         vertex 0.0435947 0.0355798 -0.358948
         vertex 0.0436161 0.0355798 -0.359047
      endloop
   endfacet
   facet normal -0.601473 0.791224 -0.110432
      outer loop
         vertex 0.0452419 0.0261206 -0.437838
         vertex 0.039969 0.0330562 -0.358948
         vertex 0.0419474 0.0345334 -0.358948
      endloop
   endfacet
   facet normal -0.55273 0.826011 -0.110432
      outer loop
         vertex 0.0419474 0.0345334 -0.358948
         vertex 0.0481296 0.0280785 -0.437838
         vertex 0.0452419 0.0261206 -0.437838
      endloop
   endfacet
   facet normal -0.512403 0.851615 -0.110432
      outer loop
         vertex 0.0436161 0.0355798 -0.359047
         vertex 0.0481296 0.0280785 -0.437838
         vertex 0.0419474 0.0345334 -0.358948
      endloop
   endfacet
   facet normal -0.634936 0.764631 -0.110432
      outer loop
         vertex 0.0385572 0.0320021 -0.358948
         vertex 0.039969 0.0330562 -0.358948
         vertex 0.0452419 0.0261206 -0.437838
      endloop
   endfacet
   facet normal -0.710377 0.695103 -0.110432
      outer loop
         vertex 0.035446 0.0291347 -0.358948
         vertex 0.0365891 0.0301883 -0.358948
         vertex 0.0425827 0.0238619 -0.437838
      endloop
   endfacet
   facet normal -0.778249 0.618169 -0.110432
      outer loop
         vertex 0.032647 0.025962 -0.358948
         vertex 0.0335382 0.0269722 -0.358948
         vertex 0.0401834 0.0213289 -0.437838
      endloop
   endfacet
   facet normal -0.837828 0.534648 -0.110432
      outer loop
         vertex 0.0301899 0.0225176 -0.358948
         vertex 0.0308519 0.0234455 -0.358948
         vertex 0.0380719 0.0185514 -0.437838
      endloop
   endfacet
   facet normal -0.88848 0.44543 -0.110432
      outer loop
         vertex 0.028101 0.0188382 -0.358948
         vertex 0.0285614 0.0196492 -0.358948
         vertex 0.0362732 0.0155619 -0.437838
      endloop
   endfacet
   facet normal -0.929665 0.351466 -0.110432
      outer loop
         vertex 0.0264026 0.0149632 -0.358948
         vertex 0.0266937 0.0156274 -0.358948
         vertex 0.0348082 0.0123954 -0.437838
      endloop
   endfacet
   facet normal -0.960943 0.253757 -0.110432
      outer loop
         vertex 0.0251127 0.0109336 -0.358948
         vertex 0.0252706 0.0114269 -0.358948
         vertex 0.0336942 0.00908906 -0.437838
      endloop
   endfacet
   facet normal -0.981983 0.153344 -0.110432
      outer loop
         vertex 0.024245 0.0067926 -0.358948
         vertex 0.0243087 0.00709673 -0.358948
         vertex 0.0329442 0.00568168 -0.437838
      endloop
   endfacet
   facet normal -0.992559 0.0512968 -0.110432
      outer loop
         vertex 0.0238088 0.00258418 -0.358948
         vertex 0.0238195 0.0026872 -0.358948
         vertex 0.032567 0.00221318 -0.437838
      endloop
   endfacet
   facet normal -0.992426 -0.0538078 -0.110432
      outer loop
         vertex 0.032567 -0.00127577 -0.437838
         vertex 0.0329442 -0.00474427 -0.437838
         vertex 0.024245 -0.00585519 -0.358948
      endloop
   endfacet
   facet normal -0.980791 -0.160792 -0.110432
      outer loop
         vertex 0.0329442 -0.00474427 -0.437838
         vertex 0.0336942 -0.00815165 -0.437838
         vertex 0.0251127 -0.00999622 -0.358948
      endloop
   endfacet
   facet normal -0.957657 -0.265892 -0.110432
      outer loop
         vertex 0.0336942 -0.00815165 -0.437838
         vertex 0.0348082 -0.011458 -0.437838
         vertex 0.0264026 -0.0140257 -0.358948
      endloop
   endfacet
   facet normal -0.923295 -0.367874 -0.110432
      outer loop
         vertex 0.0348082 -0.011458 -0.437838
         vertex 0.0362732 -0.0146245 -0.437838
         vertex 0.028101 -0.0179008 -0.358948
      endloop
   endfacet
   facet normal -0.878108 -0.465544 -0.110432
      outer loop
         vertex 0.0362732 -0.0146245 -0.437838
         vertex 0.0380719 -0.017614 -0.437838
         vertex 0.0301899 -0.0215802 -0.358948
      endloop
   endfacet
   facet normal -0.778249 -0.618169 -0.110432
      outer loop
         vertex 0.032647 -0.0250246 -0.358948
         vertex 0.0308519 -0.0225081 -0.358948
         vertex 0.0380719 -0.017614 -0.437838
      endloop
   endfacet
   facet normal -0.710377 -0.695103 -0.110432
      outer loop
         vertex 0.035446 -0.0281973 -0.358948
         vertex 0.0335382 -0.0260348 -0.358948
         vertex 0.0401834 -0.0203915 -0.437838
      endloop
   endfacet
   facet normal -0.634936 -0.764631 -0.110432
      outer loop
         vertex 0.0385572 -0.0310646 -0.358948
         vertex 0.0365891 -0.0292509 -0.358948
         vertex 0.0425827 -0.0229245 -0.437838
      endloop
   endfacet
   facet normal -0.55273 -0.826011 -0.110432
      outer loop
         vertex 0.0419474 -0.033596 -0.358948
         vertex 0.039969 -0.0321188 -0.358948
         vertex 0.0452419 -0.0251832 -0.437838
      endloop
   endfacet
   facet normal -0.503949 -0.856645 -0.110432
      outer loop
         vertex 0.0440867 -0.0346424 -0.361213
         vertex 0.0436161 -0.0346424 -0.359047
         vertex 0.0481296 -0.0271411 -0.437838
      endloop
   endfacet
   facet normal -0.512401 -0.851616 -0.110432
      outer loop
         vertex 0.0426877 -0.0361857 -0.342838
         vertex 0.041542 -0.0380899 -0.322838
         vertex 0.0375091 -0.0353555 -0.322838
      endloop
   endfacet
   facet normal -0.601473 -0.791224 -0.110432
      outer loop
         vertex 0.0388539 -0.0335864 -0.342838
         vertex 0.0375091 -0.0353555 -0.322838
         vertex 0.0337955 -0.0322011 -0.322838
      endloop
   endfacet
   facet normal -0.683493 -0.721555 -0.110432
      outer loop
         vertex 0.0353237 -0.0305878 -0.342838
         vertex 0.0337955 -0.0322011 -0.322838
         vertex 0.0304446 -0.0286637 -0.322838
      endloop
   endfacet
   facet normal -0.7575 -0.643427 -0.110432
      outer loop
         vertex 0.0321383 -0.027225 -0.342838
         vertex 0.0304446 -0.0286637 -0.322838
         vertex 0.0274959 -0.0247847 -0.322838
      endloop
   endfacet
   facet normal -0.822627 -0.557755 -0.110432
      outer loop
         vertex 0.0293352 -0.0235376 -0.342838
         vertex 0.0274959 -0.0247847 -0.322838
         vertex 0.0249839 -0.0206097 -0.322838
      endloop
   endfacet
   facet normal -0.878108 -0.465544 -0.110432
      outer loop
         vertex 0.0269472 -0.0195688 -0.342838
         vertex 0.0249839 -0.0206097 -0.322838
         vertex 0.022938 -0.0161875 -0.322838
      endloop
   endfacet
   facet normal -0.923295 -0.367874 -0.110432
      outer loop
         vertex 0.0250024 -0.015365 -0.342838
         vertex 0.022938 -0.0161875 -0.322838
         vertex 0.0213822 -0.0115701 -0.322838
      endloop
   endfacet
   facet normal -0.957657 -0.265892 -0.110432
      outer loop
         vertex 0.0235234 -0.0109756 -0.342838
         vertex 0.0213822 -0.0115701 -0.322838
         vertex 0.0203347 -0.00681148 -0.322838
      endloop
   endfacet
   facet normal -0.980791 -0.160792 -0.110432
      outer loop
         vertex 0.0225277 -0.00645197 -0.342838
         vertex 0.0203347 -0.00681148 -0.322838
         vertex 0.0198079 -0.00196754 -0.322838
      endloop
   endfacet
   facet normal -0.992426 -0.0538078 -0.110432
      outer loop
         vertex 0.0220269 -0.00184724 -0.342838
         vertex 0.0198079 -0.00196754 -0.322838
         vertex 0.0198079 0.00290496 -0.322838
      endloop
   endfacet
   facet normal -0.992426 0.0538078 -0.110432
      outer loop
         vertex 0.0220269 0.00278465 -0.342838
         vertex 0.0198079 0.00290496 -0.322838
         vertex 0.0203347 0.0077489 -0.322838
      endloop
   endfacet
   facet normal -0.980791 0.160792 -0.110432
      outer loop
         vertex 0.0225277 0.00738938 -0.342838
         vertex 0.0203347 0.0077489 -0.322838
         vertex 0.0213822 0.0125075 -0.322838
      endloop
   endfacet
   facet normal -0.957657 0.265892 -0.110432
      outer loop
         vertex 0.0235234 0.011913 -0.342838
         vertex 0.0213822 0.0125075 -0.322838
         vertex 0.022938 0.0171249 -0.322838
      endloop
   endfacet
   facet normal -0.923295 0.367874 -0.110432
      outer loop
         vertex 0.0250024 0.0163024 -0.342838
         vertex 0.022938 0.0171249 -0.322838
         vertex 0.0249839 0.0215471 -0.322838
      endloop
   endfacet
   facet normal -0.878108 0.465544 -0.110432
      outer loop
         vertex 0.0269472 0.0205062 -0.342838
         vertex 0.0249839 0.0215471 -0.322838
         vertex 0.0274959 0.0257221 -0.322838
      endloop
   endfacet
   facet normal -0.822627 0.557755 -0.110432
      outer loop
         vertex 0.0293352 0.024475 -0.342838
         vertex 0.0274959 0.0257221 -0.322838
         vertex 0.0304446 0.0296011 -0.322838
      endloop
   endfacet
   facet normal -0.7575 0.643427 -0.110432
      outer loop
         vertex 0.0321383 0.0281625 -0.342838
         vertex 0.0304446 0.0296011 -0.322838
         vertex 0.0337955 0.0331385 -0.322838
      endloop
   endfacet
   facet normal -0.683493 0.721555 -0.110432
      outer loop
         vertex 0.0353237 0.0315252 -0.342838
         vertex 0.0337955 0.0331385 -0.322838
         vertex 0.0375091 0.0362929 -0.322838
      endloop
   endfacet
   facet normal -0.601473 0.791224 -0.110432
      outer loop
         vertex 0.0388539 0.0345238 -0.342838
         vertex 0.0375091 0.0362929 -0.322838
         vertex 0.041542 0.0390273 -0.322838
      endloop
   endfacet
   facet normal -0.492592 0.863225 -0.110432
      outer loop
         vertex 0.0435403 0.0376228 -0.342838
         vertex 0.0426877 0.0371232 -0.342838
         vertex 0.041542 0.0390273 -0.322838
      endloop
   endfacet
   facet normal 0.620746 -0.776196 -0.110432
      outer loop
         vertex 0.0855349 -0.0255313 -0.428211
         vertex 0.0847015 -0.0255313 -0.432838
         vertex 0.0872832 -0.0233278 -0.432838
      endloop
   endfacet
   facet normal 0.600383 -0.792051 -0.110432
      outer loop
         vertex 0.0850256 -0.0262903 -0.425637
         vertex 0.0850574 -0.026256 -0.425708
         vertex 0.0919748 -0.0353555 -0.322838
      endloop
   endfacet
   facet normal 0.509514 -0.853346 -0.110432
      outer loop
         vertex 0.0821029 -0.0286078 -0.423052
         vertex 0.0821991 -0.0285454 -0.423084
         vertex 0.0879419 -0.0380899 -0.322838
      endloop
   endfacet
   facet normal 0.382505 -0.91733 -0.110432
      outer loop
         vertex 0.0777791 -0.0307974 -0.42296
         vertex 0.0789489 -0.0302403 -0.42296
         vertex 0.0836369 -0.0403722 -0.322838
      endloop
   endfacet
   facet normal 0.290189 -0.950576 -0.110432
      outer loop
         vertex 0.0746327 -0.0319305 -0.42296
         vertex 0.0755468 -0.0316013 -0.42296
         vertex 0.0791105 -0.0421757 -0.322838
      endloop
   endfacet
   facet normal 0.195045 -0.974557 -0.110432
      outer loop
         vertex 0.0713898 -0.0327479 -0.42296
         vertex 0.0720178 -0.0325896 -0.42296
         vertex 0.0744156 -0.0434792 -0.322838
      endloop
   endfacet
   facet normal 0.0980003 -0.98904 -0.110432
      outer loop
         vertex 0.0680821 -0.0332415 -0.42296
         vertex 0.0684024 -0.0331937 -0.42296
         vertex 0.0696073 -0.0442675 -0.322838
      endloop
   endfacet
   facet normal 0.0980211 0.989038 -0.110432
      outer loop
         vertex 0.0680813 0.0341629 -0.42296
         vertex 0.0647419 0.034344 -0.42296
         vertex 0.0647419 0.0454687 -0.322838
      endloop
   endfacet
   facet normal 0.195074 0.974552 -0.110432
      outer loop
         vertex 0.0713851 0.0336568 -0.42296
         vertex 0.0684045 0.0341454 -0.42296
         vertex 0.0696073 0.0452049 -0.322838
      endloop
   endfacet
   facet normal 0.290217 0.950568 -0.110432
      outer loop
         vertex 0.0746223 0.0328306 -0.42296
         vertex 0.0720241 0.033552 -0.42296
         vertex 0.0744156 0.0444166 -0.322838
      endloop
   endfacet
   facet normal 0.382525 0.917322 -0.110432
      outer loop
         vertex 0.0777623 0.0316926 -0.42296
         vertex 0.0755584 0.0325707 -0.42296
         vertex 0.0791105 0.0431131 -0.322838
      endloop
   endfacet
   facet normal 0.471104 0.875137 -0.110432
      outer loop
         vertex 0.0807881 0.0302766 -0.42296
         vertex 0.0789658 0.0312131 -0.42296
         vertex 0.0836369 0.0413096 -0.322838
      endloop
   endfacet
   facet normal 0.516191 0.849324 -0.110432
      outer loop
         vertex 0.0823258 0.0294006 -0.423126
         vertex 0.0821991 0.0294828 -0.423084
         vertex 0.0879419 0.0390273 -0.322838
      endloop
   endfacet
   facet normal 0.602814 0.790202 -0.110432
      outer loop
         vertex 0.0850968 0.027151 -0.425796
         vertex 0.0850574 0.0271934 -0.425708
         vertex 0.0919748 0.0362929 -0.322838
      endloop
   endfacet
   facet normal 0.683493 0.721555 -0.110432
      outer loop
         vertex 0.0872832 0.0242652 -0.432838
         vertex 0.0956884 0.0331385 -0.322838
         vertex 0.0990392 0.0296011 -0.322838
      endloop
   endfacet
   facet normal 0.7575 0.643427 -0.110432
      outer loop
         vertex 0.0897239 0.0216886 -0.432838
         vertex 0.0990392 0.0296011 -0.322838
         vertex 0.101988 0.0257221 -0.322838
      endloop
   endfacet
   facet normal 0.822627 0.557755 -0.110432
      outer loop
         vertex 0.0918717 0.0188632 -0.432838
         vertex 0.101988 0.0257221 -0.322838
         vertex 0.1045 0.0215471 -0.322838
      endloop
   endfacet
   facet normal 0.878108 0.465544 -0.110432
      outer loop
         vertex 0.0937015 0.0158221 -0.432838
         vertex 0.1045 0.0215471 -0.322838
         vertex 0.106546 0.0171249 -0.322838
      endloop
   endfacet
   facet normal 0.923295 0.367874 -0.110432
      outer loop
         vertex 0.0951917 0.012601 -0.432838
         vertex 0.106546 0.0171249 -0.322838
         vertex 0.108102 0.0125075 -0.322838
      endloop
   endfacet
   facet normal 0.957657 0.265892 -0.110432
      outer loop
         vertex 0.096325 0.00923769 -0.432838
         vertex 0.108102 0.0125075 -0.322838
         vertex 0.109149 0.0077489 -0.322838
      endloop
   endfacet
   facet normal 0.980791 0.160792 -0.110432
      outer loop
         vertex 0.0970879 0.00577156 -0.432838
         vertex 0.109149 0.0077489 -0.322838
         vertex 0.109676 0.00290496 -0.322838
      endloop
   endfacet
   facet normal 0.992426 0.0538078 -0.110432
      outer loop
         vertex 0.0974716 0.00224326 -0.432838
         vertex 0.109676 0.00290496 -0.322838
         vertex 0.109676 -0.00196754 -0.322838
      endloop
   endfacet
   facet normal 0.992426 -0.0538078 -0.110432
      outer loop
         vertex 0.0974716 -0.00130585 -0.432838
         vertex 0.109676 -0.00196754 -0.322838
         vertex 0.109149 -0.00681148 -0.322838
      endloop
   endfacet
   facet normal 0.980791 -0.160792 -0.110432
      outer loop
         vertex 0.0970879 -0.00483415 -0.432838
         vertex 0.109149 -0.00681148 -0.322838
         vertex 0.108102 -0.0115701 -0.322838
      endloop
   endfacet
   facet normal 0.957657 -0.265892 -0.110432
      outer loop
         vertex 0.096325 -0.00830028 -0.432838
         vertex 0.108102 -0.0115701 -0.322838
         vertex 0.106546 -0.0161875 -0.322838
      endloop
   endfacet
   facet normal 0.923295 -0.367874 -0.110432
      outer loop
         vertex 0.0951917 -0.0116636 -0.432838
         vertex 0.106546 -0.0161875 -0.322838
         vertex 0.1045 -0.0206097 -0.322838
      endloop
   endfacet
   facet normal 0.878108 -0.465544 -0.110432
      outer loop
         vertex 0.0937015 -0.0148847 -0.432838
         vertex 0.1045 -0.0206097 -0.322838
         vertex 0.101988 -0.0247847 -0.322838
      endloop
   endfacet
   facet normal 0.822627 -0.557755 -0.110432
      outer loop
         vertex 0.0918717 -0.0179258 -0.432838
         vertex 0.101988 -0.0247847 -0.322838
         vertex 0.0990392 -0.0286637 -0.322838
      endloop
   endfacet
   facet normal 0.7575 -0.643427 -0.110432
      outer loop
         vertex 0.0897239 -0.0207512 -0.432838
         vertex 0.0990392 -0.0286637 -0.322838
         vertex 0.0956884 -0.0322011 -0.322838
      endloop
   endfacet
   facet normal 0 -0.993884 -0.110432
      outer loop
         vertex 0.0647419 -0.0334066 -0.42296
         vertex 0.0647419 -0.0445313 -0.322838
         vertex 0.0598766 -0.0442675 -0.322838
      endloop
   endfacet
   facet normal -0.107458 -0.988058 -0.110432
      outer loop
         vertex 0.0612581 -0.0315646 -0.437838
         vertex 0.0598766 -0.0442675 -0.322838
         vertex 0.0550683 -0.0434792 -0.322838
      endloop
   endfacet
   facet normal -0.213656 -0.970647 -0.110432
      outer loop
         vertex 0.0578151 -0.0310002 -0.437838
         vertex 0.0550683 -0.0434792 -0.322838
         vertex 0.0503734 -0.0421757 -0.322838
      endloop
   endfacet
   facet normal -0.317349 -0.941857 -0.110432
      outer loop
         vertex 0.0544533 -0.0300668 -0.437838
         vertex 0.0503734 -0.0421757 -0.322838
         vertex 0.0458469 -0.0403722 -0.322838
      endloop
   endfacet
   facet normal -0.417321 0.902024 -0.110432
      outer loop
         vertex 0.0512122 0.0297128 -0.437838
         vertex 0.0458469 0.0413096 -0.322838
         vertex 0.0503734 0.0431131 -0.322838
      endloop
   endfacet
   facet normal -0.317349 0.941857 -0.110432
      outer loop
         vertex 0.0544533 0.0310042 -0.437838
         vertex 0.0503734 0.0431131 -0.322838
         vertex 0.0550683 0.0444166 -0.322838
      endloop
   endfacet
   facet normal -0.213656 0.970647 -0.110432
      outer loop
         vertex 0.0578151 0.0319376 -0.437838
         vertex 0.0550683 0.0444166 -0.322838
         vertex 0.0598766 0.0452049 -0.322838
      endloop
   endfacet
   facet normal 0 0.993884 -0.110432
      outer loop
         vertex 0.0647419 0.034344 -0.42296
         vertex 0.0647419 0.0326909 -0.437838
         vertex 0.0612581 0.032502 -0.437838
      endloop
   endfacet
   facet normal 1.22465e-16 -1 0
      outer loop
         vertex 0.0439495 -0.0346424 -0.358775
         vertex 0.0436028 -0.0346424 -0.358695
         vertex 0.0435911 -0.0346424 -0.358746
      endloop
   endfacet
   facet normal 1.22465e-16 -1 0
      outer loop
         vertex 0.0439495 -0.0346424 -0.358775
         vertex 0.0436198 -0.0346424 -0.358644
         vertex 0.0436028 -0.0346424 -0.358695
      endloop
   endfacet
   facet normal 1.22465e-16 -1 0
      outer loop
         vertex 0.0439466 -0.0346424 -0.358946
         vertex 0.0439495 -0.0346424 -0.358775
         vertex 0.043588 -0.0346424 -0.358911
      endloop
   endfacet
   facet normal 1.22465e-16 -1 0
      outer loop
         vertex 0.0439495 -0.0346424 -0.358775
         vertex 0.0435835 -0.0346424 -0.358843
         vertex 0.0435833 -0.0346424 -0.358859
      endloop
   endfacet
   facet normal 1.22465e-16 -1 0
      outer loop
         vertex 0.0439466 -0.0346424 -0.358946
         vertex 0.0435947 -0.0346424 -0.358948
         vertex 0.0436161 -0.0346424 -0.359047
      endloop
   endfacet
   facet normal 1.22465e-16 -1 0
      outer loop
         vertex 0.0439495 -0.0346424 -0.358775
         vertex 0.0435845 -0.0346424 -0.358797
         vertex 0.0435838 -0.0346424 -0.358807
      endloop
   endfacet
   facet normal 1.22465e-16 -1 0
      outer loop
         vertex 0.0439495 -0.0346424 -0.358775
         vertex 0.0436237 -0.0346424 -0.358635
         vertex 0.0436198 -0.0346424 -0.358644
      endloop
   endfacet
   facet normal 1.22465e-16 -1 0
      outer loop
         vertex 0.0436161 -0.0346424 -0.359047
         vertex 0.04398 -0.0346424 -0.360162
         vertex 0.0439685 -0.0346424 -0.359986
      endloop
   endfacet
   facet normal 1.22465e-16 -1 0
      outer loop
         vertex 0.0439549 -0.0346424 -0.358454
         vertex 0.0439675 -0.0346424 -0.358306
         vertex 0.043881 -0.0346424 -0.358306
      endloop
   endfacet
   facet normal 1.22465e-16 -1 0
      outer loop
         vertex 0.0435833 -0.0346424 -0.358859
         vertex 0.043588 -0.0346424 -0.358911
         vertex 0.0439495 -0.0346424 -0.358775
      endloop
   endfacet
   facet normal 1.22465e-16 -1 0
      outer loop
         vertex 0.0436161 -0.0346424 -0.359047
         vertex 0.0439408 -0.0346424 -0.359289
         vertex 0.0439437 -0.0346424 -0.359118
      endloop
   endfacet
   facet normal 1.22465e-16 -1 0
      outer loop
         vertex 0.0439524 -0.0346424 -0.358603
         vertex 0.0437201 -0.0346424 -0.358469
         vertex 0.0436789 -0.0346424 -0.358527
      endloop
   endfacet
   facet normal 1.22465e-16 -1 0
      outer loop
         vertex 0.0439524 -0.0346424 -0.358603
         vertex 0.0439549 -0.0346424 -0.358454
         vertex 0.0437486 -0.0346424 -0.358435
      endloop
   endfacet
   facet normal 1.22465e-16 -1 0
      outer loop
         vertex 0.0435911 -0.0346424 -0.358746
         vertex 0.0435845 -0.0346424 -0.358797
         vertex 0.0439495 -0.0346424 -0.358775
      endloop
   endfacet
   facet normal 1.22465e-16 -1 0
      outer loop
         vertex 0.0439495 -0.0346424 -0.358775
         vertex 0.0439524 -0.0346424 -0.358603
         vertex 0.0436427 -0.0346424 -0.358591
      endloop
   endfacet
   facet normal 1.22465e-16 -1 0
      outer loop
         vertex 0.0436161 -0.0346424 -0.359047
         vertex 0.0439915 -0.0346424 -0.360337
         vertex 0.04398 -0.0346424 -0.360162
      endloop
   endfacet
   facet normal 1.22465e-16 -1 0
      outer loop
         vertex 0.043881 -0.0346424 -0.358306
         vertex 0.0438027 -0.0346424 -0.358376
         vertex 0.0439549 -0.0346424 -0.358454
      endloop
   endfacet
   facet normal 1.22465e-16 -1 0
      outer loop
         vertex 0.0436161 -0.0346424 -0.359047
         vertex 0.0439437 -0.0346424 -0.359118
         vertex 0.0439466 -0.0346424 -0.358946
      endloop
   endfacet
   facet normal 1.22465e-16 -1 0
      outer loop
         vertex 0.0437486 -0.0346424 -0.358435
         vertex 0.0437201 -0.0346424 -0.358469
         vertex 0.0439524 -0.0346424 -0.358603
      endloop
   endfacet
   facet normal 1.22465e-16 -1 0
      outer loop
         vertex 0.0436427 -0.0346424 -0.358591
         vertex 0.0436237 -0.0346424 -0.358635
         vertex 0.0439495 -0.0346424 -0.358775
      endloop
   endfacet
   facet normal 1.22465e-16 -1 0
      outer loop
         vertex 0.0439685 -0.0346424 -0.359986
         vertex 0.043957 -0.0346424 -0.359811
         vertex 0.0436161 -0.0346424 -0.359047
      endloop
   endfacet
   facet normal 1.22465e-16 -1 0
      outer loop
         vertex 0.0436161 -0.0346424 -0.359047
         vertex 0.0440144 -0.0346424 -0.360689
         vertex 0.044003 -0.0346424 -0.360513
      endloop
   endfacet
   facet normal 1.22465e-16 -1 0
      outer loop
         vertex 0.0439675 -0.0346424 -0.358306
         vertex 0.0439734 -0.0346424 -0.358238
         vertex 0.0439525 -0.0346424 -0.358253
      endloop
   endfacet
   facet normal 1.22465e-16 -1 0
      outer loop
         vertex 0.0438027 -0.0346424 -0.358376
         vertex 0.0437699 -0.0346424 -0.35841
         vertex 0.0439549 -0.0346424 -0.358454
      endloop
   endfacet
   facet normal 1.22465e-16 -1 0
      outer loop
         vertex 0.0436161 -0.0346424 -0.359047
         vertex 0.0439372 -0.0346424 -0.359507
         vertex 0.0439408 -0.0346424 -0.359289
      endloop
   endfacet
   facet normal 1.22465e-16 -1 0
      outer loop
         vertex 0.0435838 -0.0346424 -0.358807
         vertex 0.0435835 -0.0346424 -0.358843
         vertex 0.0439495 -0.0346424 -0.358775
      endloop
   endfacet
   facet normal 1.22465e-16 -1 0
      outer loop
         vertex 0.044003 -0.0346424 -0.360513
         vertex 0.0439915 -0.0346424 -0.360337
         vertex 0.0436161 -0.0346424 -0.359047
      endloop
   endfacet
   facet normal 1.22465e-16 -1 0
      outer loop
         vertex 0.0437699 -0.0346424 -0.35841
         vertex 0.0437486 -0.0346424 -0.358435
         vertex 0.0439549 -0.0346424 -0.358454
      endloop
   endfacet
   facet normal 1.22465e-16 -1 0
      outer loop
         vertex 0.0436789 -0.0346424 -0.358527
         vertex 0.0436427 -0.0346424 -0.358591
         vertex 0.0439524 -0.0346424 -0.358603
      endloop
   endfacet
   facet normal 1.22465e-16 -1 0
      outer loop
         vertex 0.0436161 -0.0346424 -0.359047
         vertex 0.0440229 -0.0346424 -0.360817
         vertex 0.0440144 -0.0346424 -0.360689
      endloop
   endfacet
   facet normal 1.22465e-16 -1 0
      outer loop
         vertex 0.043588 -0.0346424 -0.358911
         vertex 0.0435947 -0.0346424 -0.358948
         vertex 0.0439466 -0.0346424 -0.358946
      endloop
   endfacet
   facet normal 1.22465e-16 -1 0
      outer loop
         vertex 0.043957 -0.0346424 -0.359811
         vertex 0.0439455 -0.0346424 -0.359635
         vertex 0.0436161 -0.0346424 -0.359047
      endloop
   endfacet
   facet normal 1.22465e-16 -1 0
      outer loop
         vertex 0.0436161 -0.0346424 -0.359047
         vertex 0.0440867 -0.0346424 -0.361213
         vertex 0.0440671 -0.0346424 -0.361092
      endloop
   endfacet
   facet normal 1.22465e-16 -1 0
      outer loop
         vertex 0.0439455 -0.0346424 -0.359635
         vertex 0.0439372 -0.0346424 -0.359507
         vertex 0.0436161 -0.0346424 -0.359047
      endloop
   endfacet
   facet normal 1.22465e-16 -1 0
      outer loop
         vertex 0.0440671 -0.0346424 -0.361092
         vertex 0.0440476 -0.0346424 -0.360971
         vertex 0.0436161 -0.0346424 -0.359047
      endloop
   endfacet
   facet normal 1.22465e-16 -1 0
      outer loop
         vertex 0.0440476 -0.0346424 -0.360971
         vertex 0.0440229 -0.0346424 -0.360817
         vertex 0.0436161 -0.0346424 -0.359047
      endloop
   endfacet
   facet normal 1.22465e-16 -1 0
      outer loop
         vertex 0.0439525 -0.0346424 -0.358253
         vertex 0.043881 -0.0346424 -0.358306
         vertex 0.0439675 -0.0346424 -0.358306
      endloop
   endfacet
   facet normal -1.22465e-16 1 0
      outer loop
         vertex 0.0438371 0.0355798 -0.358344
         vertex 0.0439338 0.0355798 -0.358265
         vertex 0.04397 0.0355798 -0.35832
      endloop
   endfacet
   facet normal -1.22465e-16 1 0
      outer loop
         vertex 0.0436623 0.0355798 -0.358555
         vertex 0.0437018 0.0355798 -0.358493
         vertex 0.0439569 0.0355798 -0.358632
      endloop
   endfacet
   facet normal -1.22465e-16 1 0
      outer loop
         vertex 0.04397 0.0355798 -0.35832
         vertex 0.0439634 0.0355798 -0.358476
         vertex 0.0438371 0.0355798 -0.358344
      endloop
   endfacet
   facet normal -1.22465e-16 1 0
      outer loop
         vertex 0.0439569 0.0355798 -0.358632
         vertex 0.0439503 0.0355798 -0.358788
         vertex 0.0436623 0.0355798 -0.358555
      endloop
   endfacet
   facet normal -1.22465e-16 1 0
      outer loop
         vertex 0.0439503 0.0355798 -0.358788
         vertex 0.0436035 0.0355798 -0.358692
         vertex 0.0436233 0.0355798 -0.358635
      endloop
   endfacet
   facet normal -1.22465e-16 1 0
      outer loop
         vertex 0.0439634 0.0355798 -0.358476
         vertex 0.0438283 0.0355798 -0.358352
         vertex 0.0438371 0.0355798 -0.358344
      endloop
   endfacet
   facet normal -1.22465e-16 1 0
      outer loop
         vertex 0.0439634 0.0355798 -0.358476
         vertex 0.0437485 0.0355798 -0.358435
         vertex 0.0437589 0.0355798 -0.358422
      endloop
   endfacet
   facet normal -1.22465e-16 1 0
      outer loop
         vertex 0.0439503 0.0355798 -0.358788
         vertex 0.0436498 0.0355798 -0.358577
         vertex 0.0436623 0.0355798 -0.358555
      endloop
   endfacet
   facet normal -1.22465e-16 1 0
      outer loop
         vertex 0.0439503 0.0355798 -0.358788
         vertex 0.0435913 0.0355798 -0.358745
         vertex 0.0436035 0.0355798 -0.358692
      endloop
   endfacet
   facet normal -1.22465e-16 1 0
      outer loop
         vertex 0.0439503 0.0355798 -0.358788
         vertex 0.043583 0.0355798 -0.358843
         vertex 0.0435848 0.0355798 -0.358794
      endloop
   endfacet
   facet normal -1.22465e-16 1 0
      outer loop
         vertex 0.0436161 0.0355798 -0.359047
         vertex 0.0439357 0.0355798 -0.359429
         vertex 0.043945 0.0355798 -0.359641
      endloop
   endfacet
   facet normal -1.22465e-16 1 0
      outer loop
         vertex 0.0437589 0.0355798 -0.358422
         vertex 0.0438283 0.0355798 -0.358352
         vertex 0.0439634 0.0355798 -0.358476
      endloop
   endfacet
   facet normal -1.22465e-16 1 0
      outer loop
         vertex 0.0439503 0.0355798 -0.358788
         vertex 0.0436233 0.0355798 -0.358635
         vertex 0.0436498 0.0355798 -0.358577
      endloop
   endfacet
   facet normal -1.22465e-16 1 0
      outer loop
         vertex 0.0435848 0.0355798 -0.358794
         vertex 0.0435913 0.0355798 -0.358745
         vertex 0.0439503 0.0355798 -0.358788
      endloop
   endfacet
   facet normal -1.22465e-16 1 0
      outer loop
         vertex 0.0439503 0.0355798 -0.358788
         vertex 0.0439437 0.0355798 -0.358944
         vertex 0.0435947 0.0355798 -0.358948
      endloop
   endfacet
   facet normal -1.22465e-16 1 0
      outer loop
         vertex 0.043945 0.0355798 -0.359641
         vertex 0.0439532 0.0355798 -0.359827
         vertex 0.0436161 0.0355798 -0.359047
      endloop
   endfacet
   facet normal -1.22465e-16 1 0
      outer loop
         vertex 0.0439338 0.0355798 -0.358265
         vertex 0.0439517 0.0355798 -0.358253
         vertex 0.04397 0.0355798 -0.35832
      endloop
   endfacet
   facet normal -1.22465e-16 1 0
      outer loop
         vertex 0.0436233 0.0355798 -0.358635
         vertex 0.0436233 0.0355798 -0.358635
         vertex 0.0439503 0.0355798 -0.358788
      endloop
   endfacet
   facet normal -1.22465e-16 1 0
      outer loop
         vertex 0.0439437 0.0355798 -0.358944
         vertex 0.0439372 0.0355798 -0.3591
         vertex 0.0436161 0.0355798 -0.359047
      endloop
   endfacet
   facet normal -1.22465e-16 1 0
      outer loop
         vertex 0.0435947 0.0355798 -0.358948
         vertex 0.0435862 0.0355798 -0.358896
         vertex 0.0439503 0.0355798 -0.358788
      endloop
   endfacet
   facet normal -1.22465e-16 1 0
      outer loop
         vertex 0.0439532 0.0355798 -0.359827
         vertex 0.0439614 0.0355798 -0.360013
         vertex 0.0436161 0.0355798 -0.359047
      endloop
   endfacet
   facet normal -1.22465e-16 1 0
      outer loop
         vertex 0.0437018 0.0355798 -0.358493
         vertex 0.0437485 0.0355798 -0.358435
         vertex 0.0439569 0.0355798 -0.358632
      endloop
   endfacet
   facet normal -1.22465e-16 1 0
      outer loop
         vertex 0.0436161 0.0355798 -0.359047
         vertex 0.0435947 0.0355798 -0.358948
         vertex 0.0439437 0.0355798 -0.358944
      endloop
   endfacet
   facet normal -1.22465e-16 1 0
      outer loop
         vertex 0.0435862 0.0355798 -0.358896
         vertex 0.0435829 0.0355798 -0.358845
         vertex 0.0439503 0.0355798 -0.358788
      endloop
   endfacet
   facet normal -1.22465e-16 1 0
      outer loop
         vertex 0.0436161 0.0355798 -0.359047
         vertex 0.0439968 0.0355798 -0.36053
         vertex 0.0440129 0.0355798 -0.360687
      endloop
   endfacet
   facet normal -1.22465e-16 1 0
      outer loop
         vertex 0.0439614 0.0355798 -0.360013
         vertex 0.0439695 0.0355798 -0.360199
         vertex 0.0436161 0.0355798 -0.359047
      endloop
   endfacet
   facet normal -1.22465e-16 1 0
      outer loop
         vertex 0.0436161 0.0355798 -0.359047
         vertex 0.0439336 0.0355798 -0.359185
         vertex 0.0439343 0.0355798 -0.35927
      endloop
   endfacet
   facet normal -1.22465e-16 1 0
      outer loop
         vertex 0.0439634 0.0355798 -0.358476
         vertex 0.0439569 0.0355798 -0.358632
         vertex 0.0437485 0.0355798 -0.358435
      endloop
   endfacet
   facet normal -1.22465e-16 1 0
      outer loop
         vertex 0.0435829 0.0355798 -0.358845
         vertex 0.043583 0.0355798 -0.358843
         vertex 0.0439503 0.0355798 -0.358788
      endloop
   endfacet
   facet normal -1.22465e-16 1 0
      outer loop
         vertex 0.0436161 0.0355798 -0.359047
         vertex 0.0439746 0.0355798 -0.360315
         vertex 0.0439968 0.0355798 -0.36053
      endloop
   endfacet
   facet normal -1.22465e-16 1 0
      outer loop
         vertex 0.0439343 0.0355798 -0.35927
         vertex 0.0439357 0.0355798 -0.359429
         vertex 0.0436161 0.0355798 -0.359047
      endloop
   endfacet
   facet normal -1.22465e-16 1 0
      outer loop
         vertex 0.0439372 0.0355798 -0.3591
         vertex 0.0439336 0.0355798 -0.359185
         vertex 0.0436161 0.0355798 -0.359047
      endloop
   endfacet
   facet normal -1.22465e-16 1 0
      outer loop
         vertex 0.0440129 0.0355798 -0.360687
         vertex 0.044029 0.0355798 -0.360844
         vertex 0.0436161 0.0355798 -0.359047
      endloop
   endfacet
   facet normal -1.22465e-16 1 0
      outer loop
         vertex 0.0439517 0.0355798 -0.358253
         vertex 0.0439734 0.0355798 -0.358238
         vertex 0.04397 0.0355798 -0.35832
      endloop
   endfacet
   facet normal -1.22465e-16 1 0
      outer loop
         vertex 0.0436161 0.0355798 -0.359047
         vertex 0.0440385 0.0355798 -0.360936
         vertex 0.0440667 0.0355798 -0.361098
      endloop
   endfacet
   facet normal -1.22465e-16 1 0
      outer loop
         vertex 0.0439695 0.0355798 -0.360199
         vertex 0.0439746 0.0355798 -0.360315
         vertex 0.0436161 0.0355798 -0.359047
      endloop
   endfacet
   facet normal -1.22465e-16 1 0
      outer loop
         vertex 0.044029 0.0355798 -0.360844
         vertex 0.0440385 0.0355798 -0.360936
         vertex 0.0436161 0.0355798 -0.359047
      endloop
   endfacet
   facet normal -1.22465e-16 1 0
      outer loop
         vertex 0.0440667 0.0355798 -0.361098
         vertex 0.0440867 0.0355798 -0.361213
         vertex 0.0436161 0.0355798 -0.359047
      endloop
   endfacet
   facet normal 1.63417e-32 -1.3344e-16 -1
      outer loop
         vertex 0.0872832 0.0242652 -0.432838
         vertex 0.0897239 0.0216886 -0.432838
         vertex 0.0868773 0.020387 -0.432838
      endloop
   endfacet
   facet normal 1.63417e-32 -1.3344e-16 -1
      outer loop
         vertex 0.0897239 0.0216886 -0.432838
         vertex 0.0918717 0.0188632 -0.432838
         vertex 0.0888373 0.0179652 -0.432838
      endloop
   endfacet
   facet normal 1.63417e-32 -1.3344e-16 -1
      outer loop
         vertex 0.0847015 0.0264687 -0.432838
         vertex 0.0822545 0.0245524 -0.432838
         vertex 0.0796423 0.0262504 -0.432838
      endloop
   endfacet
   facet normal 1.63417e-32 -1.3344e-16 -1
      outer loop
         vertex 0.0847015 0.0264687 -0.432838
         vertex 0.0872832 0.0242652 -0.432838
         vertex 0.084675 0.0225908 -0.432838
      endloop
   endfacet
   facet normal 1.63417e-32 -1.3344e-16 -1
      outer loop
         vertex 0.0888373 0.0179652 -0.432838
         vertex 0.0868773 0.020387 -0.432838
         vertex 0.0897239 0.0216886 -0.432838
      endloop
   endfacet
   facet normal 1.63417e-32 -1.3344e-16 -1
      outer loop
         vertex 0.0918717 0.0188632 -0.432838
         vertex 0.0937015 0.0158221 -0.432838
         vertex 0.0905335 0.0153519 -0.432838
      endloop
   endfacet
   facet normal 1.63417e-32 -1.3344e-16 -1
      outer loop
         vertex 0.096325 0.00923769 -0.432838
         vertex 0.0970879 0.00577156 -0.432838
         vertex 0.0938695 0.00665727 -0.432838
      endloop
   endfacet
   facet normal 1.63417e-32 -1.3344e-16 -1
      outer loop
         vertex 0.0970879 0.00577156 -0.432838
         vertex 0.0974716 0.00224326 -0.432838
         vertex 0.0943567 0.00358002 -0.432838
      endloop
   endfacet
   facet normal 1.63417e-32 -1.3344e-16 -1
      outer loop
         vertex 0.0974716 -0.00130585 -0.432838
         vertex 0.0943567 -0.0026426 -0.432838
         vertex 0.0945197 0.000468706 -0.432838
      endloop
   endfacet
   facet normal 1.63417e-32 -1.3344e-16 -1
      outer loop
         vertex 0.084675 0.0225908 -0.432838
         vertex 0.0822545 0.0245524 -0.432838
         vertex 0.0847015 0.0264687 -0.432838
      endloop
   endfacet
   facet normal 1.63417e-32 -1.3344e-16 -1
      outer loop
         vertex 0.0905335 0.0153519 -0.432838
         vertex 0.0888373 0.0179652 -0.432838
         vertex 0.0918717 0.0188632 -0.432838
      endloop
   endfacet
   facet normal 1.63417e-32 -1.3344e-16 -1
      outer loop
         vertex 0.0937015 0.0158221 -0.432838
         vertex 0.0951917 0.012601 -0.432838
         vertex 0.0919474 0.0125756 -0.432838
      endloop
   endfacet
   facet normal 1.63417e-32 -1.3344e-16 -1
      outer loop
         vertex 0.0951917 0.012601 -0.432838
         vertex 0.096325 0.00923769 -0.432838
         vertex 0.0930635 0.00966677 -0.432838
      endloop
   endfacet
   facet normal 1.63417e-32 -1.3344e-16 -1
      outer loop
         vertex 0.0943567 0.00358002 -0.432838
         vertex 0.0938695 0.00665727 -0.432838
         vertex 0.0970879 0.00577156 -0.432838
      endloop
   endfacet
   facet normal 1.63417e-32 -1.3344e-16 -1
      outer loop
         vertex 0.0945197 0.000468706 -0.432838
         vertex 0.0974716 0.00224326 -0.432838
         vertex 0.0974716 -0.00130585 -0.432838
      endloop
   endfacet
   facet normal 1.63417e-32 -1.3344e-16 -1
      outer loop
         vertex 0.0868773 0.020387 -0.432838
         vertex 0.084675 0.0225908 -0.432838
         vertex 0.0872832 0.0242652 -0.432838
      endloop
   endfacet
   facet normal 1.63417e-32 -1.3344e-16 -1
      outer loop
         vertex 0.0930635 0.00966677 -0.432838
         vertex 0.0919474 0.0125756 -0.432838
         vertex 0.0951917 0.012601 -0.432838
      endloop
   endfacet
   facet normal 1.63417e-32 -1.3344e-16 -1
      outer loop
         vertex 0.0945197 0.000468706 -0.432838
         vertex 0.0943567 0.00358002 -0.432838
         vertex 0.0974716 0.00224326 -0.432838
      endloop
   endfacet
   facet normal 1.63417e-32 -1.3344e-16 -1
      outer loop
         vertex 0.0970879 -0.00483415 -0.432838
         vertex 0.0938695 -0.00571985 -0.432838
         vertex 0.0943567 -0.0026426 -0.432838
      endloop
   endfacet
   facet normal 1.63417e-32 -1.3344e-16 -1
      outer loop
         vertex 0.096325 -0.00830028 -0.432838
         vertex 0.0930635 -0.00872936 -0.432838
         vertex 0.0938695 -0.00571985 -0.432838
      endloop
   endfacet
   facet normal 1.63417e-32 -1.3344e-16 -1
      outer loop
         vertex 0.0951917 -0.0116636 -0.432838
         vertex 0.0919474 -0.0116382 -0.432838
         vertex 0.0930635 -0.00872936 -0.432838
      endloop
   endfacet
   facet normal 1.63417e-32 -1.3344e-16 -1
      outer loop
         vertex 0.0937015 -0.0148847 -0.432838
         vertex 0.0905335 -0.0144145 -0.432838
         vertex 0.0919474 -0.0116382 -0.432838
      endloop
   endfacet
   facet normal 1.63417e-32 -1.3344e-16 -1
      outer loop
         vertex 0.0918717 -0.0179258 -0.432838
         vertex 0.0888373 -0.0170278 -0.432838
         vertex 0.0905335 -0.0144145 -0.432838
      endloop
   endfacet
   facet normal 1.63417e-32 -1.3344e-16 -1
      outer loop
         vertex 0.0872832 -0.0233278 -0.432838
         vertex 0.084675 -0.0216534 -0.432838
         vertex 0.0868773 -0.0194496 -0.432838
      endloop
   endfacet
   facet normal 1.63417e-32 -1.3344e-16 -1
      outer loop
         vertex 0.0847015 -0.0255313 -0.432838
         vertex 0.0822545 -0.023615 -0.432838
         vertex 0.084675 -0.0216534 -0.432838
      endloop
   endfacet
   facet normal 1.63417e-32 -1.3344e-16 -1
      outer loop
         vertex 0.0919474 0.0125756 -0.432838
         vertex 0.0905335 0.0153519 -0.432838
         vertex 0.0937015 0.0158221 -0.432838
      endloop
   endfacet
   facet normal 1.63417e-32 -1.3344e-16 -1
      outer loop
         vertex 0.0943567 -0.0026426 -0.432838
         vertex 0.0974716 -0.00130585 -0.432838
         vertex 0.0970879 -0.00483415 -0.432838
      endloop
   endfacet
   facet normal 1.63417e-32 -1.3344e-16 -1
      outer loop
         vertex 0.0930635 -0.00872936 -0.432838
         vertex 0.096325 -0.00830028 -0.432838
         vertex 0.0951917 -0.0116636 -0.432838
      endloop
   endfacet
   facet normal 1.63417e-32 -1.3344e-16 -1
      outer loop
         vertex 0.0905335 -0.0144145 -0.432838
         vertex 0.0937015 -0.0148847 -0.432838
         vertex 0.0918717 -0.0179258 -0.432838
      endloop
   endfacet
   facet normal 1.63417e-32 -1.3344e-16 -1
      outer loop
         vertex 0.0897239 -0.0207512 -0.432838
         vertex 0.0868773 -0.0194496 -0.432838
         vertex 0.0888373 -0.0170278 -0.432838
      endloop
   endfacet
   facet normal 1.63417e-32 -1.3344e-16 -1
      outer loop
         vertex 0.084675 -0.0216534 -0.432838
         vertex 0.0872832 -0.0233278 -0.432838
         vertex 0.0847015 -0.0255313 -0.432838
      endloop
   endfacet
   facet normal 1.63417e-32 -1.3344e-16 -1
      outer loop
         vertex 0.0938695 0.00665727 -0.432838
         vertex 0.0930635 0.00966677 -0.432838
         vertex 0.096325 0.00923769 -0.432838
      endloop
   endfacet
   facet normal 1.63417e-32 -1.3344e-16 -1
      outer loop
         vertex 0.0919474 -0.0116382 -0.432838
         vertex 0.0951917 -0.0116636 -0.432838
         vertex 0.0937015 -0.0148847 -0.432838
      endloop
   endfacet
   facet normal 1.63417e-32 -1.3344e-16 -1
      outer loop
         vertex 0.0868773 -0.0194496 -0.432838
         vertex 0.0897239 -0.0207512 -0.432838
         vertex 0.0872832 -0.0233278 -0.432838
      endloop
   endfacet
   facet normal 1.63417e-32 -1.3344e-16 -1
      outer loop
         vertex 0.0847015 -0.0255313 -0.432838
         vertex 0.079258 -0.0255313 -0.432838
         vertex 0.0796423 -0.025313 -0.432838
      endloop
   endfacet
   facet normal 1.63417e-32 -1.3344e-16 -1
      outer loop
         vertex 0.0938695 -0.00571985 -0.432838
         vertex 0.0970879 -0.00483415 -0.432838
         vertex 0.096325 -0.00830028 -0.432838
      endloop
   endfacet
   facet normal 1.63417e-32 -1.3344e-16 -1
      outer loop
         vertex 0.0796423 -0.025313 -0.432838
         vertex 0.0822545 -0.023615 -0.432838
         vertex 0.0847015 -0.0255313 -0.432838
      endloop
   endfacet
   facet normal 1.63417e-32 -1.3344e-16 -1
      outer loop
         vertex 0.0888373 -0.0170278 -0.432838
         vertex 0.0918717 -0.0179258 -0.432838
         vertex 0.0897239 -0.0207512 -0.432838
      endloop
   endfacet
   facet normal 1.63417e-32 -1.3344e-16 -1
      outer loop
         vertex 0.0796423 0.0262504 -0.432838
         vertex 0.079258 0.0264687 -0.432838
         vertex 0.0847015 0.0264687 -0.432838
      endloop
   endfacet
   facet normal 0 -0.840931 0.541143
      outer loop
         vertex 0.0647419 -0.0334066 -0.42296
         vertex 0.0647419 -0.0345313 -0.424708
         vertex 0.0664767 -0.0345313 -0.424775
      endloop
   endfacet
   facet normal 0.0416304 -0.8399 0.541143
      outer loop
         vertex 0.0664767 -0.0345313 -0.424775
         vertex 0.0680821 -0.0332415 -0.42296
         vertex 0.0647419 -0.0334066 -0.42296
      endloop
   endfacet
   facet normal 0.0909064 -0.836003 0.541143
      outer loop
         vertex 0.0684024 -0.0331937 -0.42296
         vertex 0.0682099 -0.0345313 -0.424974
         vertex 0.0699959 -0.0345313 -0.425317
      endloop
   endfacet
   facet normal 0.124836 -0.831613 0.541143
      outer loop
         vertex 0.0699959 -0.0345313 -0.425317
         vertex 0.0713898 -0.0327479 -0.42296
         vertex 0.0684024 -0.0331937 -0.42296
      endloop
   endfacet
   facet normal 0.0909064 -0.836003 0.541143
      outer loop
         vertex 0.0684024 -0.0331937 -0.42296
         vertex 0.0680821 -0.0332415 -0.42296
         vertex 0.0682099 -0.0345313 -0.424974
      endloop
   endfacet
   facet normal 0.206556 -0.815168 0.541143
      outer loop
         vertex 0.0736106 -0.0345313 -0.426427
         vertex 0.0746327 -0.0319305 -0.42296
         vertex 0.0720178 -0.0325896 -0.42296
      endloop
   endfacet
   facet normal 0.180756 -0.821275 0.541143
      outer loop
         vertex 0.0720178 -0.0325896 -0.42296
         vertex 0.0717467 -0.0345313 -0.425787
         vertex 0.0736106 -0.0345313 -0.426427
      endloop
   endfacet
   facet normal 0.180756 -0.821275 0.541143
      outer loop
         vertex 0.0720178 -0.0325896 -0.42296
         vertex 0.0713898 -0.0327479 -0.42296
         vertex 0.0717467 -0.0345313 -0.425787
      endloop
   endfacet
   facet normal 0.268494 -0.796916 0.541143
      outer loop
         vertex 0.0755468 -0.0316013 -0.42296
         vertex 0.0746327 -0.0319305 -0.42296
         vertex 0.0754266 -0.0345313 -0.427186
      endloop
   endfacet
   facet normal 0.286108 -0.790764 0.541143
      outer loop
         vertex 0.0774053 -0.0345313 -0.428159
         vertex 0.0777791 -0.0307974 -0.42296
         vertex 0.0755468 -0.0316013 -0.42296
      endloop
   endfacet
   facet normal 0.245531 -0.804288 0.541143
      outer loop
         vertex 0.0754266 -0.0345313 -0.427186
         vertex 0.0774053 -0.0345313 -0.428159
         vertex 0.0755468 -0.0316013 -0.42296
      endloop
   endfacet
   facet normal 0.353088 -0.763213 0.541143
      outer loop
         vertex 0.0789489 -0.0302403 -0.42296
         vertex 0.0777791 -0.0307974 -0.42296
         vertex 0.0793361 -0.0345313 -0.429247
      endloop
   endfacet
   facet normal 0.363149 -0.758477 0.541143
      outer loop
         vertex 0.0814995 -0.0345313 -0.430621
         vertex 0.0807986 -0.0293595 -0.42296
         vertex 0.0789489 -0.0302403 -0.42296
      endloop
   endfacet
   facet normal 0.32364 -0.776158 0.541143
      outer loop
         vertex 0.0793361 -0.0345313 -0.429247
         vertex 0.0814995 -0.0345313 -0.430621
         vertex 0.0789489 -0.0302403 -0.42296
      endloop
   endfacet
   facet normal 0.554195 -0.632481 0.541143
      outer loop
         vertex 0.0938503 -0.0327516 -0.438956
         vertex 0.0939297 -0.0287897 -0.434541
         vertex 0.0927933 -0.0287444 -0.433256
      endloop
   endfacet
   facet normal 0.582444 -0.606567 0.541143
      outer loop
         vertex 0.0927933 -0.0287444 -0.433256
         vertex 0.0895598 -0.0288143 -0.429969
         vertex 0.0938503 -0.0327516 -0.438956
      endloop
   endfacet
   facet normal 0.543702 -0.641524 0.541143
      outer loop
         vertex 0.0895598 -0.0288143 -0.429969
         vertex 0.0890032 -0.0288267 -0.429443
         vertex 0.0938503 -0.0327516 -0.438956
      endloop
   endfacet
   facet normal 0.536194 -0.647812 0.541143
      outer loop
         vertex 0.0937114 -0.0345313 -0.440925
         vertex 0.0938166 -0.0345313 -0.441026
         vertex 0.0938503 -0.0327516 -0.438956
      endloop
   endfacet
   facet normal 0.554195 -0.632481 0.541143
      outer loop
         vertex 0.0938503 -0.0327516 -0.438956
         vertex 0.0890032 -0.0288267 -0.429443
         vertex 0.0937114 -0.0345313 -0.440925
      endloop
   endfacet
   facet normal 0.469664 -0.697553 0.541143
      outer loop
         vertex 0.0883075 -0.0345313 -0.435887
         vertex 0.0910473 -0.0345313 -0.438357
         vertex 0.0890032 -0.0288267 -0.429443
      endloop
   endfacet
   facet normal 0.53637 -0.647666 0.541143
      outer loop
         vertex 0.0890032 -0.0288267 -0.429443
         vertex 0.0869198 -0.028873 -0.427475
         vertex 0.0883075 -0.0345313 -0.435887
      endloop
   endfacet
   facet normal 0.507066 -0.670856 0.541143
      outer loop
         vertex 0.0869198 -0.028873 -0.427475
         vertex 0.084543 -0.0289262 -0.425406
         vertex 0.0883075 -0.0345313 -0.435887
      endloop
   endfacet
   facet normal 0.398595 -0.740464 0.541143
      outer loop
         vertex 0.0835826 -0.0345313 -0.432088
         vertex 0.0842216 -0.0289334 -0.425127
         vertex 0.0814596 -0.0289941 -0.42296
      endloop
   endfacet
   facet normal 0.398595 -0.740464 0.541143
      outer loop
         vertex 0.0835826 -0.0345313 -0.432088
         vertex 0.0859845 -0.0345313 -0.433942
         vertex 0.084543 -0.0289262 -0.425406
      endloop
   endfacet
   facet normal 0.469817 -0.69745 0.541143
      outer loop
         vertex 0.084543 -0.0289262 -0.425406
         vertex 0.0842216 -0.0289334 -0.425127
         vertex 0.0835826 -0.0345313 -0.432088
      endloop
   endfacet
   facet normal 0.415004 -0.731393 0.541143
      outer loop
         vertex 0.0814596 -0.0289941 -0.42296
         vertex 0.0807986 -0.0293595 -0.42296
         vertex 0.0835826 -0.0345313 -0.432088
      endloop
   endfacet
   facet normal 0.436313 -0.718885 0.541143
      outer loop
         vertex 0.0859845 -0.0345313 -0.433942
         vertex 0.0883075 -0.0345313 -0.435887
         vertex 0.084543 -0.0289262 -0.425406
      endloop
   endfacet
   facet normal 0.505239 -0.672233 0.541143
      outer loop
         vertex 0.0910473 -0.0345313 -0.438357
         vertex 0.0937114 -0.0345313 -0.440925
         vertex 0.0890032 -0.0288267 -0.429443
      endloop
   endfacet
   facet normal 0.593909 -0.595346 0.541143
      outer loop
         vertex 0.0939297 -0.0287897 -0.434541
         vertex 0.0939312 -0.0287205 -0.434467
         vertex 0.0927933 -0.0287444 -0.433256
      endloop
   endfacet
   facet normal 0.363149 -0.758477 0.541143
      outer loop
         vertex 0.0814995 -0.0345313 -0.430621
         vertex 0.0835826 -0.0345313 -0.432088
         vertex 0.0807986 -0.0293595 -0.42296
      endloop
   endfacet
   facet normal 0.286108 -0.790764 0.541143
      outer loop
         vertex 0.0774053 -0.0345313 -0.428159
         vertex 0.0793361 -0.0345313 -0.429247
         vertex 0.0777791 -0.0307974 -0.42296
      endloop
   endfacet
   facet normal 0.206556 -0.815168 0.541143
      outer loop
         vertex 0.0736106 -0.0345313 -0.426427
         vertex 0.0754266 -0.0345313 -0.427186
         vertex 0.0746327 -0.0319305 -0.42296
      endloop
   endfacet
   facet normal 0.124836 -0.831613 0.541143
      outer loop
         vertex 0.0699959 -0.0345313 -0.425317
         vertex 0.0717467 -0.0345313 -0.425787
         vertex 0.0713898 -0.0327479 -0.42296
      endloop
   endfacet
   facet normal 0.0416304 -0.8399 0.541143
      outer loop
         vertex 0.0664767 -0.0345313 -0.424775
         vertex 0.0682099 -0.0345313 -0.424974
         vertex 0.0680821 -0.0332415 -0.42296
      endloop
   endfacet
   facet normal 0.0738849 0.994901 0.0686457
      outer loop
         vertex 0.0917761 -0.0255415 -0.434201
         vertex 0.0916284 -0.0255313 -0.434338
         vertex 0.0884724 -0.0255313 -0.431051
      endloop
   endfacet
   facet normal 0.147016 0.979658 0.136591
      outer loop
         vertex 0.0919224 -0.025572 -0.434065
         vertex 0.0917761 -0.0255415 -0.434201
         vertex 0.0886182 -0.0255419 -0.430906
      endloop
   endfacet
   facet normal 0.218649 0.954424 0.203144
      outer loop
         vertex 0.0920657 -0.0256224 -0.433932
         vertex 0.0919224 -0.025572 -0.434065
         vertex 0.0887625 -0.0255736 -0.430762
      endloop
   endfacet
   facet normal 0.288051 0.919458 0.267626
      outer loop
         vertex 0.0922045 -0.0256924 -0.433803
         vertex 0.0920657 -0.0256224 -0.433932
         vertex 0.0889037 -0.0256261 -0.430622
      endloop
   endfacet
   facet normal 0.354517 0.875116 0.329378
      outer loop
         vertex 0.0923374 -0.0257811 -0.433679
         vertex 0.0922045 -0.0256924 -0.433803
         vertex 0.0890404 -0.0256988 -0.430486
      endloop
   endfacet
   facet normal 0.417367 0.82185 0.387771
      outer loop
         vertex 0.0924631 -0.0258876 -0.433562
         vertex 0.0923374 -0.0257811 -0.433679
         vertex 0.089171 -0.025791 -0.430356
      endloop
   endfacet
   facet normal 0.475962 0.760204 0.442211
      outer loop
         vertex 0.0925803 -0.0260109 -0.433453
         vertex 0.0924631 -0.0258876 -0.433562
         vertex 0.0892941 -0.0259016 -0.430233
      endloop
   endfacet
   facet normal 0.529702 0.690806 0.492141
      outer loop
         vertex 0.0926878 -0.0261497 -0.433354
         vertex 0.0925803 -0.0260109 -0.433453
         vertex 0.0894086 -0.0260295 -0.430119
      endloop
   endfacet
   facet normal 0.578042 0.614363 0.537053
      outer loop
         vertex 0.0927845 -0.0263026 -0.433264
         vertex 0.0926878 -0.0261497 -0.433354
         vertex 0.0895131 -0.0261734 -0.430015
      endloop
   endfacet
   facet normal 0.620487 0.531656 0.576488
      outer loop
         vertex 0.0928693 -0.026468 -0.433185
         vertex 0.0927845 -0.0263026 -0.433264
         vertex 0.0896066 -0.0263317 -0.429922
      endloop
   endfacet
   facet normal 0.656604 0.443527 0.610044
      outer loop
         vertex 0.0929416 -0.0266442 -0.433118
         vertex 0.0928693 -0.026468 -0.433185
         vertex 0.0896881 -0.0265027 -0.429841
      endloop
   endfacet
   facet normal 0.686027 0.350876 0.63738
      outer loop
         vertex 0.0930004 -0.0268295 -0.433063
         vertex 0.0929416 -0.0266442 -0.433118
         vertex 0.0897566 -0.0266846 -0.429773
      endloop
   endfacet
   facet normal 0.708453 0.254646 0.658217
      outer loop
         vertex 0.0930453 -0.027022 -0.433021
         vertex 0.0930004 -0.0268295 -0.433063
         vertex 0.0898116 -0.0268755 -0.429718
      endloop
   endfacet
   facet normal 0.723656 0.15582 0.672341
      outer loop
         vertex 0.0930757 -0.0272197 -0.432993
         vertex 0.0930453 -0.027022 -0.433021
         vertex 0.0898523 -0.0270733 -0.429677
      endloop
   endfacet
   facet normal 0.731479 0.0554054 0.679609
      outer loop
         vertex 0.0930913 -0.0274205 -0.432979
         vertex 0.0930757 -0.0272197 -0.432993
         vertex 0.0898784 -0.027276 -0.429651
      endloop
   endfacet
   facet normal 0.731843 -0.0455746 0.679948
      outer loop
         vertex 0.0930921 -0.0276224 -0.432978
         vertex 0.0930913 -0.0274205 -0.432979
         vertex 0.0898895 -0.0274815 -0.42964
      endloop
   endfacet
   facet normal 0.724744 -0.14609 0.673352
      outer loop
         vertex 0.0930779 -0.0278235 -0.432991
         vertex 0.0930921 -0.0276224 -0.432978
         vertex 0.0898856 -0.0276874 -0.429644
      endloop
   endfacet
   facet normal 0.710255 -0.245115 0.659891
      outer loop
         vertex 0.0930489 -0.0280215 -0.433018
         vertex 0.0930779 -0.0278235 -0.432991
         vertex 0.0898667 -0.0278917 -0.429663
      endloop
   endfacet
   facet normal 0.688524 -0.341642 0.6397
      outer loop
         vertex 0.0930054 -0.0282146 -0.433058
         vertex 0.0930489 -0.0280215 -0.433018
         vertex 0.0898331 -0.0280922 -0.429697
      endloop
   endfacet
   facet normal 0.659771 -0.434684 0.612986
      outer loop
         vertex 0.0929479 -0.0284007 -0.433112
         vertex 0.0930054 -0.0282146 -0.433058
         vertex 0.089785 -0.0282867 -0.429744
      endloop
   endfacet
   facet normal 0.624291 -0.523293 0.580022
      outer loop
         vertex 0.092877 -0.0285779 -0.433178
         vertex 0.0929479 -0.0284007 -0.433112
         vertex 0.0897229 -0.0284732 -0.429806
      endloop
   endfacet
   facet normal 0.587595 -0.559203 0.584828
      outer loop
         vertex 0.0896476 -0.0286497 -0.429881
         vertex 0.0895598 -0.0288143 -0.429969
         vertex 0.0927933 -0.0287444 -0.433256
      endloop
   endfacet
   facet normal 0.0729156 0.994694 0.0725723
      outer loop
         vertex 0.0886182 -0.0255419 -0.430906
         vertex 0.0884724 -0.0255313 -0.431051
         vertex 0.0859057 -0.0255313 -0.428557
      endloop
   endfacet
   facet normal 0.145057 0.978833 0.144375
      outer loop
         vertex 0.0887625 -0.0255736 -0.430762
         vertex 0.0886182 -0.0255419 -0.430906
         vertex 0.0860488 -0.0255423 -0.428404
      endloop
   endfacet
   facet normal 0.21566 0.952585 0.214645
      outer loop
         vertex 0.0889037 -0.0256261 -0.430622
         vertex 0.0887625 -0.0255736 -0.430762
         vertex 0.0861903 -0.0255751 -0.428253
      endloop
   endfacet
   facet normal 0.283974 0.916229 0.282637
      outer loop
         vertex 0.0890404 -0.0256988 -0.430486
         vertex 0.0889037 -0.0256261 -0.430622
         vertex 0.0863287 -0.0256294 -0.428106
      endloop
   endfacet
   facet normal 0.349275 0.870149 0.347631
      outer loop
         vertex 0.089171 -0.025791 -0.430356
         vertex 0.0890404 -0.0256988 -0.430486
         vertex 0.0864625 -0.0257045 -0.427963
      endloop
   endfacet
   facet normal 0.410869 0.814837 0.408935
      outer loop
         vertex 0.0892941 -0.0259016 -0.430233
         vertex 0.089171 -0.025791 -0.430356
         vertex 0.0865901 -0.0257998 -0.427827
      endloop
   endfacet
   facet normal 0.468103 0.750877 0.4659
      outer loop
         vertex 0.0894086 -0.0260295 -0.430119
         vertex 0.0892941 -0.0259016 -0.430233
         vertex 0.0867102 -0.025914 -0.427698
      endloop
   endfacet
   facet normal 0.52037 0.67895 0.517921
      outer loop
         vertex 0.0895131 -0.0261734 -0.430015
         vertex 0.0894086 -0.0260295 -0.430119
         vertex 0.0868215 -0.026046 -0.42758
      endloop
   endfacet
   facet normal 0.567116 0.599818 0.564446
      outer loop
         vertex 0.0896066 -0.0263317 -0.429922
         vertex 0.0895131 -0.0261734 -0.430015
         vertex 0.0869227 -0.0261943 -0.427472
      endloop
   endfacet
   facet normal 0.607843 0.51432 0.604981
      outer loop
         vertex 0.0896881 -0.0265027 -0.429841
         vertex 0.0896066 -0.0263317 -0.429922
         vertex 0.0870128 -0.0263573 -0.427375
      endloop
   endfacet
   facet normal 0.642119 0.423365 0.639097
      outer loop
         vertex 0.0897566 -0.0266846 -0.429773
         vertex 0.0896881 -0.0265027 -0.429841
         vertex 0.0870907 -0.0265331 -0.427292
      endloop
   endfacet
   facet normal 0.669582 0.327918 0.66643
      outer loop
         vertex 0.0898116 -0.0268755 -0.429718
         vertex 0.0897566 -0.0266846 -0.429773
         vertex 0.0871556 -0.0267199 -0.427223
      endloop
   endfacet
   facet normal 0.68994 0.22899 0.686692
      outer loop
         vertex 0.0898523 -0.0270733 -0.429677
         vertex 0.0898116 -0.0268755 -0.429718
         vertex 0.0872068 -0.0269157 -0.427168
      endloop
   endfacet
   facet normal 0.702976 0.127633 0.699667
      outer loop
         vertex 0.0898784 -0.027276 -0.429651
         vertex 0.0898523 -0.0270733 -0.429677
         vertex 0.0872437 -0.0271182 -0.427129
      endloop
   endfacet
   facet normal 0.708553 0.0249216 0.705217
      outer loop
         vertex 0.0898895 -0.0274815 -0.42964
         vertex 0.0898784 -0.027276 -0.429651
         vertex 0.0872659 -0.0273252 -0.427105
      endloop
   endfacet
   facet normal 0.706611 -0.0780545 0.703284
      outer loop
         vertex 0.0898856 -0.0276874 -0.429644
         vertex 0.0898895 -0.0274815 -0.42964
         vertex 0.0872732 -0.0275345 -0.427098
      endloop
   endfacet
   facet normal 0.69717 -0.180202 0.693888
      outer loop
         vertex 0.0898667 -0.0278917 -0.429663
         vertex 0.0898856 -0.0276874 -0.429644
         vertex 0.0872655 -0.0277437 -0.427106
      endloop
   endfacet
   facet normal 0.680332 -0.280438 0.677129
      outer loop
         vertex 0.0898331 -0.0280922 -0.429697
         vertex 0.0898667 -0.0278917 -0.429663
         vertex 0.0872428 -0.0279506 -0.42713
      endloop
   endfacet
   facet normal 0.656274 -0.377698 0.653184
      outer loop
         vertex 0.089785 -0.0282867 -0.429744
         vertex 0.0898331 -0.0280922 -0.429697
         vertex 0.0872055 -0.0281529 -0.42717
      endloop
   endfacet
   facet normal 0.625252 -0.470949 0.622308
      outer loop
         vertex 0.0897229 -0.0284732 -0.429806
         vertex 0.089785 -0.0282867 -0.429744
         vertex 0.0871539 -0.0283484 -0.427225
      endloop
   endfacet
   facet normal 0.587595 -0.559203 0.584828
      outer loop
         vertex 0.0896476 -0.0286497 -0.429881
         vertex 0.0897229 -0.0284732 -0.429806
         vertex 0.0870886 -0.028535 -0.427295
      endloop
   endfacet
   facet normal 0.552279 -0.589579 0.589393
      outer loop
         vertex 0.0870103 -0.0287105 -0.427378
         vertex 0.0869198 -0.028873 -0.427475
         vertex 0.0890032 -0.0288267 -0.429443
      endloop
   endfacet
   facet normal 0.53482 -0.650334 0.539475
      outer loop
         vertex 0.0890032 -0.0288267 -0.429443
         vertex 0.0896476 -0.0286497 -0.429881
         vertex 0.0870103 -0.0287105 -0.427378
      endloop
   endfacet
   facet normal 0.669011 0.206568 0.71397
      outer loop
         vertex 0.0872437 -0.0271182 -0.427129
         vertex 0.0872068 -0.0269157 -0.427168
         vertex 0.0845407 -0.0269589 -0.424755
      endloop
   endfacet
   facet normal 0.680118 0.103057 0.725823
      outer loop
         vertex 0.0872659 -0.0273252 -0.427105
         vertex 0.0872437 -0.0271182 -0.427129
         vertex 0.0845734 -0.0271662 -0.424717
      endloop
   endfacet
   facet normal 0.683757 -0.00158505 0.729708
      outer loop
         vertex 0.0872732 -0.0275345 -0.427098
         vertex 0.0872659 -0.0273252 -0.427105
         vertex 0.0845914 -0.0273778 -0.424696
      endloop
   endfacet
   facet normal 0.679891 -0.10621 0.725581
      outer loop
         vertex 0.0872655 -0.0277437 -0.427106
         vertex 0.0872732 -0.0275345 -0.427098
         vertex 0.0845947 -0.027591 -0.424692
      endloop
   endfacet
   facet normal 0.66856 -0.209668 0.713489
      outer loop
         vertex 0.0872428 -0.0279506 -0.42713
         vertex 0.0872655 -0.0277437 -0.427106
         vertex 0.0845831 -0.0278036 -0.424706
      endloop
   endfacet
   facet normal 0.64989 -0.310825 0.693564
      outer loop
         vertex 0.0872055 -0.0281529 -0.42717
         vertex 0.0872428 -0.0279506 -0.42713
         vertex 0.0845569 -0.0280131 -0.424736
      endloop
   endfacet
   facet normal 0.624085 -0.40857 0.666025
      outer loop
         vertex 0.0871539 -0.0283484 -0.427225
         vertex 0.0872055 -0.0281529 -0.42717
         vertex 0.0845163 -0.0282171 -0.424783
      endloop
   endfacet
   facet normal 0.591428 -0.501829 0.631174
      outer loop
         vertex 0.0870886 -0.028535 -0.427295
         vertex 0.0871539 -0.0283484 -0.427225
         vertex 0.0844617 -0.0284133 -0.424847
      endloop
   endfacet
   facet normal 0.552279 -0.589579 0.589393
      outer loop
         vertex 0.0870103 -0.0287105 -0.427378
         vertex 0.0870886 -0.028535 -0.427295
         vertex 0.0843939 -0.0285995 -0.424926
      endloop
   endfacet
   facet normal 0.552279 -0.589579 0.589393
      outer loop
         vertex 0.0870103 -0.0287105 -0.427378
         vertex 0.0843135 -0.0287735 -0.42502
         vertex 0.084543 -0.0289262 -0.425406
      endloop
   endfacet
   facet normal 0.51044 -0.621092 0.594723
      outer loop
         vertex 0.0843135 -0.0287735 -0.42502
         vertex 0.0842216 -0.0289334 -0.425127
         vertex 0.084543 -0.0289262 -0.425406
      endloop
   endfacet
   facet normal 0.624291 -0.523293 0.580022
      outer loop
         vertex 0.092877 -0.0285779 -0.433178
         vertex 0.0927933 -0.0287444 -0.433256
         vertex 0.0939312 -0.0287205 -0.434467
      endloop
   endfacet
   facet normal 0.594628 -0.594628 0.541143
      outer loop
         vertex 0.0939312 -0.0287205 -0.434467
         vertex 0.0939381 -0.0287136 -0.434467
         vertex 0.092877 -0.0285779 -0.433178
      endloop
   endfacet
   facet normal 0.596537 -0.59115 0.54285
      outer loop
         vertex 0.0939381 -0.0287136 -0.434467
         vertex 0.0940759 -0.0285629 -0.434473
         vertex 0.092877 -0.0285779 -0.433178
      endloop
   endfacet
   facet normal 0.659771 -0.434684 0.612986
      outer loop
         vertex 0.0929479 -0.0284007 -0.433112
         vertex 0.092877 -0.0285779 -0.433178
         vertex 0.0940867 -0.0285511 -0.434473
      endloop
   endfacet
   facet normal 0.636413 -0.510305 0.578418
      outer loop
         vertex 0.0940867 -0.0285511 -0.434473
         vertex 0.0941097 -0.028526 -0.434474
         vertex 0.0929479 -0.0284007 -0.433112
      endloop
   endfacet
   facet normal 0.642066 -0.497337 0.583444
      outer loop
         vertex 0.0941097 -0.028526 -0.434474
         vertex 0.0942091 -0.0283974 -0.434488
         vertex 0.0929479 -0.0284007 -0.433112
      endloop
   endfacet
   facet normal 0.688524 -0.341642 0.6397
      outer loop
         vertex 0.0930054 -0.0282146 -0.433058
         vertex 0.0929479 -0.0284007 -0.433112
         vertex 0.0942612 -0.0283301 -0.434495
      endloop
   endfacet
   facet normal 0.678915 -0.3994 0.61608
      outer loop
         vertex 0.0942612 -0.0283301 -0.434495
         vertex 0.0943294 -0.028225 -0.434511
         vertex 0.0930054 -0.0282146 -0.433058
      endloop
   endfacet
   facet normal 0.710255 -0.245115 0.659891
      outer loop
         vertex 0.0930489 -0.0280215 -0.433018
         vertex 0.0930054 -0.0282146 -0.433058
         vertex 0.0943555 -0.0281848 -0.434518
      endloop
   endfacet
   facet normal 0.700085 -0.327183 0.634691
      outer loop
         vertex 0.0943555 -0.0281848 -0.434518
         vertex 0.0943931 -0.0281269 -0.434527
         vertex 0.0930489 -0.0280215 -0.433018
      endloop
   endfacet
   facet normal 0.707368 -0.297793 0.641053
      outer loop
         vertex 0.0943931 -0.0281269 -0.434527
         vertex 0.094437 -0.0280472 -0.434544
         vertex 0.0930489 -0.0280215 -0.433018
      endloop
   endfacet
   facet normal 0.724744 -0.14609 0.673352
      outer loop
         vertex 0.0930779 -0.0278235 -0.432991
         vertex 0.0930489 -0.0280215 -0.433018
         vertex 0.0944751 -0.0279781 -0.434558
      endloop
   endfacet
   facet normal 0.722553 -0.223408 0.654222
      outer loop
         vertex 0.0944751 -0.0279781 -0.434558
         vertex 0.0945273 -0.0278645 -0.434586
         vertex 0.0930779 -0.0278235 -0.432991
      endloop
   endfacet
   facet normal 0.731843 -0.0455746 0.679948
      outer loop
         vertex 0.0930921 -0.0276224 -0.432978
         vertex 0.0930779 -0.0278235 -0.432991
         vertex 0.09456 -0.0277934 -0.434604
      endloop
   endfacet
   facet normal 0.735234 -0.131159 0.665003
      outer loop
         vertex 0.09456 -0.0277934 -0.434604
         vertex 0.0945695 -0.027773 -0.434609
         vertex 0.0930921 -0.0276224 -0.432978
      endloop
   endfacet
   facet normal 0.736244 -0.120844 0.665839
      outer loop
         vertex 0.0945695 -0.027773 -0.434609
         vertex 0.0946031 -0.0276797 -0.434636
         vertex 0.0930921 -0.0276224 -0.432978
      endloop
   endfacet
   facet normal 0.731479 0.0554054 0.679609
      outer loop
         vertex 0.0930913 -0.0274205 -0.432979
         vertex 0.0930921 -0.0276224 -0.432978
         vertex 0.0946425 -0.0275701 -0.434668
      endloop
   endfacet
   facet normal 0.741897 -0.0194115 0.670232
      outer loop
         vertex 0.0946425 -0.0275701 -0.434668
         vertex 0.0946626 -0.0274938 -0.434694
         vertex 0.0930913 -0.0274205 -0.432979
      endloop
   endfacet
   facet normal 0.723656 0.15582 0.672341
      outer loop
         vertex 0.0930757 -0.0272197 -0.432993
         vertex 0.0930913 -0.0274205 -0.432979
         vertex 0.0946895 -0.0273918 -0.434728
      endloop
   endfacet
   facet normal 0.740521 0.0697387 0.668405
      outer loop
         vertex 0.0946895 -0.0273918 -0.434728
         vertex 0.0946953 -0.0273697 -0.434736
         vertex 0.0930757 -0.0272197 -0.432993
      endloop
   endfacet
   facet normal 0.739938 0.0807853 0.667807
      outer loop
         vertex 0.0946953 -0.0273697 -0.434736
         vertex 0.094706 -0.0273085 -0.434759
         vertex 0.0930757 -0.0272197 -0.432993
      endloop
   endfacet
   facet normal 0.708453 0.254646 0.658217
      outer loop
         vertex 0.0930453 -0.027022 -0.433021
         vertex 0.0947311 -0.0271255 -0.434831
         vertex 0.0947408 -0.0270104 -0.43488
      endloop
   endfacet
   facet normal 0.708453 0.254646 0.658217
      outer loop
         vertex 0.0930453 -0.027022 -0.433021
         vertex 0.0930757 -0.0272197 -0.432993
         vertex 0.0947248 -0.0272 -0.4348
      endloop
   endfacet
   facet normal 0.732365 0.165623 0.660463
      outer loop
         vertex 0.0947248 -0.0272 -0.4348
         vertex 0.0947311 -0.0271255 -0.434831
         vertex 0.0930453 -0.027022 -0.433021
      endloop
   endfacet
   facet normal 0.686027 0.350876 0.63738
      outer loop
         vertex 0.0930004 -0.0268295 -0.433063
         vertex 0.0930453 -0.027022 -0.433021
         vertex 0.094741 -0.0269965 -0.434886
      endloop
   endfacet
   facet normal 0.71585 0.267406 0.645022
      outer loop
         vertex 0.094741 -0.0269965 -0.434886
         vertex 0.0947419 -0.0269456 -0.434909
         vertex 0.0930004 -0.0268295 -0.433063
      endloop
   endfacet
   facet normal 0.656604 0.443527 0.610044
      outer loop
         vertex 0.0929416 -0.0266442 -0.433118
         vertex 0.0930004 -0.0268295 -0.433063
         vertex 0.0947419 -0.0267975 -0.434986
      endloop
   endfacet
   facet normal 0.691355 0.366908 0.62242
      outer loop
         vertex 0.0947419 -0.0267975 -0.434986
         vertex 0.0947419 -0.0266528 -0.435082
         vertex 0.0929416 -0.0266442 -0.433118
      endloop
   endfacet
   facet normal 0.667893 0.439247 0.600817
      outer loop
         vertex 0.0947419 -0.0266528 -0.435082
         vertex 0.0947419 -0.0266371 -0.435093
         vertex 0.0929416 -0.0266442 -0.433118
      endloop
   endfacet
   facet normal 0.620487 0.531656 0.576488
      outer loop
         vertex 0.0928693 -0.026468 -0.433185
         vertex 0.0929416 -0.0266442 -0.433118
         vertex 0.0947419 -0.0266233 -0.435105
      endloop
   endfacet
   facet normal 0.578042 0.614363 0.537053
      outer loop
         vertex 0.0927845 -0.0263026 -0.433264
         vertex 0.0928693 -0.026468 -0.433185
         vertex 0.0947419 -0.0264883 -0.435217
      endloop
   endfacet
   facet normal 0.634667 0.521511 0.570283
      outer loop
         vertex 0.0947419 -0.0264883 -0.435217
         vertex 0.0947419 -0.0263278 -0.43538
         vertex 0.0927845 -0.0263026 -0.433264
      endloop
   endfacet
   facet normal 0.529702 0.690806 0.492141
      outer loop
         vertex 0.0926878 -0.0261497 -0.433354
         vertex 0.0927845 -0.0263026 -0.433264
         vertex 0.0947419 -0.0262872 -0.435431
      endloop
   endfacet
   facet normal 0.582496 0.622672 0.522473
      outer loop
         vertex 0.0947419 -0.0262872 -0.435431
         vertex 0.0947419 -0.026171 -0.435576
         vertex 0.0926878 -0.0261497 -0.433354
      endloop
   endfacet
   facet normal 0.475962 0.760204 0.442211
      outer loop
         vertex 0.0925803 -0.0260109 -0.433453
         vertex 0.0926878 -0.0261497 -0.433354
         vertex 0.0947419 -0.026137 -0.435629
      endloop
   endfacet
   facet normal 0.417367 0.82185 0.387771
      outer loop
         vertex 0.0924631 -0.0258876 -0.433562
         vertex 0.0925803 -0.0260109 -0.433453
         vertex 0.0947419 -0.0260208 -0.435809
      endloop
   endfacet
   facet normal 0.354517 0.875116 0.329378
      outer loop
         vertex 0.0923374 -0.0257811 -0.433679
         vertex 0.0924631 -0.0258876 -0.433562
         vertex 0.0947419 -0.0258789 -0.436088
      endloop
   endfacet
   facet normal 0.420083 0.826485 0.374769
      outer loop
         vertex 0.0947419 -0.0258789 -0.436088
         vertex 0.0947419 -0.0258708 -0.436104
         vertex 0.0923374 -0.0257811 -0.433679
      endloop
   endfacet
   facet normal 0.288051 0.919458 0.267626
      outer loop
         vertex 0.0922045 -0.0256924 -0.433803
         vertex 0.0923374 -0.0257811 -0.433679
         vertex 0.0947419 -0.0257763 -0.436345
      endloop
   endfacet
   facet normal 0.356724 0.878573 0.317582
      outer loop
         vertex 0.0947419 -0.0257763 -0.436345
         vertex 0.0947419 -0.0257493 -0.436415
         vertex 0.0922045 -0.0256924 -0.433803
      endloop
   endfacet
   facet normal 0.218649 0.954424 0.203144
      outer loop
         vertex 0.0920657 -0.0256224 -0.433932
         vertex 0.0922045 -0.0256924 -0.433803
         vertex 0.0947419 -0.0256927 -0.436618
      endloop
   endfacet
   facet normal 0.289781 0.921825 0.257422
      outer loop
         vertex 0.0947419 -0.0256927 -0.436618
         vertex 0.0947419 -0.0256348 -0.436826
         vertex 0.0920657 -0.0256224 -0.433932
      endloop
   endfacet
   facet normal 0.147016 0.979658 0.136591
      outer loop
         vertex 0.0919224 -0.025572 -0.434065
         vertex 0.0920657 -0.0256224 -0.433932
         vertex 0.0947419 -0.0256225 -0.436898
      endloop
   endfacet
   facet normal 0.0738849 0.994901 0.0686457
      outer loop
         vertex 0.0917761 -0.0255415 -0.434201
         vertex 0.0919224 -0.025572 -0.434065
         vertex 0.0947419 -0.0255734 -0.437189
      endloop
   endfacet
   facet normal 0.147864 0.980326 0.13076
      outer loop
         vertex 0.0947419 -0.0255734 -0.437189
         vertex 0.0947419 -0.0255622 -0.437255
         vertex 0.0917761 -0.0255415 -0.434201
      endloop
   endfacet
   facet normal 0 1 0
      outer loop
         vertex 0.0916284 -0.0255313 -0.434338
         vertex 0.0917761 -0.0255415 -0.434201
         vertex 0.0947419 -0.0255465 -0.437486
      endloop
   endfacet
   facet normal 0.0743111 0.995078 0.065563
      outer loop
         vertex 0.0947419 -0.0255465 -0.437486
         vertex 0.0947419 -0.0255321 -0.437698
         vertex 0.0916284 -0.0255313 -0.434338
      endloop
   endfacet
   facet normal 0.0715441 0.994511 0.076352
      outer loop
         vertex 0.0860488 -0.0255423 -0.428404
         vertex 0.0859057 -0.0255313 -0.428557
         vertex 0.0855349 -0.0255313 -0.428211
      endloop
   endfacet
   facet normal 0 1 0
      outer loop
         vertex 0.0855349 -0.0255313 -0.428211
         vertex 0.0855611 -0.0255376 -0.42802
         vertex 0.0860488 -0.0255423 -0.428404
      endloop
   endfacet
   facet normal 0.142303 0.978104 0.151866
      outer loop
         vertex 0.0861903 -0.0255751 -0.428253
         vertex 0.0860488 -0.0255423 -0.428404
         vertex 0.0855649 -0.0255439 -0.427954
      endloop
   endfacet
   facet normal 0.0712092 0.994475 0.077129
      outer loop
         vertex 0.0855649 -0.0255439 -0.427954
         vertex 0.0855741 -0.0255591 -0.427796
         vertex 0.0861903 -0.0255751 -0.428253
      endloop
   endfacet
   facet normal 0.211499 0.950959 0.225712
      outer loop
         vertex 0.0863287 -0.0256294 -0.428106
         vertex 0.0861903 -0.0255751 -0.428253
         vertex 0.0855715 -0.025578 -0.427677
      endloop
   endfacet
   facet normal 0.141436 0.977921 0.153839
      outer loop
         vertex 0.0855715 -0.025578 -0.427677
         vertex 0.085568 -0.0256033 -0.427519
         vertex 0.0863287 -0.0256294 -0.428106
      endloop
   endfacet
   facet normal 0.278374 0.913373 0.297081
      outer loop
         vertex 0.0864625 -0.0257045 -0.427963
         vertex 0.0863287 -0.0256294 -0.428106
         vertex 0.0855548 -0.0256364 -0.42736
      endloop
   endfacet
   facet normal 0.342192 0.865761 0.365188
      outer loop
         vertex 0.0865901 -0.0257998 -0.427827
         vertex 0.0864625 -0.0257045 -0.427963
         vertex 0.0855136 -0.0257088 -0.427081
      endloop
   endfacet
   facet normal 0.275629 0.912277 0.302952
      outer loop
         vertex 0.0855136 -0.0257088 -0.427081
         vertex 0.0855037 -0.0257261 -0.427014
         vertex 0.0865901 -0.0257998 -0.427827
      endloop
   endfacet
   facet normal 0.402254 0.808644 0.429286
      outer loop
         vertex 0.0867102 -0.025914 -0.427698
         vertex 0.0865901 -0.0257998 -0.427827
         vertex 0.0854442 -0.0258082 -0.426766
      endloop
   endfacet
   facet normal 0.337974 0.863727 0.373831
      outer loop
         vertex 0.0854442 -0.0258082 -0.426766
         vertex 0.0854006 -0.0258684 -0.426584
         vertex 0.0867102 -0.025914 -0.427698
      endloop
   endfacet
   facet normal 0.457899 0.74265 0.488671
      outer loop
         vertex 0.0868215 -0.026046 -0.42758
         vertex 0.0867102 -0.025914 -0.427698
         vertex 0.0853534 -0.0259247 -0.426445
      endloop
   endfacet
   facet normal 0.508518 0.668502 0.542692
      outer loop
         vertex 0.0869227 -0.0261943 -0.427472
         vertex 0.0868215 -0.026046 -0.42758
         vertex 0.0852436 -0.0260555 -0.426122
      endloop
   endfacet
   facet normal 0.553554 0.587016 0.590754
      outer loop
         vertex 0.0870128 -0.0263573 -0.427375
         vertex 0.0869227 -0.0261943 -0.427472
         vertex 0.0850968 -0.0262136 -0.425796
      endloop
   endfacet
   facet normal 0.497087 0.660785 0.562377
      outer loop
         vertex 0.0850968 -0.0262136 -0.425796
         vertex 0.0850574 -0.026256 -0.425708
         vertex 0.0870128 -0.0263573 -0.427375
      endloop
   endfacet
   facet normal 0.508931 0.638726 0.577077
      outer loop
         vertex 0.0850574 -0.026256 -0.425708
         vertex 0.0850256 -0.0262903 -0.425637
         vertex 0.0870128 -0.0263573 -0.427375
      endloop
   endfacet
   facet normal 0.592513 0.499085 0.632331
      outer loop
         vertex 0.0870907 -0.0265331 -0.427292
         vertex 0.0870128 -0.0263573 -0.427375
         vertex 0.0849323 -0.0263826 -0.425475
      endloop
   endfacet
   facet normal 0.624967 0.405674 0.666967
      outer loop
         vertex 0.0871556 -0.0267199 -0.427223
         vertex 0.0870907 -0.0265331 -0.427292
         vertex 0.084727 -0.0265856 -0.425119
      endloop
   endfacet
   facet normal 0.65056 0.307811 0.69428
      outer loop
         vertex 0.0872068 -0.0269157 -0.427168
         vertex 0.0871556 -0.0267199 -0.427223
         vertex 0.0845364 -0.0267605 -0.424856
      endloop
   endfacet
   facet normal 0.601148 0.386977 0.699192
      outer loop
         vertex 0.0845364 -0.0267605 -0.424856
         vertex 0.0845407 -0.0269589 -0.424755
         vertex 0.0872068 -0.0269157 -0.427168
      endloop
   endfacet
   facet normal 0.624045 0.286205 0.727086
      outer loop
         vertex 0.0845407 -0.0269589 -0.424755
         vertex 0.0844984 -0.0267953 -0.424804
         vertex 0.0843734 -0.02691 -0.424632
      endloop
   endfacet
   facet normal 0.640349 0.182524 0.746082
      outer loop
         vertex 0.0845734 -0.0271662 -0.424717
         vertex 0.0845407 -0.0269589 -0.424755
         vertex 0.0843132 -0.0269628 -0.42456
      endloop
   endfacet
   facet normal 0.621388 0.284328 0.730092
      outer loop
         vertex 0.0843132 -0.0269628 -0.42456
         vertex 0.0842687 -0.0270019 -0.424506
         vertex 0.0845734 -0.0271662 -0.424717
      endloop
   endfacet
   facet normal 0.649368 0.0767667 0.75659
      outer loop
         vertex 0.0845914 -0.0273778 -0.424696
         vertex 0.0845734 -0.0271662 -0.424717
         vertex 0.0840605 -0.027177 -0.424289
      endloop
   endfacet
   facet normal 0.633893 0.17786 0.752692
      outer loop
         vertex 0.0840605 -0.027177 -0.424289
         vertex 0.0838717 -0.0273358 -0.424091
         vertex 0.0845914 -0.0273778 -0.424696
      endloop
   endfacet
   facet normal 0.650999 -0.0298643 0.758491
      outer loop
         vertex 0.0845947 -0.027591 -0.424692
         vertex 0.0845914 -0.0273778 -0.424696
         vertex 0.0837982 -0.0273938 -0.424029
      endloop
   endfacet
   facet normal 0.645224 -0.136156 0.751763
      outer loop
         vertex 0.0845831 -0.0278036 -0.424706
         vertex 0.0845947 -0.027591 -0.424692
         vertex 0.0835192 -0.0276142 -0.423793
      endloop
   endfacet
   facet normal 0.635342 -0.0413987 0.771121
      outer loop
         vertex 0.0835192 -0.0276142 -0.423793
         vertex 0.0834543 -0.0276654 -0.423739
         vertex 0.0845831 -0.0278036 -0.424706
      endloop
   endfacet
   facet normal 0.632109 -0.240898 0.736482
      outer loop
         vertex 0.0845569 -0.0280131 -0.424736
         vertex 0.0845831 -0.0278036 -0.424706
         vertex 0.0832282 -0.0278334 -0.423587
      endloop
   endfacet
   facet normal 0.624386 -0.151482 0.766287
      outer loop
         vertex 0.0832282 -0.0278334 -0.423587
         vertex 0.0830235 -0.0279855 -0.423449
         vertex 0.0845569 -0.0280131 -0.424736
      endloop
   endfacet
   facet normal 0.611803 -0.342899 0.712823
      outer loop
         vertex 0.0845163 -0.0282171 -0.424783
         vertex 0.0845569 -0.0280131 -0.424736
         vertex 0.0829312 -0.0280511 -0.423398
      endloop
   endfacet
   facet normal 0.605831 -0.260053 0.751892
      outer loop
         vertex 0.0829312 -0.0280511 -0.423398
         vertex 0.08282 -0.0281301 -0.423336
         vertex 0.0845163 -0.0282171 -0.424783
      endloop
   endfacet
   facet normal 0.584537 -0.441 0.681055
      outer loop
         vertex 0.0844617 -0.0284133 -0.424847
         vertex 0.0845163 -0.0282171 -0.424783
         vertex 0.0826283 -0.028261 -0.423248
      endloop
   endfacet
   facet normal 0.580123 -0.365622 0.727858
      outer loop
         vertex 0.0826283 -0.028261 -0.423248
         vertex 0.0824537 -0.0283802 -0.423168
         vertex 0.0844617 -0.0284133 -0.424847
      endloop
   endfacet
   facet normal 0.550621 -0.534084 0.641538
      outer loop
         vertex 0.0843939 -0.0285995 -0.424926
         vertex 0.0821991 -0.0285454 -0.423084
         vertex 0.0821029 -0.0286078 -0.423052
      endloop
   endfacet
   facet normal 0.550621 -0.534084 0.641538
      outer loop
         vertex 0.0843939 -0.0285995 -0.424926
         vertex 0.0844617 -0.0284133 -0.424847
         vertex 0.0823258 -0.0284632 -0.423126
      endloop
   endfacet
   facet normal 0.547607 -0.466859 0.694384
      outer loop
         vertex 0.0823258 -0.0284632 -0.423126
         vertex 0.0821991 -0.0285454 -0.423084
         vertex 0.0843939 -0.0285995 -0.424926
      endloop
   endfacet
   facet normal 0.51044 -0.621092 0.594723
      outer loop
         vertex 0.0843135 -0.0287735 -0.42502
         vertex 0.0843939 -0.0285995 -0.424926
         vertex 0.0820005 -0.028672 -0.423026
      endloop
   endfacet
   facet normal 0.464453 -0.701034 0.541143
      outer loop
         vertex 0.0842216 -0.0289334 -0.425127
         vertex 0.0843135 -0.0287735 -0.42502
         vertex 0.0817359 -0.0288332 -0.422978
      endloop
   endfacet
   facet normal 0.464381 -0.650989 0.60047
      outer loop
         vertex 0.0817359 -0.0288332 -0.422978
         vertex 0.0817338 -0.0288345 -0.422978
         vertex 0.0842216 -0.0289334 -0.425127
      endloop
   endfacet
   facet normal 0.464045 -0.651592 0.600075
      outer loop
         vertex 0.0817338 -0.0288345 -0.422978
         vertex 0.0814892 -0.0289772 -0.42296
         vertex 0.0842216 -0.0289334 -0.425127
      endloop
   endfacet
   facet normal 0.420668 -0.722965 0.548051
      outer loop
         vertex 0.0814892 -0.0289772 -0.42296
         vertex 0.0814596 -0.0289941 -0.42296
         vertex 0.0842216 -0.0289334 -0.425127
      endloop
   endfacet
   facet normal 0.505163 -0.570372 0.647677
      outer loop
         vertex 0.0820005 -0.028672 -0.423026
         vertex 0.0817359 -0.0288332 -0.422978
         vertex 0.0843135 -0.0287735 -0.42502
      endloop
   endfacet
   facet normal 0.519411 -0.538262 0.663691
      outer loop
         vertex 0.0821029 -0.0286078 -0.423052
         vertex 0.0820005 -0.028672 -0.423026
         vertex 0.0843939 -0.0285995 -0.424926
      endloop
   endfacet
   facet normal 0.56218 -0.424459 0.709781
      outer loop
         vertex 0.0824537 -0.0283802 -0.423168
         vertex 0.0823258 -0.0284632 -0.423126
         vertex 0.0844617 -0.0284133 -0.424847
      endloop
   endfacet
   facet normal 0.597151 -0.299394 0.74416
      outer loop
         vertex 0.08282 -0.0281301 -0.423336
         vertex 0.0826283 -0.028261 -0.423248
         vertex 0.0845163 -0.0282171 -0.424783
      endloop
   endfacet
   facet normal 0.61227 -0.227115 0.757327
      outer loop
         vertex 0.0830235 -0.0279855 -0.423449
         vertex 0.0829312 -0.0280511 -0.423398
         vertex 0.0845569 -0.0280131 -0.424736
      endloop
   endfacet
   facet normal 0.633465 -0.0670716 0.770859
      outer loop
         vertex 0.0834543 -0.0276654 -0.423739
         vertex 0.0832282 -0.0278334 -0.423587
         vertex 0.0845831 -0.0278036 -0.424706
      endloop
   endfacet
   facet normal 0.638555 0.0688468 0.766491
      outer loop
         vertex 0.0837982 -0.0273938 -0.424029
         vertex 0.0835192 -0.0276142 -0.423793
         vertex 0.0845947 -0.027591 -0.424692
      endloop
   endfacet
   facet normal 0.638085 0.0977667 0.763734
      outer loop
         vertex 0.0838717 -0.0273358 -0.424091
         vertex 0.0837982 -0.0273938 -0.424029
         vertex 0.0845914 -0.0273778 -0.424696
      endloop
   endfacet
   facet normal 0.624314 0.264712 0.734956
      outer loop
         vertex 0.0842687 -0.0270019 -0.424506
         vertex 0.0840605 -0.027177 -0.424289
         vertex 0.0845734 -0.0271662 -0.424717
      endloop
   endfacet
   facet normal 0.617003 0.310659 0.723048
      outer loop
         vertex 0.0843734 -0.02691 -0.424632
         vertex 0.0843132 -0.0269628 -0.42456
         vertex 0.0845407 -0.0269589 -0.424755
      endloop
   endfacet
   facet normal 0.601148 0.386977 0.699192
      outer loop
         vertex 0.0845364 -0.0267605 -0.424856
         vertex 0.0844984 -0.0267953 -0.424804
         vertex 0.0845407 -0.0269589 -0.424755
      endloop
   endfacet
   facet normal 0.577304 0.472828 0.665698
      outer loop
         vertex 0.084727 -0.0265856 -0.425119
         vertex 0.0845364 -0.0267605 -0.424856
         vertex 0.0871556 -0.0267199 -0.427223
      endloop
   endfacet
   facet normal 0.538611 0.576248 0.614684
      outer loop
         vertex 0.0849323 -0.0263826 -0.425475
         vertex 0.084727 -0.0265856 -0.425119
         vertex 0.0870907 -0.0265331 -0.427292
      endloop
   endfacet
   facet normal 0.518172 0.62049 0.588634
      outer loop
         vertex 0.0850256 -0.0262903 -0.425637
         vertex 0.0849323 -0.0263826 -0.425475
         vertex 0.0870128 -0.0263573 -0.427375
      endloop
   endfacet
   facet normal 0.449067 0.737881 0.503855
      outer loop
         vertex 0.0852436 -0.0260555 -0.426122
         vertex 0.0850968 -0.0262136 -0.425796
         vertex 0.0869227 -0.0261943 -0.427472
      endloop
   endfacet
   facet normal 0.396139 0.805244 0.441198
      outer loop
         vertex 0.0853534 -0.0259247 -0.426445
         vertex 0.0852436 -0.0260555 -0.426122
         vertex 0.0868215 -0.026046 -0.42758
      endloop
   endfacet
   facet normal 0.371837 0.831447 0.412835
      outer loop
         vertex 0.0854006 -0.0258684 -0.426584
         vertex 0.0853534 -0.0259247 -0.426445
         vertex 0.0867102 -0.025914 -0.427698
      endloop
   endfacet
   facet normal 0.28948 0.902615 0.318572
      outer loop
         vertex 0.0855037 -0.0257261 -0.427014
         vertex 0.0854442 -0.0258082 -0.426766
         vertex 0.0865901 -0.0257998 -0.427827
      endloop
   endfacet
   facet normal 0.215886 0.947453 0.236063
      outer loop
         vertex 0.0855548 -0.0256364 -0.42736
         vertex 0.0855136 -0.0257088 -0.427081
         vertex 0.0864625 -0.0257045 -0.427963
      endloop
   endfacet
   facet normal 0.179748 0.963987 0.196011
      outer loop
         vertex 0.085568 -0.0256033 -0.427519
         vertex 0.0855548 -0.0256364 -0.42736
         vertex 0.0863287 -0.0256294 -0.428106
      endloop
   endfacet
   facet normal 0.112507 0.986116 0.122141
      outer loop
         vertex 0.0855741 -0.0255591 -0.427796
         vertex 0.0855715 -0.025578 -0.427677
         vertex 0.0861903 -0.0255751 -0.428253
      endloop
   endfacet
   facet normal 0.053706 0.996864 0.0581145
      outer loop
         vertex 0.0855611 -0.0255376 -0.42802
         vertex 0.0855649 -0.0255439 -0.427954
         vertex 0.0860488 -0.0255423 -0.428404
      endloop
   endfacet
   facet normal 0.0215186 0.999589 0.0189542
      outer loop
         vertex 0.0947419 -0.0255321 -0.437698
         vertex 0.0947419 -0.0255313 -0.437785
         vertex 0.0916284 -0.0255313 -0.434338
      endloop
   endfacet
   facet normal 0.131243 0.98454 0.116001
      outer loop
         vertex 0.0947419 -0.0255622 -0.437255
         vertex 0.0947419 -0.0255465 -0.437486
         vertex 0.0917761 -0.0255415 -0.434201
      endloop
   endfacet
   facet normal 0.219927 0.955842 0.194933
      outer loop
         vertex 0.0947419 -0.0256225 -0.436898
         vertex 0.0947419 -0.0255734 -0.437189
         vertex 0.0919224 -0.025572 -0.434065
      endloop
   endfacet
   facet normal 0.237514 0.948271 0.210642
      outer loop
         vertex 0.0947419 -0.0256348 -0.436826
         vertex 0.0947419 -0.0256225 -0.436898
         vertex 0.0920657 -0.0256224 -0.433932
      endloop
   endfacet
   facet normal 0.339164 0.891009 0.301781
      outer loop
         vertex 0.0947419 -0.0257493 -0.436415
         vertex 0.0947419 -0.0256927 -0.436618
         vertex 0.0922045 -0.0256924 -0.433803
      endloop
   endfacet
   facet normal 0.415972 0.830232 0.371054
      outer loop
         vertex 0.0947419 -0.0258708 -0.436104
         vertex 0.0947419 -0.0257763 -0.436345
         vertex 0.0923374 -0.0257811 -0.433679
      endloop
   endfacet
   facet normal 0.488603 0.755245 0.43689
      outer loop
         vertex 0.0947419 -0.0260208 -0.435809
         vertex 0.0947419 -0.0258789 -0.436088
         vertex 0.0924631 -0.0258876 -0.433562
      endloop
   endfacet
   facet normal 0.53354 0.6979 0.477777
      outer loop
         vertex 0.0947419 -0.026137 -0.435629
         vertex 0.0947419 -0.0260208 -0.435809
         vertex 0.0925803 -0.0260109 -0.433453
      endloop
   endfacet
   facet normal 0.546013 0.680142 0.489159
      outer loop
         vertex 0.0947419 -0.026171 -0.435576
         vertex 0.0947419 -0.026137 -0.435629
         vertex 0.0926878 -0.0261497 -0.433354
      endloop
   endfacet
   facet normal 0.594441 0.601757 0.533412
      outer loop
         vertex 0.0947419 -0.0263278 -0.43538
         vertex 0.0947419 -0.0262872 -0.435431
         vertex 0.0927845 -0.0263026 -0.433264
      endloop
   endfacet
   facet normal 0.662419 0.454148 0.595777
      outer loop
         vertex 0.0947419 -0.0266233 -0.435105
         vertex 0.0947419 -0.0264883 -0.435217
         vertex 0.0928693 -0.026468 -0.433185
      endloop
   endfacet
   facet normal 0.665043 0.447081 0.598194
      outer loop
         vertex 0.0947419 -0.0266371 -0.435093
         vertex 0.0947419 -0.0266233 -0.435105
         vertex 0.0929416 -0.0266442 -0.433118
      endloop
   endfacet
   facet normal 0.710392 0.29287 0.639977
      outer loop
         vertex 0.0947419 -0.0269456 -0.434909
         vertex 0.0947419 -0.0267975 -0.434986
         vertex 0.0930004 -0.0268295 -0.433063
      endloop
   endfacet
   facet normal 0.717251 0.260425 0.64632
      outer loop
         vertex 0.0947408 -0.0270104 -0.43488
         vertex 0.094741 -0.0269965 -0.434886
         vertex 0.0930453 -0.027022 -0.433021
      endloop
   endfacet
   facet normal 0.737828 0.11149 0.665717
      outer loop
         vertex 0.094706 -0.0273085 -0.434759
         vertex 0.0947248 -0.0272 -0.4348
         vertex 0.0930757 -0.0272197 -0.432993
      endloop
   endfacet
   facet normal 0.742031 0.0187605 0.670103
      outer loop
         vertex 0.0946626 -0.0274938 -0.434694
         vertex 0.0946895 -0.0273918 -0.434728
         vertex 0.0930913 -0.0274205 -0.432979
      endloop
   endfacet
   facet normal 0.739795 -0.0742772 0.66872
      outer loop
         vertex 0.0946031 -0.0276797 -0.434636
         vertex 0.0946425 -0.0275701 -0.434668
         vertex 0.0930921 -0.0276224 -0.432978
      endloop
   endfacet
   facet normal 0.731113 -0.166836 0.661543
      outer loop
         vertex 0.0945273 -0.0278645 -0.434586
         vertex 0.09456 -0.0277934 -0.434604
         vertex 0.0930779 -0.0278235 -0.432991
      endloop
   endfacet
   facet normal 0.716031 -0.258131 0.648589
      outer loop
         vertex 0.094437 -0.0280472 -0.434544
         vertex 0.0944751 -0.0279781 -0.434558
         vertex 0.0930489 -0.0280215 -0.433018
      endloop
   endfacet
   facet normal 0.694651 -0.347346 0.629929
      outer loop
         vertex 0.0943294 -0.028225 -0.434511
         vertex 0.0943555 -0.0281848 -0.434518
         vertex 0.0930054 -0.0282146 -0.433058
      endloop
   endfacet
   facet normal 0.667144 -0.433665 0.605684
      outer loop
         vertex 0.0942091 -0.0283974 -0.434488
         vertex 0.0942612 -0.0283301 -0.434495
         vertex 0.0929479 -0.0284007 -0.433112
      endloop
   endfacet
   facet normal 0.633717 -0.516338 0.57602
      outer loop
         vertex 0.0940759 -0.0285629 -0.434473
         vertex 0.0940867 -0.0285511 -0.434473
         vertex 0.092877 -0.0285779 -0.433178
      endloop
   endfacet
   facet normal 0.468487 -0.699613 0.539501
      outer loop
         vertex 0.084543 -0.0289262 -0.425406
         vertex 0.0869198 -0.028873 -0.427475
         vertex 0.0870103 -0.0287105 -0.427378
      endloop
   endfacet
   facet normal 0.550621 -0.534084 0.641538
      outer loop
         vertex 0.0843939 -0.0285995 -0.424926
         vertex 0.0843135 -0.0287735 -0.42502
         vertex 0.0870103 -0.0287105 -0.427378
      endloop
   endfacet
   facet normal 0.584537 -0.441 0.681055
      outer loop
         vertex 0.0844617 -0.0284133 -0.424847
         vertex 0.0843939 -0.0285995 -0.424926
         vertex 0.0870886 -0.028535 -0.427295
      endloop
   endfacet
   facet normal 0.611803 -0.342899 0.712823
      outer loop
         vertex 0.0845163 -0.0282171 -0.424783
         vertex 0.0844617 -0.0284133 -0.424847
         vertex 0.0871539 -0.0283484 -0.427225
      endloop
   endfacet
   facet normal 0.632109 -0.240898 0.736482
      outer loop
         vertex 0.0845569 -0.0280131 -0.424736
         vertex 0.0845163 -0.0282171 -0.424783
         vertex 0.0872055 -0.0281529 -0.42717
      endloop
   endfacet
   facet normal 0.645224 -0.136156 0.751763
      outer loop
         vertex 0.0845831 -0.0278036 -0.424706
         vertex 0.0845569 -0.0280131 -0.424736
         vertex 0.0872428 -0.0279506 -0.42713
      endloop
   endfacet
   facet normal 0.650999 -0.0298643 0.758491
      outer loop
         vertex 0.0845947 -0.027591 -0.424692
         vertex 0.0845831 -0.0278036 -0.424706
         vertex 0.0872655 -0.0277437 -0.427106
      endloop
   endfacet
   facet normal 0.649368 0.0767667 0.75659
      outer loop
         vertex 0.0845914 -0.0273778 -0.424696
         vertex 0.0845947 -0.027591 -0.424692
         vertex 0.0872732 -0.0275345 -0.427098
      endloop
   endfacet
   facet normal 0.640349 0.182524 0.746082
      outer loop
         vertex 0.0845734 -0.0271662 -0.424717
         vertex 0.0845914 -0.0273778 -0.424696
         vertex 0.0872659 -0.0273252 -0.427105
      endloop
   endfacet
   facet normal 0.624045 0.286205 0.727086
      outer loop
         vertex 0.0845407 -0.0269589 -0.424755
         vertex 0.0845734 -0.0271662 -0.424717
         vertex 0.0872437 -0.0271182 -0.427129
      endloop
   endfacet
   facet normal 0.53482 -0.650334 0.539475
      outer loop
         vertex 0.0890032 -0.0288267 -0.429443
         vertex 0.0895598 -0.0288143 -0.429969
         vertex 0.0896476 -0.0286497 -0.429881
      endloop
   endfacet
   facet normal 0.591428 -0.501829 0.631174
      outer loop
         vertex 0.0870886 -0.028535 -0.427295
         vertex 0.0870103 -0.0287105 -0.427378
         vertex 0.0896476 -0.0286497 -0.429881
      endloop
   endfacet
   facet normal 0.624085 -0.40857 0.666025
      outer loop
         vertex 0.0871539 -0.0283484 -0.427225
         vertex 0.0870886 -0.028535 -0.427295
         vertex 0.0897229 -0.0284732 -0.429806
      endloop
   endfacet
   facet normal 0.64989 -0.310825 0.693564
      outer loop
         vertex 0.0872055 -0.0281529 -0.42717
         vertex 0.0871539 -0.0283484 -0.427225
         vertex 0.089785 -0.0282867 -0.429744
      endloop
   endfacet
   facet normal 0.66856 -0.209668 0.713489
      outer loop
         vertex 0.0872428 -0.0279506 -0.42713
         vertex 0.0872055 -0.0281529 -0.42717
         vertex 0.0898331 -0.0280922 -0.429697
      endloop
   endfacet
   facet normal 0.679891 -0.10621 0.725581
      outer loop
         vertex 0.0872655 -0.0277437 -0.427106
         vertex 0.0872428 -0.0279506 -0.42713
         vertex 0.0898667 -0.0278917 -0.429663
      endloop
   endfacet
   facet normal 0.683757 -0.00158505 0.729708
      outer loop
         vertex 0.0872732 -0.0275345 -0.427098
         vertex 0.0872655 -0.0277437 -0.427106
         vertex 0.0898856 -0.0276874 -0.429644
      endloop
   endfacet
   facet normal 0.680118 0.103057 0.725823
      outer loop
         vertex 0.0872659 -0.0273252 -0.427105
         vertex 0.0872732 -0.0275345 -0.427098
         vertex 0.0898895 -0.0274815 -0.42964
      endloop
   endfacet
   facet normal 0.669011 0.206568 0.71397
      outer loop
         vertex 0.0872437 -0.0271182 -0.427129
         vertex 0.0872659 -0.0273252 -0.427105
         vertex 0.0898784 -0.027276 -0.429651
      endloop
   endfacet
   facet normal 0.65056 0.307811 0.69428
      outer loop
         vertex 0.0872068 -0.0269157 -0.427168
         vertex 0.0872437 -0.0271182 -0.427129
         vertex 0.0898523 -0.0270733 -0.429677
      endloop
   endfacet
   facet normal 0.624967 0.405674 0.666967
      outer loop
         vertex 0.0871556 -0.0267199 -0.427223
         vertex 0.0872068 -0.0269157 -0.427168
         vertex 0.0898116 -0.0268755 -0.429718
      endloop
   endfacet
   facet normal 0.592513 0.499085 0.632331
      outer loop
         vertex 0.0870907 -0.0265331 -0.427292
         vertex 0.0871556 -0.0267199 -0.427223
         vertex 0.0897566 -0.0266846 -0.429773
      endloop
   endfacet
   facet normal 0.553554 0.587016 0.590754
      outer loop
         vertex 0.0870128 -0.0263573 -0.427375
         vertex 0.0870907 -0.0265331 -0.427292
         vertex 0.0896881 -0.0265027 -0.429841
      endloop
   endfacet
   facet normal 0.508518 0.668502 0.542692
      outer loop
         vertex 0.0869227 -0.0261943 -0.427472
         vertex 0.0870128 -0.0263573 -0.427375
         vertex 0.0896066 -0.0263317 -0.429922
      endloop
   endfacet
   facet normal 0.457899 0.74265 0.488671
      outer loop
         vertex 0.0868215 -0.026046 -0.42758
         vertex 0.0869227 -0.0261943 -0.427472
         vertex 0.0895131 -0.0261734 -0.430015
      endloop
   endfacet
   facet normal 0.402254 0.808644 0.429286
      outer loop
         vertex 0.0867102 -0.025914 -0.427698
         vertex 0.0868215 -0.026046 -0.42758
         vertex 0.0894086 -0.0260295 -0.430119
      endloop
   endfacet
   facet normal 0.342192 0.865761 0.365188
      outer loop
         vertex 0.0865901 -0.0257998 -0.427827
         vertex 0.0867102 -0.025914 -0.427698
         vertex 0.0892941 -0.0259016 -0.430233
      endloop
   endfacet
   facet normal 0.278374 0.913373 0.297081
      outer loop
         vertex 0.0864625 -0.0257045 -0.427963
         vertex 0.0865901 -0.0257998 -0.427827
         vertex 0.089171 -0.025791 -0.430356
      endloop
   endfacet
   facet normal 0.211499 0.950959 0.225712
      outer loop
         vertex 0.0863287 -0.0256294 -0.428106
         vertex 0.0864625 -0.0257045 -0.427963
         vertex 0.0890404 -0.0256988 -0.430486
      endloop
   endfacet
   facet normal 0.142303 0.978104 0.151866
      outer loop
         vertex 0.0861903 -0.0255751 -0.428253
         vertex 0.0863287 -0.0256294 -0.428106
         vertex 0.0889037 -0.0256261 -0.430622
      endloop
   endfacet
   facet normal 0.0715441 0.994511 0.076352
      outer loop
         vertex 0.0860488 -0.0255423 -0.428404
         vertex 0.0861903 -0.0255751 -0.428253
         vertex 0.0887625 -0.0255736 -0.430762
      endloop
   endfacet
   facet normal 0 1 0
      outer loop
         vertex 0.0859057 -0.0255313 -0.428557
         vertex 0.0860488 -0.0255423 -0.428404
         vertex 0.0886182 -0.0255419 -0.430906
      endloop
   endfacet
   facet normal 0.582444 -0.606567 0.541143
      outer loop
         vertex 0.0927933 -0.0287444 -0.433256
         vertex 0.092877 -0.0285779 -0.433178
         vertex 0.0896476 -0.0286497 -0.429881
      endloop
   endfacet
   facet normal 0.625252 -0.470949 0.622308
      outer loop
         vertex 0.0897229 -0.0284732 -0.429806
         vertex 0.0896476 -0.0286497 -0.429881
         vertex 0.092877 -0.0285779 -0.433178
      endloop
   endfacet
   facet normal 0.656274 -0.377698 0.653184
      outer loop
         vertex 0.089785 -0.0282867 -0.429744
         vertex 0.0897229 -0.0284732 -0.429806
         vertex 0.0929479 -0.0284007 -0.433112
      endloop
   endfacet
   facet normal 0.680332 -0.280438 0.677129
      outer loop
         vertex 0.0898331 -0.0280922 -0.429697
         vertex 0.089785 -0.0282867 -0.429744
         vertex 0.0930054 -0.0282146 -0.433058
      endloop
   endfacet
   facet normal 0.69717 -0.180202 0.693888
      outer loop
         vertex 0.0898667 -0.0278917 -0.429663
         vertex 0.0898331 -0.0280922 -0.429697
         vertex 0.0930489 -0.0280215 -0.433018
      endloop
   endfacet
   facet normal 0.706611 -0.0780545 0.703284
      outer loop
         vertex 0.0898856 -0.0276874 -0.429644
         vertex 0.0898667 -0.0278917 -0.429663
         vertex 0.0930779 -0.0278235 -0.432991
      endloop
   endfacet
   facet normal 0.708553 0.0249216 0.705217
      outer loop
         vertex 0.0898895 -0.0274815 -0.42964
         vertex 0.0898856 -0.0276874 -0.429644
         vertex 0.0930921 -0.0276224 -0.432978
      endloop
   endfacet
   facet normal 0.702976 0.127633 0.699667
      outer loop
         vertex 0.0898784 -0.027276 -0.429651
         vertex 0.0898895 -0.0274815 -0.42964
         vertex 0.0930913 -0.0274205 -0.432979
      endloop
   endfacet
   facet normal 0.68994 0.22899 0.686692
      outer loop
         vertex 0.0898523 -0.0270733 -0.429677
         vertex 0.0898784 -0.027276 -0.429651
         vertex 0.0930757 -0.0272197 -0.432993
      endloop
   endfacet
   facet normal 0.669582 0.327918 0.66643
      outer loop
         vertex 0.0898116 -0.0268755 -0.429718
         vertex 0.0898523 -0.0270733 -0.429677
         vertex 0.0930453 -0.027022 -0.433021
      endloop
   endfacet
   facet normal 0.642119 0.423365 0.639097
      outer loop
         vertex 0.0897566 -0.0266846 -0.429773
         vertex 0.0898116 -0.0268755 -0.429718
         vertex 0.0930004 -0.0268295 -0.433063
      endloop
   endfacet
   facet normal 0.607843 0.51432 0.604981
      outer loop
         vertex 0.0896881 -0.0265027 -0.429841
         vertex 0.0897566 -0.0266846 -0.429773
         vertex 0.0929416 -0.0266442 -0.433118
      endloop
   endfacet
   facet normal 0.567116 0.599818 0.564446
      outer loop
         vertex 0.0896066 -0.0263317 -0.429922
         vertex 0.0896881 -0.0265027 -0.429841
         vertex 0.0928693 -0.026468 -0.433185
      endloop
   endfacet
   facet normal 0.52037 0.67895 0.517921
      outer loop
         vertex 0.0895131 -0.0261734 -0.430015
         vertex 0.0896066 -0.0263317 -0.429922
         vertex 0.0927845 -0.0263026 -0.433264
      endloop
   endfacet
   facet normal 0.468103 0.750877 0.4659
      outer loop
         vertex 0.0894086 -0.0260295 -0.430119
         vertex 0.0895131 -0.0261734 -0.430015
         vertex 0.0926878 -0.0261497 -0.433354
      endloop
   endfacet
   facet normal 0.410869 0.814837 0.408935
      outer loop
         vertex 0.0892941 -0.0259016 -0.430233
         vertex 0.0894086 -0.0260295 -0.430119
         vertex 0.0925803 -0.0260109 -0.433453
      endloop
   endfacet
   facet normal 0.349275 0.870149 0.347631
      outer loop
         vertex 0.089171 -0.025791 -0.430356
         vertex 0.0892941 -0.0259016 -0.430233
         vertex 0.0924631 -0.0258876 -0.433562
      endloop
   endfacet
   facet normal 0.283974 0.916229 0.282637
      outer loop
         vertex 0.0890404 -0.0256988 -0.430486
         vertex 0.089171 -0.025791 -0.430356
         vertex 0.0923374 -0.0257811 -0.433679
      endloop
   endfacet
   facet normal 0.21566 0.952585 0.214645
      outer loop
         vertex 0.0889037 -0.0256261 -0.430622
         vertex 0.0890404 -0.0256988 -0.430486
         vertex 0.0922045 -0.0256924 -0.433803
      endloop
   endfacet
   facet normal 0.145057 0.978833 0.144375
      outer loop
         vertex 0.0887625 -0.0255736 -0.430762
         vertex 0.0889037 -0.0256261 -0.430622
         vertex 0.0920657 -0.0256224 -0.433932
      endloop
   endfacet
   facet normal 0.0729156 0.994694 0.0725723
      outer loop
         vertex 0.0886182 -0.0255419 -0.430906
         vertex 0.0887625 -0.0255736 -0.430762
         vertex 0.0919224 -0.025572 -0.434065
      endloop
   endfacet
   facet normal 0 1 0
      outer loop
         vertex 0.0884724 -0.0255313 -0.431051
         vertex 0.0886182 -0.0255419 -0.430906
         vertex 0.0917761 -0.0255415 -0.434201
      endloop
   endfacet
   facet normal 0.995169 -0.0746024 0.0638288
      outer loop
         vertex 0.0947323 -0.0316358 -0.439911
         vertex 0.0947419 -0.0314866 -0.440039
         vertex 0.0947419 -0.027599 -0.435624
      endloop
   endfacet
   facet normal 0.980721 -0.148484 0.127041
      outer loop
         vertex 0.0947034 -0.0317836 -0.439784
         vertex 0.0947323 -0.0316358 -0.439911
         vertex 0.0947332 -0.0277372 -0.435498
      endloop
   endfacet
   facet normal 0.956796 -0.220931 0.189025
      outer loop
         vertex 0.0946555 -0.0319285 -0.43966
         vertex 0.0947034 -0.0317836 -0.439784
         vertex 0.0947071 -0.0278741 -0.435373
      endloop
   endfacet
   facet normal 0.923626 -0.291243 0.249183
      outer loop
         vertex 0.0945892 -0.0320691 -0.43954
         vertex 0.0946555 -0.0319285 -0.43966
         vertex 0.0946638 -0.0280087 -0.435251
      endloop
   endfacet
   facet normal 0.881531 -0.35874 0.306933
      outer loop
         vertex 0.094505 -0.0322041 -0.439425
         vertex 0.0945892 -0.0320691 -0.43954
         vertex 0.0946037 -0.0281396 -0.435132
      endloop
   endfacet
   facet normal 0.830918 -0.422771 0.361717
      outer loop
         vertex 0.0944038 -0.0323322 -0.439315
         vertex 0.094505 -0.0322041 -0.439425
         vertex 0.0945274 -0.0282659 -0.435017
      endloop
   endfacet
   facet normal 0.772276 -0.482717 0.413006
      outer loop
         vertex 0.0942865 -0.0324521 -0.439213
         vertex 0.0944038 -0.0323322 -0.439315
         vertex 0.0944354 -0.0283863 -0.434908
      endloop
   endfacet
   facet normal 0.706171 -0.537999 0.460304
      outer loop
         vertex 0.0941543 -0.0325626 -0.439118
         vertex 0.0942865 -0.0324521 -0.439213
         vertex 0.0943287 -0.0284999 -0.434805
      endloop
   endfacet
   facet normal 0.633242 -0.588081 0.503154
      outer loop
         vertex 0.0940084 -0.0326628 -0.439032
         vertex 0.0941543 -0.0325626 -0.439118
         vertex 0.0942082 -0.0286055 -0.434709
      endloop
   endfacet
   facet normal 0.593909 -0.595346 0.541143
      outer loop
         vertex 0.0939297 -0.0287897 -0.434541
         vertex 0.0938503 -0.0327516 -0.438956
         vertex 0.0940084 -0.0326628 -0.439032
      endloop
   endfacet
   facet normal 0.633242 -0.588081 0.503154
      outer loop
         vertex 0.0940084 -0.0326628 -0.439032
         vertex 0.0938503 -0.0327516 -0.438956
         vertex 0.0938166 -0.0345313 -0.441026
      endloop
   endfacet
   facet normal 0.537347 -0.646856 0.541143
      outer loop
         vertex 0.0938166 -0.0345313 -0.441026
         vertex 0.0938503 -0.0345313 -0.441061
         vertex 0.0940084 -0.0326628 -0.439032
      endloop
   endfacet
   facet normal 0.706171 -0.537999 0.460304
      outer loop
         vertex 0.0941543 -0.0325626 -0.439118
         vertex 0.0940084 -0.0326628 -0.439032
         vertex 0.0939782 -0.0345313 -0.441207
      endloop
   endfacet
   facet normal 0.618436 -0.602999 0.503914
      outer loop
         vertex 0.0939782 -0.0345313 -0.441207
         vertex 0.094 -0.0345313 -0.441232
         vertex 0.0941543 -0.0325626 -0.439118
      endloop
   endfacet
   facet normal 0.629051 -0.596534 0.498439
      outer loop
         vertex 0.094 -0.0345313 -0.441232
         vertex 0.0940654 -0.0345313 -0.441318
         vertex 0.0941543 -0.0325626 -0.439118
      endloop
   endfacet
   facet normal 0.772276 -0.482717 0.413006
      outer loop
         vertex 0.0942865 -0.0324521 -0.439213
         vertex 0.0941543 -0.0325626 -0.439118
         vertex 0.0941271 -0.0345313 -0.441413
      endloop
   endfacet
   facet normal 0.693477 -0.553123 0.461676
      outer loop
         vertex 0.0941271 -0.0345313 -0.441413
         vertex 0.0942134 -0.0345313 -0.441545
         vertex 0.0942865 -0.0324521 -0.439213
      endloop
   endfacet
   facet normal 0.830918 -0.422771 0.361717
      outer loop
         vertex 0.0944038 -0.0323322 -0.439315
         vertex 0.0942865 -0.0324521 -0.439213
         vertex 0.0942634 -0.0345313 -0.441639
      endloop
   endfacet
   facet normal 0.761746 -0.497654 0.414829
      outer loop
         vertex 0.0942634 -0.0345313 -0.441639
         vertex 0.0943489 -0.0345313 -0.441801
         vertex 0.0944038 -0.0323322 -0.439315
      endloop
   endfacet
   facet normal 0.881531 -0.35874 0.306933
      outer loop
         vertex 0.094505 -0.0322041 -0.439425
         vertex 0.0944038 -0.0323322 -0.439315
         vertex 0.0943849 -0.0345313 -0.441886
      endloop
   endfacet
   facet normal 0.822553 -0.437084 0.363819
      outer loop
         vertex 0.0943849 -0.0345313 -0.441886
         vertex 0.09447 -0.0345313 -0.442088
         vertex 0.094505 -0.0322041 -0.439425
      endloop
   endfacet
   facet normal 0.923626 -0.291243 0.249183
      outer loop
         vertex 0.0945892 -0.0320691 -0.43954
         vertex 0.094505 -0.0322041 -0.439425
         vertex 0.0944908 -0.0345313 -0.442151
      endloop
   endfacet
   facet normal 0.875268 -0.371948 0.30913
      outer loop
         vertex 0.0944908 -0.0345313 -0.442151
         vertex 0.0945671 -0.0345313 -0.442384
         vertex 0.0945892 -0.0320691 -0.43954
      endloop
   endfacet
   facet normal 0.956796 -0.220931 0.189025
      outer loop
         vertex 0.0946555 -0.0319285 -0.43966
         vertex 0.0945892 -0.0320691 -0.43954
         vertex 0.0945787 -0.0345313 -0.442433
      endloop
   endfacet
   facet normal 0.980721 -0.148484 0.127041
      outer loop
         vertex 0.0947034 -0.0317836 -0.439784
         vertex 0.0946555 -0.0319285 -0.43966
         vertex 0.0946615 -0.0345313 -0.442785
      endloop
   endfacet
   facet normal 0.995169 -0.0746024 0.0638288
      outer loop
         vertex 0.0947323 -0.0316358 -0.439911
         vertex 0.0947034 -0.0317836 -0.439784
         vertex 0.0946963 -0.0345313 -0.443036
      endloop
   endfacet
   facet normal 0.979492 -0.155268 0.128401
      outer loop
         vertex 0.0946963 -0.0345313 -0.443036
         vertex 0.0947211 -0.0345313 -0.443214
         vertex 0.0947323 -0.0316358 -0.439911
      endloop
   endfacet
   facet normal 1 0 0
      outer loop
         vertex 0.0947419 -0.0314866 -0.440039
         vertex 0.0947323 -0.0316358 -0.439911
         vertex 0.0947273 -0.0345313 -0.443349
      endloop
   endfacet
   facet normal 1 0 0
      outer loop
         vertex 0.0947419 -0.027599 -0.435624
         vertex 0.0947408 -0.0270104 -0.43488
         vertex 0.0947311 -0.0271255 -0.434831
      endloop
   endfacet
   facet normal 1 0 0
      outer loop
         vertex 0.0947419 -0.027599 -0.435624
         vertex 0.094741 -0.0269965 -0.434886
         vertex 0.0947408 -0.0270104 -0.43488
      endloop
   endfacet
   facet normal 1 0 0
      outer loop
         vertex 0.0947419 -0.027599 -0.435624
         vertex 0.0947419 -0.0269456 -0.434909
         vertex 0.094741 -0.0269965 -0.434886
      endloop
   endfacet
   facet normal 0.995633 -0.06908 0.0627906
      outer loop
         vertex 0.0947332 -0.0277372 -0.435498
         vertex 0.0947248 -0.0272 -0.4348
         vertex 0.094706 -0.0273085 -0.434759
      endloop
   endfacet
   facet normal 0.995633 -0.06908 0.0627906
      outer loop
         vertex 0.0947332 -0.0277372 -0.435498
         vertex 0.0947311 -0.0271255 -0.434831
         vertex 0.0947248 -0.0272 -0.4348
      endloop
   endfacet
   facet normal 0.982571 -0.137557 0.125033
      outer loop
         vertex 0.0947071 -0.0278741 -0.435373
         vertex 0.0946895 -0.0273918 -0.434728
         vertex 0.0946626 -0.0274938 -0.434694
      endloop
   endfacet
   facet normal 0.982571 -0.137557 0.125033
      outer loop
         vertex 0.0947071 -0.0278741 -0.435373
         vertex 0.094706 -0.0273085 -0.434759
         vertex 0.0946953 -0.0273697 -0.434736
      endloop
   endfacet
   facet normal 0.976689 -0.158132 0.145163
      outer loop
         vertex 0.0946953 -0.0273697 -0.434736
         vertex 0.0946895 -0.0273918 -0.434728
         vertex 0.0947071 -0.0278741 -0.435373
      endloop
   endfacet
   facet normal 0.960927 -0.204832 0.186183
      outer loop
         vertex 0.0946638 -0.0280087 -0.435251
         vertex 0.0946425 -0.0275701 -0.434668
         vertex 0.0946031 -0.0276797 -0.434636
      endloop
   endfacet
   facet normal 0.960927 -0.204832 0.186183
      outer loop
         vertex 0.0946638 -0.0280087 -0.435251
         vertex 0.0946626 -0.0274938 -0.434694
         vertex 0.0946425 -0.0275701 -0.434668
      endloop
   endfacet
   facet normal 0.93089 -0.270318 0.245707
      outer loop
         vertex 0.0946037 -0.0281396 -0.435132
         vertex 0.09456 -0.0277934 -0.434604
         vertex 0.0945273 -0.0278645 -0.434586
      endloop
   endfacet
   facet normal 0.93089 -0.270318 0.245707
      outer loop
         vertex 0.0946037 -0.0281396 -0.435132
         vertex 0.0946031 -0.0276797 -0.434636
         vertex 0.0945695 -0.027773 -0.434609
      endloop
   endfacet
   facet normal 0.913763 -0.299574 0.274396
      outer loop
         vertex 0.0945695 -0.027773 -0.434609
         vertex 0.09456 -0.0277934 -0.434604
         vertex 0.0946037 -0.0281396 -0.435132
      endloop
   endfacet
   facet normal 0.892723 -0.333444 0.303085
      outer loop
         vertex 0.0945274 -0.0282659 -0.435017
         vertex 0.0944751 -0.0279781 -0.434558
         vertex 0.094437 -0.0280472 -0.434544
      endloop
   endfacet
   facet normal 0.892723 -0.333444 0.303085
      outer loop
         vertex 0.0945274 -0.0282659 -0.435017
         vertex 0.0945273 -0.0278645 -0.434586
         vertex 0.0944751 -0.0279781 -0.434558
      endloop
   endfacet
   facet normal 0.84676 -0.393657 0.357816
      outer loop
         vertex 0.0944354 -0.0283863 -0.434908
         vertex 0.0943555 -0.0281848 -0.434518
         vertex 0.0943294 -0.028225 -0.434511
      endloop
   endfacet
   facet normal 0.84676 -0.393657 0.357816
      outer loop
         vertex 0.0944354 -0.0283863 -0.434908
         vertex 0.094437 -0.0280472 -0.434544
         vertex 0.0943931 -0.0281269 -0.434527
      endloop
   endfacet
   facet normal 0.825575 -0.416533 0.380692
      outer loop
         vertex 0.0943931 -0.0281269 -0.434527
         vertex 0.0943555 -0.0281848 -0.434518
         vertex 0.0944354 -0.0283863 -0.434908
      endloop
   endfacet
   facet normal 0.793401 -0.450432 0.409422
      outer loop
         vertex 0.0943287 -0.0284999 -0.434805
         vertex 0.0942612 -0.0283301 -0.434495
         vertex 0.0942091 -0.0283974 -0.434488
      endloop
   endfacet
   facet normal 0.793401 -0.450432 0.409422
      outer loop
         vertex 0.0943287 -0.0284999 -0.434805
         vertex 0.0943294 -0.028225 -0.434511
         vertex 0.0942612 -0.0283301 -0.434495
      endloop
   endfacet
   facet normal 0.733112 -0.503273 0.457453
      outer loop
         vertex 0.0942082 -0.0286055 -0.434709
         vertex 0.0940867 -0.0285511 -0.434473
         vertex 0.0940759 -0.0285629 -0.434473
      endloop
   endfacet
   facet normal 0.733112 -0.503273 0.457453
      outer loop
         vertex 0.0942082 -0.0286055 -0.434709
         vertex 0.0942091 -0.0283974 -0.434488
         vertex 0.0941097 -0.028526 -0.434474
      endloop
   endfacet
   facet normal 0.683888 -0.539225 0.49146
      outer loop
         vertex 0.0941097 -0.028526 -0.434474
         vertex 0.0940867 -0.0285511 -0.434473
         vertex 0.0942082 -0.0286055 -0.434709
      endloop
   endfacet
   facet normal 0.593909 -0.595346 0.541143
      outer loop
         vertex 0.0939297 -0.0287897 -0.434541
         vertex 0.0940748 -0.0287024 -0.434621
         vertex 0.0939381 -0.0287136 -0.434467
      endloop
   endfacet
   facet normal 0.666421 -0.551718 0.501488
      outer loop
         vertex 0.0940748 -0.0287024 -0.434621
         vertex 0.0940759 -0.0285629 -0.434473
         vertex 0.0939381 -0.0287136 -0.434467
      endloop
   endfacet
   facet normal 0.598095 -0.592708 0.539425
      outer loop
         vertex 0.0939381 -0.0287136 -0.434467
         vertex 0.0939312 -0.0287205 -0.434467
         vertex 0.0939297 -0.0287897 -0.434541
      endloop
   endfacet
   facet normal 0.667622 -0.550319 0.501428
      outer loop
         vertex 0.0940759 -0.0285629 -0.434473
         vertex 0.0940748 -0.0287024 -0.434621
         vertex 0.0942082 -0.0286055 -0.434709
      endloop
   endfacet
   facet normal 0.734569 -0.501283 0.457301
      outer loop
         vertex 0.0942091 -0.0283974 -0.434488
         vertex 0.0942082 -0.0286055 -0.434709
         vertex 0.0943287 -0.0284999 -0.434805
      endloop
   endfacet
   facet normal 0.794913 -0.447989 0.40917
      outer loop
         vertex 0.0943294 -0.028225 -0.434511
         vertex 0.0943287 -0.0284999 -0.434805
         vertex 0.0944354 -0.0283863 -0.434908
      endloop
   endfacet
   facet normal 0.848165 -0.390932 0.357475
      outer loop
         vertex 0.094437 -0.0280472 -0.434544
         vertex 0.0944354 -0.0283863 -0.434908
         vertex 0.0945274 -0.0282659 -0.435017
      endloop
   endfacet
   facet normal 0.893899 -0.330643 0.302687
      outer loop
         vertex 0.0945273 -0.0278645 -0.434586
         vertex 0.0945274 -0.0282659 -0.435017
         vertex 0.0946037 -0.0281396 -0.435132
      endloop
   endfacet
   facet normal 0.931767 -0.267659 0.245293
      outer loop
         vertex 0.0946031 -0.0276797 -0.434636
         vertex 0.0946037 -0.0281396 -0.435132
         vertex 0.0946638 -0.0280087 -0.435251
      endloop
   endfacet
   facet normal 0.961487 -0.202536 0.185803
      outer loop
         vertex 0.0946626 -0.0274938 -0.434694
         vertex 0.0946638 -0.0280087 -0.435251
         vertex 0.0947071 -0.0278741 -0.435373
      endloop
   endfacet
   facet normal 0.982847 -0.13584 0.124737
      outer loop
         vertex 0.094706 -0.0273085 -0.434759
         vertex 0.0947071 -0.0278741 -0.435373
         vertex 0.0947332 -0.0277372 -0.435498
      endloop
   endfacet
   facet normal 0.995708 -0.0681386 0.0626246
      outer loop
         vertex 0.0947311 -0.0271255 -0.434831
         vertex 0.0947332 -0.0277372 -0.435498
         vertex 0.0947419 -0.027599 -0.435624
      endloop
   endfacet
   facet normal 0.994843 -0.0782178 0.0645711
      outer loop
         vertex 0.0947273 -0.0345313 -0.443349
         vertex 0.0947419 -0.0345313 -0.443667
         vertex 0.0947419 -0.0314866 -0.440039
      endloop
   endfacet
   facet normal 0.989565 -0.111081 0.0917695
      outer loop
         vertex 0.0947211 -0.0345313 -0.443214
         vertex 0.0947273 -0.0345313 -0.443349
         vertex 0.0947323 -0.0316358 -0.439911
      endloop
   endfacet
   facet normal 0.959792 -0.216201 0.179042
      outer loop
         vertex 0.0946615 -0.0345313 -0.442785
         vertex 0.0946963 -0.0345313 -0.443036
         vertex 0.0947034 -0.0317836 -0.439784
      endloop
   endfacet
   facet normal 0.919318 -0.302836 0.251286
      outer loop
         vertex 0.0945787 -0.0345313 -0.442433
         vertex 0.0946615 -0.0345313 -0.442785
         vertex 0.0946555 -0.0319285 -0.43966
      endloop
   endfacet
   facet normal 0.912592 -0.314618 0.261135
      outer loop
         vertex 0.0945671 -0.0345313 -0.442384
         vertex 0.0945787 -0.0345313 -0.442433
         vertex 0.0945892 -0.0320691 -0.43954
      endloop
   endfacet
   facet normal 0.86405 -0.387093 0.321834
      outer loop
         vertex 0.09447 -0.0345313 -0.442088
         vertex 0.0944908 -0.0345313 -0.442151
         vertex 0.094505 -0.0322041 -0.439425
      endloop
   endfacet
   facet normal 0.803494 -0.457454 0.380963
      outer loop
         vertex 0.0943489 -0.0345313 -0.441801
         vertex 0.0943849 -0.0345313 -0.441886
         vertex 0.0944038 -0.0323322 -0.439315
      endloop
   endfacet
   facet normal 0.735745 -0.520107 0.433784
      outer loop
         vertex 0.0942134 -0.0345313 -0.441545
         vertex 0.0942634 -0.0345313 -0.441639
         vertex 0.0942865 -0.0324521 -0.439213
      endloop
   endfacet
   facet normal 0.661754 -0.575442 0.480571
      outer loop
         vertex 0.0940654 -0.0345313 -0.441318
         vertex 0.0941271 -0.0345313 -0.441413
         vertex 0.0941543 -0.0325626 -0.439118
      endloop
   endfacet
   facet normal 0.554164 -0.638508 0.534051
      outer loop
         vertex 0.0938503 -0.0345313 -0.441061
         vertex 0.0939782 -0.0345313 -0.441207
         vertex 0.0940084 -0.0326628 -0.439032
      endloop
   endfacet
   facet normal 0.633242 -0.588081 0.503154
      outer loop
         vertex 0.0940084 -0.0326628 -0.439032
         vertex 0.0940748 -0.0287024 -0.434621
         vertex 0.0939297 -0.0287897 -0.434541
      endloop
   endfacet
   facet normal 0.733112 -0.503273 0.457453
      outer loop
         vertex 0.0942082 -0.0286055 -0.434709
         vertex 0.0940748 -0.0287024 -0.434621
         vertex 0.0940084 -0.0326628 -0.439032
      endloop
   endfacet
   facet normal 0.793401 -0.450432 0.409422
      outer loop
         vertex 0.0943287 -0.0284999 -0.434805
         vertex 0.0942082 -0.0286055 -0.434709
         vertex 0.0941543 -0.0325626 -0.439118
      endloop
   endfacet
   facet normal 0.84676 -0.393657 0.357816
      outer loop
         vertex 0.0944354 -0.0283863 -0.434908
         vertex 0.0943287 -0.0284999 -0.434805
         vertex 0.0942865 -0.0324521 -0.439213
      endloop
   endfacet
   facet normal 0.892723 -0.333444 0.303085
      outer loop
         vertex 0.0945274 -0.0282659 -0.435017
         vertex 0.0944354 -0.0283863 -0.434908
         vertex 0.0944038 -0.0323322 -0.439315
      endloop
   endfacet
   facet normal 0.93089 -0.270318 0.245707
      outer loop
         vertex 0.0946037 -0.0281396 -0.435132
         vertex 0.0945274 -0.0282659 -0.435017
         vertex 0.094505 -0.0322041 -0.439425
      endloop
   endfacet
   facet normal 0.960927 -0.204832 0.186183
      outer loop
         vertex 0.0946638 -0.0280087 -0.435251
         vertex 0.0946037 -0.0281396 -0.435132
         vertex 0.0945892 -0.0320691 -0.43954
      endloop
   endfacet
   facet normal 0.982571 -0.137557 0.125033
      outer loop
         vertex 0.0947071 -0.0278741 -0.435373
         vertex 0.0946638 -0.0280087 -0.435251
         vertex 0.0946555 -0.0319285 -0.43966
      endloop
   endfacet
   facet normal 0.995633 -0.06908 0.0627906
      outer loop
         vertex 0.0947332 -0.0277372 -0.435498
         vertex 0.0947071 -0.0278741 -0.435373
         vertex 0.0947034 -0.0317836 -0.439784
      endloop
   endfacet
   facet normal 1 0 0
      outer loop
         vertex 0.0947419 -0.027599 -0.435624
         vertex 0.0947332 -0.0277372 -0.435498
         vertex 0.0947323 -0.0316358 -0.439911
      endloop
   endfacet
   facet normal 1 -9.04363e-16 7.45274e-16
      outer loop
         vertex 0.0947419 -0.027599 -0.435624
         vertex 0.0947419 -0.0266528 -0.435082
         vertex 0.0947419 -0.0267975 -0.434986
      endloop
   endfacet
   facet normal 1 -9.04363e-16 7.45274e-16
      outer loop
         vertex 0.0947419 -0.027599 -0.435624
         vertex 0.0947419 -0.0266233 -0.435105
         vertex 0.0947419 -0.0266371 -0.435093
      endloop
   endfacet
   facet normal 1 -9.04363e-16 7.45274e-16
      outer loop
         vertex 0.0947419 -0.0266371 -0.435093
         vertex 0.0947419 -0.0266528 -0.435082
         vertex 0.0947419 -0.027599 -0.435624
      endloop
   endfacet
   facet normal 1 -9.04363e-16 7.45274e-16
      outer loop
         vertex 0.0947419 -0.0314866 -0.440039
         vertex 0.0947419 -0.0262872 -0.435431
         vertex 0.0947419 -0.0263278 -0.43538
      endloop
   endfacet
   facet normal 1 -9.04363e-16 7.45274e-16
      outer loop
         vertex 0.0947419 -0.0255313 -0.457838
         vertex 0.0947419 -0.0314866 -0.440039
         vertex 0.0947419 -0.0345313 -0.443667
      endloop
   endfacet
   facet normal 1 -9.04363e-16 7.45274e-16
      outer loop
         vertex 0.0947419 -0.0267975 -0.434986
         vertex 0.0947419 -0.0269456 -0.434909
         vertex 0.0947419 -0.027599 -0.435624
      endloop
   endfacet
   facet normal 1 -9.04363e-16 7.45274e-16
      outer loop
         vertex 0.0947419 -0.0263278 -0.43538
         vertex 0.0947419 -0.0264883 -0.435217
         vertex 0.0947419 -0.0314866 -0.440039
      endloop
   endfacet
   facet normal 1 -9.04363e-16 7.45274e-16
      outer loop
         vertex 0.0947419 -0.0314866 -0.440039
         vertex 0.0947419 -0.026137 -0.435629
         vertex 0.0947419 -0.026171 -0.435576
      endloop
   endfacet
   facet normal 1 -9.04363e-16 7.45274e-16
      outer loop
         vertex 0.0947419 -0.0314866 -0.440039
         vertex 0.0947419 -0.0258789 -0.436088
         vertex 0.0947419 -0.0260208 -0.435809
      endloop
   endfacet
   facet normal 1 -9.04363e-16 7.45274e-16
      outer loop
         vertex 0.0947419 -0.0314866 -0.440039
         vertex 0.0947419 -0.0257763 -0.436345
         vertex 0.0947419 -0.0258708 -0.436104
      endloop
   endfacet
   facet normal 1 -9.04363e-16 7.45274e-16
      outer loop
         vertex 0.0947419 -0.0314866 -0.440039
         vertex 0.0947419 -0.0256927 -0.436618
         vertex 0.0947419 -0.0257493 -0.436415
      endloop
   endfacet
   facet normal 1 -9.04363e-16 7.45274e-16
      outer loop
         vertex 0.0947419 -0.0314866 -0.440039
         vertex 0.0947419 -0.0255313 -0.437785
         vertex 0.0947419 -0.0255321 -0.437698
      endloop
   endfacet
   facet normal 1 -9.04363e-16 7.45274e-16
      outer loop
         vertex 0.0947419 -0.0255313 -0.457838
         vertex 0.0947419 -0.0255313 -0.437785
         vertex 0.0947419 -0.0314866 -0.440039
      endloop
   endfacet
   facet normal 1 -9.04363e-16 7.45274e-16
      outer loop
         vertex 0.0947419 -0.0264883 -0.435217
         vertex 0.0947419 -0.0266233 -0.435105
         vertex 0.0947419 -0.0314866 -0.440039
      endloop
   endfacet
   facet normal 1 -9.04363e-16 7.45274e-16
      outer loop
         vertex 0.0947419 -0.0260208 -0.435809
         vertex 0.0947419 -0.026137 -0.435629
         vertex 0.0947419 -0.0314866 -0.440039
      endloop
   endfacet
   facet normal 1 -9.04363e-16 7.45274e-16
      outer loop
         vertex 0.0947419 -0.0257493 -0.436415
         vertex 0.0947419 -0.0257763 -0.436345
         vertex 0.0947419 -0.0314866 -0.440039
      endloop
   endfacet
   facet normal 1 -9.04363e-16 7.45274e-16
      outer loop
         vertex 0.0947419 -0.0314866 -0.440039
         vertex 0.0947419 -0.0256225 -0.436898
         vertex 0.0947419 -0.0256348 -0.436826
      endloop
   endfacet
   facet normal 1 -9.04363e-16 7.45274e-16
      outer loop
         vertex 0.0947419 -0.0314866 -0.440039
         vertex 0.0947419 -0.0255465 -0.437486
         vertex 0.0947419 -0.0255622 -0.437255
      endloop
   endfacet
   facet normal 1 -9.04363e-16 7.45274e-16
      outer loop
         vertex 0.0947419 -0.0345313 -0.443667
         vertex 0.0947419 -0.0345313 -0.457838
         vertex 0.0947419 -0.0255313 -0.457838
      endloop
   endfacet
   facet normal 1 -9.04363e-16 7.45274e-16
      outer loop
         vertex 0.0947419 -0.026171 -0.435576
         vertex 0.0947419 -0.0262872 -0.435431
         vertex 0.0947419 -0.0314866 -0.440039
      endloop
   endfacet
   facet normal 1 -9.04363e-16 7.45274e-16
      outer loop
         vertex 0.0947419 -0.0256348 -0.436826
         vertex 0.0947419 -0.0256927 -0.436618
         vertex 0.0947419 -0.0314866 -0.440039
      endloop
   endfacet
   facet normal 1 -9.04363e-16 7.45274e-16
      outer loop
         vertex 0.0947419 -0.0255321 -0.437698
         vertex 0.0947419 -0.0255465 -0.437486
         vertex 0.0947419 -0.0314866 -0.440039
      endloop
   endfacet
   facet normal 1 -9.04363e-16 7.45274e-16
      outer loop
         vertex 0.0947419 -0.0258708 -0.436104
         vertex 0.0947419 -0.0258789 -0.436088
         vertex 0.0947419 -0.0314866 -0.440039
      endloop
   endfacet
   facet normal 1 -9.04363e-16 7.45274e-16
      outer loop
         vertex 0.0947419 -0.0255622 -0.437255
         vertex 0.0947419 -0.0255734 -0.437189
         vertex 0.0947419 -0.0314866 -0.440039
      endloop
   endfacet
   facet normal 1 -9.04363e-16 7.45274e-16
      outer loop
         vertex 0.0947419 -0.0255734 -0.437189
         vertex 0.0947419 -0.0256225 -0.436898
         vertex 0.0947419 -0.0314866 -0.440039
      endloop
   endfacet
   facet normal 1 -9.04363e-16 7.45274e-16
      outer loop
         vertex 0.0947419 -0.027599 -0.435624
         vertex 0.0947419 -0.0314866 -0.440039
         vertex 0.0947419 -0.0266233 -0.435105
      endloop
   endfacet
   facet normal -1 -1.15648e-16 0
      outer loop
         vertex 0.0647419 -0.0345313 -0.457838
         vertex 0.0647419 -0.0255313 -0.457838
         vertex 0.0648299 -0.0255313 -0.45946
      endloop
   endfacet
   facet normal -0.994138 -1.21747e-16 -0.108119
      outer loop
         vertex 0.0648299 -0.0345313 -0.45946
         vertex 0.0648299 -0.0255313 -0.45946
         vertex 0.0650926 -0.0255313 -0.461062
      endloop
   endfacet
   facet normal -0.976621 -1.19602e-16 -0.21497
      outer loop
         vertex 0.0650926 -0.0345313 -0.461062
         vertex 0.0650926 -0.0255313 -0.461062
         vertex 0.0655271 -0.0255313 -0.462627
      endloop
   endfacet
   facet normal -0.947653 -1.16054e-16 -0.319302
      outer loop
         vertex 0.0655271 -0.0345313 -0.462627
         vertex 0.0655271 -0.0255313 -0.462627
         vertex 0.0661283 -0.0255313 -0.464136
      endloop
   endfacet
   facet normal -0.907575 -1.11146e-16 -0.419889
      outer loop
         vertex 0.0661283 -0.0345313 -0.464136
         vertex 0.0661283 -0.0255313 -0.464136
         vertex 0.0668891 -0.0255313 -0.465571
      endloop
   endfacet
   facet normal -0.856857 -1.04935e-16 -0.515554
      outer loop
         vertex 0.0668891 -0.0345313 -0.465571
         vertex 0.0668891 -0.0255313 -0.465571
         vertex 0.0678005 -0.0255313 -0.466915
      endloop
   endfacet
   facet normal -0.796093 -9.74933e-17 -0.605174
      outer loop
         vertex 0.0678005 -0.0345313 -0.466915
         vertex 0.0678005 -0.0255313 -0.466915
         vertex 0.068852 -0.0255313 -0.468153
      endloop
   endfacet
   facet normal -0.725995 -8.89088e-17 -0.687699
      outer loop
         vertex 0.068852 -0.0345313 -0.468153
         vertex 0.068852 -0.0255313 -0.468153
         vertex 0.0700311 -0.0255313 -0.46927
      endloop
   endfacet
   facet normal -0.647386 -7.9282e-17 -0.762162
      outer loop
         vertex 0.0700311 -0.0345313 -0.46927
         vertex 0.0700311 -0.0255313 -0.46927
         vertex 0.0713241 -0.0255313 -0.470253
      endloop
   endfacet
   facet normal -0.561187 -6.87256e-17 -0.827689
      outer loop
         vertex 0.0713241 -0.0345313 -0.470253
         vertex 0.0713241 -0.0255313 -0.470253
         vertex 0.0727158 -0.0255313 -0.471091
      endloop
   endfacet
   facet normal -0.468408 -5.73635e-17 -0.883512
      outer loop
         vertex 0.0727158 -0.0345313 -0.471091
         vertex 0.0727158 -0.0255313 -0.471091
         vertex 0.0741899 -0.0255313 -0.471773
      endloop
   endfacet
   facet normal -0.370138 -4.53289e-17 -0.928977
      outer loop
         vertex 0.0741899 -0.0345313 -0.471773
         vertex 0.0741899 -0.0255313 -0.471773
         vertex 0.075729 -0.0255313 -0.472291
      endloop
   endfacet
   facet normal -0.267528 -3.27628e-17 -0.96355
      outer loop
         vertex 0.075729 -0.0345313 -0.472291
         vertex 0.075729 -0.0255313 -0.472291
         vertex 0.0773152 -0.0255313 -0.47264
      endloop
   endfacet
   facet normal -0.161782 -1.98126e-17 -0.986827
      outer loop
         vertex 0.0773152 -0.0345313 -0.47264
         vertex 0.0773152 -0.0255313 -0.47264
         vertex 0.0789298 -0.0255313 -0.472816
      endloop
   endfacet
   facet normal -0.0541389 -6.6301e-18 -0.998533
      outer loop
         vertex 0.0789298 -0.0345313 -0.472816
         vertex 0.0789298 -0.0255313 -0.472816
         vertex 0.080554 -0.0255313 -0.472816
      endloop
   endfacet
   facet normal 0.0541389 6.6301e-18 -0.998533
      outer loop
         vertex 0.080554 -0.0345313 -0.472816
         vertex 0.080554 -0.0255313 -0.472816
         vertex 0.0821687 -0.0255313 -0.47264
      endloop
   endfacet
   facet normal 0.161782 1.98126e-17 -0.986827
      outer loop
         vertex 0.0821687 -0.0345313 -0.47264
         vertex 0.0821687 -0.0255313 -0.47264
         vertex 0.0837549 -0.0255313 -0.472291
      endloop
   endfacet
   facet normal 0.267528 3.27628e-17 -0.96355
      outer loop
         vertex 0.0837549 -0.0345313 -0.472291
         vertex 0.0837549 -0.0255313 -0.472291
         vertex 0.085294 -0.0255313 -0.471773
      endloop
   endfacet
   facet normal 0.370138 4.53289e-17 -0.928977
      outer loop
         vertex 0.085294 -0.0345313 -0.471773
         vertex 0.085294 -0.0255313 -0.471773
         vertex 0.0867681 -0.0255313 -0.471091
      endloop
   endfacet
   facet normal 0.468408 5.73635e-17 -0.883512
      outer loop
         vertex 0.0867681 -0.0345313 -0.471091
         vertex 0.0867681 -0.0255313 -0.471091
         vertex 0.0881597 -0.0255313 -0.470253
      endloop
   endfacet
   facet normal 0.561187 6.87256e-17 -0.827689
      outer loop
         vertex 0.0881597 -0.0345313 -0.470253
         vertex 0.0881597 -0.0255313 -0.470253
         vertex 0.0894527 -0.0255313 -0.46927
      endloop
   endfacet
   facet normal 0.647386 7.9282e-17 -0.762162
      outer loop
         vertex 0.0894527 -0.0345313 -0.46927
         vertex 0.0894527 -0.0255313 -0.46927
         vertex 0.0906319 -0.0255313 -0.468153
      endloop
   endfacet
   facet normal 0.725995 8.89088e-17 -0.687699
      outer loop
         vertex 0.0906319 -0.0345313 -0.468153
         vertex 0.0906319 -0.0255313 -0.468153
         vertex 0.0916833 -0.0255313 -0.466915
      endloop
   endfacet
   facet normal 0.796093 9.74933e-17 -0.605174
      outer loop
         vertex 0.0916833 -0.0345313 -0.466915
         vertex 0.0916833 -0.0255313 -0.466915
         vertex 0.0925948 -0.0255313 -0.465571
      endloop
   endfacet
   facet normal 0.856857 1.04935e-16 -0.515554
      outer loop
         vertex 0.0925948 -0.0345313 -0.465571
         vertex 0.0925948 -0.0255313 -0.465571
         vertex 0.0933556 -0.0255313 -0.464136
      endloop
   endfacet
   facet normal 0.907575 1.11146e-16 -0.419889
      outer loop
         vertex 0.0933556 -0.0345313 -0.464136
         vertex 0.0933556 -0.0255313 -0.464136
         vertex 0.0939567 -0.0255313 -0.462627
      endloop
   endfacet
   facet normal 0.947653 1.16054e-16 -0.319302
      outer loop
         vertex 0.0939567 -0.0345313 -0.462627
         vertex 0.0939567 -0.0255313 -0.462627
         vertex 0.0943912 -0.0255313 -0.461062
      endloop
   endfacet
   facet normal 0.976621 1.19602e-16 -0.21497
      outer loop
         vertex 0.0943912 -0.0345313 -0.461062
         vertex 0.0943912 -0.0255313 -0.461062
         vertex 0.094654 -0.0255313 -0.45946
      endloop
   endfacet
   facet normal 0.994138 1.21747e-16 -0.108119
      outer loop
         vertex 0.094654 -0.0345313 -0.45946
         vertex 0.094654 -0.0255313 -0.45946
         vertex 0.0947419 -0.0255313 -0.457838
      endloop
   endfacet
   facet normal 1 1.15648e-16 0
      outer loop
         vertex 0.0947419 -0.0255313 -0.457838
         vertex 0.0947419 -0.0345313 -0.457838
         vertex 0.094654 -0.0345313 -0.45946
      endloop
   endfacet
   facet normal 0.994138 1.21747e-16 -0.108119
      outer loop
         vertex 0.094654 -0.0255313 -0.45946
         vertex 0.094654 -0.0345313 -0.45946
         vertex 0.0943912 -0.0345313 -0.461062
      endloop
   endfacet
   facet normal 0.976621 1.19602e-16 -0.21497
      outer loop
         vertex 0.0943912 -0.0255313 -0.461062
         vertex 0.0943912 -0.0345313 -0.461062
         vertex 0.0939567 -0.0345313 -0.462627
      endloop
   endfacet
   facet normal 0.947653 1.16054e-16 -0.319302
      outer loop
         vertex 0.0939567 -0.0255313 -0.462627
         vertex 0.0939567 -0.0345313 -0.462627
         vertex 0.0933556 -0.0345313 -0.464136
      endloop
   endfacet
   facet normal 0.907575 1.11146e-16 -0.419889
      outer loop
         vertex 0.0933556 -0.0255313 -0.464136
         vertex 0.0933556 -0.0345313 -0.464136
         vertex 0.0925948 -0.0345313 -0.465571
      endloop
   endfacet
   facet normal 0.856857 1.04935e-16 -0.515554
      outer loop
         vertex 0.0925948 -0.0255313 -0.465571
         vertex 0.0925948 -0.0345313 -0.465571
         vertex 0.0916833 -0.0345313 -0.466915
      endloop
   endfacet
   facet normal 0.796093 9.74933e-17 -0.605174
      outer loop
         vertex 0.0916833 -0.0255313 -0.466915
         vertex 0.0916833 -0.0345313 -0.466915
         vertex 0.0906319 -0.0345313 -0.468153
      endloop
   endfacet
   facet normal 0.725995 8.89088e-17 -0.687699
      outer loop
         vertex 0.0906319 -0.0255313 -0.468153
         vertex 0.0906319 -0.0345313 -0.468153
         vertex 0.0894527 -0.0345313 -0.46927
      endloop
   endfacet
   facet normal 0.647386 7.9282e-17 -0.762162
      outer loop
         vertex 0.0894527 -0.0255313 -0.46927
         vertex 0.0894527 -0.0345313 -0.46927
         vertex 0.0881597 -0.0345313 -0.470253
      endloop
   endfacet
   facet normal 0.561187 6.87256e-17 -0.827689
      outer loop
         vertex 0.0881597 -0.0255313 -0.470253
         vertex 0.0881597 -0.0345313 -0.470253
         vertex 0.0867681 -0.0345313 -0.471091
      endloop
   endfacet
   facet normal 0.468408 5.73635e-17 -0.883512
      outer loop
         vertex 0.0867681 -0.0255313 -0.471091
         vertex 0.0867681 -0.0345313 -0.471091
         vertex 0.085294 -0.0345313 -0.471773
      endloop
   endfacet
   facet normal 0.370138 4.53289e-17 -0.928977
      outer loop
         vertex 0.085294 -0.0255313 -0.471773
         vertex 0.085294 -0.0345313 -0.471773
         vertex 0.0837549 -0.0345313 -0.472291
      endloop
   endfacet
   facet normal 0.267528 3.27628e-17 -0.96355
      outer loop
         vertex 0.0837549 -0.0255313 -0.472291
         vertex 0.0837549 -0.0345313 -0.472291
         vertex 0.0821687 -0.0345313 -0.47264
      endloop
   endfacet
   facet normal 0.161782 1.98126e-17 -0.986827
      outer loop
         vertex 0.0821687 -0.0255313 -0.47264
         vertex 0.0821687 -0.0345313 -0.47264
         vertex 0.080554 -0.0345313 -0.472816
      endloop
   endfacet
   facet normal 0.0541389 6.6301e-18 -0.998533
      outer loop
         vertex 0.080554 -0.0255313 -0.472816
         vertex 0.080554 -0.0345313 -0.472816
         vertex 0.0789298 -0.0345313 -0.472816
      endloop
   endfacet
   facet normal -0.0541389 -6.6301e-18 -0.998533
      outer loop
         vertex 0.0789298 -0.0255313 -0.472816
         vertex 0.0789298 -0.0345313 -0.472816
         vertex 0.0773152 -0.0345313 -0.47264
      endloop
   endfacet
   facet normal -0.161782 -1.98126e-17 -0.986827
      outer loop
         vertex 0.0773152 -0.0255313 -0.47264
         vertex 0.0773152 -0.0345313 -0.47264
         vertex 0.075729 -0.0345313 -0.472291
      endloop
   endfacet
   facet normal -0.267528 -3.27628e-17 -0.96355
      outer loop
         vertex 0.075729 -0.0255313 -0.472291
         vertex 0.075729 -0.0345313 -0.472291
         vertex 0.0741899 -0.0345313 -0.471773
      endloop
   endfacet
   facet normal -0.370138 -4.53289e-17 -0.928977
      outer loop
         vertex 0.0741899 -0.0255313 -0.471773
         vertex 0.0741899 -0.0345313 -0.471773
         vertex 0.0727158 -0.0345313 -0.471091
      endloop
   endfacet
   facet normal -0.468408 -5.73635e-17 -0.883512
      outer loop
         vertex 0.0727158 -0.0255313 -0.471091
         vertex 0.0727158 -0.0345313 -0.471091
         vertex 0.0713241 -0.0345313 -0.470253
      endloop
   endfacet
   facet normal -0.561187 -6.87256e-17 -0.827689
      outer loop
         vertex 0.0713241 -0.0255313 -0.470253
         vertex 0.0713241 -0.0345313 -0.470253
         vertex 0.0700311 -0.0345313 -0.46927
      endloop
   endfacet
   facet normal -0.647386 -7.9282e-17 -0.762162
      outer loop
         vertex 0.0700311 -0.0255313 -0.46927
         vertex 0.0700311 -0.0345313 -0.46927
         vertex 0.068852 -0.0345313 -0.468153
      endloop
   endfacet
   facet normal -0.725995 -8.89088e-17 -0.687699
      outer loop
         vertex 0.068852 -0.0255313 -0.468153
         vertex 0.068852 -0.0345313 -0.468153
         vertex 0.0678005 -0.0345313 -0.466915
      endloop
   endfacet
   facet normal -0.796093 -9.74933e-17 -0.605174
      outer loop
         vertex 0.0678005 -0.0255313 -0.466915
         vertex 0.0678005 -0.0345313 -0.466915
         vertex 0.0668891 -0.0345313 -0.465571
      endloop
   endfacet
   facet normal -0.856857 -1.04935e-16 -0.515554
      outer loop
         vertex 0.0668891 -0.0255313 -0.465571
         vertex 0.0668891 -0.0345313 -0.465571
         vertex 0.0661283 -0.0345313 -0.464136
      endloop
   endfacet
   facet normal -0.907575 -1.11146e-16 -0.419889
      outer loop
         vertex 0.0661283 -0.0255313 -0.464136
         vertex 0.0661283 -0.0345313 -0.464136
         vertex 0.0655271 -0.0345313 -0.462627
      endloop
   endfacet
   facet normal -0.947653 -1.16054e-16 -0.319302
      outer loop
         vertex 0.0655271 -0.0255313 -0.462627
         vertex 0.0655271 -0.0345313 -0.462627
         vertex 0.0650926 -0.0345313 -0.461062
      endloop
   endfacet
   facet normal -0.976621 -1.19602e-16 -0.21497
      outer loop
         vertex 0.0650926 -0.0255313 -0.461062
         vertex 0.0650926 -0.0345313 -0.461062
         vertex 0.0648299 -0.0345313 -0.45946
      endloop
   endfacet
   facet normal -0.994138 -1.21747e-16 -0.108119
      outer loop
         vertex 0.0648299 -0.0255313 -0.45946
         vertex 0.0648299 -0.0345313 -0.45946
         vertex 0.0647419 -0.0345313 -0.457838
      endloop
   endfacet
   facet normal -1 -1.22465e-16 0
      outer loop
         vertex 0.0647419 -0.0345313 -0.457838
         vertex 0.0647419 -0.0317535 -0.437838
         vertex 0.0647419 -0.0255313 -0.439838
      endloop
   endfacet
   facet normal -1 -1.22465e-16 0
      outer loop
         vertex 0.0647419 -0.0317535 -0.437838
         vertex 0.0647419 -0.0257535 -0.437838
         vertex 0.0647419 -0.0255313 -0.439838
      endloop
   endfacet
   facet normal -1 -1.22465e-16 0
      outer loop
         vertex 0.0647419 -0.0345313 -0.424708
         vertex 0.0647419 -0.0334066 -0.42296
         vertex 0.0647419 -0.0317535 -0.437838
      endloop
   endfacet
   facet normal -1 -1.22465e-16 0
      outer loop
         vertex 0.0647419 -0.0317535 -0.437838
         vertex 0.0647419 -0.0345313 -0.457838
         vertex 0.0647419 -0.0345313 -0.424708
      endloop
   endfacet
   facet normal -1 -1.22465e-16 0
      outer loop
         vertex 0.0647419 -0.0255313 -0.439838
         vertex 0.0647419 -0.0255313 -0.457838
         vertex 0.0647419 -0.0345313 -0.457838
      endloop
   endfacet
   facet normal -1.22465e-16 1 -3.46945e-16
      outer loop
         vertex 0.0947419 -0.0255313 -0.457838
         vertex 0.081149 -0.0255313 -0.456884
         vertex 0.0810376 -0.0255313 -0.456737
      endloop
   endfacet
   facet normal -1.22465e-16 1 -3.46945e-16
      outer loop
         vertex 0.0916833 -0.0255313 -0.466915
         vertex 0.0906319 -0.0255313 -0.468153
         vertex 0.0810376 -0.0255313 -0.458938
      endloop
   endfacet
   facet normal -1.22465e-16 1 -3.46945e-16
      outer loop
         vertex 0.0947419 -0.0255313 -0.457838
         vertex 0.0812439 -0.0255313 -0.457042
         vertex 0.081149 -0.0255313 -0.456884
      endloop
   endfacet
   facet normal -1.22465e-16 1 -3.46945e-16
      outer loop
         vertex 0.094654 -0.0255313 -0.45946
         vertex 0.0814195 -0.0255313 -0.458113
         vertex 0.0814394 -0.0255313 -0.45793
      endloop
   endfacet
   facet normal -1.22465e-16 1 -3.46945e-16
      outer loop
         vertex 0.0933556 -0.0255313 -0.464136
         vertex 0.0925948 -0.0255313 -0.465571
         vertex 0.0812439 -0.0255313 -0.458634
      endloop
   endfacet
   facet normal -1.22465e-16 1 -3.46945e-16
      outer loop
         vertex 0.081149 -0.0255313 -0.458792
         vertex 0.0925948 -0.0255313 -0.465571
         vertex 0.0916833 -0.0255313 -0.466915
      endloop
   endfacet
   facet normal -1.22465e-16 1 -3.46945e-16
      outer loop
         vertex 0.0648299 -0.0255313 -0.45946
         vertex 0.0647419 -0.0255313 -0.457838
         vertex 0.0780444 -0.0255313 -0.45793
      endloop
   endfacet
   facet normal -1.22465e-16 1 -3.46945e-16
      outer loop
         vertex 0.0947419 -0.0255313 -0.457838
         vertex 0.0813212 -0.0255313 -0.457209
         vertex 0.0812439 -0.0255313 -0.457042
      endloop
   endfacet
   facet normal -1.22465e-16 1 -3.46945e-16
      outer loop
         vertex 0.0947419 -0.0255313 -0.457838
         vertex 0.0814195 -0.0255313 -0.457563
         vertex 0.08138 -0.0255313 -0.457383
      endloop
   endfacet
   facet normal -1.22465e-16 1 -3.46945e-16
      outer loop
         vertex 0.0947419 -0.0255313 -0.457838
         vertex 0.0814394 -0.0255313 -0.45793
         vertex 0.0814394 -0.0255313 -0.457746
      endloop
   endfacet
   facet normal -1.22465e-16 1 -3.46945e-16
      outer loop
         vertex 0.0814394 -0.0255313 -0.45793
         vertex 0.0947419 -0.0255313 -0.457838
         vertex 0.094654 -0.0255313 -0.45946
      endloop
   endfacet
   facet normal -1.22465e-16 1 -3.46945e-16
      outer loop
         vertex 0.0939567 -0.0255313 -0.462627
         vertex 0.0813212 -0.0255313 -0.458467
         vertex 0.08138 -0.0255313 -0.458293
      endloop
   endfacet
   facet normal -1.22465e-16 1 -3.46945e-16
      outer loop
         vertex 0.0813212 -0.0255313 -0.458467
         vertex 0.0939567 -0.0255313 -0.462627
         vertex 0.0933556 -0.0255313 -0.464136
      endloop
   endfacet
   facet normal -1.22465e-16 1 -3.46945e-16
      outer loop
         vertex 0.0810376 -0.0255313 -0.458938
         vertex 0.081149 -0.0255313 -0.458792
         vertex 0.0916833 -0.0255313 -0.466915
      endloop
   endfacet
   facet normal -1.22465e-16 1 -3.46945e-16
      outer loop
         vertex 0.0661283 -0.0255313 -0.464136
         vertex 0.0655271 -0.0255313 -0.462627
         vertex 0.0781627 -0.0255313 -0.458467
      endloop
   endfacet
   facet normal -1.22465e-16 1 -3.46945e-16
      outer loop
         vertex 0.0780643 -0.0255313 -0.458113
         vertex 0.0650926 -0.0255313 -0.461062
         vertex 0.0648299 -0.0255313 -0.45946
      endloop
   endfacet
   facet normal -1.22465e-16 1 -3.46945e-16
      outer loop
         vertex 0.0847015 -0.0255313 -0.432838
         vertex 0.0804557 -0.0255313 -0.456295
         vertex 0.0802847 -0.0255313 -0.456227
      endloop
   endfacet
   facet normal -1.22465e-16 1 -3.46945e-16
      outer loop
         vertex 0.0847015 -0.0255313 -0.432838
         vertex 0.080911 -0.0255313 -0.456604
         vertex 0.0807707 -0.0255313 -0.456485
      endloop
   endfacet
   facet normal -1.22465e-16 1 -3.46945e-16
      outer loop
         vertex 0.08138 -0.0255313 -0.457383
         vertex 0.0813212 -0.0255313 -0.457209
         vertex 0.0947419 -0.0255313 -0.457838
      endloop
   endfacet
   facet normal -1.22465e-16 1 -3.46945e-16
      outer loop
         vertex 0.094654 -0.0255313 -0.45946
         vertex 0.0943912 -0.0255313 -0.461062
         vertex 0.0814195 -0.0255313 -0.458113
      endloop
   endfacet
   facet normal -1.22465e-16 1 -3.46945e-16
      outer loop
         vertex 0.08138 -0.0255313 -0.458293
         vertex 0.0943912 -0.0255313 -0.461062
         vertex 0.0939567 -0.0255313 -0.462627
      endloop
   endfacet
   facet normal -1.22465e-16 1 -3.46945e-16
      outer loop
         vertex 0.081149 -0.0255313 -0.458792
         vertex 0.0812439 -0.0255313 -0.458634
         vertex 0.0925948 -0.0255313 -0.465571
      endloop
   endfacet
   facet normal -1.22465e-16 1 -3.46945e-16
      outer loop
         vertex 0.0906319 -0.0255313 -0.468153
         vertex 0.0894527 -0.0255313 -0.46927
         vertex 0.080911 -0.0255313 -0.459072
      endloop
   endfacet
   facet normal -1.22465e-16 1 -3.46945e-16
      outer loop
         vertex 0.068852 -0.0255313 -0.468153
         vertex 0.0784463 -0.0255313 -0.458938
         vertex 0.0785728 -0.0255313 -0.459072
      endloop
   endfacet
   facet normal -1.22465e-16 1 -3.46945e-16
      outer loop
         vertex 0.0655271 -0.0255313 -0.462627
         vertex 0.0781039 -0.0255313 -0.458293
         vertex 0.0781627 -0.0255313 -0.458467
      endloop
   endfacet
   facet normal -1.22465e-16 1 -3.46945e-16
      outer loop
         vertex 0.0650926 -0.0255313 -0.461062
         vertex 0.0780643 -0.0255313 -0.458113
         vertex 0.0781039 -0.0255313 -0.458293
      endloop
   endfacet
   facet normal -1.22465e-16 1 -3.46945e-16
      outer loop
         vertex 0.0647419 -0.0255313 -0.457838
         vertex 0.0780444 -0.0255313 -0.457746
         vertex 0.0780444 -0.0255313 -0.45793
      endloop
   endfacet
   facet normal -1.22465e-16 1 -3.46945e-16
      outer loop
         vertex 0.0647419 -0.0255313 -0.439838
         vertex 0.07824 -0.0255313 -0.457042
         vertex 0.0781627 -0.0255313 -0.457209
      endloop
   endfacet
   facet normal -1.22465e-16 1 -3.46945e-16
      outer loop
         vertex 0.0647419 -0.0255313 -0.439838
         vertex 0.0784463 -0.0255313 -0.456737
         vertex 0.0783349 -0.0255313 -0.456884
      endloop
   endfacet
   facet normal -1.22465e-16 1 -3.46945e-16
      outer loop
         vertex 0.0847015 -0.0255313 -0.432838
         vertex 0.0806184 -0.0255313 -0.456381
         vertex 0.0804557 -0.0255313 -0.456295
      endloop
   endfacet
   facet normal -1.22465e-16 1 -3.46945e-16
      outer loop
         vertex 0.0847015 -0.0255313 -0.432838
         vertex 0.0810376 -0.0255313 -0.456737
         vertex 0.080911 -0.0255313 -0.456604
      endloop
   endfacet
   facet normal -1.22465e-16 1 -3.46945e-16
      outer loop
         vertex 0.0814394 -0.0255313 -0.457746
         vertex 0.0814195 -0.0255313 -0.457563
         vertex 0.0947419 -0.0255313 -0.457838
      endloop
   endfacet
   facet normal -1.22465e-16 1 -3.46945e-16
      outer loop
         vertex 0.0812439 -0.0255313 -0.458634
         vertex 0.0813212 -0.0255313 -0.458467
         vertex 0.0933556 -0.0255313 -0.464136
      endloop
   endfacet
   facet normal -1.22465e-16 1 -3.46945e-16
      outer loop
         vertex 0.0894527 -0.0255313 -0.46927
         vertex 0.0807707 -0.0255313 -0.459191
         vertex 0.080911 -0.0255313 -0.459072
      endloop
   endfacet
   facet normal -1.22465e-16 1 -3.46945e-16
      outer loop
         vertex 0.0881597 -0.0255313 -0.470253
         vertex 0.0806184 -0.0255313 -0.459295
         vertex 0.0807707 -0.0255313 -0.459191
      endloop
   endfacet
   facet normal -1.22465e-16 1 -3.46945e-16
      outer loop
         vertex 0.0867681 -0.0255313 -0.471091
         vertex 0.085294 -0.0255313 -0.471773
         vertex 0.0804557 -0.0255313 -0.459381
      endloop
   endfacet
   facet normal -1.22465e-16 1 -3.46945e-16
      outer loop
         vertex 0.0727158 -0.0255313 -0.471091
         vertex 0.0788655 -0.0255313 -0.459295
         vertex 0.0790281 -0.0255313 -0.459381
      endloop
   endfacet
   facet normal -1.22465e-16 1 -3.46945e-16
      outer loop
         vertex 0.0713241 -0.0255313 -0.470253
         vertex 0.0700311 -0.0255313 -0.46927
         vertex 0.0787131 -0.0255313 -0.459191
      endloop
   endfacet
   facet normal -1.22465e-16 1 -3.46945e-16
      outer loop
         vertex 0.0785728 -0.0255313 -0.459072
         vertex 0.0700311 -0.0255313 -0.46927
         vertex 0.068852 -0.0255313 -0.468153
      endloop
   endfacet
   facet normal -1.22465e-16 1 -3.46945e-16
      outer loop
         vertex 0.0668891 -0.0255313 -0.465571
         vertex 0.0661283 -0.0255313 -0.464136
         vertex 0.07824 -0.0255313 -0.458634
      endloop
   endfacet
   facet normal -1.22465e-16 1 -3.46945e-16
      outer loop
         vertex 0.0781039 -0.0255313 -0.458293
         vertex 0.0655271 -0.0255313 -0.462627
         vertex 0.0650926 -0.0255313 -0.461062
      endloop
   endfacet
   facet normal -1.22465e-16 1 -3.46945e-16
      outer loop
         vertex 0.0647419 -0.0255313 -0.457838
         vertex 0.0780643 -0.0255313 -0.457563
         vertex 0.0780444 -0.0255313 -0.457746
      endloop
   endfacet
   facet normal -1.22465e-16 1 -3.46945e-16
      outer loop
         vertex 0.0647419 -0.0255313 -0.457838
         vertex 0.0781627 -0.0255313 -0.457209
         vertex 0.0781039 -0.0255313 -0.457383
      endloop
   endfacet
   facet normal -1.22465e-16 1 -3.46945e-16
      outer loop
         vertex 0.0783349 -0.0255313 -0.456884
         vertex 0.07824 -0.0255313 -0.457042
         vertex 0.0647419 -0.0255313 -0.439838
      endloop
   endfacet
   facet normal -1.22465e-16 1 -3.46945e-16
      outer loop
         vertex 0.0647419 -0.0255313 -0.439838
         vertex 0.0787131 -0.0255313 -0.456485
         vertex 0.0785728 -0.0255313 -0.456604
      endloop
   endfacet
   facet normal -1.22465e-16 1 -3.46945e-16
      outer loop
         vertex 0.0807707 -0.0255313 -0.456485
         vertex 0.0806184 -0.0255313 -0.456381
         vertex 0.0847015 -0.0255313 -0.432838
      endloop
   endfacet
   facet normal -1.22465e-16 1 -3.46945e-16
      outer loop
         vertex 0.08138 -0.0255313 -0.458293
         vertex 0.0814195 -0.0255313 -0.458113
         vertex 0.0943912 -0.0255313 -0.461062
      endloop
   endfacet
   facet normal -1.22465e-16 1 -3.46945e-16
      outer loop
         vertex 0.0807707 -0.0255313 -0.459191
         vertex 0.0894527 -0.0255313 -0.46927
         vertex 0.0881597 -0.0255313 -0.470253
      endloop
   endfacet
   facet normal -1.22465e-16 1 -3.46945e-16
      outer loop
         vertex 0.0806184 -0.0255313 -0.459295
         vertex 0.0881597 -0.0255313 -0.470253
         vertex 0.0867681 -0.0255313 -0.471091
      endloop
   endfacet
   facet normal -1.22465e-16 1 -3.46945e-16
      outer loop
         vertex 0.0790281 -0.0255313 -0.459381
         vertex 0.0741899 -0.0255313 -0.471773
         vertex 0.0727158 -0.0255313 -0.471091
      endloop
   endfacet
   facet normal -1.22465e-16 1 -3.46945e-16
      outer loop
         vertex 0.0785728 -0.0255313 -0.459072
         vertex 0.0787131 -0.0255313 -0.459191
         vertex 0.0700311 -0.0255313 -0.46927
      endloop
   endfacet
   facet normal -1.22465e-16 1 -3.46945e-16
      outer loop
         vertex 0.0678005 -0.0255313 -0.466915
         vertex 0.0783349 -0.0255313 -0.458792
         vertex 0.0784463 -0.0255313 -0.458938
      endloop
   endfacet
   facet normal -1.22465e-16 1 -3.46945e-16
      outer loop
         vertex 0.0783349 -0.0255313 -0.458792
         vertex 0.0678005 -0.0255313 -0.466915
         vertex 0.0668891 -0.0255313 -0.465571
      endloop
   endfacet
   facet normal -1.22465e-16 1 -3.46945e-16
      outer loop
         vertex 0.0780444 -0.0255313 -0.45793
         vertex 0.0780643 -0.0255313 -0.458113
         vertex 0.0648299 -0.0255313 -0.45946
      endloop
   endfacet
   facet normal -1.22465e-16 1 -3.46945e-16
      outer loop
         vertex 0.0781627 -0.0255313 -0.457209
         vertex 0.0647419 -0.0255313 -0.457838
         vertex 0.0647419 -0.0255313 -0.439838
      endloop
   endfacet
   facet normal -1.22465e-16 1 -3.46945e-16
      outer loop
         vertex 0.0647419 -0.0255313 -0.439838
         vertex 0.0788655 -0.0255313 -0.456381
         vertex 0.0787131 -0.0255313 -0.456485
      endloop
   endfacet
   facet normal -1.22465e-16 1 -3.46945e-16
      outer loop
         vertex 0.0810376 -0.0255313 -0.456737
         vertex 0.0847015 -0.0255313 -0.432838
         vertex 0.0947419 -0.0255313 -0.457838
      endloop
   endfacet
   facet normal -1.22465e-16 1 -3.46945e-16
      outer loop
         vertex 0.0804557 -0.0255313 -0.459381
         vertex 0.0806184 -0.0255313 -0.459295
         vertex 0.0867681 -0.0255313 -0.471091
      endloop
   endfacet
   facet normal -1.22465e-16 1 -3.46945e-16
      outer loop
         vertex 0.0837549 -0.0255313 -0.472291
         vertex 0.0801074 -0.0255313 -0.459498
         vertex 0.0802847 -0.0255313 -0.459449
      endloop
   endfacet
   facet normal -1.22465e-16 1 -3.46945e-16
      outer loop
         vertex 0.0821687 -0.0255313 -0.47264
         vertex 0.0799257 -0.0255313 -0.459528
         vertex 0.0801074 -0.0255313 -0.459498
      endloop
   endfacet
   facet normal -1.22465e-16 1 -3.46945e-16
      outer loop
         vertex 0.080554 -0.0255313 -0.472816
         vertex 0.0789298 -0.0255313 -0.472816
         vertex 0.0797419 -0.0255313 -0.459538
      endloop
   endfacet
   facet normal -1.22465e-16 1 -3.46945e-16
      outer loop
         vertex 0.0787131 -0.0255313 -0.459191
         vertex 0.0788655 -0.0255313 -0.459295
         vertex 0.0713241 -0.0255313 -0.470253
      endloop
   endfacet
   facet normal -1.22465e-16 1 -3.46945e-16
      outer loop
         vertex 0.07824 -0.0255313 -0.458634
         vertex 0.0783349 -0.0255313 -0.458792
         vertex 0.0668891 -0.0255313 -0.465571
      endloop
   endfacet
   facet normal -1.22465e-16 1 -3.46945e-16
      outer loop
         vertex 0.0781039 -0.0255313 -0.457383
         vertex 0.0780643 -0.0255313 -0.457563
         vertex 0.0647419 -0.0255313 -0.457838
      endloop
   endfacet
   facet normal -1.22465e-16 1 -3.46945e-16
      outer loop
         vertex 0.0647419 -0.0255313 -0.439838
         vertex 0.0790281 -0.0255313 -0.456295
         vertex 0.0788655 -0.0255313 -0.456381
      endloop
   endfacet
   facet normal -1.22465e-16 1 -3.46945e-16
      outer loop
         vertex 0.079258 -0.0255313 -0.432838
         vertex 0.0847015 -0.0255313 -0.432838
         vertex 0.0799257 -0.0255313 -0.456148
      endloop
   endfacet
   facet normal -1.22465e-16 1 -3.46945e-16
      outer loop
         vertex 0.080911 -0.0255313 -0.459072
         vertex 0.0810376 -0.0255313 -0.458938
         vertex 0.0906319 -0.0255313 -0.468153
      endloop
   endfacet
   facet normal -1.22465e-16 1 -3.46945e-16
      outer loop
         vertex 0.0802847 -0.0255313 -0.459449
         vertex 0.085294 -0.0255313 -0.471773
         vertex 0.0837549 -0.0255313 -0.472291
      endloop
   endfacet
   facet normal -1.22465e-16 1 -3.46945e-16
      outer loop
         vertex 0.0801074 -0.0255313 -0.459498
         vertex 0.0837549 -0.0255313 -0.472291
         vertex 0.0821687 -0.0255313 -0.47264
      endloop
   endfacet
   facet normal -1.22465e-16 1 -3.46945e-16
      outer loop
         vertex 0.0789298 -0.0255313 -0.472816
         vertex 0.0795581 -0.0255313 -0.459528
         vertex 0.0797419 -0.0255313 -0.459538
      endloop
   endfacet
   facet normal -1.22465e-16 1 -3.46945e-16
      outer loop
         vertex 0.0773152 -0.0255313 -0.47264
         vertex 0.075729 -0.0255313 -0.472291
         vertex 0.0793765 -0.0255313 -0.459498
      endloop
   endfacet
   facet normal -1.22465e-16 1 -3.46945e-16
      outer loop
         vertex 0.075729 -0.0255313 -0.472291
         vertex 0.0741899 -0.0255313 -0.471773
         vertex 0.0791991 -0.0255313 -0.459449
      endloop
   endfacet
   facet normal -1.22465e-16 1 -3.46945e-16
      outer loop
         vertex 0.0784463 -0.0255313 -0.458938
         vertex 0.068852 -0.0255313 -0.468153
         vertex 0.0678005 -0.0255313 -0.466915
      endloop
   endfacet
   facet normal -1.22465e-16 1 -3.46945e-16
      outer loop
         vertex 0.0785728 -0.0255313 -0.456604
         vertex 0.0784463 -0.0255313 -0.456737
         vertex 0.0647419 -0.0255313 -0.439838
      endloop
   endfacet
   facet normal -1.22465e-16 1 -3.46945e-16
      outer loop
         vertex 0.0847015 -0.0255313 -0.432838
         vertex 0.0801074 -0.0255313 -0.456178
         vertex 0.0799257 -0.0255313 -0.456148
      endloop
   endfacet
   facet normal -1.22465e-16 1 -3.46945e-16
      outer loop
         vertex 0.0802847 -0.0255313 -0.459449
         vertex 0.0804557 -0.0255313 -0.459381
         vertex 0.085294 -0.0255313 -0.471773
      endloop
   endfacet
   facet normal -1.22465e-16 1 -3.46945e-16
      outer loop
         vertex 0.0797419 -0.0255313 -0.459538
         vertex 0.0799257 -0.0255313 -0.459528
         vertex 0.080554 -0.0255313 -0.472816
      endloop
   endfacet
   facet normal -1.22465e-16 1 -3.46945e-16
      outer loop
         vertex 0.0795581 -0.0255313 -0.459528
         vertex 0.0789298 -0.0255313 -0.472816
         vertex 0.0773152 -0.0255313 -0.47264
      endloop
   endfacet
   facet normal -1.22465e-16 1 -3.46945e-16
      outer loop
         vertex 0.0741899 -0.0255313 -0.471773
         vertex 0.0790281 -0.0255313 -0.459381
         vertex 0.0791991 -0.0255313 -0.459449
      endloop
   endfacet
   facet normal -1.22465e-16 1 -3.46945e-16
      outer loop
         vertex 0.0781627 -0.0255313 -0.458467
         vertex 0.07824 -0.0255313 -0.458634
         vertex 0.0661283 -0.0255313 -0.464136
      endloop
   endfacet
   facet normal -1.22465e-16 1 -3.46945e-16
      outer loop
         vertex 0.0775872 -0.0255313 -0.439838
         vertex 0.0791991 -0.0255313 -0.456227
         vertex 0.0790281 -0.0255313 -0.456295
      endloop
   endfacet
   facet normal -1.22465e-16 1 -3.46945e-16
      outer loop
         vertex 0.0802847 -0.0255313 -0.456227
         vertex 0.0801074 -0.0255313 -0.456178
         vertex 0.0847015 -0.0255313 -0.432838
      endloop
   endfacet
   facet normal -1.22465e-16 1 -3.46945e-16
      outer loop
         vertex 0.0793765 -0.0255313 -0.459498
         vertex 0.0795581 -0.0255313 -0.459528
         vertex 0.0773152 -0.0255313 -0.47264
      endloop
   endfacet
   facet normal -1.22465e-16 1 -3.46945e-16
      outer loop
         vertex 0.0727158 -0.0255313 -0.471091
         vertex 0.0713241 -0.0255313 -0.470253
         vertex 0.0788655 -0.0255313 -0.459295
      endloop
   endfacet
   facet normal -1.22465e-16 1 -3.46945e-16
      outer loop
         vertex 0.0775872 -0.0255313 -0.439838
         vertex 0.0793765 -0.0255313 -0.456178
         vertex 0.0791991 -0.0255313 -0.456227
      endloop
   endfacet
   facet normal -1.22465e-16 1 -3.46945e-16
      outer loop
         vertex 0.0847015 -0.0255313 -0.432838
         vertex 0.0884724 -0.0255313 -0.431051
         vertex 0.0916284 -0.0255313 -0.434338
      endloop
   endfacet
   facet normal -1.22465e-16 1 -3.46945e-16
      outer loop
         vertex 0.0821687 -0.0255313 -0.47264
         vertex 0.080554 -0.0255313 -0.472816
         vertex 0.0799257 -0.0255313 -0.459528
      endloop
   endfacet
   facet normal -1.22465e-16 1 -3.46945e-16
      outer loop
         vertex 0.0790281 -0.0255313 -0.456295
         vertex 0.0647419 -0.0255313 -0.439838
         vertex 0.0775872 -0.0255313 -0.439838
      endloop
   endfacet
   facet normal -1.22465e-16 1 -3.46945e-16
      outer loop
         vertex 0.0847015 -0.0255313 -0.432838
         vertex 0.0859057 -0.0255313 -0.428557
         vertex 0.0884724 -0.0255313 -0.431051
      endloop
   endfacet
   facet normal -1.22465e-16 1 -3.46945e-16
      outer loop
         vertex 0.0791991 -0.0255313 -0.459449
         vertex 0.0793765 -0.0255313 -0.459498
         vertex 0.075729 -0.0255313 -0.472291
      endloop
   endfacet
   facet normal -1.22465e-16 1 -3.46945e-16
      outer loop
         vertex 0.0775872 -0.0255313 -0.439838
         vertex 0.0797419 -0.0255313 -0.456138
         vertex 0.0795581 -0.0255313 -0.456148
      endloop
   endfacet
   facet normal -1.22465e-16 1 -3.46945e-16
      outer loop
         vertex 0.0916284 -0.0255313 -0.434338
         vertex 0.0947419 -0.0255313 -0.457838
         vertex 0.0847015 -0.0255313 -0.432838
      endloop
   endfacet
   facet normal -1.22465e-16 1 -3.46945e-16
      outer loop
         vertex 0.0795581 -0.0255313 -0.456148
         vertex 0.0793765 -0.0255313 -0.456178
         vertex 0.0775872 -0.0255313 -0.439838
      endloop
   endfacet
   facet normal -1.22465e-16 1 -3.46945e-16
      outer loop
         vertex 0.0847015 -0.0255313 -0.432838
         vertex 0.0855349 -0.0255313 -0.428211
         vertex 0.0859057 -0.0255313 -0.428557
      endloop
   endfacet
   facet normal -1.22465e-16 1 -3.46945e-16
      outer loop
         vertex 0.0799257 -0.0255313 -0.456148
         vertex 0.0797419 -0.0255313 -0.456138
         vertex 0.079258 -0.0255313 -0.432838
      endloop
   endfacet
   facet normal -1.22465e-16 1 -3.46945e-16
      outer loop
         vertex 0.0775872 -0.0255313 -0.439838
         vertex 0.079258 -0.0255313 -0.432838
         vertex 0.0797419 -0.0255313 -0.456138
      endloop
   endfacet
   facet normal -1.22465e-16 1 -3.46945e-16
      outer loop
         vertex 0.0916284 -0.0255313 -0.434338
         vertex 0.0947419 -0.0255313 -0.437785
         vertex 0.0947419 -0.0255313 -0.457838
      endloop
   endfacet
   facet normal 0 -1 0
      outer loop
         vertex 0.0647419 -0.0345313 -0.457838
         vertex 0.07824 -0.0345313 -0.457042
         vertex 0.0783349 -0.0345313 -0.456884
      endloop
   endfacet
   facet normal 0 -1 0
      outer loop
         vertex 0.0916833 -0.0345313 -0.466915
         vertex 0.081149 -0.0345313 -0.458792
         vertex 0.0810376 -0.0345313 -0.458938
      endloop
   endfacet
   facet normal 0 -1 0
      outer loop
         vertex 0.0807707 -0.0345313 -0.456485
         vertex 0.0939782 -0.0345313 -0.441207
         vertex 0.0938503 -0.0345313 -0.441061
      endloop
   endfacet
   facet normal 0 -1 0
      outer loop
         vertex 0.0807707 -0.0345313 -0.456485
         vertex 0.0941271 -0.0345313 -0.441413
         vertex 0.0940654 -0.0345313 -0.441318
      endloop
   endfacet
   facet normal 0 -1 0
      outer loop
         vertex 0.0783349 -0.0345313 -0.456884
         vertex 0.0647419 -0.0345313 -0.424708
         vertex 0.0647419 -0.0345313 -0.457838
      endloop
   endfacet
   facet normal 0 -1 0
      outer loop
         vertex 0.0648299 -0.0345313 -0.45946
         vertex 0.0780643 -0.0345313 -0.458113
         vertex 0.0780444 -0.0345313 -0.45793
      endloop
   endfacet
   facet normal 0 -1 0
      outer loop
         vertex 0.0810376 -0.0345313 -0.458938
         vertex 0.0906319 -0.0345313 -0.468153
         vertex 0.0916833 -0.0345313 -0.466915
      endloop
   endfacet
   facet normal 0 -1 0
      outer loop
         vertex 0.0933556 -0.0345313 -0.464136
         vertex 0.0813212 -0.0345313 -0.458467
         vertex 0.0812439 -0.0345313 -0.458634
      endloop
   endfacet
   facet normal 0 -1 0
      outer loop
         vertex 0.094654 -0.0345313 -0.45946
         vertex 0.0947419 -0.0345313 -0.457838
         vertex 0.0814394 -0.0345313 -0.45793
      endloop
   endfacet
   facet normal 0 -1 0
      outer loop
         vertex 0.0938503 -0.0345313 -0.441061
         vertex 0.0938166 -0.0345313 -0.441026
         vertex 0.0807707 -0.0345313 -0.456485
      endloop
   endfacet
   facet normal 0 -1 0
      outer loop
         vertex 0.0940654 -0.0345313 -0.441318
         vertex 0.094 -0.0345313 -0.441232
         vertex 0.0807707 -0.0345313 -0.456485
      endloop
   endfacet
   facet normal 0 -1 0
      outer loop
         vertex 0.0807707 -0.0345313 -0.456485
         vertex 0.080911 -0.0345313 -0.456604
         vertex 0.0944908 -0.0345313 -0.442151
      endloop
   endfacet
   facet normal 0 -1 0
      outer loop
         vertex 0.0647419 -0.0345313 -0.457838
         vertex 0.0781627 -0.0345313 -0.457209
         vertex 0.07824 -0.0345313 -0.457042
      endloop
   endfacet
   facet normal 0 -1 0
      outer loop
         vertex 0.0647419 -0.0345313 -0.457838
         vertex 0.0780643 -0.0345313 -0.457563
         vertex 0.0781039 -0.0345313 -0.457383
      endloop
   endfacet
   facet normal 0 -1 0
      outer loop
         vertex 0.0647419 -0.0345313 -0.457838
         vertex 0.0780444 -0.0345313 -0.45793
         vertex 0.0780444 -0.0345313 -0.457746
      endloop
   endfacet
   facet normal 0 -1 0
      outer loop
         vertex 0.0780444 -0.0345313 -0.45793
         vertex 0.0647419 -0.0345313 -0.457838
         vertex 0.0648299 -0.0345313 -0.45946
      endloop
   endfacet
   facet normal 0 -1 0
      outer loop
         vertex 0.0661283 -0.0345313 -0.464136
         vertex 0.07824 -0.0345313 -0.458634
         vertex 0.0781627 -0.0345313 -0.458467
      endloop
   endfacet
   facet normal 0 -1 0
      outer loop
         vertex 0.068852 -0.0345313 -0.468153
         vertex 0.0700311 -0.0345313 -0.46927
         vertex 0.0785728 -0.0345313 -0.459072
      endloop
   endfacet
   facet normal 0 -1 0
      outer loop
         vertex 0.0925948 -0.0345313 -0.465571
         vertex 0.0812439 -0.0345313 -0.458634
         vertex 0.081149 -0.0345313 -0.458792
      endloop
   endfacet
   facet normal 0 -1 0
      outer loop
         vertex 0.0812439 -0.0345313 -0.458634
         vertex 0.0925948 -0.0345313 -0.465571
         vertex 0.0933556 -0.0345313 -0.464136
      endloop
   endfacet
   facet normal 0 -1 0
      outer loop
         vertex 0.0939567 -0.0345313 -0.462627
         vertex 0.0943912 -0.0345313 -0.461062
         vertex 0.08138 -0.0345313 -0.458293
      endloop
   endfacet
   facet normal 0 -1 0
      outer loop
         vertex 0.0814195 -0.0345313 -0.458113
         vertex 0.0943912 -0.0345313 -0.461062
         vertex 0.094654 -0.0345313 -0.45946
      endloop
   endfacet
   facet normal 0 -1 0
      outer loop
         vertex 0.080911 -0.0345313 -0.456604
         vertex 0.0947273 -0.0345313 -0.443349
         vertex 0.0947211 -0.0345313 -0.443214
      endloop
   endfacet
   facet normal 0 -1 0
      outer loop
         vertex 0.080911 -0.0345313 -0.456604
         vertex 0.0810376 -0.0345313 -0.456737
         vertex 0.0947419 -0.0345313 -0.443667
      endloop
   endfacet
   facet normal 0 -1 0
      outer loop
         vertex 0.094 -0.0345313 -0.441232
         vertex 0.0939782 -0.0345313 -0.441207
         vertex 0.0807707 -0.0345313 -0.456485
      endloop
   endfacet
   facet normal 0 -1 0
      outer loop
         vertex 0.0807707 -0.0345313 -0.456485
         vertex 0.0942634 -0.0345313 -0.441639
         vertex 0.0942134 -0.0345313 -0.441545
      endloop
   endfacet
   facet normal 0 -1 0
      outer loop
         vertex 0.0807707 -0.0345313 -0.456485
         vertex 0.0943849 -0.0345313 -0.441886
         vertex 0.0943489 -0.0345313 -0.441801
      endloop
   endfacet
   facet normal 0 -1 0
      outer loop
         vertex 0.0944908 -0.0345313 -0.442151
         vertex 0.09447 -0.0345313 -0.442088
         vertex 0.0807707 -0.0345313 -0.456485
      endloop
   endfacet
   facet normal 0 -1 0
      outer loop
         vertex 0.0647419 -0.0345313 -0.424708
         vertex 0.0784463 -0.0345313 -0.456737
         vertex 0.0785728 -0.0345313 -0.456604
      endloop
   endfacet
   facet normal 0 -1 0
      outer loop
         vertex 0.0781039 -0.0345313 -0.457383
         vertex 0.0781627 -0.0345313 -0.457209
         vertex 0.0647419 -0.0345313 -0.457838
      endloop
   endfacet
   facet normal 0 -1 0
      outer loop
         vertex 0.0648299 -0.0345313 -0.45946
         vertex 0.0650926 -0.0345313 -0.461062
         vertex 0.0780643 -0.0345313 -0.458113
      endloop
   endfacet
   facet normal 0 -1 0
      outer loop
         vertex 0.0650926 -0.0345313 -0.461062
         vertex 0.0655271 -0.0345313 -0.462627
         vertex 0.0781039 -0.0345313 -0.458293
      endloop
   endfacet
   facet normal 0 -1 0
      outer loop
         vertex 0.0781627 -0.0345313 -0.458467
         vertex 0.0655271 -0.0345313 -0.462627
         vertex 0.0661283 -0.0345313 -0.464136
      endloop
   endfacet
   facet normal 0 -1 0
      outer loop
         vertex 0.0668891 -0.0345313 -0.465571
         vertex 0.0783349 -0.0345313 -0.458792
         vertex 0.07824 -0.0345313 -0.458634
      endloop
   endfacet
   facet normal 0 -1 0
      outer loop
         vertex 0.0700311 -0.0345313 -0.46927
         vertex 0.0787131 -0.0345313 -0.459191
         vertex 0.0785728 -0.0345313 -0.459072
      endloop
   endfacet
   facet normal 0 -1 0
      outer loop
         vertex 0.0713241 -0.0345313 -0.470253
         vertex 0.0788655 -0.0345313 -0.459295
         vertex 0.0787131 -0.0345313 -0.459191
      endloop
   endfacet
   facet normal 0 -1 0
      outer loop
         vertex 0.0727158 -0.0345313 -0.471091
         vertex 0.0741899 -0.0345313 -0.471773
         vertex 0.0790281 -0.0345313 -0.459381
      endloop
   endfacet
   facet normal 0 -1 0
      outer loop
         vertex 0.0906319 -0.0345313 -0.468153
         vertex 0.0810376 -0.0345313 -0.458938
         vertex 0.080911 -0.0345313 -0.459072
      endloop
   endfacet
   facet normal 0 -1 0
      outer loop
         vertex 0.0933556 -0.0345313 -0.464136
         vertex 0.0939567 -0.0345313 -0.462627
         vertex 0.0813212 -0.0345313 -0.458467
      endloop
   endfacet
   facet normal 0 -1 0
      outer loop
         vertex 0.0943912 -0.0345313 -0.461062
         vertex 0.0814195 -0.0345313 -0.458113
         vertex 0.08138 -0.0345313 -0.458293
      endloop
   endfacet
   facet normal 0 -1 0
      outer loop
         vertex 0.0947419 -0.0345313 -0.457838
         vertex 0.0814394 -0.0345313 -0.457746
         vertex 0.0814394 -0.0345313 -0.45793
      endloop
   endfacet
   facet normal 0 -1 0
      outer loop
         vertex 0.0947419 -0.0345313 -0.457838
         vertex 0.0947419 -0.0345313 -0.443667
         vertex 0.0813212 -0.0345313 -0.457209
      endloop
   endfacet
   facet normal 0 -1 0
      outer loop
         vertex 0.0947419 -0.0345313 -0.443667
         vertex 0.0810376 -0.0345313 -0.456737
         vertex 0.081149 -0.0345313 -0.456884
      endloop
   endfacet
   facet normal 0 -1 0
      outer loop
         vertex 0.080911 -0.0345313 -0.456604
         vertex 0.0946963 -0.0345313 -0.443036
         vertex 0.0946615 -0.0345313 -0.442785
      endloop
   endfacet
   facet normal 0 -1 0
      outer loop
         vertex 0.0947419 -0.0345313 -0.443667
         vertex 0.0947273 -0.0345313 -0.443349
         vertex 0.080911 -0.0345313 -0.456604
      endloop
   endfacet
   facet normal 0 -1 0
      outer loop
         vertex 0.0942134 -0.0345313 -0.441545
         vertex 0.0941271 -0.0345313 -0.441413
         vertex 0.0807707 -0.0345313 -0.456485
      endloop
   endfacet
   facet normal 0 -1 0
      outer loop
         vertex 0.09447 -0.0345313 -0.442088
         vertex 0.0943849 -0.0345313 -0.441886
         vertex 0.0807707 -0.0345313 -0.456485
      endloop
   endfacet
   facet normal 0 -1 0
      outer loop
         vertex 0.0785728 -0.0345313 -0.456604
         vertex 0.0787131 -0.0345313 -0.456485
         vertex 0.0647419 -0.0345313 -0.424708
      endloop
   endfacet
   facet normal 0 -1 0
      outer loop
         vertex 0.0780444 -0.0345313 -0.457746
         vertex 0.0780643 -0.0345313 -0.457563
         vertex 0.0647419 -0.0345313 -0.457838
      endloop
   endfacet
   facet normal 0 -1 0
      outer loop
         vertex 0.0781627 -0.0345313 -0.458467
         vertex 0.0781039 -0.0345313 -0.458293
         vertex 0.0655271 -0.0345313 -0.462627
      endloop
   endfacet
   facet normal 0 -1 0
      outer loop
         vertex 0.07824 -0.0345313 -0.458634
         vertex 0.0661283 -0.0345313 -0.464136
         vertex 0.0668891 -0.0345313 -0.465571
      endloop
   endfacet
   facet normal 0 -1 0
      outer loop
         vertex 0.0678005 -0.0345313 -0.466915
         vertex 0.068852 -0.0345313 -0.468153
         vertex 0.0784463 -0.0345313 -0.458938
      endloop
   endfacet
   facet normal 0 -1 0
      outer loop
         vertex 0.0787131 -0.0345313 -0.459191
         vertex 0.0700311 -0.0345313 -0.46927
         vertex 0.0713241 -0.0345313 -0.470253
      endloop
   endfacet
   facet normal 0 -1 0
      outer loop
         vertex 0.0788655 -0.0345313 -0.459295
         vertex 0.0713241 -0.0345313 -0.470253
         vertex 0.0727158 -0.0345313 -0.471091
      endloop
   endfacet
   facet normal 0 -1 0
      outer loop
         vertex 0.0867681 -0.0345313 -0.471091
         vertex 0.0881597 -0.0345313 -0.470253
         vertex 0.0806184 -0.0345313 -0.459295
      endloop
   endfacet
   facet normal 0 -1 0
      outer loop
         vertex 0.0881597 -0.0345313 -0.470253
         vertex 0.0894527 -0.0345313 -0.46927
         vertex 0.0807707 -0.0345313 -0.459191
      endloop
   endfacet
   facet normal 0 -1 0
      outer loop
         vertex 0.080911 -0.0345313 -0.459072
         vertex 0.0894527 -0.0345313 -0.46927
         vertex 0.0906319 -0.0345313 -0.468153
      endloop
   endfacet
   facet normal 0 -1 0
      outer loop
         vertex 0.08138 -0.0345313 -0.458293
         vertex 0.0813212 -0.0345313 -0.458467
         vertex 0.0939567 -0.0345313 -0.462627
      endloop
   endfacet
   facet normal 0 -1 0
      outer loop
         vertex 0.0947419 -0.0345313 -0.457838
         vertex 0.0814195 -0.0345313 -0.457563
         vertex 0.0814394 -0.0345313 -0.457746
      endloop
   endfacet
   facet normal 0 -1 0
      outer loop
         vertex 0.0813212 -0.0345313 -0.457209
         vertex 0.08138 -0.0345313 -0.457383
         vertex 0.0947419 -0.0345313 -0.457838
      endloop
   endfacet
   facet normal 0 -1 0
      outer loop
         vertex 0.081149 -0.0345313 -0.456884
         vertex 0.0812439 -0.0345313 -0.457042
         vertex 0.0947419 -0.0345313 -0.443667
      endloop
   endfacet
   facet normal 0 -1 0
      outer loop
         vertex 0.080911 -0.0345313 -0.456604
         vertex 0.0945787 -0.0345313 -0.442433
         vertex 0.0945671 -0.0345313 -0.442384
      endloop
   endfacet
   facet normal 0 -1 0
      outer loop
         vertex 0.0947211 -0.0345313 -0.443214
         vertex 0.0946963 -0.0345313 -0.443036
         vertex 0.080911 -0.0345313 -0.456604
      endloop
   endfacet
   facet normal 0 -1 0
      outer loop
         vertex 0.0943489 -0.0345313 -0.441801
         vertex 0.0942634 -0.0345313 -0.441639
         vertex 0.0807707 -0.0345313 -0.456485
      endloop
   endfacet
   facet normal 0 -1 0
      outer loop
         vertex 0.0910473 -0.0345313 -0.438357
         vertex 0.0806184 -0.0345313 -0.456381
         vertex 0.0807707 -0.0345313 -0.456485
      endloop
   endfacet
   facet normal 0 -1 0
      outer loop
         vertex 0.0801074 -0.0345313 -0.456178
         vertex 0.0802847 -0.0345313 -0.456227
         vertex 0.0883075 -0.0345313 -0.435887
      endloop
   endfacet
   facet normal 0 -1 0
      outer loop
         vertex 0.0797419 -0.0345313 -0.456138
         vertex 0.0799257 -0.0345313 -0.456148
         vertex 0.0835826 -0.0345313 -0.432088
      endloop
   endfacet
   facet normal 0 -1 0
      outer loop
         vertex 0.0791991 -0.0345313 -0.456227
         vertex 0.0717467 -0.0345313 -0.425787
         vertex 0.0699959 -0.0345313 -0.425317
      endloop
   endfacet
   facet normal 0 -1 0
      outer loop
         vertex 0.0791991 -0.0345313 -0.456227
         vertex 0.0793765 -0.0345313 -0.456178
         vertex 0.0736106 -0.0345313 -0.426427
      endloop
   endfacet
   facet normal 0 -1 0
      outer loop
         vertex 0.0790281 -0.0345313 -0.456295
         vertex 0.0791991 -0.0345313 -0.456227
         vertex 0.0682099 -0.0345313 -0.424974
      endloop
   endfacet
   facet normal 0 -1 0
      outer loop
         vertex 0.0787131 -0.0345313 -0.456485
         vertex 0.0788655 -0.0345313 -0.456381
         vertex 0.0647419 -0.0345313 -0.424708
      endloop
   endfacet
   facet normal 0 -1 0
      outer loop
         vertex 0.0781039 -0.0345313 -0.458293
         vertex 0.0780643 -0.0345313 -0.458113
         vertex 0.0650926 -0.0345313 -0.461062
      endloop
   endfacet
   facet normal 0 -1 0
      outer loop
         vertex 0.0784463 -0.0345313 -0.458938
         vertex 0.0783349 -0.0345313 -0.458792
         vertex 0.0678005 -0.0345313 -0.466915
      endloop
   endfacet
   facet normal 0 -1 0
      outer loop
         vertex 0.0790281 -0.0345313 -0.459381
         vertex 0.0788655 -0.0345313 -0.459295
         vertex 0.0727158 -0.0345313 -0.471091
      endloop
   endfacet
   facet normal 0 -1 0
      outer loop
         vertex 0.0804557 -0.0345313 -0.459381
         vertex 0.085294 -0.0345313 -0.471773
         vertex 0.0867681 -0.0345313 -0.471091
      endloop
   endfacet
   facet normal 0 -1 0
      outer loop
         vertex 0.080911 -0.0345313 -0.459072
         vertex 0.0807707 -0.0345313 -0.459191
         vertex 0.0894527 -0.0345313 -0.46927
      endloop
   endfacet
   facet normal 0 -1 0
      outer loop
         vertex 0.0814394 -0.0345313 -0.45793
         vertex 0.0814195 -0.0345313 -0.458113
         vertex 0.094654 -0.0345313 -0.45946
      endloop
   endfacet
   facet normal 0 -1 0
      outer loop
         vertex 0.0812439 -0.0345313 -0.457042
         vertex 0.0813212 -0.0345313 -0.457209
         vertex 0.0947419 -0.0345313 -0.443667
      endloop
   endfacet
   facet normal 0 -1 0
      outer loop
         vertex 0.0946615 -0.0345313 -0.442785
         vertex 0.0945787 -0.0345313 -0.442433
         vertex 0.080911 -0.0345313 -0.456604
      endloop
   endfacet
   facet normal 0 -1 0
      outer loop
         vertex 0.0807707 -0.0345313 -0.456485
         vertex 0.0937114 -0.0345313 -0.440925
         vertex 0.0910473 -0.0345313 -0.438357
      endloop
   endfacet
   facet normal 0 -1 0
      outer loop
         vertex 0.0804557 -0.0345313 -0.456295
         vertex 0.0806184 -0.0345313 -0.456381
         vertex 0.0910473 -0.0345313 -0.438357
      endloop
   endfacet
   facet normal 0 -1 0
      outer loop
         vertex 0.0883075 -0.0345313 -0.435887
         vertex 0.0859845 -0.0345313 -0.433942
         vertex 0.0801074 -0.0345313 -0.456178
      endloop
   endfacet
   facet normal 0 -1 0
      outer loop
         vertex 0.0835826 -0.0345313 -0.432088
         vertex 0.0814995 -0.0345313 -0.430621
         vertex 0.0797419 -0.0345313 -0.456138
      endloop
   endfacet
   facet normal 0 -1 0
      outer loop
         vertex 0.0795581 -0.0345313 -0.456148
         vertex 0.0797419 -0.0345313 -0.456138
         vertex 0.0793361 -0.0345313 -0.429247
      endloop
   endfacet
   facet normal 0 -1 0
      outer loop
         vertex 0.0736106 -0.0345313 -0.426427
         vertex 0.0717467 -0.0345313 -0.425787
         vertex 0.0791991 -0.0345313 -0.456227
      endloop
   endfacet
   facet normal 0 -1 0
      outer loop
         vertex 0.0682099 -0.0345313 -0.424974
         vertex 0.0664767 -0.0345313 -0.424775
         vertex 0.0790281 -0.0345313 -0.456295
      endloop
   endfacet
   facet normal 0 -1 0
      outer loop
         vertex 0.0783349 -0.0345313 -0.456884
         vertex 0.0784463 -0.0345313 -0.456737
         vertex 0.0647419 -0.0345313 -0.424708
      endloop
   endfacet
   facet normal 0 -1 0
      outer loop
         vertex 0.0785728 -0.0345313 -0.459072
         vertex 0.0784463 -0.0345313 -0.458938
         vertex 0.068852 -0.0345313 -0.468153
      endloop
   endfacet
   facet normal 0 -1 0
      outer loop
         vertex 0.0807707 -0.0345313 -0.459191
         vertex 0.0806184 -0.0345313 -0.459295
         vertex 0.0881597 -0.0345313 -0.470253
      endloop
   endfacet
   facet normal 0 -1 0
      outer loop
         vertex 0.08138 -0.0345313 -0.457383
         vertex 0.0814195 -0.0345313 -0.457563
         vertex 0.0947419 -0.0345313 -0.457838
      endloop
   endfacet
   facet normal 0 -1 0
      outer loop
         vertex 0.0938166 -0.0345313 -0.441026
         vertex 0.0937114 -0.0345313 -0.440925
         vertex 0.0807707 -0.0345313 -0.456485
      endloop
   endfacet
   facet normal 0 -1 0
      outer loop
         vertex 0.0802847 -0.0345313 -0.456227
         vertex 0.0804557 -0.0345313 -0.456295
         vertex 0.0883075 -0.0345313 -0.435887
      endloop
   endfacet
   facet normal 0 -1 0
      outer loop
         vertex 0.0799257 -0.0345313 -0.456148
         vertex 0.0801074 -0.0345313 -0.456178
         vertex 0.0859845 -0.0345313 -0.433942
      endloop
   endfacet
   facet normal 0 -1 0
      outer loop
         vertex 0.0793361 -0.0345313 -0.429247
         vertex 0.0774053 -0.0345313 -0.428159
         vertex 0.0795581 -0.0345313 -0.456148
      endloop
   endfacet
   facet normal 0 -1 0
      outer loop
         vertex 0.0793765 -0.0345313 -0.456178
         vertex 0.0795581 -0.0345313 -0.456148
         vertex 0.0774053 -0.0345313 -0.428159
      endloop
   endfacet
   facet normal 0 -1 0
      outer loop
         vertex 0.0664767 -0.0345313 -0.424775
         vertex 0.0647419 -0.0345313 -0.424708
         vertex 0.0790281 -0.0345313 -0.456295
      endloop
   endfacet
   facet normal 0 -1 0
      outer loop
         vertex 0.0668891 -0.0345313 -0.465571
         vertex 0.0678005 -0.0345313 -0.466915
         vertex 0.0783349 -0.0345313 -0.458792
      endloop
   endfacet
   facet normal 0 -1 0
      outer loop
         vertex 0.075729 -0.0345313 -0.472291
         vertex 0.0793765 -0.0345313 -0.459498
         vertex 0.0791991 -0.0345313 -0.459449
      endloop
   endfacet
   facet normal 0 -1 0
      outer loop
         vertex 0.0821687 -0.0345313 -0.47264
         vertex 0.0837549 -0.0345313 -0.472291
         vertex 0.0801074 -0.0345313 -0.459498
      endloop
   endfacet
   facet normal 0 -1 0
      outer loop
         vertex 0.0837549 -0.0345313 -0.472291
         vertex 0.085294 -0.0345313 -0.471773
         vertex 0.0802847 -0.0345313 -0.459449
      endloop
   endfacet
   facet normal 0 -1 0
      outer loop
         vertex 0.0916833 -0.0345313 -0.466915
         vertex 0.0925948 -0.0345313 -0.465571
         vertex 0.081149 -0.0345313 -0.458792
      endloop
   endfacet
   facet normal 0 -1 0
      outer loop
         vertex 0.0910473 -0.0345313 -0.438357
         vertex 0.0883075 -0.0345313 -0.435887
         vertex 0.0804557 -0.0345313 -0.456295
      endloop
   endfacet
   facet normal 0 -1 0
      outer loop
         vertex 0.0814995 -0.0345313 -0.430621
         vertex 0.0793361 -0.0345313 -0.429247
         vertex 0.0797419 -0.0345313 -0.456138
      endloop
   endfacet
   facet normal 0 -1 0
      outer loop
         vertex 0.0774053 -0.0345313 -0.428159
         vertex 0.0754266 -0.0345313 -0.427186
         vertex 0.0793765 -0.0345313 -0.456178
      endloop
   endfacet
   facet normal 0 -1 0
      outer loop
         vertex 0.0788655 -0.0345313 -0.456381
         vertex 0.0790281 -0.0345313 -0.456295
         vertex 0.0647419 -0.0345313 -0.424708
      endloop
   endfacet
   facet normal 0 -1 0
      outer loop
         vertex 0.0791991 -0.0345313 -0.459449
         vertex 0.0741899 -0.0345313 -0.471773
         vertex 0.075729 -0.0345313 -0.472291
      endloop
   endfacet
   facet normal 0 -1 0
      outer loop
         vertex 0.0773152 -0.0345313 -0.47264
         vertex 0.0795581 -0.0345313 -0.459528
         vertex 0.0793765 -0.0345313 -0.459498
      endloop
   endfacet
   facet normal 0 -1 0
      outer loop
         vertex 0.0799257 -0.0345313 -0.459528
         vertex 0.080554 -0.0345313 -0.472816
         vertex 0.0821687 -0.0345313 -0.47264
      endloop
   endfacet
   facet normal 0 -1 0
      outer loop
         vertex 0.085294 -0.0345313 -0.471773
         vertex 0.0804557 -0.0345313 -0.459381
         vertex 0.0802847 -0.0345313 -0.459449
      endloop
   endfacet
   facet normal 0 -1 0
      outer loop
         vertex 0.0945671 -0.0345313 -0.442384
         vertex 0.0944908 -0.0345313 -0.442151
         vertex 0.080911 -0.0345313 -0.456604
      endloop
   endfacet
   facet normal 0 -1 0
      outer loop
         vertex 0.0754266 -0.0345313 -0.427186
         vertex 0.0736106 -0.0345313 -0.426427
         vertex 0.0793765 -0.0345313 -0.456178
      endloop
   endfacet
   facet normal 0 -1 0
      outer loop
         vertex 0.0791991 -0.0345313 -0.459449
         vertex 0.0790281 -0.0345313 -0.459381
         vertex 0.0741899 -0.0345313 -0.471773
      endloop
   endfacet
   facet normal 0 -1 0
      outer loop
         vertex 0.0793765 -0.0345313 -0.459498
         vertex 0.075729 -0.0345313 -0.472291
         vertex 0.0773152 -0.0345313 -0.47264
      endloop
   endfacet
   facet normal 0 -1 0
      outer loop
         vertex 0.0789298 -0.0345313 -0.472816
         vertex 0.080554 -0.0345313 -0.472816
         vertex 0.0797419 -0.0345313 -0.459538
      endloop
   endfacet
   facet normal 0 -1 0
      outer loop
         vertex 0.0801074 -0.0345313 -0.459498
         vertex 0.0799257 -0.0345313 -0.459528
         vertex 0.0821687 -0.0345313 -0.47264
      endloop
   endfacet
   facet normal 0 -1 0
      outer loop
         vertex 0.0806184 -0.0345313 -0.459295
         vertex 0.0804557 -0.0345313 -0.459381
         vertex 0.0867681 -0.0345313 -0.471091
      endloop
   endfacet
   facet normal 0 -1 0
      outer loop
         vertex 0.0699959 -0.0345313 -0.425317
         vertex 0.0682099 -0.0345313 -0.424974
         vertex 0.0791991 -0.0345313 -0.456227
      endloop
   endfacet
   facet normal 0 -1 0
      outer loop
         vertex 0.0797419 -0.0345313 -0.459538
         vertex 0.0795581 -0.0345313 -0.459528
         vertex 0.0789298 -0.0345313 -0.472816
      endloop
   endfacet
   facet normal 0 -1 0
      outer loop
         vertex 0.0802847 -0.0345313 -0.459449
         vertex 0.0801074 -0.0345313 -0.459498
         vertex 0.0837549 -0.0345313 -0.472291
      endloop
   endfacet
   facet normal 0 -1 0
      outer loop
         vertex 0.0773152 -0.0345313 -0.47264
         vertex 0.0789298 -0.0345313 -0.472816
         vertex 0.0795581 -0.0345313 -0.459528
      endloop
   endfacet
   facet normal 0 -1 0
      outer loop
         vertex 0.0859845 -0.0345313 -0.433942
         vertex 0.0835826 -0.0345313 -0.432088
         vertex 0.0799257 -0.0345313 -0.456148
      endloop
   endfacet
   facet normal 0 -1 0
      outer loop
         vertex 0.0799257 -0.0345313 -0.459528
         vertex 0.0797419 -0.0345313 -0.459538
         vertex 0.080554 -0.0345313 -0.472816
      endloop
   endfacet
   facet normal -0.108119 0 0.994138
      outer loop
         vertex 0.0799257 -0.0255313 -0.459528
         vertex 0.0797419 -0.0255313 -0.459538
         vertex 0.0797419 -0.0345313 -0.459538
      endloop
   endfacet
   facet normal -0.21497 0 0.976621
      outer loop
         vertex 0.0801074 -0.0255313 -0.459498
         vertex 0.0799257 -0.0255313 -0.459528
         vertex 0.0799257 -0.0345313 -0.459528
      endloop
   endfacet
   facet normal -0.319302 0 0.947653
      outer loop
         vertex 0.0802847 -0.0255313 -0.459449
         vertex 0.0801074 -0.0255313 -0.459498
         vertex 0.0801074 -0.0345313 -0.459498
      endloop
   endfacet
   facet normal -0.419889 0 0.907575
      outer loop
         vertex 0.0804557 -0.0255313 -0.459381
         vertex 0.0802847 -0.0255313 -0.459449
         vertex 0.0802847 -0.0345313 -0.459449
      endloop
   endfacet
   facet normal -0.515554 0 0.856857
      outer loop
         vertex 0.0806184 -0.0255313 -0.459295
         vertex 0.0804557 -0.0255313 -0.459381
         vertex 0.0804557 -0.0345313 -0.459381
      endloop
   endfacet
   facet normal -0.605174 0 0.796093
      outer loop
         vertex 0.0807707 -0.0255313 -0.459191
         vertex 0.0806184 -0.0255313 -0.459295
         vertex 0.0806184 -0.0345313 -0.459295
      endloop
   endfacet
   facet normal -0.687699 0 0.725995
      outer loop
         vertex 0.080911 -0.0255313 -0.459072
         vertex 0.0807707 -0.0255313 -0.459191
         vertex 0.0807707 -0.0345313 -0.459191
      endloop
   endfacet
   facet normal -0.762162 0 0.647386
      outer loop
         vertex 0.0810376 -0.0255313 -0.458938
         vertex 0.080911 -0.0255313 -0.459072
         vertex 0.080911 -0.0345313 -0.459072
      endloop
   endfacet
   facet normal -0.827689 0 0.561187
      outer loop
         vertex 0.081149 -0.0255313 -0.458792
         vertex 0.0810376 -0.0255313 -0.458938
         vertex 0.0810376 -0.0345313 -0.458938
      endloop
   endfacet
   facet normal -0.883512 0 0.468408
      outer loop
         vertex 0.0812439 -0.0255313 -0.458634
         vertex 0.081149 -0.0255313 -0.458792
         vertex 0.081149 -0.0345313 -0.458792
      endloop
   endfacet
   facet normal -0.928977 0 0.370138
      outer loop
         vertex 0.0813212 -0.0255313 -0.458467
         vertex 0.0812439 -0.0255313 -0.458634
         vertex 0.0812439 -0.0345313 -0.458634
      endloop
   endfacet
   facet normal -0.96355 0 0.267528
      outer loop
         vertex 0.08138 -0.0255313 -0.458293
         vertex 0.0813212 -0.0255313 -0.458467
         vertex 0.0813212 -0.0345313 -0.458467
      endloop
   endfacet
   facet normal -0.986827 0 0.161782
      outer loop
         vertex 0.0814195 -0.0255313 -0.458113
         vertex 0.08138 -0.0255313 -0.458293
         vertex 0.08138 -0.0345313 -0.458293
      endloop
   endfacet
   facet normal -0.998533 0 0.0541389
      outer loop
         vertex 0.0814394 -0.0255313 -0.45793
         vertex 0.0814195 -0.0255313 -0.458113
         vertex 0.0814195 -0.0345313 -0.458113
      endloop
   endfacet
   facet normal -0.998533 0 -0.0541389
      outer loop
         vertex 0.0814394 -0.0255313 -0.457746
         vertex 0.0814394 -0.0255313 -0.45793
         vertex 0.0814394 -0.0345313 -0.45793
      endloop
   endfacet
   facet normal -0.986827 0 -0.161782
      outer loop
         vertex 0.0814195 -0.0255313 -0.457563
         vertex 0.0814394 -0.0255313 -0.457746
         vertex 0.0814394 -0.0345313 -0.457746
      endloop
   endfacet
   facet normal -0.96355 0 -0.267528
      outer loop
         vertex 0.08138 -0.0255313 -0.457383
         vertex 0.0814195 -0.0255313 -0.457563
         vertex 0.0814195 -0.0345313 -0.457563
      endloop
   endfacet
   facet normal -0.928977 0 -0.370138
      outer loop
         vertex 0.0813212 -0.0255313 -0.457209
         vertex 0.08138 -0.0255313 -0.457383
         vertex 0.08138 -0.0345313 -0.457383
      endloop
   endfacet
   facet normal -0.883512 0 -0.468408
      outer loop
         vertex 0.0812439 -0.0255313 -0.457042
         vertex 0.0813212 -0.0255313 -0.457209
         vertex 0.0813212 -0.0345313 -0.457209
      endloop
   endfacet
   facet normal -0.827689 0 -0.561187
      outer loop
         vertex 0.081149 -0.0255313 -0.456884
         vertex 0.0812439 -0.0255313 -0.457042
         vertex 0.0812439 -0.0345313 -0.457042
      endloop
   endfacet
   facet normal -0.762162 0 -0.647386
      outer loop
         vertex 0.0810376 -0.0255313 -0.456737
         vertex 0.081149 -0.0255313 -0.456884
         vertex 0.081149 -0.0345313 -0.456884
      endloop
   endfacet
   facet normal -0.687699 0 -0.725995
      outer loop
         vertex 0.080911 -0.0255313 -0.456604
         vertex 0.0810376 -0.0255313 -0.456737
         vertex 0.0810376 -0.0345313 -0.456737
      endloop
   endfacet
   facet normal -0.605174 0 -0.796093
      outer loop
         vertex 0.0807707 -0.0255313 -0.456485
         vertex 0.080911 -0.0255313 -0.456604
         vertex 0.080911 -0.0345313 -0.456604
      endloop
   endfacet
   facet normal -0.515554 0 -0.856857
      outer loop
         vertex 0.0806184 -0.0255313 -0.456381
         vertex 0.0807707 -0.0255313 -0.456485
         vertex 0.0807707 -0.0345313 -0.456485
      endloop
   endfacet
   facet normal -0.419889 0 -0.907575
      outer loop
         vertex 0.0804557 -0.0255313 -0.456295
         vertex 0.0806184 -0.0255313 -0.456381
         vertex 0.0806184 -0.0345313 -0.456381
      endloop
   endfacet
   facet normal -0.319302 0 -0.947653
      outer loop
         vertex 0.0802847 -0.0255313 -0.456227
         vertex 0.0804557 -0.0255313 -0.456295
         vertex 0.0804557 -0.0345313 -0.456295
      endloop
   endfacet
   facet normal -0.21497 0 -0.976621
      outer loop
         vertex 0.0801074 -0.0255313 -0.456178
         vertex 0.0802847 -0.0255313 -0.456227
         vertex 0.0802847 -0.0345313 -0.456227
      endloop
   endfacet
   facet normal -0.108119 0 -0.994138
      outer loop
         vertex 0.0799257 -0.0255313 -0.456148
         vertex 0.0801074 -0.0255313 -0.456178
         vertex 0.0801074 -0.0345313 -0.456178
      endloop
   endfacet
   facet normal 0 0 -1
      outer loop
         vertex 0.0797419 -0.0255313 -0.456138
         vertex 0.0799257 -0.0255313 -0.456148
         vertex 0.0799257 -0.0345313 -0.456148
      endloop
   endfacet
   facet normal 0.108119 0 -0.994138
      outer loop
         vertex 0.0795581 -0.0255313 -0.456148
         vertex 0.0797419 -0.0255313 -0.456138
         vertex 0.0797419 -0.0345313 -0.456138
      endloop
   endfacet
   facet normal 0.21497 0 -0.976621
      outer loop
         vertex 0.0793765 -0.0255313 -0.456178
         vertex 0.0795581 -0.0255313 -0.456148
         vertex 0.0795581 -0.0345313 -0.456148
      endloop
   endfacet
   facet normal 0.319302 0 -0.947653
      outer loop
         vertex 0.0791991 -0.0255313 -0.456227
         vertex 0.0793765 -0.0255313 -0.456178
         vertex 0.0793765 -0.0345313 -0.456178
      endloop
   endfacet
   facet normal 0.419889 0 -0.907575
      outer loop
         vertex 0.0790281 -0.0255313 -0.456295
         vertex 0.0791991 -0.0255313 -0.456227
         vertex 0.0791991 -0.0345313 -0.456227
      endloop
   endfacet
   facet normal 0.515554 0 -0.856857
      outer loop
         vertex 0.0788655 -0.0255313 -0.456381
         vertex 0.0790281 -0.0255313 -0.456295
         vertex 0.0790281 -0.0345313 -0.456295
      endloop
   endfacet
   facet normal 0.605174 0 -0.796093
      outer loop
         vertex 0.0787131 -0.0255313 -0.456485
         vertex 0.0788655 -0.0255313 -0.456381
         vertex 0.0788655 -0.0345313 -0.456381
      endloop
   endfacet
   facet normal 0.687699 0 -0.725995
      outer loop
         vertex 0.0785728 -0.0255313 -0.456604
         vertex 0.0787131 -0.0255313 -0.456485
         vertex 0.0787131 -0.0345313 -0.456485
      endloop
   endfacet
   facet normal 0.762162 0 -0.647386
      outer loop
         vertex 0.0784463 -0.0255313 -0.456737
         vertex 0.0785728 -0.0255313 -0.456604
         vertex 0.0785728 -0.0345313 -0.456604
      endloop
   endfacet
   facet normal 0.827689 0 -0.561187
      outer loop
         vertex 0.0783349 -0.0255313 -0.456884
         vertex 0.0784463 -0.0255313 -0.456737
         vertex 0.0784463 -0.0345313 -0.456737
      endloop
   endfacet
   facet normal 0.883512 0 -0.468408
      outer loop
         vertex 0.07824 -0.0255313 -0.457042
         vertex 0.0783349 -0.0255313 -0.456884
         vertex 0.0783349 -0.0345313 -0.456884
      endloop
   endfacet
   facet normal 0.928977 0 -0.370138
      outer loop
         vertex 0.0781627 -0.0255313 -0.457209
         vertex 0.07824 -0.0255313 -0.457042
         vertex 0.07824 -0.0345313 -0.457042
      endloop
   endfacet
   facet normal 0.96355 0 -0.267528
      outer loop
         vertex 0.0781039 -0.0255313 -0.457383
         vertex 0.0781627 -0.0255313 -0.457209
         vertex 0.0781627 -0.0345313 -0.457209
      endloop
   endfacet
   facet normal 0.986827 0 -0.161782
      outer loop
         vertex 0.0780643 -0.0255313 -0.457563
         vertex 0.0781039 -0.0255313 -0.457383
         vertex 0.0781039 -0.0345313 -0.457383
      endloop
   endfacet
   facet normal 0.998533 0 -0.0541389
      outer loop
         vertex 0.0780444 -0.0255313 -0.457746
         vertex 0.0780643 -0.0255313 -0.457563
         vertex 0.0780643 -0.0345313 -0.457563
      endloop
   endfacet
   facet normal 0.998533 0 0.0541389
      outer loop
         vertex 0.0780444 -0.0255313 -0.45793
         vertex 0.0780444 -0.0255313 -0.457746
         vertex 0.0780444 -0.0345313 -0.457746
      endloop
   endfacet
   facet normal 0.986827 0 0.161782
      outer loop
         vertex 0.0780643 -0.0255313 -0.458113
         vertex 0.0780444 -0.0255313 -0.45793
         vertex 0.0780444 -0.0345313 -0.45793
      endloop
   endfacet
   facet normal 0.96355 0 0.267528
      outer loop
         vertex 0.0781039 -0.0255313 -0.458293
         vertex 0.0780643 -0.0255313 -0.458113
         vertex 0.0780643 -0.0345313 -0.458113
      endloop
   endfacet
   facet normal 0.928977 0 0.370138
      outer loop
         vertex 0.0781627 -0.0255313 -0.458467
         vertex 0.0781039 -0.0255313 -0.458293
         vertex 0.0781039 -0.0345313 -0.458293
      endloop
   endfacet
   facet normal 0.883512 0 0.468408
      outer loop
         vertex 0.07824 -0.0255313 -0.458634
         vertex 0.0781627 -0.0255313 -0.458467
         vertex 0.0781627 -0.0345313 -0.458467
      endloop
   endfacet
   facet normal 0.827689 0 0.561187
      outer loop
         vertex 0.0783349 -0.0255313 -0.458792
         vertex 0.07824 -0.0255313 -0.458634
         vertex 0.07824 -0.0345313 -0.458634
      endloop
   endfacet
   facet normal 0.762162 0 0.647386
      outer loop
         vertex 0.0784463 -0.0255313 -0.458938
         vertex 0.0783349 -0.0255313 -0.458792
         vertex 0.0783349 -0.0345313 -0.458792
      endloop
   endfacet
   facet normal 0.687699 0 0.725995
      outer loop
         vertex 0.0785728 -0.0255313 -0.459072
         vertex 0.0784463 -0.0255313 -0.458938
         vertex 0.0784463 -0.0345313 -0.458938
      endloop
   endfacet
   facet normal 0.605174 0 0.796093
      outer loop
         vertex 0.0787131 -0.0255313 -0.459191
         vertex 0.0785728 -0.0255313 -0.459072
         vertex 0.0785728 -0.0345313 -0.459072
      endloop
   endfacet
   facet normal 0.515554 0 0.856857
      outer loop
         vertex 0.0788655 -0.0255313 -0.459295
         vertex 0.0787131 -0.0255313 -0.459191
         vertex 0.0787131 -0.0345313 -0.459191
      endloop
   endfacet
   facet normal 0.419889 0 0.907575
      outer loop
         vertex 0.0790281 -0.0255313 -0.459381
         vertex 0.0788655 -0.0255313 -0.459295
         vertex 0.0788655 -0.0345313 -0.459295
      endloop
   endfacet
   facet normal 0.319302 0 0.947653
      outer loop
         vertex 0.0791991 -0.0255313 -0.459449
         vertex 0.0790281 -0.0255313 -0.459381
         vertex 0.0790281 -0.0345313 -0.459381
      endloop
   endfacet
   facet normal 0.21497 0 0.976621
      outer loop
         vertex 0.0793765 -0.0255313 -0.459498
         vertex 0.0791991 -0.0255313 -0.459449
         vertex 0.0791991 -0.0345313 -0.459449
      endloop
   endfacet
   facet normal 0.108119 0 0.994138
      outer loop
         vertex 0.0795581 -0.0255313 -0.459528
         vertex 0.0793765 -0.0255313 -0.459498
         vertex 0.0793765 -0.0345313 -0.459498
      endloop
   endfacet
   facet normal -2.44929e-16 0 1
      outer loop
         vertex 0.0797419 -0.0255313 -0.459538
         vertex 0.0795581 -0.0255313 -0.459528
         vertex 0.0795581 -0.0345313 -0.459528
      endloop
   endfacet
   facet normal 0.108119 0 0.994138
      outer loop
         vertex 0.0795581 -0.0345313 -0.459528
         vertex 0.0797419 -0.0345313 -0.459538
         vertex 0.0797419 -0.0255313 -0.459538
      endloop
   endfacet
   facet normal 0.21497 0 0.976621
      outer loop
         vertex 0.0793765 -0.0345313 -0.459498
         vertex 0.0795581 -0.0345313 -0.459528
         vertex 0.0795581 -0.0255313 -0.459528
      endloop
   endfacet
   facet normal 0.319302 0 0.947653
      outer loop
         vertex 0.0791991 -0.0345313 -0.459449
         vertex 0.0793765 -0.0345313 -0.459498
         vertex 0.0793765 -0.0255313 -0.459498
      endloop
   endfacet
   facet normal 0.419889 0 0.907575
      outer loop
         vertex 0.0790281 -0.0345313 -0.459381
         vertex 0.0791991 -0.0345313 -0.459449
         vertex 0.0791991 -0.0255313 -0.459449
      endloop
   endfacet
   facet normal 0.515554 0 0.856857
      outer loop
         vertex 0.0788655 -0.0345313 -0.459295
         vertex 0.0790281 -0.0345313 -0.459381
         vertex 0.0790281 -0.0255313 -0.459381
      endloop
   endfacet
   facet normal 0.605174 0 0.796093
      outer loop
         vertex 0.0787131 -0.0345313 -0.459191
         vertex 0.0788655 -0.0345313 -0.459295
         vertex 0.0788655 -0.0255313 -0.459295
      endloop
   endfacet
   facet normal 0.687699 0 0.725995
      outer loop
         vertex 0.0785728 -0.0345313 -0.459072
         vertex 0.0787131 -0.0345313 -0.459191
         vertex 0.0787131 -0.0255313 -0.459191
      endloop
   endfacet
   facet normal 0.762162 0 0.647386
      outer loop
         vertex 0.0784463 -0.0345313 -0.458938
         vertex 0.0785728 -0.0345313 -0.459072
         vertex 0.0785728 -0.0255313 -0.459072
      endloop
   endfacet
   facet normal 0.827689 0 0.561187
      outer loop
         vertex 0.0783349 -0.0345313 -0.458792
         vertex 0.0784463 -0.0345313 -0.458938
         vertex 0.0784463 -0.0255313 -0.458938
      endloop
   endfacet
   facet normal 0.883512 0 0.468408
      outer loop
         vertex 0.07824 -0.0345313 -0.458634
         vertex 0.0783349 -0.0345313 -0.458792
         vertex 0.0783349 -0.0255313 -0.458792
      endloop
   endfacet
   facet normal 0.928977 0 0.370138
      outer loop
         vertex 0.0781627 -0.0345313 -0.458467
         vertex 0.07824 -0.0345313 -0.458634
         vertex 0.07824 -0.0255313 -0.458634
      endloop
   endfacet
   facet normal 0.96355 0 0.267528
      outer loop
         vertex 0.0781039 -0.0345313 -0.458293
         vertex 0.0781627 -0.0345313 -0.458467
         vertex 0.0781627 -0.0255313 -0.458467
      endloop
   endfacet
   facet normal 0.986827 0 0.161782
      outer loop
         vertex 0.0780643 -0.0345313 -0.458113
         vertex 0.0781039 -0.0345313 -0.458293
         vertex 0.0781039 -0.0255313 -0.458293
      endloop
   endfacet
   facet normal 0.998533 0 0.0541389
      outer loop
         vertex 0.0780444 -0.0345313 -0.45793
         vertex 0.0780643 -0.0345313 -0.458113
         vertex 0.0780643 -0.0255313 -0.458113
      endloop
   endfacet
   facet normal 0.998533 0 -0.0541389
      outer loop
         vertex 0.0780444 -0.0345313 -0.457746
         vertex 0.0780444 -0.0345313 -0.45793
         vertex 0.0780444 -0.0255313 -0.45793
      endloop
   endfacet
   facet normal 0.986827 0 -0.161782
      outer loop
         vertex 0.0780643 -0.0345313 -0.457563
         vertex 0.0780444 -0.0345313 -0.457746
         vertex 0.0780444 -0.0255313 -0.457746
      endloop
   endfacet
   facet normal 0.96355 0 -0.267528
      outer loop
         vertex 0.0781039 -0.0345313 -0.457383
         vertex 0.0780643 -0.0345313 -0.457563
         vertex 0.0780643 -0.0255313 -0.457563
      endloop
   endfacet
   facet normal 0.928977 0 -0.370138
      outer loop
         vertex 0.0781627 -0.0345313 -0.457209
         vertex 0.0781039 -0.0345313 -0.457383
         vertex 0.0781039 -0.0255313 -0.457383
      endloop
   endfacet
   facet normal 0.883512 0 -0.468408
      outer loop
         vertex 0.07824 -0.0345313 -0.457042
         vertex 0.0781627 -0.0345313 -0.457209
         vertex 0.0781627 -0.0255313 -0.457209
      endloop
   endfacet
   facet normal 0.827689 0 -0.561187
      outer loop
         vertex 0.0783349 -0.0345313 -0.456884
         vertex 0.07824 -0.0345313 -0.457042
         vertex 0.07824 -0.0255313 -0.457042
      endloop
   endfacet
   facet normal 0.762162 0 -0.647386
      outer loop
         vertex 0.0784463 -0.0345313 -0.456737
         vertex 0.0783349 -0.0345313 -0.456884
         vertex 0.0783349 -0.0255313 -0.456884
      endloop
   endfacet
   facet normal 0.687699 0 -0.725995
      outer loop
         vertex 0.0785728 -0.0345313 -0.456604
         vertex 0.0784463 -0.0345313 -0.456737
         vertex 0.0784463 -0.0255313 -0.456737
      endloop
   endfacet
   facet normal 0.605174 0 -0.796093
      outer loop
         vertex 0.0787131 -0.0345313 -0.456485
         vertex 0.0785728 -0.0345313 -0.456604
         vertex 0.0785728 -0.0255313 -0.456604
      endloop
   endfacet
   facet normal 0.515554 0 -0.856857
      outer loop
         vertex 0.0788655 -0.0345313 -0.456381
         vertex 0.0787131 -0.0345313 -0.456485
         vertex 0.0787131 -0.0255313 -0.456485
      endloop
   endfacet
   facet normal 0.419889 0 -0.907575
      outer loop
         vertex 0.0790281 -0.0345313 -0.456295
         vertex 0.0788655 -0.0345313 -0.456381
         vertex 0.0788655 -0.0255313 -0.456381
      endloop
   endfacet
   facet normal 0.319302 0 -0.947653
      outer loop
         vertex 0.0791991 -0.0345313 -0.456227
         vertex 0.0790281 -0.0345313 -0.456295
         vertex 0.0790281 -0.0255313 -0.456295
      endloop
   endfacet
   facet normal 0.21497 0 -0.976621
      outer loop
         vertex 0.0793765 -0.0345313 -0.456178
         vertex 0.0791991 -0.0345313 -0.456227
         vertex 0.0791991 -0.0255313 -0.456227
      endloop
   endfacet
   facet normal 0.108119 0 -0.994138
      outer loop
         vertex 0.0795581 -0.0345313 -0.456148
         vertex 0.0793765 -0.0345313 -0.456178
         vertex 0.0793765 -0.0255313 -0.456178
      endloop
   endfacet
   facet normal 0 0 -1
      outer loop
         vertex 0.0797419 -0.0345313 -0.456138
         vertex 0.0795581 -0.0345313 -0.456148
         vertex 0.0795581 -0.0255313 -0.456148
      endloop
   endfacet
   facet normal -0.108119 0 -0.994138
      outer loop
         vertex 0.0799257 -0.0345313 -0.456148
         vertex 0.0797419 -0.0345313 -0.456138
         vertex 0.0797419 -0.0255313 -0.456138
      endloop
   endfacet
   facet normal -0.21497 0 -0.976621
      outer loop
         vertex 0.0801074 -0.0345313 -0.456178
         vertex 0.0799257 -0.0345313 -0.456148
         vertex 0.0799257 -0.0255313 -0.456148
      endloop
   endfacet
   facet normal -0.319302 0 -0.947653
      outer loop
         vertex 0.0802847 -0.0345313 -0.456227
         vertex 0.0801074 -0.0345313 -0.456178
         vertex 0.0801074 -0.0255313 -0.456178
      endloop
   endfacet
   facet normal -0.419889 0 -0.907575
      outer loop
         vertex 0.0804557 -0.0345313 -0.456295
         vertex 0.0802847 -0.0345313 -0.456227
         vertex 0.0802847 -0.0255313 -0.456227
      endloop
   endfacet
   facet normal -0.515554 0 -0.856857
      outer loop
         vertex 0.0806184 -0.0345313 -0.456381
         vertex 0.0804557 -0.0345313 -0.456295
         vertex 0.0804557 -0.0255313 -0.456295
      endloop
   endfacet
   facet normal -0.605174 0 -0.796093
      outer loop
         vertex 0.0807707 -0.0345313 -0.456485
         vertex 0.0806184 -0.0345313 -0.456381
         vertex 0.0806184 -0.0255313 -0.456381
      endloop
   endfacet
   facet normal -0.687699 0 -0.725995
      outer loop
         vertex 0.080911 -0.0345313 -0.456604
         vertex 0.0807707 -0.0345313 -0.456485
         vertex 0.0807707 -0.0255313 -0.456485
      endloop
   endfacet
   facet normal -0.762162 0 -0.647386
      outer loop
         vertex 0.0810376 -0.0345313 -0.456737
         vertex 0.080911 -0.0345313 -0.456604
         vertex 0.080911 -0.0255313 -0.456604
      endloop
   endfacet
   facet normal -0.827689 0 -0.561187
      outer loop
         vertex 0.081149 -0.0345313 -0.456884
         vertex 0.0810376 -0.0345313 -0.456737
         vertex 0.0810376 -0.0255313 -0.456737
      endloop
   endfacet
   facet normal -0.883512 0 -0.468408
      outer loop
         vertex 0.0812439 -0.0345313 -0.457042
         vertex 0.081149 -0.0345313 -0.456884
         vertex 0.081149 -0.0255313 -0.456884
      endloop
   endfacet
   facet normal -0.928977 0 -0.370138
      outer loop
         vertex 0.0813212 -0.0345313 -0.457209
         vertex 0.0812439 -0.0345313 -0.457042
         vertex 0.0812439 -0.0255313 -0.457042
      endloop
   endfacet
   facet normal -0.96355 0 -0.267528
      outer loop
         vertex 0.08138 -0.0345313 -0.457383
         vertex 0.0813212 -0.0345313 -0.457209
         vertex 0.0813212 -0.0255313 -0.457209
      endloop
   endfacet
   facet normal -0.986827 0 -0.161782
      outer loop
         vertex 0.0814195 -0.0345313 -0.457563
         vertex 0.08138 -0.0345313 -0.457383
         vertex 0.08138 -0.0255313 -0.457383
      endloop
   endfacet
   facet normal -0.998533 0 -0.0541389
      outer loop
         vertex 0.0814394 -0.0345313 -0.457746
         vertex 0.0814195 -0.0345313 -0.457563
         vertex 0.0814195 -0.0255313 -0.457563
      endloop
   endfacet
   facet normal -0.998533 0 0.0541389
      outer loop
         vertex 0.0814394 -0.0345313 -0.45793
         vertex 0.0814394 -0.0345313 -0.457746
         vertex 0.0814394 -0.0255313 -0.457746
      endloop
   endfacet
   facet normal -0.986827 0 0.161782
      outer loop
         vertex 0.0814195 -0.0345313 -0.458113
         vertex 0.0814394 -0.0345313 -0.45793
         vertex 0.0814394 -0.0255313 -0.45793
      endloop
   endfacet
   facet normal -0.96355 0 0.267528
      outer loop
         vertex 0.08138 -0.0345313 -0.458293
         vertex 0.0814195 -0.0345313 -0.458113
         vertex 0.0814195 -0.0255313 -0.458113
      endloop
   endfacet
   facet normal -0.928977 0 0.370138
      outer loop
         vertex 0.0813212 -0.0345313 -0.458467
         vertex 0.08138 -0.0345313 -0.458293
         vertex 0.08138 -0.0255313 -0.458293
      endloop
   endfacet
   facet normal -0.883512 0 0.468408
      outer loop
         vertex 0.0812439 -0.0345313 -0.458634
         vertex 0.0813212 -0.0345313 -0.458467
         vertex 0.0813212 -0.0255313 -0.458467
      endloop
   endfacet
   facet normal -0.827689 0 0.561187
      outer loop
         vertex 0.081149 -0.0345313 -0.458792
         vertex 0.0812439 -0.0345313 -0.458634
         vertex 0.0812439 -0.0255313 -0.458634
      endloop
   endfacet
   facet normal -0.762162 0 0.647386
      outer loop
         vertex 0.0810376 -0.0345313 -0.458938
         vertex 0.081149 -0.0345313 -0.458792
         vertex 0.081149 -0.0255313 -0.458792
      endloop
   endfacet
   facet normal -0.687699 0 0.725995
      outer loop
         vertex 0.080911 -0.0345313 -0.459072
         vertex 0.0810376 -0.0345313 -0.458938
         vertex 0.0810376 -0.0255313 -0.458938
      endloop
   endfacet
   facet normal -0.605174 0 0.796093
      outer loop
         vertex 0.0807707 -0.0345313 -0.459191
         vertex 0.080911 -0.0345313 -0.459072
         vertex 0.080911 -0.0255313 -0.459072
      endloop
   endfacet
   facet normal -0.515554 0 0.856857
      outer loop
         vertex 0.0806184 -0.0345313 -0.459295
         vertex 0.0807707 -0.0345313 -0.459191
         vertex 0.0807707 -0.0255313 -0.459191
      endloop
   endfacet
   facet normal -0.419889 0 0.907575
      outer loop
         vertex 0.0804557 -0.0345313 -0.459381
         vertex 0.0806184 -0.0345313 -0.459295
         vertex 0.0806184 -0.0255313 -0.459295
      endloop
   endfacet
   facet normal -0.319302 0 0.947653
      outer loop
         vertex 0.0802847 -0.0345313 -0.459449
         vertex 0.0804557 -0.0345313 -0.459381
         vertex 0.0804557 -0.0255313 -0.459381
      endloop
   endfacet
   facet normal -0.21497 0 0.976621
      outer loop
         vertex 0.0801074 -0.0345313 -0.459498
         vertex 0.0802847 -0.0345313 -0.459449
         vertex 0.0802847 -0.0255313 -0.459449
      endloop
   endfacet
   facet normal -0.108119 0 0.994138
      outer loop
         vertex 0.0799257 -0.0345313 -0.459528
         vertex 0.0801074 -0.0345313 -0.459498
         vertex 0.0801074 -0.0255313 -0.459498
      endloop
   endfacet
   facet normal -2.44929e-16 0 1
      outer loop
         vertex 0.0797419 -0.0345313 -0.459538
         vertex 0.0799257 -0.0345313 -0.459528
         vertex 0.0799257 -0.0255313 -0.459528
      endloop
   endfacet
   facet normal 0 0 -1
      outer loop
         vertex 0.0380719 -0.017614 -0.437838
         vertex 0.0362732 -0.0146245 -0.437838
         vertex 0.0394315 -0.0141368 -0.437838
      endloop
   endfacet
   facet normal 0 0 -1
      outer loop
         vertex 0.0362732 -0.0146245 -0.437838
         vertex 0.0348082 -0.011458 -0.437838
         vertex 0.038044 -0.0114123 -0.437838
      endloop
   endfacet
   facet normal 0 0 -1
      outer loop
         vertex 0.0329442 -0.00474427 -0.437838
         vertex 0.032567 -0.00127577 -0.437838
         vertex 0.0356797 -0.00258456 -0.437838
      endloop
   endfacet
   facet normal 0 0 -1
      outer loop
         vertex 0.038044 -0.0114123 -0.437838
         vertex 0.0394315 -0.0141368 -0.437838
         vertex 0.0362732 -0.0146245 -0.437838
      endloop
   endfacet
   facet normal 0 0 -1
      outer loop
         vertex 0.0348082 -0.011458 -0.437838
         vertex 0.0336942 -0.00815165 -0.437838
         vertex 0.0369487 -0.00855775 -0.437838
      endloop
   endfacet
   facet normal 0 0 -1
      outer loop
         vertex 0.0336942 -0.00815165 -0.437838
         vertex 0.0329442 -0.00474427 -0.437838
         vertex 0.0361577 -0.0056044 -0.437838
      endloop
   endfacet
   facet normal 0 0 -1
      outer loop
         vertex 0.032567 -0.00127577 -0.437838
         vertex 0.0355197 0.000468706 -0.437838
         vertex 0.0356797 -0.00258456 -0.437838
      endloop
   endfacet
   facet normal 0 0 -1
      outer loop
         vertex 0.0369487 -0.00855775 -0.437838
         vertex 0.038044 -0.0114123 -0.437838
         vertex 0.0348082 -0.011458 -0.437838
      endloop
   endfacet
   facet normal 0 0 -1
      outer loop
         vertex 0.0356797 -0.00258456 -0.437838
         vertex 0.0361577 -0.0056044 -0.437838
         vertex 0.0329442 -0.00474427 -0.437838
      endloop
   endfacet
   facet normal 0 0 -1
      outer loop
         vertex 0.032567 0.00221318 -0.437838
         vertex 0.0356797 0.00352197 -0.437838
         vertex 0.0355197 0.000468706 -0.437838
      endloop
   endfacet
   facet normal 0 0 -1
      outer loop
         vertex 0.0329442 0.00568168 -0.437838
         vertex 0.0361577 0.00654181 -0.437838
         vertex 0.0356797 0.00352197 -0.437838
      endloop
   endfacet
   facet normal 0 0 -1
      outer loop
         vertex 0.0380719 0.0185514 -0.437838
         vertex 0.0410961 0.0176388 -0.437838
         vertex 0.0394315 0.0150742 -0.437838
      endloop
   endfacet
   facet normal 0 0 -1
      outer loop
         vertex 0.0401834 0.0213289 -0.437838
         vertex 0.0430195 0.0200154 -0.437838
         vertex 0.0410961 0.0176388 -0.437838
      endloop
   endfacet
   facet normal 0 0 -1
      outer loop
         vertex 0.0425827 -0.0229245 -0.437838
         vertex 0.0401834 -0.0203915 -0.437838
         vertex 0.0430195 -0.019078 -0.437838
      endloop
   endfacet
   facet normal 0 0 -1
      outer loop
         vertex 0.0401834 -0.0203915 -0.437838
         vertex 0.0380719 -0.017614 -0.437838
         vertex 0.0410961 -0.0167014 -0.437838
      endloop
   endfacet
   facet normal 0 0 -1
      outer loop
         vertex 0.0361577 -0.0056044 -0.437838
         vertex 0.0369487 -0.00855775 -0.437838
         vertex 0.0336942 -0.00815165 -0.437838
      endloop
   endfacet
   facet normal 0 0 -1
      outer loop
         vertex 0.0356797 0.00352197 -0.437838
         vertex 0.032567 0.00221318 -0.437838
         vertex 0.0329442 0.00568168 -0.437838
      endloop
   endfacet
   facet normal 0 0 -1
      outer loop
         vertex 0.0362732 0.0155619 -0.437838
         vertex 0.0394315 0.0150742 -0.437838
         vertex 0.038044 0.0123497 -0.437838
      endloop
   endfacet
   facet normal 0 0 -1
      outer loop
         vertex 0.0410961 0.0176388 -0.437838
         vertex 0.0380719 0.0185514 -0.437838
         vertex 0.0401834 0.0213289 -0.437838
      endloop
   endfacet
   facet normal 0 0 -1
      outer loop
         vertex 0.0425827 0.0238619 -0.437838
         vertex 0.0451807 0.0221781 -0.437838
         vertex 0.0430195 0.0200154 -0.437838
      endloop
   endfacet
   facet normal 0 0 -1
      outer loop
         vertex 0.0452419 0.0261206 -0.437838
         vertex 0.0475561 0.0241031 -0.437838
         vertex 0.0451807 0.0221781 -0.437838
      endloop
   endfacet
   facet normal 0 0 -1
      outer loop
         vertex 0.0512122 0.0297128 -0.437838
         vertex 0.0528431 0.0271587 -0.437838
         vertex 0.0501196 0.0257694 -0.437838
      endloop
   endfacet
   facet normal 0 0 -1
      outer loop
         vertex 0.0512122 0.0297128 -0.437838
         vertex 0.0544533 0.0310042 -0.437838
         vertex 0.0544225 0.0278082 -0.437838
      endloop
   endfacet
   facet normal 0 0 -1
      outer loop
         vertex 0.0410961 -0.0167014 -0.437838
         vertex 0.0430195 -0.019078 -0.437838
         vertex 0.0401834 -0.0203915 -0.437838
      endloop
   endfacet
   facet normal 0 0 -1
      outer loop
         vertex 0.0355197 0.000468706 -0.437838
         vertex 0.032567 -0.00127577 -0.437838
         vertex 0.032567 0.00221318 -0.437838
      endloop
   endfacet
   facet normal 0 0 -1
      outer loop
         vertex 0.0336942 0.00908906 -0.437838
         vertex 0.0369487 0.00949517 -0.437838
         vertex 0.0361577 0.00654181 -0.437838
      endloop
   endfacet
   facet normal 0 0 -1
      outer loop
         vertex 0.0348082 0.0123954 -0.437838
         vertex 0.038044 0.0123497 -0.437838
         vertex 0.0369487 0.00949517 -0.437838
      endloop
   endfacet
   facet normal 0 0 -1
      outer loop
         vertex 0.0394315 0.0150742 -0.437838
         vertex 0.0362732 0.0155619 -0.437838
         vertex 0.0380719 0.0185514 -0.437838
      endloop
   endfacet
   facet normal 0 0 -1
      outer loop
         vertex 0.0451807 0.0221781 -0.437838
         vertex 0.0425827 0.0238619 -0.437838
         vertex 0.0452419 0.0261206 -0.437838
      endloop
   endfacet
   facet normal 0 0 -1
      outer loop
         vertex 0.0481296 0.0280785 -0.437838
         vertex 0.0501196 0.0257694 -0.437838
         vertex 0.0475561 0.0241031 -0.437838
      endloop
   endfacet
   facet normal 0 0 -1
      outer loop
         vertex 0.0544225 0.0278082 -0.437838
         vertex 0.0528431 0.0271587 -0.437838
         vertex 0.0512122 0.0297128 -0.437838
      endloop
   endfacet
   facet normal 0 0 -1
      outer loop
         vertex 0.0481296 -0.0271411 -0.437838
         vertex 0.0501196 -0.024832 -0.437838
         vertex 0.0518449 -0.0257535 -0.437838
      endloop
   endfacet
   facet normal 0 0 -1
      outer loop
         vertex 0.0481296 -0.0271411 -0.437838
         vertex 0.0452419 -0.0251832 -0.437838
         vertex 0.0475561 -0.0231657 -0.437838
      endloop
   endfacet
   facet normal 0 0 -1
      outer loop
         vertex 0.0394315 -0.0141368 -0.437838
         vertex 0.0410961 -0.0167014 -0.437838
         vertex 0.0380719 -0.017614 -0.437838
      endloop
   endfacet
   facet normal 0 0 -1
      outer loop
         vertex 0.0369487 0.00949517 -0.437838
         vertex 0.0336942 0.00908906 -0.437838
         vertex 0.0348082 0.0123954 -0.437838
      endloop
   endfacet
   facet normal 0 0 -1
      outer loop
         vertex 0.0430195 0.0200154 -0.437838
         vertex 0.0401834 0.0213289 -0.437838
         vertex 0.0425827 0.0238619 -0.437838
      endloop
   endfacet
   facet normal 0 0 -1
      outer loop
         vertex 0.0501196 0.0257694 -0.437838
         vertex 0.0481296 0.0280785 -0.437838
         vertex 0.0512122 0.0297128 -0.437838
      endloop
   endfacet
   facet normal 0 0 -1
      outer loop
         vertex 0.0475561 -0.0231657 -0.437838
         vertex 0.0501196 -0.024832 -0.437838
         vertex 0.0481296 -0.0271411 -0.437838
      endloop
   endfacet
   facet normal 0 0 -1
      outer loop
         vertex 0.0452419 -0.0251832 -0.437838
         vertex 0.0425827 -0.0229245 -0.437838
         vertex 0.0451807 -0.0212407 -0.437838
      endloop
   endfacet
   facet normal 0 0 -1
      outer loop
         vertex 0.0361577 0.00654181 -0.437838
         vertex 0.0329442 0.00568168 -0.437838
         vertex 0.0336942 0.00908906 -0.437838
      endloop
   endfacet
   facet normal 0 0 -1
      outer loop
         vertex 0.0475561 0.0241031 -0.437838
         vertex 0.0452419 0.0261206 -0.437838
         vertex 0.0481296 0.0280785 -0.437838
      endloop
   endfacet
   facet normal 0 0 -1
      outer loop
         vertex 0.0647419 -0.0257535 -0.437838
         vertex 0.0647419 -0.0317535 -0.437838
         vertex 0.0612581 -0.0315646 -0.437838
      endloop
   endfacet
   facet normal 0 0 -1
      outer loop
         vertex 0.0451807 -0.0212407 -0.437838
         vertex 0.0475561 -0.0231657 -0.437838
         vertex 0.0452419 -0.0251832 -0.437838
      endloop
   endfacet
   facet normal 0 0 -1
      outer loop
         vertex 0.038044 0.0123497 -0.437838
         vertex 0.0348082 0.0123954 -0.437838
         vertex 0.0362732 0.0155619 -0.437838
      endloop
   endfacet
   facet normal 0 0 -1
      outer loop
         vertex 0.0647419 0.0278082 -0.437838
         vertex 0.0578151 0.0319376 -0.437838
         vertex 0.0612581 0.032502 -0.437838
      endloop
   endfacet
   facet normal 0 0 -1
      outer loop
         vertex 0.0544225 0.0278082 -0.437838
         vertex 0.0544533 0.0310042 -0.437838
         vertex 0.0578151 0.0319376 -0.437838
      endloop
   endfacet
   facet normal 0 0 -1
      outer loop
         vertex 0.0518449 -0.0257535 -0.437838
         vertex 0.0647419 -0.0257535 -0.437838
         vertex 0.0544533 -0.0300668 -0.437838
      endloop
   endfacet
   facet normal 0 0 -1
      outer loop
         vertex 0.0612581 -0.0315646 -0.437838
         vertex 0.0578151 -0.0310002 -0.437838
         vertex 0.0647419 -0.0257535 -0.437838
      endloop
   endfacet
   facet normal 0 0 -1
      outer loop
         vertex 0.0430195 -0.019078 -0.437838
         vertex 0.0451807 -0.0212407 -0.437838
         vertex 0.0425827 -0.0229245 -0.437838
      endloop
   endfacet
   facet normal 0 0 -1
      outer loop
         vertex 0.0578151 0.0319376 -0.437838
         vertex 0.0647419 0.0278082 -0.437838
         vertex 0.0544225 0.0278082 -0.437838
      endloop
   endfacet
   facet normal 0 0 -1
      outer loop
         vertex 0.0578151 -0.0310002 -0.437838
         vertex 0.0544533 -0.0300668 -0.437838
         vertex 0.0647419 -0.0257535 -0.437838
      endloop
   endfacet
   facet normal 0 0 -1
      outer loop
         vertex 0.0612581 0.032502 -0.437838
         vertex 0.0647419 0.0326909 -0.437838
         vertex 0.0647419 0.0278082 -0.437838
      endloop
   endfacet
   facet normal 0 0 -1
      outer loop
         vertex 0.0518449 -0.0257535 -0.437838
         vertex 0.0512122 -0.0287754 -0.437838
         vertex 0.0481296 -0.0271411 -0.437838
      endloop
   endfacet
   facet normal 0 0 -1
      outer loop
         vertex 0.0544533 -0.0300668 -0.437838
         vertex 0.0512122 -0.0287754 -0.437838
         vertex 0.0518449 -0.0257535 -0.437838
      endloop
   endfacet
   facet normal 0 -0.993884 0.110432
      outer loop
         vertex 0.0647419 0.0268143 -0.436727
         vertex 0.0518275 0.0268083 -0.43682
         vertex 0.0518307 0.0268084 -0.436832
      endloop
   endfacet
   facet normal 0 -0.993884 0.110432
      outer loop
         vertex 0.0647419 0.0268143 -0.436727
         vertex 0.0518162 0.0268143 -0.436727
         vertex 0.0518197 0.0268102 -0.436774
      endloop
   endfacet
   facet normal 0 -0.997951 0.0639813
      outer loop
         vertex 0.0518197 0.0268102 -0.436774
         vertex 0.0518275 0.0268083 -0.43682
         vertex 0.0647419 0.0268143 -0.436727
      endloop
   endfacet
   facet normal 1.22463e-16 -0.999985 0.00556635
      outer loop
         vertex 0.0647419 0.0268082 -0.436832
         vertex 0.0518667 0.0268131 -0.436937
         vertex 0.0518669 0.0268132 -0.436937
      endloop
   endfacet
   facet normal 1.22463e-16 -0.999985 0.00556635
      outer loop
         vertex 0.0647419 0.0268082 -0.436832
         vertex 0.0518465 0.0268094 -0.436887
         vertex 0.0518667 0.0268131 -0.436937
      endloop
   endfacet
   facet normal 1.22463e-16 -0.999985 0.00556635
      outer loop
         vertex 0.0647419 0.0268082 -0.436832
         vertex 0.0518398 0.0268086 -0.436867
         vertex 0.0518465 0.0268094 -0.436887
      endloop
   endfacet
   facet normal 1.22463e-16 -0.999985 0.00556635
      outer loop
         vertex 0.0647419 0.0268082 -0.436832
         vertex 0.0518307 0.0268084 -0.436832
         vertex 0.0518398 0.0268086 -0.436867
      endloop
   endfacet
   facet normal 1.21859e-16 -0.995052 -0.0993603
      outer loop
         vertex 0.0647419 0.0268131 -0.436937
         vertex 0.0518969 0.0268206 -0.436995
         vertex 0.0519264 0.0268294 -0.437041
      endloop
   endfacet
   facet normal 1.21859e-16 -0.995052 -0.0993603
      outer loop
         vertex 0.0647419 0.0268131 -0.436937
         vertex 0.0518669 0.0268132 -0.436937
         vertex 0.0518969 0.0268206 -0.436995
      endloop
   endfacet
   facet normal 1.1991e-16 -0.979139 -0.203191
      outer loop
         vertex 0.0647419 0.0268291 -0.437041
         vertex 0.0519964 0.0268522 -0.437131
         vertex 0.0520076 0.0268561 -0.437143
      endloop
   endfacet
   facet normal 1.1991e-16 -0.979139 -0.203191
      outer loop
         vertex 0.0647419 0.0268291 -0.437041
         vertex 0.0519425 0.0268342 -0.437065
         vertex 0.0519964 0.0268522 -0.437131
      endloop
   endfacet
   facet normal 1.1991e-16 -0.979139 -0.203191
      outer loop
         vertex 0.0647419 0.0268291 -0.437041
         vertex 0.0519348 0.0268318 -0.437054
         vertex 0.0519425 0.0268342 -0.437065
      endloop
   endfacet
   facet normal 1.1991e-16 -0.979139 -0.203191
      outer loop
         vertex 0.0647419 0.0268291 -0.437041
         vertex 0.0519264 0.0268294 -0.437041
         vertex 0.0519348 0.0268318 -0.437054
      endloop
   endfacet
   facet normal 1.16638e-16 -0.952423 -0.304779
      outer loop
         vertex 0.0647419 0.0268558 -0.437143
         vertex 0.0520684 0.0268778 -0.437204
         vertex 0.0521116 0.026894 -0.43724
      endloop
   endfacet
   facet normal 1.16638e-16 -0.952423 -0.304779
      outer loop
         vertex 0.0647419 0.0268558 -0.437143
         vertex 0.0520076 0.0268561 -0.437143
         vertex 0.0520684 0.0268778 -0.437204
      endloop
   endfacet
   facet normal 1.12079e-16 -0.915198 -0.403004
      outer loop
         vertex 0.0647419 0.026893 -0.437241
         vertex 0.0521699 0.0269158 -0.437289
         vertex 0.0522362 0.0269416 -0.437334
      endloop
   endfacet
   facet normal 1.12079e-16 -0.915198 -0.403004
      outer loop
         vertex 0.0647419 0.026893 -0.437241
         vertex 0.0521116 0.026894 -0.43724
         vertex 0.0521699 0.0269158 -0.437289
      endloop
   endfacet
   facet normal 1.06284e-16 -0.867875 -0.496783
      outer loop
         vertex 0.0647419 0.0269403 -0.437335
         vertex 0.0523098 0.0269703 -0.437384
         vertex 0.0523811 0.0269987 -0.437422
      endloop
   endfacet
   facet normal 1.06284e-16 -0.867875 -0.496783
      outer loop
         vertex 0.0647419 0.0269403 -0.437335
         vertex 0.0522362 0.0269416 -0.437334
         vertex 0.0523098 0.0269703 -0.437384
      endloop
   endfacet
   facet normal 9.93159e-17 -0.810976 -0.58508
      outer loop
         vertex 0.0647419 0.0269972 -0.437423
         vertex 0.0525009 0.0270466 -0.437486
         vertex 0.052544 0.027064 -0.437504
      endloop
   endfacet
   facet normal 9.93159e-17 -0.810976 -0.58508
      outer loop
         vertex 0.0647419 0.0269972 -0.437423
         vertex 0.0523811 0.0269987 -0.437422
         vertex 0.0525009 0.0270466 -0.437486
      endloop
   endfacet
   facet normal 9.12519e-17 -0.745128 -0.666921
      outer loop
         vertex 0.0647419 0.0270631 -0.437505
         vertex 0.0527203 0.0271353 -0.437578
         vertex 0.0527251 0.0271373 -0.437579
      endloop
   endfacet
   facet normal 9.12519e-17 -0.745128 -0.666921
      outer loop
         vertex 0.0647419 0.0270631 -0.437505
         vertex 0.052544 0.027064 -0.437504
         vertex 0.0527203 0.0271353 -0.437578
      endloop
   endfacet
   facet normal 8.2181e-17 -0.671059 -0.741404
      outer loop
         vertex 0.0647419 0.0271371 -0.437579
         vertex 0.0527251 0.0271373 -0.437579
         vertex 0.0528331 0.0271811 -0.437612
      endloop
   endfacet
   facet normal 0 -0.629388 -0.777091
      outer loop
         vertex 0.0528331 0.0271811 -0.437612
         vertex 0.0647419 0.0272186 -0.437646
         vertex 0.0647419 0.0271371 -0.437579
      endloop
   endfacet
   facet normal 7.22034e-17 -0.589585 -0.807706
      outer loop
         vertex 0.0647419 0.0272186 -0.437646
         vertex 0.0530845 0.0272831 -0.437689
         vertex 0.0531464 0.0273079 -0.4377
      endloop
   endfacet
   facet normal 7.22034e-17 -0.589585 -0.807706
      outer loop
         vertex 0.0647419 0.0272186 -0.437646
         vertex 0.0529317 0.0272211 -0.437642
         vertex 0.0530845 0.0272831 -0.437689
      endloop
   endfacet
   facet normal 6.1429e-17 -0.501606 -0.865096
      outer loop
         vertex 0.0647419 0.0273066 -0.437703
         vertex 0.0531464 0.0273079 -0.4377
         vertex 0.0533839 0.027403 -0.437744
      endloop
   endfacet
   facet normal 4.99769e-17 -0.408092 -0.912941
      outer loop
         vertex 0.0647419 0.0274001 -0.437751
         vertex 0.0533839 0.027403 -0.437744
         vertex 0.0536214 0.0274982 -0.437788
      endloop
   endfacet
   facet normal 3.79733e-17 -0.310076 -0.950712
      outer loop
         vertex 0.0647419 0.0274981 -0.437789
         vertex 0.0536236 0.0274991 -0.437789
         vertex 0.0538831 0.0276005 -0.437812
      endloop
   endfacet
   facet normal 3.79733e-17 -0.310076 -0.950712
      outer loop
         vertex 0.0647419 0.0274981 -0.437789
         vertex 0.0536214 0.0274982 -0.437788
         vertex 0.0536236 0.0274991 -0.437789
      endloop
   endfacet
   facet normal 2.55507e-17 -0.208638 -0.977993
      outer loop
         vertex 0.0647419 0.0275996 -0.437816
         vertex 0.0540895 0.0276811 -0.43783
         vertex 0.0541478 0.0277034 -0.437831
      endloop
   endfacet
   facet normal 2.55507e-17 -0.208638 -0.977993
      outer loop
         vertex 0.0647419 0.0275996 -0.437816
         vertex 0.0538831 0.0276005 -0.437812
         vertex 0.0540895 0.0276811 -0.43783
      endloop
   endfacet
   facet normal 1.28462e-17 -0.104898 -0.994483
      outer loop
         vertex 0.0647419 0.0277033 -0.437832
         vertex 0.0541478 0.0277034 -0.437831
         vertex 0.0544225 0.0278082 -0.437838
      endloop
   endfacet
   facet normal 0 -9.77177e-14 -1
      outer loop
         vertex 0.0544225 0.0278082 -0.437838
         vertex 0.0647419 0.0278082 -0.437838
         vertex 0.0647419 0.0277033 -0.437832
      endloop
   endfacet
   facet normal 0 -0.104932 -0.994479
      outer loop
         vertex 0.0541478 0.0277034 -0.437831
         vertex 0.0647419 0.0277033 -0.437832
         vertex 0.0647419 0.0275996 -0.437816
      endloop
   endfacet
   facet normal 0 -0.208605 -0.978
      outer loop
         vertex 0.0538831 0.0276005 -0.437812
         vertex 0.0647419 0.0275996 -0.437816
         vertex 0.0647419 0.0274981 -0.437789
      endloop
   endfacet
   facet normal 0 -0.310066 -0.950715
      outer loop
         vertex 0.0536214 0.0274982 -0.437788
         vertex 0.0647419 0.0274981 -0.437789
         vertex 0.0647419 0.0274001 -0.437751
      endloop
   endfacet
   facet normal 0 -0.408031 -0.912968
      outer loop
         vertex 0.0533839 0.027403 -0.437744
         vertex 0.0647419 0.0274001 -0.437751
         vertex 0.0647419 0.0273066 -0.437703
      endloop
   endfacet
   facet normal 0 -0.501772 -0.865
      outer loop
         vertex 0.0531464 0.0273079 -0.4377
         vertex 0.0647419 0.0273066 -0.437703
         vertex 0.0647419 0.0272186 -0.437646
      endloop
   endfacet
   facet normal 0 -0.629388 -0.777091
      outer loop
         vertex 0.0528331 0.0271811 -0.437612
         vertex 0.0529317 0.0272211 -0.437642
         vertex 0.0647419 0.0272186 -0.437646
      endloop
   endfacet
   facet normal 0 -0.67107 -0.741394
      outer loop
         vertex 0.0527251 0.0271373 -0.437579
         vertex 0.0647419 0.0271371 -0.437579
         vertex 0.0647419 0.0270631 -0.437505
      endloop
   endfacet
   facet normal 0 -0.745153 -0.666893
      outer loop
         vertex 0.052544 0.027064 -0.437504
         vertex 0.0647419 0.0270631 -0.437505
         vertex 0.0647419 0.0269972 -0.437423
      endloop
   endfacet
   facet normal 0 -0.810989 -0.585061
      outer loop
         vertex 0.0523811 0.0269987 -0.437422
         vertex 0.0647419 0.0269972 -0.437423
         vertex 0.0647419 0.0269403 -0.437335
      endloop
   endfacet
   facet normal 0 -0.867877 -0.49678
      outer loop
         vertex 0.0522362 0.0269416 -0.437334
         vertex 0.0647419 0.0269403 -0.437335
         vertex 0.0647419 0.026893 -0.437241
      endloop
   endfacet
   facet normal 0 -0.915201 -0.402999
      outer loop
         vertex 0.0521116 0.026894 -0.43724
         vertex 0.0647419 0.026893 -0.437241
         vertex 0.0647419 0.0268558 -0.437143
      endloop
   endfacet
   facet normal 0 -0.952426 -0.30477
      outer loop
         vertex 0.0520076 0.0268561 -0.437143
         vertex 0.0647419 0.0268558 -0.437143
         vertex 0.0647419 0.0268291 -0.437041
      endloop
   endfacet
   facet normal 0 -0.979138 -0.203195
      outer loop
         vertex 0.0519264 0.0268294 -0.437041
         vertex 0.0647419 0.0268291 -0.437041
         vertex 0.0647419 0.0268131 -0.436937
      endloop
   endfacet
   facet normal 0 -0.995052 -0.09936
      outer loop
         vertex 0.0518669 0.0268132 -0.436937
         vertex 0.0647419 0.0268131 -0.436937
         vertex 0.0647419 0.0268082 -0.436832
      endloop
   endfacet
   facet normal 0 -0.999984 0.00556863
      outer loop
         vertex 0.0518307 0.0268084 -0.436832
         vertex 0.0647419 0.0268082 -0.436832
         vertex 0.0647419 0.0268143 -0.436727
      endloop
   endfacet
   facet normal -1 -1.22465e-16 0
      outer loop
         vertex 0.0647419 0.0264687 -0.439838
         vertex 0.0647419 0.0268291 -0.437041
         vertex 0.0647419 0.0268558 -0.437143
      endloop
   endfacet
   facet normal -1 -1.22465e-16 0
      outer loop
         vertex 0.0647419 0.0264687 -0.439838
         vertex 0.0647419 0.026893 -0.437241
         vertex 0.0647419 0.0269403 -0.437335
      endloop
   endfacet
   facet normal -1 -1.22465e-16 0
      outer loop
         vertex 0.0647419 0.0264687 -0.439838
         vertex 0.0647419 0.0268131 -0.436937
         vertex 0.0647419 0.0268291 -0.437041
      endloop
   endfacet
   facet normal -1 -1.22465e-16 0
      outer loop
         vertex 0.0647419 0.0264687 -0.439838
         vertex 0.0647419 0.0268143 -0.436727
         vertex 0.0647419 0.0268082 -0.436832
      endloop
   endfacet
   facet normal -1 -1.22465e-16 0
      outer loop
         vertex 0.0647419 0.0264687 -0.439838
         vertex 0.0647419 0.0270631 -0.437505
         vertex 0.0647419 0.0271371 -0.437579
      endloop
   endfacet
   facet normal -1 -1.22465e-16 0
      outer loop
         vertex 0.0647419 0.0269403 -0.437335
         vertex 0.0647419 0.0269972 -0.437423
         vertex 0.0647419 0.0264687 -0.439838
      endloop
   endfacet
   facet normal -1 -1.22465e-16 0
      outer loop
         vertex 0.0647419 0.0268082 -0.436832
         vertex 0.0647419 0.0268131 -0.436937
         vertex 0.0647419 0.0264687 -0.439838
      endloop
   endfacet
   facet normal -1 -1.22465e-16 0
      outer loop
         vertex 0.0647419 0.0264687 -0.457838
         vertex 0.0647419 0.0278082 -0.437838
         vertex 0.0647419 0.0326909 -0.437838
      endloop
   endfacet
   facet normal -1 -1.22465e-16 0
      outer loop
         vertex 0.0647419 0.0275996 -0.437816
         vertex 0.0647419 0.0264687 -0.457838
         vertex 0.0647419 0.0264687 -0.439838
      endloop
   endfacet
   facet normal -1 -1.22465e-16 0
      outer loop
         vertex 0.0647419 0.0264687 -0.439838
         vertex 0.0647419 0.0273066 -0.437703
         vertex 0.0647419 0.0274001 -0.437751
      endloop
   endfacet
   facet normal -1 -1.22465e-16 0
      outer loop
         vertex 0.0647419 0.0271371 -0.437579
         vertex 0.0647419 0.0272186 -0.437646
         vertex 0.0647419 0.0264687 -0.439838
      endloop
   endfacet
   facet normal -1 -1.22465e-16 0
      outer loop
         vertex 0.0647419 0.0268558 -0.437143
         vertex 0.0647419 0.026893 -0.437241
         vertex 0.0647419 0.0264687 -0.439838
      endloop
   endfacet
   facet normal -1 -1.22465e-16 0
      outer loop
         vertex 0.0647419 0.0264687 -0.457838
         vertex 0.0647419 0.0277033 -0.437832
         vertex 0.0647419 0.0278082 -0.437838
      endloop
   endfacet
   facet normal -1 -1.22465e-16 0
      outer loop
         vertex 0.0647419 0.0274001 -0.437751
         vertex 0.0647419 0.0274981 -0.437789
         vertex 0.0647419 0.0264687 -0.439838
      endloop
   endfacet
   facet normal -1 -1.22465e-16 0
      outer loop
         vertex 0.0647419 0.0269972 -0.437423
         vertex 0.0647419 0.0270631 -0.437505
         vertex 0.0647419 0.0264687 -0.439838
      endloop
   endfacet
   facet normal -1 -1.22465e-16 0
      outer loop
         vertex 0.0647419 0.0264687 -0.457838
         vertex 0.0647419 0.0275996 -0.437816
         vertex 0.0647419 0.0277033 -0.437832
      endloop
   endfacet
   facet normal -1 -1.22465e-16 0
      outer loop
         vertex 0.0647419 0.0272186 -0.437646
         vertex 0.0647419 0.0273066 -0.437703
         vertex 0.0647419 0.0264687 -0.439838
      endloop
   endfacet
   facet normal -1 -1.22465e-16 0
      outer loop
         vertex 0.0647419 0.0354687 -0.424708
         vertex 0.0647419 0.0354687 -0.457838
         vertex 0.0647419 0.0326909 -0.437838
      endloop
   endfacet
   facet normal -1 -1.22465e-16 0
      outer loop
         vertex 0.0647419 0.0264687 -0.439838
         vertex 0.0647419 0.0274981 -0.437789
         vertex 0.0647419 0.0275996 -0.437816
      endloop
   endfacet
   facet normal -1 -1.22465e-16 0
      outer loop
         vertex 0.0647419 0.0326909 -0.437838
         vertex 0.0647419 0.0354687 -0.457838
         vertex 0.0647419 0.0264687 -0.457838
      endloop
   endfacet
   facet normal -1 -1.22465e-16 0
      outer loop
         vertex 0.0647419 0.0326909 -0.437838
         vertex 0.0647419 0.034344 -0.42296
         vertex 0.0647419 0.0354687 -0.424708
      endloop
   endfacet
   facet normal 0.398604 0.740459 0.541143
      outer loop
         vertex 0.0807881 0.0302766 -0.42296
         vertex 0.0835826 0.0354687 -0.432088
         vertex 0.0814995 0.0354687 -0.430621
      endloop
   endfacet
   facet normal 0.353098 0.763208 0.541143
      outer loop
         vertex 0.0789658 0.0312131 -0.42296
         vertex 0.0814995 0.0354687 -0.430621
         vertex 0.0793361 0.0354687 -0.429247
      endloop
   endfacet
   facet normal 0.32364 0.776158 0.541143
      outer loop
         vertex 0.0793361 0.0354687 -0.429247
         vertex 0.0777623 0.0316926 -0.42296
         vertex 0.0789658 0.0312131 -0.42296
      endloop
   endfacet
   facet normal 0.323657 0.776151 0.541143
      outer loop
         vertex 0.0777623 0.0316926 -0.42296
         vertex 0.0793361 0.0354687 -0.429247
         vertex 0.0774053 0.0354687 -0.428159
      endloop
   endfacet
   facet normal 0.268511 0.796911 0.541143
      outer loop
         vertex 0.0755584 0.0325707 -0.42296
         vertex 0.0774053 0.0354687 -0.428159
         vertex 0.0754266 0.0354687 -0.427186
      endloop
   endfacet
   facet normal 0.245531 0.804288 0.541143
      outer loop
         vertex 0.0754266 0.0354687 -0.427186
         vertex 0.0746223 0.0328306 -0.42296
         vertex 0.0755584 0.0325707 -0.42296
      endloop
   endfacet
   facet normal 0.206556 0.815168 0.541143
      outer loop
         vertex 0.0736106 0.0354687 -0.426427
         vertex 0.0717467 0.0354687 -0.425787
         vertex 0.0720241 0.033552 -0.42296
      endloop
   endfacet
   facet normal 0.245554 0.804281 0.541143
      outer loop
         vertex 0.0746223 0.0328306 -0.42296
         vertex 0.0754266 0.0354687 -0.427186
         vertex 0.0736106 0.0354687 -0.426427
      endloop
   endfacet
   facet normal 0.165029 0.824579 0.541143
      outer loop
         vertex 0.0717467 0.0354687 -0.425787
         vertex 0.0713851 0.0336568 -0.42296
         vertex 0.0720241 0.033552 -0.42296
      endloop
   endfacet
   facet normal 0.0909206 0.836001 0.541143
      outer loop
         vertex 0.0684045 0.0341454 -0.42296
         vertex 0.0713851 0.0336568 -0.42296
         vertex 0.0699959 0.0354687 -0.425317
      endloop
   endfacet
   facet normal 0.0829186 0.836833 0.541143
      outer loop
         vertex 0.0682099 0.0354687 -0.424974
         vertex 0.0680813 0.0341629 -0.42296
         vertex 0.0684045 0.0341454 -0.42296
      endloop
   endfacet
   facet normal 0.165054 0.824574 0.541143
      outer loop
         vertex 0.0713851 0.0336568 -0.42296
         vertex 0.0717467 0.0354687 -0.425787
         vertex 0.0699959 0.0354687 -0.425317
      endloop
   endfacet
   facet normal 0 0.840931 0.541143
      outer loop
         vertex 0.0647419 0.034344 -0.42296
         vertex 0.0680813 0.0341629 -0.42296
         vertex 0.0664767 0.0354687 -0.424775
      endloop
   endfacet
   facet normal 0.0829362 0.836831 0.541143
      outer loop
         vertex 0.0680813 0.0341629 -0.42296
         vertex 0.0682099 0.0354687 -0.424974
         vertex 0.0664767 0.0354687 -0.424775
      endloop
   endfacet
   facet normal 0.398595 0.740464 0.541143
      outer loop
         vertex 0.0835826 0.0354687 -0.432088
         vertex 0.0842216 0.0298708 -0.425127
         vertex 0.084543 0.0298636 -0.425406
      endloop
   endfacet
   facet normal 0.398595 0.740464 0.541143
      outer loop
         vertex 0.0835826 0.0354687 -0.432088
         vertex 0.0807881 0.0302766 -0.42296
         vertex 0.0814596 0.0299315 -0.42296
      endloop
   endfacet
   facet normal 0.415004 0.731393 0.541143
      outer loop
         vertex 0.0814596 0.0299315 -0.42296
         vertex 0.0842216 0.0298708 -0.425127
         vertex 0.0835826 0.0354687 -0.432088
      endloop
   endfacet
   facet normal 0.469817 0.69745 0.541143
      outer loop
         vertex 0.084543 0.0298636 -0.425406
         vertex 0.0883075 0.0354687 -0.435887
         vertex 0.0859845 0.0354687 -0.433942
      endloop
   endfacet
   facet normal 0.469664 0.697553 0.541143
      outer loop
         vertex 0.0883075 0.0354687 -0.435887
         vertex 0.0869198 0.0298104 -0.427475
         vertex 0.0890032 0.0297641 -0.429443
      endloop
   endfacet
   facet normal 0.469664 0.697553 0.541143
      outer loop
         vertex 0.0883075 0.0354687 -0.435887
         vertex 0.084543 0.0298636 -0.425406
         vertex 0.0869198 0.0298104 -0.427475
      endloop
   endfacet
   facet normal 0.53637 0.647666 0.541143
      outer loop
         vertex 0.0890032 0.0297641 -0.429443
         vertex 0.0937114 0.0354687 -0.440925
         vertex 0.0910473 0.0354687 -0.438357
      endloop
   endfacet
   facet normal 0.536194 0.647812 0.541143
      outer loop
         vertex 0.0937114 0.0354687 -0.440925
         vertex 0.0890032 0.0297641 -0.429443
         vertex 0.0938503 0.033689 -0.438956
      endloop
   endfacet
   facet normal 0.554195 0.632481 0.541143
      outer loop
         vertex 0.0938503 0.033689 -0.438956
         vertex 0.0890032 0.0297641 -0.429443
         vertex 0.0895598 0.0297518 -0.429969
      endloop
   endfacet
   facet normal 0.593909 0.595346 0.541143
      outer loop
         vertex 0.0939297 0.0297271 -0.434541
         vertex 0.0895598 0.0297518 -0.429969
         vertex 0.0927933 0.0296818 -0.433256
      endloop
   endfacet
   facet normal 0.582444 0.606567 0.541143
      outer loop
         vertex 0.0927933 0.0296818 -0.433256
         vertex 0.0939312 0.029658 -0.434467
         vertex 0.0939297 0.0297271 -0.434541
      endloop
   endfacet
   facet normal 0.543702 0.641524 0.541143
      outer loop
         vertex 0.0895598 0.0297518 -0.429969
         vertex 0.0939297 0.0297271 -0.434541
         vertex 0.0938503 0.033689 -0.438956
      endloop
   endfacet
   facet normal 0.554195 0.632481 0.541143
      outer loop
         vertex 0.0938503 0.033689 -0.438956
         vertex 0.0938166 0.0354687 -0.441026
         vertex 0.0937114 0.0354687 -0.440925
      endloop
   endfacet
   facet normal 0.53637 0.647666 0.541143
      outer loop
         vertex 0.0890032 0.0297641 -0.429443
         vertex 0.0910473 0.0354687 -0.438357
         vertex 0.0883075 0.0354687 -0.435887
      endloop
   endfacet
   facet normal 0.469817 0.69745 0.541143
      outer loop
         vertex 0.084543 0.0298636 -0.425406
         vertex 0.0859845 0.0354687 -0.433942
         vertex 0.0835826 0.0354687 -0.432088
      endloop
   endfacet
   facet normal 0.0416304 0.8399 0.541143
      outer loop
         vertex 0.0664767 0.0354687 -0.424775
         vertex 0.0647419 0.0354687 -0.424708
         vertex 0.0647419 0.034344 -0.42296
      endloop
   endfacet
   facet normal 0.124836 0.831613 0.541143
      outer loop
         vertex 0.0699959 0.0354687 -0.425317
         vertex 0.0682099 0.0354687 -0.424974
         vertex 0.0684045 0.0341454 -0.42296
      endloop
   endfacet
   facet normal 0.180775 0.82127 0.541143
      outer loop
         vertex 0.0720241 0.033552 -0.42296
         vertex 0.0746223 0.0328306 -0.42296
         vertex 0.0736106 0.0354687 -0.426427
      endloop
   endfacet
   facet normal 0.286108 0.790764 0.541143
      outer loop
         vertex 0.0774053 0.0354687 -0.428159
         vertex 0.0755584 0.0325707 -0.42296
         vertex 0.0777623 0.0316926 -0.42296
      endloop
   endfacet
   facet normal 0.363149 0.758477 0.541143
      outer loop
         vertex 0.0814995 0.0354687 -0.430621
         vertex 0.0789658 0.0312131 -0.42296
         vertex 0.0807881 0.0302766 -0.42296
      endloop
   endfacet
   facet normal 0.587595 0.559203 0.584828
      outer loop
         vertex 0.0896476 0.0295871 -0.429881
         vertex 0.092877 0.0295153 -0.433178
         vertex 0.0927933 0.0296818 -0.433256
      endloop
   endfacet
   facet normal 0.659771 0.434684 0.612986
      outer loop
         vertex 0.0929479 0.0293381 -0.433112
         vertex 0.092877 0.0295153 -0.433178
         vertex 0.0896476 0.0295871 -0.429881
      endloop
   endfacet
   facet normal 0.688524 0.341642 0.6397
      outer loop
         vertex 0.0930054 0.029152 -0.433058
         vertex 0.0929479 0.0293381 -0.433112
         vertex 0.0897229 0.0294106 -0.429806
      endloop
   endfacet
   facet normal 0.710255 0.245115 0.659891
      outer loop
         vertex 0.0930489 0.0289589 -0.433018
         vertex 0.0930054 0.029152 -0.433058
         vertex 0.089785 0.0292241 -0.429744
      endloop
   endfacet
   facet normal 0.724744 0.14609 0.673352
      outer loop
         vertex 0.0930779 0.0287609 -0.432991
         vertex 0.0930489 0.0289589 -0.433018
         vertex 0.0898331 0.0290296 -0.429697
      endloop
   endfacet
   facet normal 0.731843 0.0455746 0.679948
      outer loop
         vertex 0.0930921 0.0285599 -0.432978
         vertex 0.0930779 0.0287609 -0.432991
         vertex 0.0898667 0.0288291 -0.429663
      endloop
   endfacet
   facet normal 0.731479 -0.0554054 0.679609
      outer loop
         vertex 0.0930913 0.0283579 -0.432979
         vertex 0.0930921 0.0285599 -0.432978
         vertex 0.0898856 0.0286248 -0.429644
      endloop
   endfacet
   facet normal 0.723656 -0.15582 0.672341
      outer loop
         vertex 0.0930757 0.0281571 -0.432993
         vertex 0.0930913 0.0283579 -0.432979
         vertex 0.0898895 0.0284189 -0.42964
      endloop
   endfacet
   facet normal 0.708453 -0.254646 0.658217
      outer loop
         vertex 0.0930453 0.0279594 -0.433021
         vertex 0.0930757 0.0281571 -0.432993
         vertex 0.0898784 0.0282134 -0.429651
      endloop
   endfacet
   facet normal 0.686027 -0.350876 0.63738
      outer loop
         vertex 0.0930004 0.027767 -0.433063
         vertex 0.0930453 0.0279594 -0.433021
         vertex 0.0898523 0.0280107 -0.429677
      endloop
   endfacet
   facet normal 0.656604 -0.443527 0.610044
      outer loop
         vertex 0.0929416 0.0275817 -0.433118
         vertex 0.0930004 0.027767 -0.433063
         vertex 0.0898116 0.0278129 -0.429718
      endloop
   endfacet
   facet normal 0.620487 -0.531656 0.576488
      outer loop
         vertex 0.0928693 0.0274054 -0.433185
         vertex 0.0929416 0.0275817 -0.433118
         vertex 0.0897566 0.027622 -0.429773
      endloop
   endfacet
   facet normal 0.578042 -0.614363 0.537053
      outer loop
         vertex 0.0927845 0.02724 -0.433264
         vertex 0.0928693 0.0274054 -0.433185
         vertex 0.0896881 0.0274401 -0.429841
      endloop
   endfacet
   facet normal 0.529702 -0.690806 0.492141
      outer loop
         vertex 0.0926878 0.0270871 -0.433354
         vertex 0.0927845 0.02724 -0.433264
         vertex 0.0896066 0.0272691 -0.429922
      endloop
   endfacet
   facet normal 0.475962 -0.760204 0.442211
      outer loop
         vertex 0.0925803 0.0269483 -0.433453
         vertex 0.0926878 0.0270871 -0.433354
         vertex 0.0895131 0.0271108 -0.430015
      endloop
   endfacet
   facet normal 0.417367 -0.82185 0.387771
      outer loop
         vertex 0.0924631 0.026825 -0.433562
         vertex 0.0925803 0.0269483 -0.433453
         vertex 0.0894086 0.026967 -0.430119
      endloop
   endfacet
   facet normal 0.354517 -0.875116 0.329378
      outer loop
         vertex 0.0923374 0.0267185 -0.433679
         vertex 0.0924631 0.026825 -0.433562
         vertex 0.0892941 0.026839 -0.430233
      endloop
   endfacet
   facet normal 0.288051 -0.919458 0.267626
      outer loop
         vertex 0.0922045 0.0266298 -0.433803
         vertex 0.0923374 0.0267185 -0.433679
         vertex 0.089171 0.0267284 -0.430356
      endloop
   endfacet
   facet normal 0.218649 -0.954424 0.203144
      outer loop
         vertex 0.0920657 0.0265599 -0.433932
         vertex 0.0922045 0.0266298 -0.433803
         vertex 0.0890404 0.0266362 -0.430486
      endloop
   endfacet
   facet normal 0.147016 -0.979658 0.136591
      outer loop
         vertex 0.0919224 0.0265094 -0.434065
         vertex 0.0920657 0.0265599 -0.433932
         vertex 0.0889037 0.0265635 -0.430622
      endloop
   endfacet
   facet normal 0.0738849 -0.994901 0.0686457
      outer loop
         vertex 0.0917761 0.0264789 -0.434201
         vertex 0.0919224 0.0265094 -0.434065
         vertex 0.0887625 0.026511 -0.430762
      endloop
   endfacet
   facet normal 0.0738849 -0.994901 0.0686457
      outer loop
         vertex 0.0917761 0.0264789 -0.434201
         vertex 0.0886182 0.0264793 -0.430906
         vertex 0.0884724 0.0264687 -0.431051
      endloop
   endfacet
   facet normal 0.552279 0.589579 0.589393
      outer loop
         vertex 0.0870103 0.0296479 -0.427378
         vertex 0.0896476 0.0295871 -0.429881
         vertex 0.0890032 0.0297641 -0.429443
      endloop
   endfacet
   facet normal 0.587595 0.559203 0.584828
      outer loop
         vertex 0.0896476 0.0295871 -0.429881
         vertex 0.0895598 0.0297518 -0.429969
         vertex 0.0890032 0.0297641 -0.429443
      endloop
   endfacet
   facet normal 0.625252 0.470949 0.622308
      outer loop
         vertex 0.0897229 0.0294106 -0.429806
         vertex 0.0896476 0.0295871 -0.429881
         vertex 0.0870103 0.0296479 -0.427378
      endloop
   endfacet
   facet normal 0.656274 0.377698 0.653184
      outer loop
         vertex 0.089785 0.0292241 -0.429744
         vertex 0.0897229 0.0294106 -0.429806
         vertex 0.0870886 0.0294724 -0.427295
      endloop
   endfacet
   facet normal 0.680332 0.280438 0.677129
      outer loop
         vertex 0.0898331 0.0290296 -0.429697
         vertex 0.089785 0.0292241 -0.429744
         vertex 0.0871539 0.0292858 -0.427225
      endloop
   endfacet
   facet normal 0.69717 0.180202 0.693888
      outer loop
         vertex 0.0898667 0.0288291 -0.429663
         vertex 0.0898331 0.0290296 -0.429697
         vertex 0.0872055 0.0290904 -0.42717
      endloop
   endfacet
   facet normal 0.706611 0.0780545 0.703284
      outer loop
         vertex 0.0898856 0.0286248 -0.429644
         vertex 0.0898667 0.0288291 -0.429663
         vertex 0.0872428 0.028888 -0.42713
      endloop
   endfacet
   facet normal 0.708553 -0.0249216 0.705217
      outer loop
         vertex 0.0898895 0.0284189 -0.42964
         vertex 0.0898856 0.0286248 -0.429644
         vertex 0.0872655 0.0286811 -0.427106
      endloop
   endfacet
   facet normal 0.702976 -0.127633 0.699667
      outer loop
         vertex 0.0898784 0.0282134 -0.429651
         vertex 0.0898895 0.0284189 -0.42964
         vertex 0.0872732 0.0284719 -0.427098
      endloop
   endfacet
   facet normal 0.68994 -0.22899 0.686692
      outer loop
         vertex 0.0898523 0.0280107 -0.429677
         vertex 0.0898784 0.0282134 -0.429651
         vertex 0.0872659 0.0282626 -0.427105
      endloop
   endfacet
   facet normal 0.669582 -0.327918 0.66643
      outer loop
         vertex 0.0898116 0.0278129 -0.429718
         vertex 0.0898523 0.0280107 -0.429677
         vertex 0.0872437 0.0280556 -0.427129
      endloop
   endfacet
   facet normal 0.642119 -0.423365 0.639097
      outer loop
         vertex 0.0897566 0.027622 -0.429773
         vertex 0.0898116 0.0278129 -0.429718
         vertex 0.0872068 0.0278531 -0.427168
      endloop
   endfacet
   facet normal 0.607843 -0.51432 0.604981
      outer loop
         vertex 0.0896881 0.0274401 -0.429841
         vertex 0.0897566 0.027622 -0.429773
         vertex 0.0871556 0.0276574 -0.427223
      endloop
   endfacet
   facet normal 0.567116 -0.599818 0.564446
      outer loop
         vertex 0.0896066 0.0272691 -0.429922
         vertex 0.0896881 0.0274401 -0.429841
         vertex 0.0870907 0.0274705 -0.427292
      endloop
   endfacet
   facet normal 0.52037 -0.67895 0.517921
      outer loop
         vertex 0.0895131 0.0271108 -0.430015
         vertex 0.0896066 0.0272691 -0.429922
         vertex 0.0870128 0.0272947 -0.427375
      endloop
   endfacet
   facet normal 0.468103 -0.750877 0.4659
      outer loop
         vertex 0.0894086 0.026967 -0.430119
         vertex 0.0895131 0.0271108 -0.430015
         vertex 0.0869227 0.0271317 -0.427472
      endloop
   endfacet
   facet normal 0.410869 -0.814837 0.408935
      outer loop
         vertex 0.0892941 0.026839 -0.430233
         vertex 0.0894086 0.026967 -0.430119
         vertex 0.0868215 0.0269834 -0.42758
      endloop
   endfacet
   facet normal 0.349275 -0.870149 0.347631
      outer loop
         vertex 0.089171 0.0267284 -0.430356
         vertex 0.0892941 0.026839 -0.430233
         vertex 0.0867102 0.0268514 -0.427698
      endloop
   endfacet
   facet normal 0.283974 -0.916229 0.282637
      outer loop
         vertex 0.0890404 0.0266362 -0.430486
         vertex 0.089171 0.0267284 -0.430356
         vertex 0.0865901 0.0267372 -0.427827
      endloop
   endfacet
   facet normal 0.21566 -0.952585 0.214645
      outer loop
         vertex 0.0889037 0.0265635 -0.430622
         vertex 0.0890404 0.0266362 -0.430486
         vertex 0.0864625 0.026642 -0.427963
      endloop
   endfacet
   facet normal 0.145057 -0.978833 0.144375
      outer loop
         vertex 0.0887625 0.026511 -0.430762
         vertex 0.0889037 0.0265635 -0.430622
         vertex 0.0863287 0.0265668 -0.428106
      endloop
   endfacet
   facet normal 0.0729156 -0.994694 0.0725723
      outer loop
         vertex 0.0886182 0.0264793 -0.430906
         vertex 0.0887625 0.026511 -0.430762
         vertex 0.0861903 0.0265125 -0.428253
      endloop
   endfacet
   facet normal 0.0729156 -0.994694 0.0725723
      outer loop
         vertex 0.0886182 0.0264793 -0.430906
         vertex 0.0860488 0.0264797 -0.428404
         vertex 0.0859057 0.0264687 -0.428557
      endloop
   endfacet
   facet normal 0.552279 0.589579 0.589393
      outer loop
         vertex 0.0870103 0.0296479 -0.427378
         vertex 0.0869198 0.0298104 -0.427475
         vertex 0.084543 0.0298636 -0.425406
      endloop
   endfacet
   facet normal 0.468487 0.699613 0.539501
      outer loop
         vertex 0.084543 0.0298636 -0.425406
         vertex 0.0843135 0.0297109 -0.42502
         vertex 0.0870103 0.0296479 -0.427378
      endloop
   endfacet
   facet normal 0.591428 0.501829 0.631174
      outer loop
         vertex 0.0870886 0.0294724 -0.427295
         vertex 0.0870103 0.0296479 -0.427378
         vertex 0.0843135 0.0297109 -0.42502
      endloop
   endfacet
   facet normal 0.624085 0.40857 0.666025
      outer loop
         vertex 0.0871539 0.0292858 -0.427225
         vertex 0.0870886 0.0294724 -0.427295
         vertex 0.0843939 0.0295369 -0.424926
      endloop
   endfacet
   facet normal 0.64989 0.310825 0.693564
      outer loop
         vertex 0.0872055 0.0290904 -0.42717
         vertex 0.0871539 0.0292858 -0.427225
         vertex 0.0844617 0.0293507 -0.424847
      endloop
   endfacet
   facet normal 0.66856 0.209668 0.713489
      outer loop
         vertex 0.0872428 0.028888 -0.42713
         vertex 0.0872055 0.0290904 -0.42717
         vertex 0.0845163 0.0291545 -0.424783
      endloop
   endfacet
   facet normal 0.679891 0.10621 0.725581
      outer loop
         vertex 0.0872655 0.0286811 -0.427106
         vertex 0.0872428 0.028888 -0.42713
         vertex 0.0845569 0.0289505 -0.424736
      endloop
   endfacet
   facet normal 0.683757 0.00158505 0.729708
      outer loop
         vertex 0.0872732 0.0284719 -0.427098
         vertex 0.0872655 0.0286811 -0.427106
         vertex 0.0845831 0.028741 -0.424706
      endloop
   endfacet
   facet normal 0.680118 -0.103057 0.725823
      outer loop
         vertex 0.0872659 0.0282626 -0.427105
         vertex 0.0872732 0.0284719 -0.427098
         vertex 0.0845947 0.0285284 -0.424692
      endloop
   endfacet
   facet normal 0.669011 -0.206568 0.71397
      outer loop
         vertex 0.0872437 0.0280556 -0.427129
         vertex 0.0872659 0.0282626 -0.427105
         vertex 0.0845914 0.0283152 -0.424696
      endloop
   endfacet
   facet normal 0.65056 -0.307811 0.69428
      outer loop
         vertex 0.0872068 0.0278531 -0.427168
         vertex 0.0872437 0.0280556 -0.427129
         vertex 0.0845734 0.0281037 -0.424717
      endloop
   endfacet
   facet normal 0 -1 0
      outer loop
         vertex 0.0916284 0.0264687 -0.434338
         vertex 0.0947419 0.0264695 -0.437698
         vertex 0.0947419 0.0264839 -0.437486
      endloop
   endfacet
   facet normal 0 -1 0
      outer loop
         vertex 0.0916284 0.0264687 -0.434338
         vertex 0.0947419 0.0264687 -0.437785
         vertex 0.0947419 0.0264695 -0.437698
      endloop
   endfacet
   facet normal 0.0738849 -0.994901 0.0686457
      outer loop
         vertex 0.0917761 0.0264789 -0.434201
         vertex 0.0947419 0.0264996 -0.437255
         vertex 0.0947419 0.0265108 -0.437189
      endloop
   endfacet
   facet normal 0.0738849 -0.994901 0.0686457
      outer loop
         vertex 0.0917761 0.0264789 -0.434201
         vertex 0.0947419 0.0264839 -0.437486
         vertex 0.0947419 0.0264996 -0.437255
      endloop
   endfacet
   facet normal 0.147016 -0.979658 0.136591
      outer loop
         vertex 0.0919224 0.0265094 -0.434065
         vertex 0.0947419 0.0265108 -0.437189
         vertex 0.0947419 0.02656 -0.436898
      endloop
   endfacet
   facet normal 0.218649 -0.954424 0.203144
      outer loop
         vertex 0.0920657 0.0265599 -0.433932
         vertex 0.0947419 0.0265722 -0.436826
         vertex 0.0947419 0.0266301 -0.436618
      endloop
   endfacet
   facet normal 0.218649 -0.954424 0.203144
      outer loop
         vertex 0.0920657 0.0265599 -0.433932
         vertex 0.0947419 0.02656 -0.436898
         vertex 0.0947419 0.0265722 -0.436826
      endloop
   endfacet
   facet normal 0.288051 -0.919458 0.267626
      outer loop
         vertex 0.0922045 0.0266298 -0.433803
         vertex 0.0947419 0.0266867 -0.436415
         vertex 0.0947419 0.0267137 -0.436345
      endloop
   endfacet
   facet normal 0.288051 -0.919458 0.267626
      outer loop
         vertex 0.0922045 0.0266298 -0.433803
         vertex 0.0947419 0.0266301 -0.436618
         vertex 0.0947419 0.0266867 -0.436415
      endloop
   endfacet
   facet normal 0.354517 -0.875116 0.329378
      outer loop
         vertex 0.0923374 0.0267185 -0.433679
         vertex 0.0947419 0.0268082 -0.436104
         vertex 0.0947419 0.0268164 -0.436088
      endloop
   endfacet
   facet normal 0.354517 -0.875116 0.329378
      outer loop
         vertex 0.0923374 0.0267185 -0.433679
         vertex 0.0947419 0.0267137 -0.436345
         vertex 0.0947419 0.0268082 -0.436104
      endloop
   endfacet
   facet normal 0.417367 -0.82185 0.387771
      outer loop
         vertex 0.0924631 0.026825 -0.433562
         vertex 0.0947419 0.0268164 -0.436088
         vertex 0.0947419 0.0269582 -0.435809
      endloop
   endfacet
   facet normal 0.475962 -0.760204 0.442211
      outer loop
         vertex 0.0925803 0.0269483 -0.433453
         vertex 0.0947419 0.0269582 -0.435809
         vertex 0.0947419 0.0270744 -0.435629
      endloop
   endfacet
   facet normal 0.529702 -0.690806 0.492141
      outer loop
         vertex 0.0926878 0.0270871 -0.433354
         vertex 0.0947419 0.0271084 -0.435576
         vertex 0.0947419 0.0272246 -0.435431
      endloop
   endfacet
   facet normal 0.529702 -0.690806 0.492141
      outer loop
         vertex 0.0926878 0.0270871 -0.433354
         vertex 0.0947419 0.0270744 -0.435629
         vertex 0.0947419 0.0271084 -0.435576
      endloop
   endfacet
   facet normal 0.578042 -0.614363 0.537053
      outer loop
         vertex 0.0927845 0.02724 -0.433264
         vertex 0.0947419 0.0272652 -0.43538
         vertex 0.0947419 0.0274257 -0.435217
      endloop
   endfacet
   facet normal 0.578042 -0.614363 0.537053
      outer loop
         vertex 0.0927845 0.02724 -0.433264
         vertex 0.0947419 0.0272246 -0.435431
         vertex 0.0947419 0.0272652 -0.43538
      endloop
   endfacet
   facet normal 0.620487 -0.531656 0.576488
      outer loop
         vertex 0.0928693 0.0274054 -0.433185
         vertex 0.0947419 0.0274257 -0.435217
         vertex 0.0947419 0.0275607 -0.435105
      endloop
   endfacet
   facet normal 0.656604 -0.443527 0.610044
      outer loop
         vertex 0.0929416 0.0275817 -0.433118
         vertex 0.0947419 0.0275902 -0.435082
         vertex 0.0947419 0.0277349 -0.434986
      endloop
   endfacet
   facet normal 0.656604 -0.443527 0.610044
      outer loop
         vertex 0.0929416 0.0275817 -0.433118
         vertex 0.0947419 0.0275745 -0.435093
         vertex 0.0947419 0.0275902 -0.435082
      endloop
   endfacet
   facet normal 0.656604 -0.443527 0.610044
      outer loop
         vertex 0.0929416 0.0275817 -0.433118
         vertex 0.0947419 0.0275607 -0.435105
         vertex 0.0947419 0.0275745 -0.435093
      endloop
   endfacet
   facet normal 0.686027 -0.350876 0.63738
      outer loop
         vertex 0.0930004 0.027767 -0.433063
         vertex 0.0947419 0.027883 -0.434909
         vertex 0.0947401 0.0279342 -0.434886
      endloop
   endfacet
   facet normal 0.686027 -0.350876 0.63738
      outer loop
         vertex 0.0930004 0.027767 -0.433063
         vertex 0.0947419 0.0277349 -0.434986
         vertex 0.0947419 0.027883 -0.434909
      endloop
   endfacet
   facet normal 0.708453 -0.254646 0.658217
      outer loop
         vertex 0.0930453 0.0279594 -0.433021
         vertex 0.0947315 0.0280628 -0.434831
         vertex 0.0947236 0.0281302 -0.434804
      endloop
   endfacet
   facet normal 0.708453 -0.254646 0.658217
      outer loop
         vertex 0.0930453 0.0279594 -0.433021
         vertex 0.0947401 0.0279342 -0.434886
         vertex 0.0947373 0.028014 -0.434851
      endloop
   endfacet
   facet normal 0.72334 -0.227375 0.651982
      outer loop
         vertex 0.0947373 0.028014 -0.434851
         vertex 0.0947315 0.0280628 -0.434831
         vertex 0.0930453 0.0279594 -0.433021
      endloop
   endfacet
   facet normal 0.723656 -0.15582 0.672341
      outer loop
         vertex 0.0930757 0.0281571 -0.432993
         vertex 0.0947146 0.0282059 -0.434773
         vertex 0.0946893 0.0283293 -0.434728
      endloop
   endfacet
   facet normal 0.723656 -0.15582 0.672341
      outer loop
         vertex 0.0930757 0.0281571 -0.432993
         vertex 0.0947236 0.0281302 -0.434804
         vertex 0.0947146 0.0282059 -0.434773
      endloop
   endfacet
   facet normal 0.731479 -0.0554054 0.679609
      outer loop
         vertex 0.0930913 0.0283579 -0.432979
         vertex 0.0946627 0.0284312 -0.434694
         vertex 0.0946231 0.0285671 -0.43465
      endloop
   endfacet
   facet normal 0.731479 -0.0554054 0.679609
      outer loop
         vertex 0.0930913 0.0283579 -0.432979
         vertex 0.0946893 0.0283293 -0.434728
         vertex 0.094682 0.028365 -0.434716
      endloop
   endfacet
   facet normal 0.741273 -0.051868 0.669196
      outer loop
         vertex 0.094682 0.028365 -0.434716
         vertex 0.0946627 0.0284312 -0.434694
         vertex 0.0930913 0.0283579 -0.432979
      endloop
   endfacet
   facet normal 0.731843 0.0455746 0.679948
      outer loop
         vertex 0.0930921 0.0285599 -0.432978
         vertex 0.0946037 0.0286171 -0.434636
         vertex 0.0945594 0.0287309 -0.434604
      endloop
   endfacet
   facet normal 0.731843 0.0455746 0.679948
      outer loop
         vertex 0.0930921 0.0285599 -0.432978
         vertex 0.0946231 0.0285671 -0.43465
         vertex 0.0946037 0.0286171 -0.434636
      endloop
   endfacet
   facet normal 0.724744 0.14609 0.673352
      outer loop
         vertex 0.0930779 0.0287609 -0.432991
         vertex 0.0945285 0.0288021 -0.434585
         vertex 0.094443 0.0289763 -0.434545
      endloop
   endfacet
   facet normal 0.724744 0.14609 0.673352
      outer loop
         vertex 0.0930779 0.0287609 -0.432991
         vertex 0.0945594 0.0287309 -0.434604
         vertex 0.0945438 0.0287709 -0.434593
      endloop
   endfacet
   facet normal 0.733051 0.151119 0.663174
      outer loop
         vertex 0.0945438 0.0287709 -0.434593
         vertex 0.0945285 0.0288021 -0.434585
         vertex 0.0930779 0.0287609 -0.432991
      endloop
   endfacet
   facet normal 0.710255 0.245115 0.659891
      outer loop
         vertex 0.0930489 0.0289589 -0.433018
         vertex 0.0943934 0.0290638 -0.434527
         vertex 0.0943554 0.0291222 -0.434518
      endloop
   endfacet
   facet normal 0.710255 0.245115 0.659891
      outer loop
         vertex 0.0930489 0.0289589 -0.433018
         vertex 0.094443 0.0289763 -0.434545
         vertex 0.0943934 0.0290638 -0.434527
      endloop
   endfacet
   facet normal 0.688524 0.341642 0.6397
      outer loop
         vertex 0.0930054 0.029152 -0.433058
         vertex 0.0943294 0.0291624 -0.434511
         vertex 0.0942611 0.0292677 -0.434495
      endloop
   endfacet
   facet normal 0.688524 0.341642 0.6397
      outer loop
         vertex 0.0930054 0.029152 -0.433058
         vertex 0.0943554 0.0291222 -0.434518
         vertex 0.0943294 0.0291624 -0.434511
      endloop
   endfacet
   facet normal 0.659771 0.434684 0.612986
      outer loop
         vertex 0.0929479 0.0293381 -0.433112
         vertex 0.0941094 0.0294637 -0.434474
         vertex 0.0940867 0.0294885 -0.434473
      endloop
   endfacet
   facet normal 0.659771 0.434684 0.612986
      outer loop
         vertex 0.0929479 0.0293381 -0.433112
         vertex 0.0942091 0.0293349 -0.434488
         vertex 0.0941094 0.0294637 -0.434474
      endloop
   endfacet
   facet normal 0.659771 0.434684 0.612986
      outer loop
         vertex 0.0929479 0.0293381 -0.433112
         vertex 0.0942611 0.0292677 -0.434495
         vertex 0.0942091 0.0293349 -0.434488
      endloop
   endfacet
   facet normal 0.624291 0.523293 0.580022
      outer loop
         vertex 0.092877 0.0295153 -0.433178
         vertex 0.0939381 0.029651 -0.434467
         vertex 0.0939312 0.029658 -0.434467
      endloop
   endfacet
   facet normal 0.624291 0.523293 0.580022
      outer loop
         vertex 0.092877 0.0295153 -0.433178
         vertex 0.0940759 0.0295004 -0.434473
         vertex 0.0939381 0.029651 -0.434467
      endloop
   endfacet
   facet normal 0.624291 0.523293 0.580022
      outer loop
         vertex 0.092877 0.0295153 -0.433178
         vertex 0.0940867 0.0294885 -0.434473
         vertex 0.0940759 0.0295004 -0.434473
      endloop
   endfacet
   facet normal 0.464453 0.701034 0.541143
      outer loop
         vertex 0.0842216 0.0298708 -0.425127
         vertex 0.0817338 0.0297719 -0.422978
         vertex 0.0817359 0.0297706 -0.422978
      endloop
   endfacet
   facet normal 0.464453 0.701034 0.541143
      outer loop
         vertex 0.0842216 0.0298708 -0.425127
         vertex 0.0814892 0.0299146 -0.42296
         vertex 0.0817338 0.0297719 -0.422978
      endloop
   endfacet
   facet normal 0.464453 0.701034 0.541143
      outer loop
         vertex 0.0842216 0.0298708 -0.425127
         vertex 0.0814596 0.0299315 -0.42296
         vertex 0.0814892 0.0299146 -0.42296
      endloop
   endfacet
   facet normal 0.51044 0.621092 0.594723
      outer loop
         vertex 0.0843135 0.0297109 -0.42502
         vertex 0.0817359 0.0297706 -0.422978
         vertex 0.0820005 0.0296095 -0.423026
      endloop
   endfacet
   facet normal 0.550621 0.534084 0.641538
      outer loop
         vertex 0.0843939 0.0295369 -0.424926
         vertex 0.0821991 0.0294828 -0.423084
         vertex 0.0823258 0.0294006 -0.423126
      endloop
   endfacet
   facet normal 0.550621 0.534084 0.641538
      outer loop
         vertex 0.0843939 0.0295369 -0.424926
         vertex 0.0820005 0.0296095 -0.423026
         vertex 0.0821029 0.0295452 -0.423052
      endloop
   endfacet
   facet normal 0.519411 0.538262 0.663691
      outer loop
         vertex 0.0821029 0.0295452 -0.423052
         vertex 0.0821991 0.0294828 -0.423084
         vertex 0.0843939 0.0295369 -0.424926
      endloop
   endfacet
   facet normal 0.584537 0.441 0.681055
      outer loop
         vertex 0.0844617 0.0293507 -0.424847
         vertex 0.0824537 0.0293176 -0.423168
         vertex 0.0826283 0.0291984 -0.423248
      endloop
   endfacet
   facet normal 0.584537 0.441 0.681055
      outer loop
         vertex 0.0844617 0.0293507 -0.424847
         vertex 0.0823258 0.0294006 -0.423126
         vertex 0.0824537 0.0293176 -0.423168
      endloop
   endfacet
   facet normal 0.611803 0.342899 0.712823
      outer loop
         vertex 0.0845163 0.0291545 -0.424783
         vertex 0.08282 0.0290675 -0.423336
         vertex 0.0829312 0.0289885 -0.423398
      endloop
   endfacet
   facet normal 0.611803 0.342899 0.712823
      outer loop
         vertex 0.0845163 0.0291545 -0.424783
         vertex 0.0826283 0.0291984 -0.423248
         vertex 0.08282 0.0290675 -0.423336
      endloop
   endfacet
   facet normal 0.632109 0.240898 0.736482
      outer loop
         vertex 0.0845569 0.0289505 -0.424736
         vertex 0.0830235 0.0289229 -0.423449
         vertex 0.0832282 0.0287709 -0.423587
      endloop
   endfacet
   facet normal 0.632109 0.240898 0.736482
      outer loop
         vertex 0.0845569 0.0289505 -0.424736
         vertex 0.0829312 0.0289885 -0.423398
         vertex 0.0830235 0.0289229 -0.423449
      endloop
   endfacet
   facet normal 0.645224 0.136156 0.751763
      outer loop
         vertex 0.0845831 0.028741 -0.424706
         vertex 0.0834543 0.0286028 -0.423739
         vertex 0.0835192 0.0285516 -0.423793
      endloop
   endfacet
   facet normal 0.645224 0.136156 0.751763
      outer loop
         vertex 0.0845831 0.028741 -0.424706
         vertex 0.0832282 0.0287709 -0.423587
         vertex 0.0834543 0.0286028 -0.423739
      endloop
   endfacet
   facet normal 0.650999 0.0298643 0.758491
      outer loop
         vertex 0.0845947 0.0285284 -0.424692
         vertex 0.0835192 0.0285516 -0.423793
         vertex 0.0837982 0.0283312 -0.424029
      endloop
   endfacet
   facet normal 0.649368 -0.0767667 0.75659
      outer loop
         vertex 0.0845914 0.0283152 -0.424696
         vertex 0.0838717 0.0282732 -0.424091
         vertex 0.0840605 0.0281144 -0.424289
      endloop
   endfacet
   facet normal 0.649368 -0.0767667 0.75659
      outer loop
         vertex 0.0845914 0.0283152 -0.424696
         vertex 0.0837982 0.0283312 -0.424029
         vertex 0.0838717 0.0282732 -0.424091
      endloop
   endfacet
   facet normal 0.640349 -0.182524 0.746082
      outer loop
         vertex 0.0845734 0.0281037 -0.424717
         vertex 0.0842687 0.0279393 -0.424506
         vertex 0.0843132 0.0279002 -0.42456
      endloop
   endfacet
   facet normal 0.640349 -0.182524 0.746082
      outer loop
         vertex 0.0845734 0.0281037 -0.424717
         vertex 0.0840605 0.0281144 -0.424289
         vertex 0.0842687 0.0279393 -0.424506
      endloop
   endfacet
   facet normal 0.624045 -0.286205 0.727086
      outer loop
         vertex 0.0845407 0.0278963 -0.424755
         vertex 0.0843132 0.0279002 -0.42456
         vertex 0.0843734 0.0278474 -0.424632
      endloop
   endfacet
   facet normal 0.65056 -0.307811 0.69428
      outer loop
         vertex 0.0872068 0.0278531 -0.427168
         vertex 0.0845407 0.0278963 -0.424755
         vertex 0.0845364 0.0276979 -0.424856
      endloop
   endfacet
   facet normal 0.624045 -0.286205 0.727086
      outer loop
         vertex 0.0845407 0.0278963 -0.424755
         vertex 0.0844984 0.0277327 -0.424804
         vertex 0.0845364 0.0276979 -0.424856
      endloop
   endfacet
   facet normal 0.624967 -0.405674 0.666967
      outer loop
         vertex 0.0871556 0.0276574 -0.427223
         vertex 0.0845364 0.0276979 -0.424856
         vertex 0.084727 0.0275231 -0.425119
      endloop
   endfacet
   facet normal 0.592513 -0.499085 0.632331
      outer loop
         vertex 0.0870907 0.0274705 -0.427292
         vertex 0.084727 0.0275231 -0.425119
         vertex 0.0849323 0.02732 -0.425475
      endloop
   endfacet
   facet normal 0.553554 -0.587016 0.590754
      outer loop
         vertex 0.0870128 0.0272947 -0.427375
         vertex 0.0850574 0.0271934 -0.425708
         vertex 0.0850968 0.027151 -0.425796
      endloop
   endfacet
   facet normal 0.553554 -0.587016 0.590754
      outer loop
         vertex 0.0870128 0.0272947 -0.427375
         vertex 0.0850256 0.0272277 -0.425637
         vertex 0.0850574 0.0271934 -0.425708
      endloop
   endfacet
   facet normal 0.553554 -0.587016 0.590754
      outer loop
         vertex 0.0870128 0.0272947 -0.427375
         vertex 0.0849323 0.02732 -0.425475
         vertex 0.0850256 0.0272277 -0.425637
      endloop
   endfacet
   facet normal 0.508518 -0.668502 0.542692
      outer loop
         vertex 0.0869227 0.0271317 -0.427472
         vertex 0.0850968 0.027151 -0.425796
         vertex 0.0852436 0.0269929 -0.426122
      endloop
   endfacet
   facet normal 0.457899 -0.74265 0.488671
      outer loop
         vertex 0.0868215 0.0269834 -0.42758
         vertex 0.0852436 0.0269929 -0.426122
         vertex 0.0853534 0.0268621 -0.426445
      endloop
   endfacet
   facet normal 0.402254 -0.808644 0.429286
      outer loop
         vertex 0.0867102 0.0268514 -0.427698
         vertex 0.0854006 0.0268058 -0.426584
         vertex 0.0854442 0.0267457 -0.426766
      endloop
   endfacet
   facet normal 0.402254 -0.808644 0.429286
      outer loop
         vertex 0.0867102 0.0268514 -0.427698
         vertex 0.0853534 0.0268621 -0.426445
         vertex 0.0854006 0.0268058 -0.426584
      endloop
   endfacet
   facet normal 0.342192 -0.865761 0.365188
      outer loop
         vertex 0.0865901 0.0267372 -0.427827
         vertex 0.0855037 0.0266635 -0.427014
         vertex 0.0855136 0.0266462 -0.427081
      endloop
   endfacet
   facet normal 0.342192 -0.865761 0.365188
      outer loop
         vertex 0.0865901 0.0267372 -0.427827
         vertex 0.0854442 0.0267457 -0.426766
         vertex 0.0855037 0.0266635 -0.427014
      endloop
   endfacet
   facet normal 0.278374 -0.913373 0.297081
      outer loop
         vertex 0.0864625 0.026642 -0.427963
         vertex 0.0855136 0.0266462 -0.427081
         vertex 0.0855548 0.0265738 -0.42736
      endloop
   endfacet
   facet normal 0.211499 -0.950959 0.225712
      outer loop
         vertex 0.0863287 0.0265668 -0.428106
         vertex 0.085568 0.0265407 -0.427519
         vertex 0.0855715 0.0265154 -0.427677
      endloop
   endfacet
   facet normal 0.211499 -0.950959 0.225712
      outer loop
         vertex 0.0863287 0.0265668 -0.428106
         vertex 0.0855548 0.0265738 -0.42736
         vertex 0.085568 0.0265407 -0.427519
      endloop
   endfacet
   facet normal 0.142303 -0.978104 0.151866
      outer loop
         vertex 0.0861903 0.0265125 -0.428253
         vertex 0.0855741 0.0264965 -0.427796
         vertex 0.0855649 0.0264813 -0.427954
      endloop
   endfacet
   facet normal 0.142303 -0.978104 0.151866
      outer loop
         vertex 0.0861903 0.0265125 -0.428253
         vertex 0.0855715 0.0265154 -0.427677
         vertex 0.0855741 0.0264965 -0.427796
      endloop
   endfacet
   facet normal 0.0715441 -0.994511 0.076352
      outer loop
         vertex 0.0860488 0.0264797 -0.428404
         vertex 0.0855611 0.026475 -0.42802
         vertex 0.0855349 0.0264687 -0.428211
      endloop
   endfacet
   facet normal 0.0715441 -0.994511 0.076352
      outer loop
         vertex 0.0860488 0.0264797 -0.428404
         vertex 0.0855649 0.0264813 -0.427954
         vertex 0.0855611 0.026475 -0.42802
      endloop
   endfacet
   facet normal 0 -1 0
      outer loop
         vertex 0.0855349 0.0264687 -0.428211
         vertex 0.0859057 0.0264687 -0.428557
         vertex 0.0860488 0.0264797 -0.428404
      endloop
   endfacet
   facet normal 0.0712092 -0.994475 0.077129
      outer loop
         vertex 0.0855649 0.0264813 -0.427954
         vertex 0.0860488 0.0264797 -0.428404
         vertex 0.0861903 0.0265125 -0.428253
      endloop
   endfacet
   facet normal 0.141436 -0.977921 0.153839
      outer loop
         vertex 0.0855715 0.0265154 -0.427677
         vertex 0.0861903 0.0265125 -0.428253
         vertex 0.0863287 0.0265668 -0.428106
      endloop
   endfacet
   facet normal 0.215886 -0.947453 0.236063
      outer loop
         vertex 0.0855548 0.0265738 -0.42736
         vertex 0.0863287 0.0265668 -0.428106
         vertex 0.0864625 0.026642 -0.427963
      endloop
   endfacet
   facet normal 0.275629 -0.912277 0.302952
      outer loop
         vertex 0.0855136 0.0266462 -0.427081
         vertex 0.0864625 0.026642 -0.427963
         vertex 0.0865901 0.0267372 -0.427827
      endloop
   endfacet
   facet normal 0.337974 -0.863727 0.373831
      outer loop
         vertex 0.0854442 0.0267457 -0.426766
         vertex 0.0865901 0.0267372 -0.427827
         vertex 0.0867102 0.0268514 -0.427698
      endloop
   endfacet
   facet normal 0.396139 -0.805244 0.441198
      outer loop
         vertex 0.0853534 0.0268621 -0.426445
         vertex 0.0867102 0.0268514 -0.427698
         vertex 0.0868215 0.0269834 -0.42758
      endloop
   endfacet
   facet normal 0.449067 -0.737881 0.503855
      outer loop
         vertex 0.0852436 0.0269929 -0.426122
         vertex 0.0868215 0.0269834 -0.42758
         vertex 0.0869227 0.0271317 -0.427472
      endloop
   endfacet
   facet normal 0.497087 -0.660785 0.562377
      outer loop
         vertex 0.0850968 0.027151 -0.425796
         vertex 0.0869227 0.0271317 -0.427472
         vertex 0.0870128 0.0272947 -0.427375
      endloop
   endfacet
   facet normal 0.538611 -0.576248 0.614684
      outer loop
         vertex 0.0849323 0.02732 -0.425475
         vertex 0.0870128 0.0272947 -0.427375
         vertex 0.0870907 0.0274705 -0.427292
      endloop
   endfacet
   facet normal 0.577304 -0.472828 0.665698
      outer loop
         vertex 0.084727 0.0275231 -0.425119
         vertex 0.0870907 0.0274705 -0.427292
         vertex 0.0871556 0.0276574 -0.427223
      endloop
   endfacet
   facet normal 0.601148 -0.386977 0.699192
      outer loop
         vertex 0.0845364 0.0276979 -0.424856
         vertex 0.0871556 0.0276574 -0.427223
         vertex 0.0872068 0.0278531 -0.427168
      endloop
   endfacet
   facet normal 0.617003 -0.310659 0.723048
      outer loop
         vertex 0.0843734 0.0278474 -0.424632
         vertex 0.0844984 0.0277327 -0.424804
         vertex 0.0845407 0.0278963 -0.424755
      endloop
   endfacet
   facet normal 0.621388 -0.284328 0.730092
      outer loop
         vertex 0.0843132 0.0279002 -0.42456
         vertex 0.0845407 0.0278963 -0.424755
         vertex 0.0845734 0.0281037 -0.424717
      endloop
   endfacet
   facet normal 0.633893 -0.17786 0.752692
      outer loop
         vertex 0.0840605 0.0281144 -0.424289
         vertex 0.0845734 0.0281037 -0.424717
         vertex 0.0845914 0.0283152 -0.424696
      endloop
   endfacet
   facet normal 0.638555 -0.0688468 0.766491
      outer loop
         vertex 0.0837982 0.0283312 -0.424029
         vertex 0.0845914 0.0283152 -0.424696
         vertex 0.0845947 0.0285284 -0.424692
      endloop
   endfacet
   facet normal 0.635342 0.0413987 0.771121
      outer loop
         vertex 0.0835192 0.0285516 -0.423793
         vertex 0.0845947 0.0285284 -0.424692
         vertex 0.0845831 0.028741 -0.424706
      endloop
   endfacet
   facet normal 0.624386 0.151482 0.766287
      outer loop
         vertex 0.0832282 0.0287709 -0.423587
         vertex 0.0845831 0.028741 -0.424706
         vertex 0.0845569 0.0289505 -0.424736
      endloop
   endfacet
   facet normal 0.605831 0.260053 0.751892
      outer loop
         vertex 0.0829312 0.0289885 -0.423398
         vertex 0.0845569 0.0289505 -0.424736
         vertex 0.0845163 0.0291545 -0.424783
      endloop
   endfacet
   facet normal 0.580123 0.365622 0.727858
      outer loop
         vertex 0.0826283 0.0291984 -0.423248
         vertex 0.0845163 0.0291545 -0.424783
         vertex 0.0844617 0.0293507 -0.424847
      endloop
   endfacet
   facet normal 0.547607 0.466859 0.694384
      outer loop
         vertex 0.0823258 0.0294006 -0.423126
         vertex 0.0844617 0.0293507 -0.424847
         vertex 0.0843939 0.0295369 -0.424926
      endloop
   endfacet
   facet normal 0.505163 0.570372 0.647677
      outer loop
         vertex 0.0820005 0.0296095 -0.423026
         vertex 0.0843939 0.0295369 -0.424926
         vertex 0.0843135 0.0297109 -0.42502
      endloop
   endfacet
   facet normal 0.464381 0.650989 0.60047
      outer loop
         vertex 0.0817359 0.0297706 -0.422978
         vertex 0.0843135 0.0297109 -0.42502
         vertex 0.0842216 0.0298708 -0.425127
      endloop
   endfacet
   facet normal 0.594628 0.594628 0.541143
      outer loop
         vertex 0.0939312 0.029658 -0.434467
         vertex 0.0927933 0.0296818 -0.433256
         vertex 0.092877 0.0295153 -0.433178
      endloop
   endfacet
   facet normal 0.636413 0.510305 0.578418
      outer loop
         vertex 0.0940867 0.0294885 -0.434473
         vertex 0.092877 0.0295153 -0.433178
         vertex 0.0929479 0.0293381 -0.433112
      endloop
   endfacet
   facet normal 0.678889 0.399479 0.616057
      outer loop
         vertex 0.0942611 0.0292677 -0.434495
         vertex 0.0929479 0.0293381 -0.433112
         vertex 0.0930054 0.029152 -0.433058
      endloop
   endfacet
   facet normal 0.700085 0.327183 0.634691
      outer loop
         vertex 0.0943554 0.0291222 -0.434518
         vertex 0.0930054 0.029152 -0.433058
         vertex 0.0930489 0.0289589 -0.433018
      endloop
   endfacet
   facet normal 0.7169 0.253794 0.64934
      outer loop
         vertex 0.094443 0.0289763 -0.434545
         vertex 0.0930489 0.0289589 -0.433018
         vertex 0.0930779 0.0287609 -0.432991
      endloop
   endfacet
   facet normal 0.735233 0.13116 0.665004
      outer loop
         vertex 0.0945594 0.0287309 -0.434604
         vertex 0.0930779 0.0287609 -0.432991
         vertex 0.0930921 0.0285599 -0.432978
      endloop
   endfacet
   facet normal 0.741037 0.0491848 0.66966
      outer loop
         vertex 0.0946231 0.0285671 -0.43465
         vertex 0.0930921 0.0285599 -0.432978
         vertex 0.0930913 0.0283579 -0.432979
      endloop
   endfacet
   facet normal 0.740521 -0.0697383 0.668405
      outer loop
         vertex 0.0946893 0.0283293 -0.434728
         vertex 0.0930913 0.0283579 -0.432979
         vertex 0.0930757 0.0281571 -0.432993
      endloop
   endfacet
   facet normal 0.731886 -0.169474 0.660016
      outer loop
         vertex 0.0947236 0.0281302 -0.434804
         vertex 0.0930757 0.0281571 -0.432993
         vertex 0.0930453 0.0279594 -0.433021
      endloop
   endfacet
   facet normal 0.715849 -0.267405 0.645024
      outer loop
         vertex 0.0947401 0.0279342 -0.434886
         vertex 0.0930453 0.0279594 -0.433021
         vertex 0.0930004 0.027767 -0.433063
      endloop
   endfacet
   facet normal 0.691355 -0.366908 0.62242
      outer loop
         vertex 0.0947419 0.0277349 -0.434986
         vertex 0.0930004 0.027767 -0.433063
         vertex 0.0929416 0.0275817 -0.433118
      endloop
   endfacet
   facet normal 0.662419 -0.454148 0.595777
      outer loop
         vertex 0.0947419 0.0275607 -0.435105
         vertex 0.0929416 0.0275817 -0.433118
         vertex 0.0928693 0.0274054 -0.433185
      endloop
   endfacet
   facet normal 0.634667 -0.521511 0.570283
      outer loop
         vertex 0.0947419 0.0274257 -0.435217
         vertex 0.0928693 0.0274054 -0.433185
         vertex 0.0927845 0.02724 -0.433264
      endloop
   endfacet
   facet normal 0.582496 -0.622672 0.522473
      outer loop
         vertex 0.0947419 0.0272246 -0.435431
         vertex 0.0927845 0.02724 -0.433264
         vertex 0.0926878 0.0270871 -0.433354
      endloop
   endfacet
   facet normal 0.53354 -0.6979 0.477777
      outer loop
         vertex 0.0947419 0.0270744 -0.435629
         vertex 0.0926878 0.0270871 -0.433354
         vertex 0.0925803 0.0269483 -0.433453
      endloop
   endfacet
   facet normal 0.488603 -0.755245 0.43689
      outer loop
         vertex 0.0947419 0.0269582 -0.435809
         vertex 0.0925803 0.0269483 -0.433453
         vertex 0.0924631 0.026825 -0.433562
      endloop
   endfacet
   facet normal 0.420083 -0.826485 0.374769
      outer loop
         vertex 0.0947419 0.0268164 -0.436088
         vertex 0.0924631 0.026825 -0.433562
         vertex 0.0923374 0.0267185 -0.433679
      endloop
   endfacet
   facet normal 0.356724 -0.878573 0.317582
      outer loop
         vertex 0.0947419 0.0267137 -0.436345
         vertex 0.0923374 0.0267185 -0.433679
         vertex 0.0922045 0.0266298 -0.433803
      endloop
   endfacet
   facet normal 0.289781 -0.921825 0.257422
      outer loop
         vertex 0.0947419 0.0266301 -0.436618
         vertex 0.0922045 0.0266298 -0.433803
         vertex 0.0920657 0.0265599 -0.433932
      endloop
   endfacet
   facet normal 0.219927 -0.955842 0.194933
      outer loop
         vertex 0.0947419 0.02656 -0.436898
         vertex 0.0920657 0.0265599 -0.433932
         vertex 0.0919224 0.0265094 -0.434065
      endloop
   endfacet
   facet normal 0.147864 -0.980326 0.13076
      outer loop
         vertex 0.0947419 0.0265108 -0.437189
         vertex 0.0919224 0.0265094 -0.434065
         vertex 0.0917761 0.0264789 -0.434201
      endloop
   endfacet
   facet normal 0.0743111 -0.995078 0.065563
      outer loop
         vertex 0.0947419 0.0264839 -0.437486
         vertex 0.0917761 0.0264789 -0.434201
         vertex 0.0916284 0.0264687 -0.434338
      endloop
   endfacet
   facet normal 0.640349 -0.182524 0.746082
      outer loop
         vertex 0.0845734 0.0281037 -0.424717
         vertex 0.0845407 0.0278963 -0.424755
         vertex 0.0872068 0.0278531 -0.427168
      endloop
   endfacet
   facet normal 0.649368 -0.0767667 0.75659
      outer loop
         vertex 0.0845914 0.0283152 -0.424696
         vertex 0.0845734 0.0281037 -0.424717
         vertex 0.0872437 0.0280556 -0.427129
      endloop
   endfacet
   facet normal 0.650999 0.0298643 0.758491
      outer loop
         vertex 0.0845947 0.0285284 -0.424692
         vertex 0.0845914 0.0283152 -0.424696
         vertex 0.0872659 0.0282626 -0.427105
      endloop
   endfacet
   facet normal 0.645224 0.136156 0.751763
      outer loop
         vertex 0.0845831 0.028741 -0.424706
         vertex 0.0845947 0.0285284 -0.424692
         vertex 0.0872732 0.0284719 -0.427098
      endloop
   endfacet
   facet normal 0.632109 0.240898 0.736482
      outer loop
         vertex 0.0845569 0.0289505 -0.424736
         vertex 0.0845831 0.028741 -0.424706
         vertex 0.0872655 0.0286811 -0.427106
      endloop
   endfacet
   facet normal 0.611803 0.342899 0.712823
      outer loop
         vertex 0.0845163 0.0291545 -0.424783
         vertex 0.0845569 0.0289505 -0.424736
         vertex 0.0872428 0.028888 -0.42713
      endloop
   endfacet
   facet normal 0.584537 0.441 0.681055
      outer loop
         vertex 0.0844617 0.0293507 -0.424847
         vertex 0.0845163 0.0291545 -0.424783
         vertex 0.0872055 0.0290904 -0.42717
      endloop
   endfacet
   facet normal 0.550621 0.534084 0.641538
      outer loop
         vertex 0.0843939 0.0295369 -0.424926
         vertex 0.0844617 0.0293507 -0.424847
         vertex 0.0871539 0.0292858 -0.427225
      endloop
   endfacet
   facet normal 0.51044 0.621092 0.594723
      outer loop
         vertex 0.0843135 0.0297109 -0.42502
         vertex 0.0843939 0.0295369 -0.424926
         vertex 0.0870886 0.0294724 -0.427295
      endloop
   endfacet
   facet normal 0.468487 0.699613 0.539501
      outer loop
         vertex 0.084543 0.0298636 -0.425406
         vertex 0.0842216 0.0298708 -0.425127
         vertex 0.0843135 0.0297109 -0.42502
      endloop
   endfacet
   facet normal 0 -1 0
      outer loop
         vertex 0.0859057 0.0264687 -0.428557
         vertex 0.0884724 0.0264687 -0.431051
         vertex 0.0886182 0.0264793 -0.430906
      endloop
   endfacet
   facet normal 0.142303 -0.978104 0.151866
      outer loop
         vertex 0.0861903 0.0265125 -0.428253
         vertex 0.0860488 0.0264797 -0.428404
         vertex 0.0886182 0.0264793 -0.430906
      endloop
   endfacet
   facet normal 0.211499 -0.950959 0.225712
      outer loop
         vertex 0.0863287 0.0265668 -0.428106
         vertex 0.0861903 0.0265125 -0.428253
         vertex 0.0887625 0.026511 -0.430762
      endloop
   endfacet
   facet normal 0.278374 -0.913373 0.297081
      outer loop
         vertex 0.0864625 0.026642 -0.427963
         vertex 0.0863287 0.0265668 -0.428106
         vertex 0.0889037 0.0265635 -0.430622
      endloop
   endfacet
   facet normal 0.342192 -0.865761 0.365188
      outer loop
         vertex 0.0865901 0.0267372 -0.427827
         vertex 0.0864625 0.026642 -0.427963
         vertex 0.0890404 0.0266362 -0.430486
      endloop
   endfacet
   facet normal 0.402254 -0.808644 0.429286
      outer loop
         vertex 0.0867102 0.0268514 -0.427698
         vertex 0.0865901 0.0267372 -0.427827
         vertex 0.089171 0.0267284 -0.430356
      endloop
   endfacet
   facet normal 0.457899 -0.74265 0.488671
      outer loop
         vertex 0.0868215 0.0269834 -0.42758
         vertex 0.0867102 0.0268514 -0.427698
         vertex 0.0892941 0.026839 -0.430233
      endloop
   endfacet
   facet normal 0.508518 -0.668502 0.542692
      outer loop
         vertex 0.0869227 0.0271317 -0.427472
         vertex 0.0868215 0.0269834 -0.42758
         vertex 0.0894086 0.026967 -0.430119
      endloop
   endfacet
   facet normal 0.553554 -0.587016 0.590754
      outer loop
         vertex 0.0870128 0.0272947 -0.427375
         vertex 0.0869227 0.0271317 -0.427472
         vertex 0.0895131 0.0271108 -0.430015
      endloop
   endfacet
   facet normal 0.592513 -0.499085 0.632331
      outer loop
         vertex 0.0870907 0.0274705 -0.427292
         vertex 0.0870128 0.0272947 -0.427375
         vertex 0.0896066 0.0272691 -0.429922
      endloop
   endfacet
   facet normal 0.624967 -0.405674 0.666967
      outer loop
         vertex 0.0871556 0.0276574 -0.427223
         vertex 0.0870907 0.0274705 -0.427292
         vertex 0.0896881 0.0274401 -0.429841
      endloop
   endfacet
   facet normal 0.65056 -0.307811 0.69428
      outer loop
         vertex 0.0872068 0.0278531 -0.427168
         vertex 0.0871556 0.0276574 -0.427223
         vertex 0.0897566 0.027622 -0.429773
      endloop
   endfacet
   facet normal 0.669011 -0.206568 0.71397
      outer loop
         vertex 0.0872437 0.0280556 -0.427129
         vertex 0.0872068 0.0278531 -0.427168
         vertex 0.0898116 0.0278129 -0.429718
      endloop
   endfacet
   facet normal 0.680118 -0.103057 0.725823
      outer loop
         vertex 0.0872659 0.0282626 -0.427105
         vertex 0.0872437 0.0280556 -0.427129
         vertex 0.0898523 0.0280107 -0.429677
      endloop
   endfacet
   facet normal 0.683757 0.00158505 0.729708
      outer loop
         vertex 0.0872732 0.0284719 -0.427098
         vertex 0.0872659 0.0282626 -0.427105
         vertex 0.0898784 0.0282134 -0.429651
      endloop
   endfacet
   facet normal 0.679891 0.10621 0.725581
      outer loop
         vertex 0.0872655 0.0286811 -0.427106
         vertex 0.0872732 0.0284719 -0.427098
         vertex 0.0898895 0.0284189 -0.42964
      endloop
   endfacet
   facet normal 0.66856 0.209668 0.713489
      outer loop
         vertex 0.0872428 0.028888 -0.42713
         vertex 0.0872655 0.0286811 -0.427106
         vertex 0.0898856 0.0286248 -0.429644
      endloop
   endfacet
   facet normal 0.64989 0.310825 0.693564
      outer loop
         vertex 0.0872055 0.0290904 -0.42717
         vertex 0.0872428 0.028888 -0.42713
         vertex 0.0898667 0.0288291 -0.429663
      endloop
   endfacet
   facet normal 0.624085 0.40857 0.666025
      outer loop
         vertex 0.0871539 0.0292858 -0.427225
         vertex 0.0872055 0.0290904 -0.42717
         vertex 0.0898331 0.0290296 -0.429697
      endloop
   endfacet
   facet normal 0.591428 0.501829 0.631174
      outer loop
         vertex 0.0870886 0.0294724 -0.427295
         vertex 0.0871539 0.0292858 -0.427225
         vertex 0.089785 0.0292241 -0.429744
      endloop
   endfacet
   facet normal 0.552279 0.589579 0.589393
      outer loop
         vertex 0.0870103 0.0296479 -0.427378
         vertex 0.0870886 0.0294724 -0.427295
         vertex 0.0897229 0.0294106 -0.429806
      endloop
   endfacet
   facet normal 0.53482 0.650334 0.539475
      outer loop
         vertex 0.0890032 0.0297641 -0.429443
         vertex 0.0869198 0.0298104 -0.427475
         vertex 0.0870103 0.0296479 -0.427378
      endloop
   endfacet
   facet normal 0 -1 0
      outer loop
         vertex 0.0884724 0.0264687 -0.431051
         vertex 0.0916284 0.0264687 -0.434338
         vertex 0.0917761 0.0264789 -0.434201
      endloop
   endfacet
   facet normal 0.145057 -0.978833 0.144375
      outer loop
         vertex 0.0887625 0.026511 -0.430762
         vertex 0.0886182 0.0264793 -0.430906
         vertex 0.0917761 0.0264789 -0.434201
      endloop
   endfacet
   facet normal 0.21566 -0.952585 0.214645
      outer loop
         vertex 0.0889037 0.0265635 -0.430622
         vertex 0.0887625 0.026511 -0.430762
         vertex 0.0919224 0.0265094 -0.434065
      endloop
   endfacet
   facet normal 0.283974 -0.916229 0.282637
      outer loop
         vertex 0.0890404 0.0266362 -0.430486
         vertex 0.0889037 0.0265635 -0.430622
         vertex 0.0920657 0.0265599 -0.433932
      endloop
   endfacet
   facet normal 0.349275 -0.870149 0.347631
      outer loop
         vertex 0.089171 0.0267284 -0.430356
         vertex 0.0890404 0.0266362 -0.430486
         vertex 0.0922045 0.0266298 -0.433803
      endloop
   endfacet
   facet normal 0.410869 -0.814837 0.408935
      outer loop
         vertex 0.0892941 0.026839 -0.430233
         vertex 0.089171 0.0267284 -0.430356
         vertex 0.0923374 0.0267185 -0.433679
      endloop
   endfacet
   facet normal 0.468103 -0.750877 0.4659
      outer loop
         vertex 0.0894086 0.026967 -0.430119
         vertex 0.0892941 0.026839 -0.430233
         vertex 0.0924631 0.026825 -0.433562
      endloop
   endfacet
   facet normal 0.52037 -0.67895 0.517921
      outer loop
         vertex 0.0895131 0.0271108 -0.430015
         vertex 0.0894086 0.026967 -0.430119
         vertex 0.0925803 0.0269483 -0.433453
      endloop
   endfacet
   facet normal 0.567116 -0.599818 0.564446
      outer loop
         vertex 0.0896066 0.0272691 -0.429922
         vertex 0.0895131 0.0271108 -0.430015
         vertex 0.0926878 0.0270871 -0.433354
      endloop
   endfacet
   facet normal 0.607843 -0.51432 0.604981
      outer loop
         vertex 0.0896881 0.0274401 -0.429841
         vertex 0.0896066 0.0272691 -0.429922
         vertex 0.0927845 0.02724 -0.433264
      endloop
   endfacet
   facet normal 0.642119 -0.423365 0.639097
      outer loop
         vertex 0.0897566 0.027622 -0.429773
         vertex 0.0896881 0.0274401 -0.429841
         vertex 0.0928693 0.0274054 -0.433185
      endloop
   endfacet
   facet normal 0.669582 -0.327918 0.66643
      outer loop
         vertex 0.0898116 0.0278129 -0.429718
         vertex 0.0897566 0.027622 -0.429773
         vertex 0.0929416 0.0275817 -0.433118
      endloop
   endfacet
   facet normal 0.68994 -0.22899 0.686692
      outer loop
         vertex 0.0898523 0.0280107 -0.429677
         vertex 0.0898116 0.0278129 -0.429718
         vertex 0.0930004 0.027767 -0.433063
      endloop
   endfacet
   facet normal 0.702976 -0.127633 0.699667
      outer loop
         vertex 0.0898784 0.0282134 -0.429651
         vertex 0.0898523 0.0280107 -0.429677
         vertex 0.0930453 0.0279594 -0.433021
      endloop
   endfacet
   facet normal 0.708553 -0.0249216 0.705217
      outer loop
         vertex 0.0898895 0.0284189 -0.42964
         vertex 0.0898784 0.0282134 -0.429651
         vertex 0.0930757 0.0281571 -0.432993
      endloop
   endfacet
   facet normal 0.706611 0.0780545 0.703284
      outer loop
         vertex 0.0898856 0.0286248 -0.429644
         vertex 0.0898895 0.0284189 -0.42964
         vertex 0.0930913 0.0283579 -0.432979
      endloop
   endfacet
   facet normal 0.69717 0.180202 0.693888
      outer loop
         vertex 0.0898667 0.0288291 -0.429663
         vertex 0.0898856 0.0286248 -0.429644
         vertex 0.0930921 0.0285599 -0.432978
      endloop
   endfacet
   facet normal 0.680332 0.280438 0.677129
      outer loop
         vertex 0.0898331 0.0290296 -0.429697
         vertex 0.0898667 0.0288291 -0.429663
         vertex 0.0930779 0.0287609 -0.432991
      endloop
   endfacet
   facet normal 0.656274 0.377698 0.653184
      outer loop
         vertex 0.089785 0.0292241 -0.429744
         vertex 0.0898331 0.0290296 -0.429697
         vertex 0.0930489 0.0289589 -0.433018
      endloop
   endfacet
   facet normal 0.625252 0.470949 0.622308
      outer loop
         vertex 0.0897229 0.0294106 -0.429806
         vertex 0.089785 0.0292241 -0.429744
         vertex 0.0930054 0.029152 -0.433058
      endloop
   endfacet
   facet normal 0.587595 0.559203 0.584828
      outer loop
         vertex 0.0896476 0.0295871 -0.429881
         vertex 0.0897229 0.0294106 -0.429806
         vertex 0.0929479 0.0293381 -0.433112
      endloop
   endfacet
   facet normal 0.582444 0.606567 0.541143
      outer loop
         vertex 0.0927933 0.0296818 -0.433256
         vertex 0.0895598 0.0297518 -0.429969
         vertex 0.0896476 0.0295871 -0.429881
      endloop
   endfacet
   facet normal 1 0 0
      outer loop
         vertex 0.0947419 0.0264687 -0.457838
         vertex 0.0947419 0.0354687 -0.457838
         vertex 0.0947419 0.0354687 -0.443667
      endloop
   endfacet
   facet normal 1 0 0
      outer loop
         vertex 0.0947419 0.0354687 -0.443667
         vertex 0.0947419 0.032424 -0.440039
         vertex 0.0947419 0.0264687 -0.457838
      endloop
   endfacet
   facet normal 1 0 0
      outer loop
         vertex 0.0947419 0.032424 -0.440039
         vertex 0.0947419 0.0264839 -0.437486
         vertex 0.0947419 0.0264695 -0.437698
      endloop
   endfacet
   facet normal 1 0 0
      outer loop
         vertex 0.0947419 0.0264695 -0.437698
         vertex 0.0947419 0.0264687 -0.437785
         vertex 0.0947419 0.032424 -0.440039
      endloop
   endfacet
   facet normal 1 0 0
      outer loop
         vertex 0.0947419 0.032424 -0.440039
         vertex 0.0947419 0.0265108 -0.437189
         vertex 0.0947419 0.0264996 -0.437255
      endloop
   endfacet
   facet normal 1 0 0
      outer loop
         vertex 0.0947419 0.032424 -0.440039
         vertex 0.0947419 0.0267137 -0.436345
         vertex 0.0947419 0.0266867 -0.436415
      endloop
   endfacet
   facet normal 1 0 0
      outer loop
         vertex 0.0947419 0.032424 -0.440039
         vertex 0.0947419 0.0268164 -0.436088
         vertex 0.0947419 0.0268082 -0.436104
      endloop
   endfacet
   facet normal 1 0 0
      outer loop
         vertex 0.0947419 0.032424 -0.440039
         vertex 0.0947419 0.0270744 -0.435629
         vertex 0.0947419 0.0269582 -0.435809
      endloop
   endfacet
   facet normal 1 0 0
      outer loop
         vertex 0.0947419 0.032424 -0.440039
         vertex 0.0947419 0.0272246 -0.435431
         vertex 0.0947419 0.0271084 -0.435576
      endloop
   endfacet
   facet normal 1 0 0
      outer loop
         vertex 0.0947419 0.032424 -0.440039
         vertex 0.0947419 0.0274257 -0.435217
         vertex 0.0947419 0.0272652 -0.43538
      endloop
   endfacet
   facet normal 1 0 0
      outer loop
         vertex 0.0947419 0.0285364 -0.435624
         vertex 0.0947419 0.0275902 -0.435082
         vertex 0.0947419 0.0275745 -0.435093
      endloop
   endfacet
   facet normal 1 0 0
      outer loop
         vertex 0.0947419 0.0285364 -0.435624
         vertex 0.0947419 0.027883 -0.434909
         vertex 0.0947419 0.0277349 -0.434986
      endloop
   endfacet
   facet normal 1 0 0
      outer loop
         vertex 0.0947419 0.0264996 -0.437255
         vertex 0.0947419 0.0264839 -0.437486
         vertex 0.0947419 0.032424 -0.440039
      endloop
   endfacet
   facet normal 1 0 0
      outer loop
         vertex 0.0947419 0.032424 -0.440039
         vertex 0.0947419 0.0266301 -0.436618
         vertex 0.0947419 0.0265722 -0.436826
      endloop
   endfacet
   facet normal 1 0 0
      outer loop
         vertex 0.0947419 0.0268082 -0.436104
         vertex 0.0947419 0.0267137 -0.436345
         vertex 0.0947419 0.032424 -0.440039
      endloop
   endfacet
   facet normal 1 0 0
      outer loop
         vertex 0.0947419 0.0271084 -0.435576
         vertex 0.0947419 0.0270744 -0.435629
         vertex 0.0947419 0.032424 -0.440039
      endloop
   endfacet
   facet normal 1 0 0
      outer loop
         vertex 0.0947419 0.032424 -0.440039
         vertex 0.0947419 0.0275607 -0.435105
         vertex 0.0947419 0.0274257 -0.435217
      endloop
   endfacet
   facet normal 1 0 0
      outer loop
         vertex 0.0947419 0.0277349 -0.434986
         vertex 0.0947419 0.0275902 -0.435082
         vertex 0.0947419 0.0285364 -0.435624
      endloop
   endfacet
   facet normal 1 0 0
      outer loop
         vertex 0.0947419 0.032424 -0.440039
         vertex 0.0947419 0.02656 -0.436898
         vertex 0.0947419 0.0265108 -0.437189
      endloop
   endfacet
   facet normal 1 0 0
      outer loop
         vertex 0.0947419 0.0266867 -0.436415
         vertex 0.0947419 0.0266301 -0.436618
         vertex 0.0947419 0.032424 -0.440039
      endloop
   endfacet
   facet normal 1 0 0
      outer loop
         vertex 0.0947419 0.0272652 -0.43538
         vertex 0.0947419 0.0272246 -0.435431
         vertex 0.0947419 0.032424 -0.440039
      endloop
   endfacet
   facet normal 1 0 0
      outer loop
         vertex 0.0947419 0.0275607 -0.435105
         vertex 0.0947419 0.032424 -0.440039
         vertex 0.0947419 0.0285364 -0.435624
      endloop
   endfacet
   facet normal 1 0 0
      outer loop
         vertex 0.0947419 0.0265722 -0.436826
         vertex 0.0947419 0.02656 -0.436898
         vertex 0.0947419 0.032424 -0.440039
      endloop
   endfacet
   facet normal 1 0 0
      outer loop
         vertex 0.0947419 0.0275745 -0.435093
         vertex 0.0947419 0.0275607 -0.435105
         vertex 0.0947419 0.0285364 -0.435624
      endloop
   endfacet
   facet normal 1 0 0
      outer loop
         vertex 0.0947419 0.0269582 -0.435809
         vertex 0.0947419 0.0268164 -0.436088
         vertex 0.0947419 0.032424 -0.440039
      endloop
   endfacet
   facet normal 1 0 0
      outer loop
         vertex 0.0947419 0.032424 -0.440039
         vertex 0.0947419 0.0264687 -0.437785
         vertex 0.0947419 0.0264687 -0.457838
      endloop
   endfacet
   facet normal 1 0 0
      outer loop
         vertex 0.0947419 0.0354687 -0.457838
         vertex 0.0947419 0.0264687 -0.457838
         vertex 0.094654 0.0264687 -0.45946
      endloop
   endfacet
   facet normal 0.994138 1.21747e-16 -0.108119
      outer loop
         vertex 0.094654 0.0354687 -0.45946
         vertex 0.094654 0.0264687 -0.45946
         vertex 0.0943912 0.0264687 -0.461062
      endloop
   endfacet
   facet normal 0.976621 1.19602e-16 -0.21497
      outer loop
         vertex 0.0943912 0.0354687 -0.461062
         vertex 0.0943912 0.0264687 -0.461062
         vertex 0.0939567 0.0264687 -0.462627
      endloop
   endfacet
   facet normal 0.947653 1.16054e-16 -0.319302
      outer loop
         vertex 0.0939567 0.0354687 -0.462627
         vertex 0.0939567 0.0264687 -0.462627
         vertex 0.0933556 0.0264687 -0.464136
      endloop
   endfacet
   facet normal 0.907575 1.11146e-16 -0.419889
      outer loop
         vertex 0.0933556 0.0354687 -0.464136
         vertex 0.0933556 0.0264687 -0.464136
         vertex 0.0925948 0.0264687 -0.465571
      endloop
   endfacet
   facet normal 0.856857 1.04935e-16 -0.515554
      outer loop
         vertex 0.0925948 0.0354687 -0.465571
         vertex 0.0925948 0.0264687 -0.465571
         vertex 0.0916833 0.0264687 -0.466915
      endloop
   endfacet
   facet normal 0.796093 9.74933e-17 -0.605174
      outer loop
         vertex 0.0916833 0.0354687 -0.466915
         vertex 0.0916833 0.0264687 -0.466915
         vertex 0.0906319 0.0264687 -0.468153
      endloop
   endfacet
   facet normal 0.725995 8.89088e-17 -0.687699
      outer loop
         vertex 0.0906319 0.0354687 -0.468153
         vertex 0.0906319 0.0264687 -0.468153
         vertex 0.0894527 0.0264687 -0.46927
      endloop
   endfacet
   facet normal 0.647386 7.9282e-17 -0.762162
      outer loop
         vertex 0.0894527 0.0354687 -0.46927
         vertex 0.0894527 0.0264687 -0.46927
         vertex 0.0881597 0.0264687 -0.470253
      endloop
   endfacet
   facet normal 0.561187 6.87256e-17 -0.827689
      outer loop
         vertex 0.0881597 0.0354687 -0.470253
         vertex 0.0881597 0.0264687 -0.470253
         vertex 0.0867681 0.0264687 -0.471091
      endloop
   endfacet
   facet normal 0.468408 5.73635e-17 -0.883512
      outer loop
         vertex 0.0867681 0.0354687 -0.471091
         vertex 0.0867681 0.0264687 -0.471091
         vertex 0.085294 0.0264687 -0.471773
      endloop
   endfacet
   facet normal 0.370138 4.53289e-17 -0.928977
      outer loop
         vertex 0.085294 0.0354687 -0.471773
         vertex 0.085294 0.0264687 -0.471773
         vertex 0.0837549 0.0264687 -0.472291
      endloop
   endfacet
   facet normal 0.267528 3.27628e-17 -0.96355
      outer loop
         vertex 0.0837549 0.0354687 -0.472291
         vertex 0.0837549 0.0264687 -0.472291
         vertex 0.0821687 0.0264687 -0.47264
      endloop
   endfacet
   facet normal 0.161782 1.98126e-17 -0.986827
      outer loop
         vertex 0.0821687 0.0354687 -0.47264
         vertex 0.0821687 0.0264687 -0.47264
         vertex 0.080554 0.0264687 -0.472816
      endloop
   endfacet
   facet normal 0.0541389 6.6301e-18 -0.998533
      outer loop
         vertex 0.080554 0.0354687 -0.472816
         vertex 0.080554 0.0264687 -0.472816
         vertex 0.0789298 0.0264687 -0.472816
      endloop
   endfacet
   facet normal -0.0541389 -6.6301e-18 -0.998533
      outer loop
         vertex 0.0789298 0.0354687 -0.472816
         vertex 0.0789298 0.0264687 -0.472816
         vertex 0.0773152 0.0264687 -0.47264
      endloop
   endfacet
   facet normal -0.161782 -1.98126e-17 -0.986827
      outer loop
         vertex 0.0773152 0.0354687 -0.47264
         vertex 0.0773152 0.0264687 -0.47264
         vertex 0.075729 0.0264687 -0.472291
      endloop
   endfacet
   facet normal -0.267528 -3.27628e-17 -0.96355
      outer loop
         vertex 0.075729 0.0354687 -0.472291
         vertex 0.075729 0.0264687 -0.472291
         vertex 0.0741899 0.0264687 -0.471773
      endloop
   endfacet
   facet normal -0.370138 -4.53289e-17 -0.928977
      outer loop
         vertex 0.0741899 0.0354687 -0.471773
         vertex 0.0741899 0.0264687 -0.471773
         vertex 0.0727158 0.0264687 -0.471091
      endloop
   endfacet
   facet normal -0.468408 -5.73635e-17 -0.883512
      outer loop
         vertex 0.0727158 0.0354687 -0.471091
         vertex 0.0727158 0.0264687 -0.471091
         vertex 0.0713241 0.0264687 -0.470253
      endloop
   endfacet
   facet normal -0.561187 -6.87256e-17 -0.827689
      outer loop
         vertex 0.0713241 0.0354687 -0.470253
         vertex 0.0713241 0.0264687 -0.470253
         vertex 0.0700311 0.0264687 -0.46927
      endloop
   endfacet
   facet normal -0.647386 -7.9282e-17 -0.762162
      outer loop
         vertex 0.0700311 0.0354687 -0.46927
         vertex 0.0700311 0.0264687 -0.46927
         vertex 0.068852 0.0264687 -0.468153
      endloop
   endfacet
   facet normal -0.725995 -8.89088e-17 -0.687699
      outer loop
         vertex 0.068852 0.0354687 -0.468153
         vertex 0.068852 0.0264687 -0.468153
         vertex 0.0678005 0.0264687 -0.466915
      endloop
   endfacet
   facet normal -0.796093 -9.74933e-17 -0.605174
      outer loop
         vertex 0.0678005 0.0354687 -0.466915
         vertex 0.0678005 0.0264687 -0.466915
         vertex 0.0668891 0.0264687 -0.465571
      endloop
   endfacet
   facet normal -0.856857 -1.04935e-16 -0.515554
      outer loop
         vertex 0.0668891 0.0354687 -0.465571
         vertex 0.0668891 0.0264687 -0.465571
         vertex 0.0661283 0.0264687 -0.464136
      endloop
   endfacet
   facet normal -0.907575 -1.11146e-16 -0.419889
      outer loop
         vertex 0.0661283 0.0354687 -0.464136
         vertex 0.0661283 0.0264687 -0.464136
         vertex 0.0655271 0.0264687 -0.462627
      endloop
   endfacet
   facet normal -0.947653 -1.16054e-16 -0.319302
      outer loop
         vertex 0.0655271 0.0354687 -0.462627
         vertex 0.0655271 0.0264687 -0.462627
         vertex 0.0650926 0.0264687 -0.461062
      endloop
   endfacet
   facet normal -0.976621 -1.19602e-16 -0.21497
      outer loop
         vertex 0.0650926 0.0354687 -0.461062
         vertex 0.0650926 0.0264687 -0.461062
         vertex 0.0648299 0.0264687 -0.45946
      endloop
   endfacet
   facet normal -0.994138 -1.21747e-16 -0.108119
      outer loop
         vertex 0.0648299 0.0354687 -0.45946
         vertex 0.0648299 0.0264687 -0.45946
         vertex 0.0647419 0.0264687 -0.457838
      endloop
   endfacet
   facet normal -1 -2.31296e-16 0
      outer loop
         vertex 0.0647419 0.0264687 -0.457838
         vertex 0.0647419 0.0354687 -0.457838
         vertex 0.0648299 0.0354687 -0.45946
      endloop
   endfacet
   facet normal -0.994138 -1.21747e-16 -0.108119
      outer loop
         vertex 0.0648299 0.0264687 -0.45946
         vertex 0.0648299 0.0354687 -0.45946
         vertex 0.0650926 0.0354687 -0.461062
      endloop
   endfacet
   facet normal -0.976621 -1.19602e-16 -0.21497
      outer loop
         vertex 0.0650926 0.0264687 -0.461062
         vertex 0.0650926 0.0354687 -0.461062
         vertex 0.0655271 0.0354687 -0.462627
      endloop
   endfacet
   facet normal -0.947653 -1.16054e-16 -0.319302
      outer loop
         vertex 0.0655271 0.0264687 -0.462627
         vertex 0.0655271 0.0354687 -0.462627
         vertex 0.0661283 0.0354687 -0.464136
      endloop
   endfacet
   facet normal -0.907575 -1.11146e-16 -0.419889
      outer loop
         vertex 0.0661283 0.0264687 -0.464136
         vertex 0.0661283 0.0354687 -0.464136
         vertex 0.0668891 0.0354687 -0.465571
      endloop
   endfacet
   facet normal -0.856857 -1.04935e-16 -0.515554
      outer loop
         vertex 0.0668891 0.0264687 -0.465571
         vertex 0.0668891 0.0354687 -0.465571
         vertex 0.0678005 0.0354687 -0.466915
      endloop
   endfacet
   facet normal -0.796093 -9.74933e-17 -0.605174
      outer loop
         vertex 0.0678005 0.0264687 -0.466915
         vertex 0.0678005 0.0354687 -0.466915
         vertex 0.068852 0.0354687 -0.468153
      endloop
   endfacet
   facet normal -0.725995 -8.89088e-17 -0.687699
      outer loop
         vertex 0.068852 0.0264687 -0.468153
         vertex 0.068852 0.0354687 -0.468153
         vertex 0.0700311 0.0354687 -0.46927
      endloop
   endfacet
   facet normal -0.647386 -7.9282e-17 -0.762162
      outer loop
         vertex 0.0700311 0.0264687 -0.46927
         vertex 0.0700311 0.0354687 -0.46927
         vertex 0.0713241 0.0354687 -0.470253
      endloop
   endfacet
   facet normal -0.561187 -6.87256e-17 -0.827689
      outer loop
         vertex 0.0713241 0.0264687 -0.470253
         vertex 0.0713241 0.0354687 -0.470253
         vertex 0.0727158 0.0354687 -0.471091
      endloop
   endfacet
   facet normal -0.468408 -5.73635e-17 -0.883512
      outer loop
         vertex 0.0727158 0.0264687 -0.471091
         vertex 0.0727158 0.0354687 -0.471091
         vertex 0.0741899 0.0354687 -0.471773
      endloop
   endfacet
   facet normal -0.370138 -4.53289e-17 -0.928977
      outer loop
         vertex 0.0741899 0.0264687 -0.471773
         vertex 0.0741899 0.0354687 -0.471773
         vertex 0.075729 0.0354687 -0.472291
      endloop
   endfacet
   facet normal -0.267528 -3.27628e-17 -0.96355
      outer loop
         vertex 0.075729 0.0264687 -0.472291
         vertex 0.075729 0.0354687 -0.472291
         vertex 0.0773152 0.0354687 -0.47264
      endloop
   endfacet
   facet normal -0.161782 -1.98126e-17 -0.986827
      outer loop
         vertex 0.0773152 0.0264687 -0.47264
         vertex 0.0773152 0.0354687 -0.47264
         vertex 0.0789298 0.0354687 -0.472816
      endloop
   endfacet
   facet normal -0.0541389 -6.6301e-18 -0.998533
      outer loop
         vertex 0.0789298 0.0264687 -0.472816
         vertex 0.0789298 0.0354687 -0.472816
         vertex 0.080554 0.0354687 -0.472816
      endloop
   endfacet
   facet normal 0.0541389 6.6301e-18 -0.998533
      outer loop
         vertex 0.080554 0.0264687 -0.472816
         vertex 0.080554 0.0354687 -0.472816
         vertex 0.0821687 0.0354687 -0.47264
      endloop
   endfacet
   facet normal 0.161782 1.98126e-17 -0.986827
      outer loop
         vertex 0.0821687 0.0264687 -0.47264
         vertex 0.0821687 0.0354687 -0.47264
         vertex 0.0837549 0.0354687 -0.472291
      endloop
   endfacet
   facet normal 0.267528 3.27628e-17 -0.96355
      outer loop
         vertex 0.0837549 0.0264687 -0.472291
         vertex 0.0837549 0.0354687 -0.472291
         vertex 0.085294 0.0354687 -0.471773
      endloop
   endfacet
   facet normal 0.370138 4.53289e-17 -0.928977
      outer loop
         vertex 0.085294 0.0264687 -0.471773
         vertex 0.085294 0.0354687 -0.471773
         vertex 0.0867681 0.0354687 -0.471091
      endloop
   endfacet
   facet normal 0.468408 5.73635e-17 -0.883512
      outer loop
         vertex 0.0867681 0.0264687 -0.471091
         vertex 0.0867681 0.0354687 -0.471091
         vertex 0.0881597 0.0354687 -0.470253
      endloop
   endfacet
   facet normal 0.561187 6.87256e-17 -0.827689
      outer loop
         vertex 0.0881597 0.0264687 -0.470253
         vertex 0.0881597 0.0354687 -0.470253
         vertex 0.0894527 0.0354687 -0.46927
      endloop
   endfacet
   facet normal 0.647386 7.9282e-17 -0.762162
      outer loop
         vertex 0.0894527 0.0264687 -0.46927
         vertex 0.0894527 0.0354687 -0.46927
         vertex 0.0906319 0.0354687 -0.468153
      endloop
   endfacet
   facet normal 0.725995 8.89088e-17 -0.687699
      outer loop
         vertex 0.0906319 0.0264687 -0.468153
         vertex 0.0906319 0.0354687 -0.468153
         vertex 0.0916833 0.0354687 -0.466915
      endloop
   endfacet
   facet normal 0.796093 9.74933e-17 -0.605174
      outer loop
         vertex 0.0916833 0.0264687 -0.466915
         vertex 0.0916833 0.0354687 -0.466915
         vertex 0.0925948 0.0354687 -0.465571
      endloop
   endfacet
   facet normal 0.856857 1.04935e-16 -0.515554
      outer loop
         vertex 0.0925948 0.0264687 -0.465571
         vertex 0.0925948 0.0354687 -0.465571
         vertex 0.0933556 0.0354687 -0.464136
      endloop
   endfacet
   facet normal 0.907575 1.11146e-16 -0.419889
      outer loop
         vertex 0.0933556 0.0264687 -0.464136
         vertex 0.0933556 0.0354687 -0.464136
         vertex 0.0939567 0.0354687 -0.462627
      endloop
   endfacet
   facet normal 0.947653 1.16054e-16 -0.319302
      outer loop
         vertex 0.0939567 0.0264687 -0.462627
         vertex 0.0939567 0.0354687 -0.462627
         vertex 0.0943912 0.0354687 -0.461062
      endloop
   endfacet
   facet normal 0.976621 1.19602e-16 -0.21497
      outer loop
         vertex 0.0943912 0.0264687 -0.461062
         vertex 0.0943912 0.0354687 -0.461062
         vertex 0.094654 0.0354687 -0.45946
      endloop
   endfacet
   facet normal 0.994138 1.21747e-16 -0.108119
      outer loop
         vertex 0.094654 0.0264687 -0.45946
         vertex 0.094654 0.0354687 -0.45946
         vertex 0.0947419 0.0354687 -0.457838
      endloop
   endfacet
   facet normal 0.593909 0.595346 0.541143
      outer loop
         vertex 0.0939297 0.0297271 -0.434541
         vertex 0.0940748 0.0296399 -0.434621
         vertex 0.0940084 0.0336002 -0.439032
      endloop
   endfacet
   facet normal 0.706171 0.537999 0.460304
      outer loop
         vertex 0.0941543 0.0335 -0.439118
         vertex 0.0940084 0.0336002 -0.439032
         vertex 0.0940748 0.0296399 -0.434621
      endloop
   endfacet
   facet normal 0.772276 0.482717 0.413006
      outer loop
         vertex 0.0942865 0.0333895 -0.439213
         vertex 0.0941543 0.0335 -0.439118
         vertex 0.0942082 0.029543 -0.434709
      endloop
   endfacet
   facet normal 0.830918 0.422771 0.361717
      outer loop
         vertex 0.0944038 0.0332696 -0.439315
         vertex 0.0942865 0.0333895 -0.439213
         vertex 0.0943287 0.0294373 -0.434805
      endloop
   endfacet
   facet normal 0.881531 0.35874 0.306933
      outer loop
         vertex 0.094505 0.0331415 -0.439425
         vertex 0.0944038 0.0332696 -0.439315
         vertex 0.0944354 0.0293237 -0.434908
      endloop
   endfacet
   facet normal 0.923626 0.291243 0.249183
      outer loop
         vertex 0.0945892 0.0330065 -0.43954
         vertex 0.094505 0.0331415 -0.439425
         vertex 0.0945274 0.0292033 -0.435017
      endloop
   endfacet
   facet normal 0.956796 0.220931 0.189025
      outer loop
         vertex 0.0946555 0.0328659 -0.43966
         vertex 0.0945892 0.0330065 -0.43954
         vertex 0.0946037 0.029077 -0.435132
      endloop
   endfacet
   facet normal 0.980721 0.148484 0.127041
      outer loop
         vertex 0.0947034 0.032721 -0.439784
         vertex 0.0946555 0.0328659 -0.43966
         vertex 0.0946638 0.0289461 -0.435251
      endloop
   endfacet
   facet normal 0.995169 0.0746024 0.0638288
      outer loop
         vertex 0.0947323 0.0325732 -0.439911
         vertex 0.0947034 0.032721 -0.439784
         vertex 0.0947071 0.0288115 -0.435373
      endloop
   endfacet
   facet normal 0.995169 0.0746024 0.0638288
      outer loop
         vertex 0.0947323 0.0325732 -0.439911
         vertex 0.0947332 0.0286746 -0.435498
         vertex 0.0947419 0.0285364 -0.435624
      endloop
   endfacet
   facet normal 1 0 0
      outer loop
         vertex 0.0947419 0.032424 -0.440039
         vertex 0.0947419 0.0354687 -0.443667
         vertex 0.0947273 0.0354687 -0.443349
      endloop
   endfacet
   facet normal 0.995169 0.0746024 0.0638288
      outer loop
         vertex 0.0947323 0.0325732 -0.439911
         vertex 0.0947211 0.0354687 -0.443214
         vertex 0.0946963 0.0354687 -0.443036
      endloop
   endfacet
   facet normal 0.995169 0.0746024 0.0638288
      outer loop
         vertex 0.0947323 0.0325732 -0.439911
         vertex 0.0947273 0.0354687 -0.443349
         vertex 0.0947211 0.0354687 -0.443214
      endloop
   endfacet
   facet normal 0.980721 0.148484 0.127041
      outer loop
         vertex 0.0947034 0.032721 -0.439784
         vertex 0.0946963 0.0354687 -0.443036
         vertex 0.0946615 0.0354687 -0.442785
      endloop
   endfacet
   facet normal 0.956796 0.220931 0.189025
      outer loop
         vertex 0.0946555 0.0328659 -0.43966
         vertex 0.0946615 0.0354687 -0.442785
         vertex 0.0945787 0.0354687 -0.442433
      endloop
   endfacet
   facet normal 0.923626 0.291243 0.249183
      outer loop
         vertex 0.0945892 0.0330065 -0.43954
         vertex 0.0945671 0.0354687 -0.442384
         vertex 0.0944908 0.0354687 -0.442151
      endloop
   endfacet
   facet normal 0.923626 0.291243 0.249183
      outer loop
         vertex 0.0945892 0.0330065 -0.43954
         vertex 0.0945787 0.0354687 -0.442433
         vertex 0.0945671 0.0354687 -0.442384
      endloop
   endfacet
   facet normal 0.881531 0.35874 0.306933
      outer loop
         vertex 0.094505 0.0331415 -0.439425
         vertex 0.09447 0.0354687 -0.442088
         vertex 0.0943849 0.0354687 -0.441886
      endloop
   endfacet
   facet normal 0.881531 0.35874 0.306933
      outer loop
         vertex 0.094505 0.0331415 -0.439425
         vertex 0.0944908 0.0354687 -0.442151
         vertex 0.09447 0.0354687 -0.442088
      endloop
   endfacet
   facet normal 0.830918 0.422771 0.361717
      outer loop
         vertex 0.0944038 0.0332696 -0.439315
         vertex 0.0943489 0.0354687 -0.441801
         vertex 0.0942634 0.0354687 -0.441639
      endloop
   endfacet
   facet normal 0.830918 0.422771 0.361717
      outer loop
         vertex 0.0944038 0.0332696 -0.439315
         vertex 0.0943849 0.0354687 -0.441886
         vertex 0.0943489 0.0354687 -0.441801
      endloop
   endfacet
   facet normal 0.772276 0.482717 0.413006
      outer loop
         vertex 0.0942865 0.0333895 -0.439213
         vertex 0.0942134 0.0354687 -0.441545
         vertex 0.0941271 0.0354687 -0.441413
      endloop
   endfacet
   facet normal 0.772276 0.482717 0.413006
      outer loop
         vertex 0.0942865 0.0333895 -0.439213
         vertex 0.0942634 0.0354687 -0.441639
         vertex 0.0942134 0.0354687 -0.441545
      endloop
   endfacet
   facet normal 0.706171 0.537999 0.460304
      outer loop
         vertex 0.0941543 0.0335 -0.439118
         vertex 0.094 0.0354687 -0.441232
         vertex 0.0939782 0.0354687 -0.441207
      endloop
   endfacet
   facet normal 0.706171 0.537999 0.460304
      outer loop
         vertex 0.0941543 0.0335 -0.439118
         vertex 0.0940654 0.0354687 -0.441318
         vertex 0.094 0.0354687 -0.441232
      endloop
   endfacet
   facet normal 0.706171 0.537999 0.460304
      outer loop
         vertex 0.0941543 0.0335 -0.439118
         vertex 0.0941271 0.0354687 -0.441413
         vertex 0.0940654 0.0354687 -0.441318
      endloop
   endfacet
   facet normal 0.633242 0.588081 0.503154
      outer loop
         vertex 0.0940084 0.0336002 -0.439032
         vertex 0.0938503 0.0354687 -0.441061
         vertex 0.0938166 0.0354687 -0.441026
      endloop
   endfacet
   facet normal 0.633242 0.588081 0.503154
      outer loop
         vertex 0.0940084 0.0336002 -0.439032
         vertex 0.0939782 0.0354687 -0.441207
         vertex 0.0938503 0.0354687 -0.441061
      endloop
   endfacet
   facet normal 0.593909 0.595346 0.541143
      outer loop
         vertex 0.0939297 0.0297271 -0.434541
         vertex 0.0939312 0.029658 -0.434467
         vertex 0.0939381 0.029651 -0.434467
      endloop
   endfacet
   facet normal 0.598095 0.592708 0.539425
      outer loop
         vertex 0.0939381 0.029651 -0.434467
         vertex 0.0940748 0.0296399 -0.434621
         vertex 0.0939297 0.0297271 -0.434541
      endloop
   endfacet
   facet normal 0.733112 0.503273 0.457453
      outer loop
         vertex 0.0942082 0.029543 -0.434709
         vertex 0.0940867 0.0294885 -0.434473
         vertex 0.0941094 0.0294637 -0.434474
      endloop
   endfacet
   facet normal 0.733112 0.503273 0.457453
      outer loop
         vertex 0.0942082 0.029543 -0.434709
         vertex 0.0940748 0.0296399 -0.434621
         vertex 0.0940759 0.0295004 -0.434473
      endloop
   endfacet
   facet normal 0.667622 0.550319 0.501428
      outer loop
         vertex 0.0940759 0.0295004 -0.434473
         vertex 0.0940867 0.0294885 -0.434473
         vertex 0.0942082 0.029543 -0.434709
      endloop
   endfacet
   facet normal 0.793401 0.450432 0.409422
      outer loop
         vertex 0.0943287 0.0294373 -0.434805
         vertex 0.0942082 0.029543 -0.434709
         vertex 0.0942091 0.0293349 -0.434488
      endloop
   endfacet
   facet normal 0.734569 0.501283 0.457301
      outer loop
         vertex 0.0942091 0.0293349 -0.434488
         vertex 0.0942611 0.0292677 -0.434495
         vertex 0.0943287 0.0294373 -0.434805
      endloop
   endfacet
   facet normal 0.84676 0.393657 0.357816
      outer loop
         vertex 0.0944354 0.0293237 -0.434908
         vertex 0.0943554 0.0291222 -0.434518
         vertex 0.0943934 0.0290638 -0.434527
      endloop
   endfacet
   facet normal 0.84676 0.393657 0.357816
      outer loop
         vertex 0.0944354 0.0293237 -0.434908
         vertex 0.0943287 0.0294373 -0.434805
         vertex 0.0943294 0.0291624 -0.434511
      endloop
   endfacet
   facet normal 0.794913 0.447989 0.40917
      outer loop
         vertex 0.0943294 0.0291624 -0.434511
         vertex 0.0943554 0.0291222 -0.434518
         vertex 0.0944354 0.0293237 -0.434908
      endloop
   endfacet
   facet normal 0.892723 0.333444 0.303085
      outer loop
         vertex 0.0945274 0.0292033 -0.435017
         vertex 0.0944354 0.0293237 -0.434908
         vertex 0.094443 0.0289763 -0.434545
      endloop
   endfacet
   facet normal 0.93089 0.270318 0.245707
      outer loop
         vertex 0.0946037 0.029077 -0.435132
         vertex 0.0945274 0.0292033 -0.435017
         vertex 0.0945285 0.0288021 -0.434585
      endloop
   endfacet
   facet normal 0.8939 0.330642 0.302686
      outer loop
         vertex 0.0945285 0.0288021 -0.434585
         vertex 0.0945438 0.0287709 -0.434593
         vertex 0.0946037 0.029077 -0.435132
      endloop
   endfacet
   facet normal 0.900924 0.320074 0.293068
      outer loop
         vertex 0.0945438 0.0287709 -0.434593
         vertex 0.0945594 0.0287309 -0.434604
         vertex 0.0946037 0.029077 -0.435132
      endloop
   endfacet
   facet normal 0.960927 0.204832 0.186183
      outer loop
         vertex 0.0946638 0.0289461 -0.435251
         vertex 0.0946037 0.029077 -0.435132
         vertex 0.0946037 0.0286171 -0.434636
      endloop
   endfacet
   facet normal 0.931767 0.267658 0.245293
      outer loop
         vertex 0.0946037 0.0286171 -0.434636
         vertex 0.0946231 0.0285671 -0.43465
         vertex 0.0946638 0.0289461 -0.435251
      endloop
   endfacet
   facet normal 0.982571 0.137557 0.125033
      outer loop
         vertex 0.0947071 0.0288115 -0.435373
         vertex 0.0946638 0.0289461 -0.435251
         vertex 0.0946627 0.0284312 -0.434694
      endloop
   endfacet
   facet normal 0.961487 0.202536 0.185803
      outer loop
         vertex 0.0946627 0.0284312 -0.434694
         vertex 0.094682 0.028365 -0.434716
         vertex 0.0947071 0.0288115 -0.435373
      endloop
   endfacet
   facet normal 0.970059 0.178939 0.164214
      outer loop
         vertex 0.094682 0.028365 -0.434716
         vertex 0.0946893 0.0283293 -0.434728
         vertex 0.0947071 0.0288115 -0.435373
      endloop
   endfacet
   facet normal 0.995633 0.06908 0.0627906
      outer loop
         vertex 0.0947332 0.0286746 -0.435498
         vertex 0.0947071 0.0288115 -0.435373
         vertex 0.0947146 0.0282059 -0.434773
      endloop
   endfacet
   facet normal 0.986346 0.12129 0.111399
      outer loop
         vertex 0.0947146 0.0282059 -0.434773
         vertex 0.0947236 0.0281302 -0.434804
         vertex 0.0947332 0.0286746 -0.435498
      endloop
   endfacet
   facet normal 1 0 0
      outer loop
         vertex 0.0947419 0.0285364 -0.435624
         vertex 0.0947332 0.0286746 -0.435498
         vertex 0.0947315 0.0280628 -0.434831
      endloop
   endfacet
   facet normal 0.995708 0.0681384 0.0626246
      outer loop
         vertex 0.0947315 0.0280628 -0.434831
         vertex 0.0947373 0.028014 -0.434851
         vertex 0.0947419 0.0285364 -0.435624
      endloop
   endfacet
   facet normal 0.9977 0.0499065 0.0458787
      outer loop
         vertex 0.0947373 0.028014 -0.434851
         vertex 0.0947401 0.0279342 -0.434886
         vertex 0.0947419 0.0285364 -0.435624
      endloop
   endfacet
   facet normal 0.999648 0.0195202 0.0179511
      outer loop
         vertex 0.0947401 0.0279342 -0.434886
         vertex 0.0947419 0.027883 -0.434909
         vertex 0.0947419 0.0285364 -0.435624
      endloop
   endfacet
   facet normal 0.991955 0.0932205 0.0856496
      outer loop
         vertex 0.0947236 0.0281302 -0.434804
         vertex 0.0947315 0.0280628 -0.434831
         vertex 0.0947332 0.0286746 -0.435498
      endloop
   endfacet
   facet normal 0.974249 0.166109 0.152468
      outer loop
         vertex 0.0946893 0.0283293 -0.434728
         vertex 0.0947146 0.0282059 -0.434773
         vertex 0.0947071 0.0288115 -0.435373
      endloop
   endfacet
   facet normal 0.940597 0.250278 0.229431
      outer loop
         vertex 0.0946231 0.0285671 -0.43465
         vertex 0.0946627 0.0284312 -0.434694
         vertex 0.0946638 0.0289461 -0.435251
      endloop
   endfacet
   facet normal 0.909479 0.306598 0.280794
      outer loop
         vertex 0.0945594 0.0287309 -0.434604
         vertex 0.0946037 0.0286171 -0.434636
         vertex 0.0946037 0.029077 -0.435132
      endloop
   endfacet
   facet normal 0.850532 0.38811 0.354916
      outer loop
         vertex 0.094443 0.0289763 -0.434545
         vertex 0.0945285 0.0288021 -0.434585
         vertex 0.0945274 0.0292033 -0.435017
      endloop
   endfacet
   facet normal 0.825727 0.416369 0.380543
      outer loop
         vertex 0.0943934 0.0290638 -0.434527
         vertex 0.094443 0.0289763 -0.434545
         vertex 0.0944354 0.0293237 -0.434908
      endloop
   endfacet
   facet normal 0.759572 0.48041 0.438471
      outer loop
         vertex 0.0942611 0.0292677 -0.434495
         vertex 0.0943294 0.0291624 -0.434511
         vertex 0.0943287 0.0294373 -0.434805
      endloop
   endfacet
   facet normal 0.683756 0.539317 0.491543
      outer loop
         vertex 0.0941094 0.0294637 -0.434474
         vertex 0.0942091 0.0293349 -0.434488
         vertex 0.0942082 0.029543 -0.434709
      endloop
   endfacet
   facet normal 0.598095 0.592708 0.539425
      outer loop
         vertex 0.0939381 0.029651 -0.434467
         vertex 0.0940759 0.0295004 -0.434473
         vertex 0.0940748 0.0296399 -0.434621
      endloop
   endfacet
   facet normal 0.537347 0.646856 0.541143
      outer loop
         vertex 0.0938166 0.0354687 -0.441026
         vertex 0.0938503 0.033689 -0.438956
         vertex 0.0940084 0.0336002 -0.439032
      endloop
   endfacet
   facet normal 0.618436 0.602999 0.503914
      outer loop
         vertex 0.0939782 0.0354687 -0.441207
         vertex 0.0940084 0.0336002 -0.439032
         vertex 0.0941543 0.0335 -0.439118
      endloop
   endfacet
   facet normal 0.693477 0.553123 0.461676
      outer loop
         vertex 0.0941271 0.0354687 -0.441413
         vertex 0.0941543 0.0335 -0.439118
         vertex 0.0942865 0.0333895 -0.439213
      endloop
   endfacet
   facet normal 0.761746 0.497654 0.414829
      outer loop
         vertex 0.0942634 0.0354687 -0.441639
         vertex 0.0942865 0.0333895 -0.439213
         vertex 0.0944038 0.0332696 -0.439315
      endloop
   endfacet
   facet normal 0.822553 0.437084 0.363819
      outer loop
         vertex 0.0943849 0.0354687 -0.441886
         vertex 0.0944038 0.0332696 -0.439315
         vertex 0.094505 0.0331415 -0.439425
      endloop
   endfacet
   facet normal 0.875268 0.371948 0.30913
      outer loop
         vertex 0.0944908 0.0354687 -0.442151
         vertex 0.094505 0.0331415 -0.439425
         vertex 0.0945892 0.0330065 -0.43954
      endloop
   endfacet
   facet normal 0.919318 0.302836 0.251286
      outer loop
         vertex 0.0945787 0.0354687 -0.442433
         vertex 0.0945892 0.0330065 -0.43954
         vertex 0.0946555 0.0328659 -0.43966
      endloop
   endfacet
   facet normal 0.959792 0.216201 0.179042
      outer loop
         vertex 0.0946615 0.0354687 -0.442785
         vertex 0.0946555 0.0328659 -0.43966
         vertex 0.0947034 0.032721 -0.439784
      endloop
   endfacet
   facet normal 0.979492 0.155268 0.128401
      outer loop
         vertex 0.0946963 0.0354687 -0.443036
         vertex 0.0947034 0.032721 -0.439784
         vertex 0.0947323 0.0325732 -0.439911
      endloop
   endfacet
   facet normal 0.994843 0.0782178 0.0645711
      outer loop
         vertex 0.0947273 0.0354687 -0.443349
         vertex 0.0947323 0.0325732 -0.439911
         vertex 0.0947419 0.032424 -0.440039
      endloop
   endfacet
   facet normal 1 0 0
      outer loop
         vertex 0.0947419 0.0285364 -0.435624
         vertex 0.0947419 0.032424 -0.440039
         vertex 0.0947323 0.0325732 -0.439911
      endloop
   endfacet
   facet normal 0.982571 0.137557 0.125033
      outer loop
         vertex 0.0947071 0.0288115 -0.435373
         vertex 0.0947332 0.0286746 -0.435498
         vertex 0.0947323 0.0325732 -0.439911
      endloop
   endfacet
   facet normal 0.960927 0.204832 0.186183
      outer loop
         vertex 0.0946638 0.0289461 -0.435251
         vertex 0.0947071 0.0288115 -0.435373
         vertex 0.0947034 0.032721 -0.439784
      endloop
   endfacet
   facet normal 0.93089 0.270318 0.245707
      outer loop
         vertex 0.0946037 0.029077 -0.435132
         vertex 0.0946638 0.0289461 -0.435251
         vertex 0.0946555 0.0328659 -0.43966
      endloop
   endfacet
   facet normal 0.892723 0.333444 0.303085
      outer loop
         vertex 0.0945274 0.0292033 -0.435017
         vertex 0.0946037 0.029077 -0.435132
         vertex 0.0945892 0.0330065 -0.43954
      endloop
   endfacet
   facet normal 0.84676 0.393657 0.357816
      outer loop
         vertex 0.0944354 0.0293237 -0.434908
         vertex 0.0945274 0.0292033 -0.435017
         vertex 0.094505 0.0331415 -0.439425
      endloop
   endfacet
   facet normal 0.793401 0.450432 0.409422
      outer loop
         vertex 0.0943287 0.0294373 -0.434805
         vertex 0.0944354 0.0293237 -0.434908
         vertex 0.0944038 0.0332696 -0.439315
      endloop
   endfacet
   facet normal 0.733112 0.503273 0.457453
      outer loop
         vertex 0.0942082 0.029543 -0.434709
         vertex 0.0943287 0.0294373 -0.434805
         vertex 0.0942865 0.0333895 -0.439213
      endloop
   endfacet
   facet normal 0.666421 0.551718 0.501488
      outer loop
         vertex 0.0940748 0.0296399 -0.434621
         vertex 0.0942082 0.029543 -0.434709
         vertex 0.0941543 0.0335 -0.439118
      endloop
   endfacet
   facet normal 0.633242 0.588081 0.503154
      outer loop
         vertex 0.0940084 0.0336002 -0.439032
         vertex 0.0938503 0.033689 -0.438956
         vertex 0.0939297 0.0297271 -0.434541
      endloop
   endfacet
   facet normal 1.22465e-16 -1 3.46945e-16
      outer loop
         vertex 0.0916833 0.0264687 -0.466915
         vertex 0.081149 0.0264687 -0.458792
         vertex 0.0810376 0.0264687 -0.458938
      endloop
   endfacet
   facet normal 1.22465e-16 -1 3.46945e-16
      outer loop
         vertex 0.0925948 0.0264687 -0.465571
         vertex 0.0812439 0.0264687 -0.458634
         vertex 0.081149 0.0264687 -0.458792
      endloop
   endfacet
   facet normal 1.22465e-16 -1 3.46945e-16
      outer loop
         vertex 0.0933556 0.0264687 -0.464136
         vertex 0.0813212 0.0264687 -0.458467
         vertex 0.0812439 0.0264687 -0.458634
      endloop
   endfacet
   facet normal 1.22465e-16 -1 3.46945e-16
      outer loop
         vertex 0.081149 0.0264687 -0.458792
         vertex 0.0916833 0.0264687 -0.466915
         vertex 0.0925948 0.0264687 -0.465571
      endloop
   endfacet
   facet normal 1.22465e-16 -1 3.46945e-16
      outer loop
         vertex 0.0812439 0.0264687 -0.458634
         vertex 0.0925948 0.0264687 -0.465571
         vertex 0.0933556 0.0264687 -0.464136
      endloop
   endfacet
   facet normal 1.22465e-16 -1 3.46945e-16
      outer loop
         vertex 0.0939567 0.0264687 -0.462627
         vertex 0.0943912 0.0264687 -0.461062
         vertex 0.08138 0.0264687 -0.458293
      endloop
   endfacet
   facet normal 1.22465e-16 -1 3.46945e-16
      outer loop
         vertex 0.0678005 0.0264687 -0.466915
         vertex 0.068852 0.0264687 -0.468153
         vertex 0.0784463 0.0264687 -0.458938
      endloop
   endfacet
   facet normal 1.22465e-16 -1 3.46945e-16
      outer loop
         vertex 0.0837549 0.0264687 -0.472291
         vertex 0.085294 0.0264687 -0.471773
         vertex 0.0802847 0.0264687 -0.459449
      endloop
   endfacet
   facet normal 1.22465e-16 -1 3.46945e-16
      outer loop
         vertex 0.0867681 0.0264687 -0.471091
         vertex 0.0806184 0.0264687 -0.459295
         vertex 0.0804557 0.0264687 -0.459381
      endloop
   endfacet
   facet normal 1.22465e-16 -1 3.46945e-16
      outer loop
         vertex 0.0881597 0.0264687 -0.470253
         vertex 0.0894527 0.0264687 -0.46927
         vertex 0.0807707 0.0264687 -0.459191
      endloop
   endfacet
   facet normal 1.22465e-16 -1 3.46945e-16
      outer loop
         vertex 0.0933556 0.0264687 -0.464136
         vertex 0.0939567 0.0264687 -0.462627
         vertex 0.0813212 0.0264687 -0.458467
      endloop
   endfacet
   facet normal 1.22465e-16 -1 3.46945e-16
      outer loop
         vertex 0.0943912 0.0264687 -0.461062
         vertex 0.0814195 0.0264687 -0.458113
         vertex 0.08138 0.0264687 -0.458293
      endloop
   endfacet
   facet normal 1.22465e-16 -1 3.46945e-16
      outer loop
         vertex 0.0943912 0.0264687 -0.461062
         vertex 0.0814394 0.0264687 -0.457746
         vertex 0.0814394 0.0264687 -0.45793
      endloop
   endfacet
   facet normal 1.22465e-16 -1 3.46945e-16
      outer loop
         vertex 0.0943912 0.0264687 -0.461062
         vertex 0.0810376 0.0264687 -0.456737
         vertex 0.081149 0.0264687 -0.456884
      endloop
   endfacet
   facet normal 1.22465e-16 -1 3.46945e-16
      outer loop
         vertex 0.0647419 0.0264687 -0.439838
         vertex 0.0647419 0.0264687 -0.457838
         vertex 0.0781627 0.0264687 -0.457209
      endloop
   endfacet
   facet normal 1.22465e-16 -1 3.46945e-16
      outer loop
         vertex 0.0648299 0.0264687 -0.45946
         vertex 0.0780643 0.0264687 -0.458113
         vertex 0.0780444 0.0264687 -0.45793
      endloop
   endfacet
   facet normal 1.22465e-16 -1 3.46945e-16
      outer loop
         vertex 0.0661283 0.0264687 -0.464136
         vertex 0.0668891 0.0264687 -0.465571
         vertex 0.07824 0.0264687 -0.458634
      endloop
   endfacet
   facet normal 1.22465e-16 -1 3.46945e-16
      outer loop
         vertex 0.0783349 0.0264687 -0.458792
         vertex 0.0668891 0.0264687 -0.465571
         vertex 0.0678005 0.0264687 -0.466915
      endloop
   endfacet
   facet normal 1.22465e-16 -1 3.46945e-16
      outer loop
         vertex 0.085294 0.0264687 -0.471773
         vertex 0.0804557 0.0264687 -0.459381
         vertex 0.0802847 0.0264687 -0.459449
      endloop
   endfacet
   facet normal 1.22465e-16 -1 3.46945e-16
      outer loop
         vertex 0.0804557 0.0264687 -0.459381
         vertex 0.085294 0.0264687 -0.471773
         vertex 0.0867681 0.0264687 -0.471091
      endloop
   endfacet
   facet normal 1.22465e-16 -1 3.46945e-16
      outer loop
         vertex 0.0894527 0.0264687 -0.46927
         vertex 0.080911 0.0264687 -0.459072
         vertex 0.0807707 0.0264687 -0.459191
      endloop
   endfacet
   facet normal 1.22465e-16 -1 3.46945e-16
      outer loop
         vertex 0.0906319 0.0264687 -0.468153
         vertex 0.0810376 0.0264687 -0.458938
         vertex 0.080911 0.0264687 -0.459072
      endloop
   endfacet
   facet normal 1.22465e-16 -1 3.46945e-16
      outer loop
         vertex 0.08138 0.0264687 -0.458293
         vertex 0.0813212 0.0264687 -0.458467
         vertex 0.0939567 0.0264687 -0.462627
      endloop
   endfacet
   facet normal 1.22465e-16 -1 3.46945e-16
      outer loop
         vertex 0.0943912 0.0264687 -0.461062
         vertex 0.0814195 0.0264687 -0.457563
         vertex 0.0814394 0.0264687 -0.457746
      endloop
   endfacet
   facet normal 1.22465e-16 -1 3.46945e-16
      outer loop
         vertex 0.0943912 0.0264687 -0.461062
         vertex 0.0813212 0.0264687 -0.457209
         vertex 0.08138 0.0264687 -0.457383
      endloop
   endfacet
   facet normal 1.22465e-16 -1 3.46945e-16
      outer loop
         vertex 0.081149 0.0264687 -0.456884
         vertex 0.0812439 0.0264687 -0.457042
         vertex 0.0943912 0.0264687 -0.461062
      endloop
   endfacet
   facet normal 1.22465e-16 -1 3.46945e-16
      outer loop
         vertex 0.0775872 0.0264687 -0.439838
         vertex 0.080911 0.0264687 -0.456604
         vertex 0.0810376 0.0264687 -0.456737
      endloop
   endfacet
   facet normal 1.22465e-16 -1 3.46945e-16
      outer loop
         vertex 0.0647419 0.0264687 -0.457838
         vertex 0.0781039 0.0264687 -0.457383
         vertex 0.0781627 0.0264687 -0.457209
      endloop
   endfacet
   facet normal 1.22465e-16 -1 3.46945e-16
      outer loop
         vertex 0.0647419 0.0264687 -0.457838
         vertex 0.0780444 0.0264687 -0.45793
         vertex 0.0780444 0.0264687 -0.457746
      endloop
   endfacet
   facet normal 1.22465e-16 -1 3.46945e-16
      outer loop
         vertex 0.0780444 0.0264687 -0.45793
         vertex 0.0647419 0.0264687 -0.457838
         vertex 0.0648299 0.0264687 -0.45946
      endloop
   endfacet
   facet normal 1.22465e-16 -1 3.46945e-16
      outer loop
         vertex 0.0655271 0.0264687 -0.462627
         vertex 0.0781627 0.0264687 -0.458467
         vertex 0.0781039 0.0264687 -0.458293
      endloop
   endfacet
   facet normal 1.22465e-16 -1 3.46945e-16
      outer loop
         vertex 0.0781627 0.0264687 -0.458467
         vertex 0.0655271 0.0264687 -0.462627
         vertex 0.0661283 0.0264687 -0.464136
      endloop
   endfacet
   facet normal 1.22465e-16 -1 3.46945e-16
      outer loop
         vertex 0.0784463 0.0264687 -0.458938
         vertex 0.0783349 0.0264687 -0.458792
         vertex 0.0678005 0.0264687 -0.466915
      endloop
   endfacet
   facet normal 1.22465e-16 -1 3.46945e-16
      outer loop
         vertex 0.068852 0.0264687 -0.468153
         vertex 0.0700311 0.0264687 -0.46927
         vertex 0.0785728 0.0264687 -0.459072
      endloop
   endfacet
   facet normal 1.22465e-16 -1 3.46945e-16
      outer loop
         vertex 0.0867681 0.0264687 -0.471091
         vertex 0.0881597 0.0264687 -0.470253
         vertex 0.0806184 0.0264687 -0.459295
      endloop
   endfacet
   facet normal 1.22465e-16 -1 3.46945e-16
      outer loop
         vertex 0.080911 0.0264687 -0.459072
         vertex 0.0894527 0.0264687 -0.46927
         vertex 0.0906319 0.0264687 -0.468153
      endloop
   endfacet
   facet normal 1.22465e-16 -1 3.46945e-16
      outer loop
         vertex 0.0814394 0.0264687 -0.45793
         vertex 0.0814195 0.0264687 -0.458113
         vertex 0.0943912 0.0264687 -0.461062
      endloop
   endfacet
   facet normal 1.22465e-16 -1 3.46945e-16
      outer loop
         vertex 0.0812439 0.0264687 -0.457042
         vertex 0.0813212 0.0264687 -0.457209
         vertex 0.0943912 0.0264687 -0.461062
      endloop
   endfacet
   facet normal 1.22465e-16 -1 3.46945e-16
      outer loop
         vertex 0.0775872 0.0264687 -0.439838
         vertex 0.0807707 0.0264687 -0.456485
         vertex 0.080911 0.0264687 -0.456604
      endloop
   endfacet
   facet normal 1.22465e-16 -1 3.46945e-16
      outer loop
         vertex 0.0647419 0.0264687 -0.439838
         vertex 0.0784463 0.0264687 -0.456737
         vertex 0.0785728 0.0264687 -0.456604
      endloop
   endfacet
   facet normal 1.22465e-16 -1 3.46945e-16
      outer loop
         vertex 0.0647419 0.0264687 -0.457838
         vertex 0.0780643 0.0264687 -0.457563
         vertex 0.0781039 0.0264687 -0.457383
      endloop
   endfacet
   facet normal 1.22465e-16 -1 3.46945e-16
      outer loop
         vertex 0.0648299 0.0264687 -0.45946
         vertex 0.0650926 0.0264687 -0.461062
         vertex 0.0780643 0.0264687 -0.458113
      endloop
   endfacet
   facet normal 1.22465e-16 -1 3.46945e-16
      outer loop
         vertex 0.0781039 0.0264687 -0.458293
         vertex 0.0650926 0.0264687 -0.461062
         vertex 0.0655271 0.0264687 -0.462627
      endloop
   endfacet
   facet normal 1.22465e-16 -1 3.46945e-16
      outer loop
         vertex 0.0783349 0.0264687 -0.458792
         vertex 0.07824 0.0264687 -0.458634
         vertex 0.0668891 0.0264687 -0.465571
      endloop
   endfacet
   facet normal 1.22465e-16 -1 3.46945e-16
      outer loop
         vertex 0.0700311 0.0264687 -0.46927
         vertex 0.0787131 0.0264687 -0.459191
         vertex 0.0785728 0.0264687 -0.459072
      endloop
   endfacet
   facet normal 1.22465e-16 -1 3.46945e-16
      outer loop
         vertex 0.0713241 0.0264687 -0.470253
         vertex 0.0788655 0.0264687 -0.459295
         vertex 0.0787131 0.0264687 -0.459191
      endloop
   endfacet
   facet normal 1.22465e-16 -1 3.46945e-16
      outer loop
         vertex 0.0727158 0.0264687 -0.471091
         vertex 0.0741899 0.0264687 -0.471773
         vertex 0.0790281 0.0264687 -0.459381
      endloop
   endfacet
   facet normal 1.22465e-16 -1 3.46945e-16
      outer loop
         vertex 0.0807707 0.0264687 -0.459191
         vertex 0.0806184 0.0264687 -0.459295
         vertex 0.0881597 0.0264687 -0.470253
      endloop
   endfacet
   facet normal 1.22465e-16 -1 3.46945e-16
      outer loop
         vertex 0.08138 0.0264687 -0.457383
         vertex 0.0814195 0.0264687 -0.457563
         vertex 0.0943912 0.0264687 -0.461062
      endloop
   endfacet
   facet normal 1.22465e-16 -1 3.46945e-16
      outer loop
         vertex 0.0775872 0.0264687 -0.439838
         vertex 0.0806184 0.0264687 -0.456381
         vertex 0.0807707 0.0264687 -0.456485
      endloop
   endfacet
   facet normal 1.22465e-16 -1 3.46945e-16
      outer loop
         vertex 0.0785728 0.0264687 -0.456604
         vertex 0.0787131 0.0264687 -0.456485
         vertex 0.0647419 0.0264687 -0.439838
      endloop
   endfacet
   facet normal 1.22465e-16 -1 3.46945e-16
      outer loop
         vertex 0.0780444 0.0264687 -0.457746
         vertex 0.0780643 0.0264687 -0.457563
         vertex 0.0647419 0.0264687 -0.457838
      endloop
   endfacet
   facet normal 1.22465e-16 -1 3.46945e-16
      outer loop
         vertex 0.07824 0.0264687 -0.458634
         vertex 0.0781627 0.0264687 -0.458467
         vertex 0.0661283 0.0264687 -0.464136
      endloop
   endfacet
   facet normal 1.22465e-16 -1 3.46945e-16
      outer loop
         vertex 0.0787131 0.0264687 -0.459191
         vertex 0.0700311 0.0264687 -0.46927
         vertex 0.0713241 0.0264687 -0.470253
      endloop
   endfacet
   facet normal 1.22465e-16 -1 3.46945e-16
      outer loop
         vertex 0.0788655 0.0264687 -0.459295
         vertex 0.0713241 0.0264687 -0.470253
         vertex 0.0727158 0.0264687 -0.471091
      endloop
   endfacet
   facet normal 1.22465e-16 -1 3.46945e-16
      outer loop
         vertex 0.0821687 0.0264687 -0.47264
         vertex 0.0837549 0.0264687 -0.472291
         vertex 0.0801074 0.0264687 -0.459498
      endloop
   endfacet
   facet normal 1.22465e-16 -1 3.46945e-16
      outer loop
         vertex 0.0810376 0.0264687 -0.458938
         vertex 0.0906319 0.0264687 -0.468153
         vertex 0.0916833 0.0264687 -0.466915
      endloop
   endfacet
   facet normal 1.22465e-16 -1 3.46945e-16
      outer loop
         vertex 0.0775872 0.0264687 -0.439838
         vertex 0.0804557 0.0264687 -0.456295
         vertex 0.0806184 0.0264687 -0.456381
      endloop
   endfacet
   facet normal 1.22465e-16 -1 3.46945e-16
      outer loop
         vertex 0.0787131 0.0264687 -0.456485
         vertex 0.0788655 0.0264687 -0.456381
         vertex 0.0647419 0.0264687 -0.439838
      endloop
   endfacet
   facet normal 1.22465e-16 -1 3.46945e-16
      outer loop
         vertex 0.0647419 0.0264687 -0.439838
         vertex 0.07824 0.0264687 -0.457042
         vertex 0.0783349 0.0264687 -0.456884
      endloop
   endfacet
   facet normal 1.22465e-16 -1 3.46945e-16
      outer loop
         vertex 0.0781039 0.0264687 -0.458293
         vertex 0.0780643 0.0264687 -0.458113
         vertex 0.0650926 0.0264687 -0.461062
      endloop
   endfacet
   facet normal 1.22465e-16 -1 3.46945e-16
      outer loop
         vertex 0.0790281 0.0264687 -0.459381
         vertex 0.0788655 0.0264687 -0.459295
         vertex 0.0727158 0.0264687 -0.471091
      endloop
   endfacet
   facet normal 1.22465e-16 -1 3.46945e-16
      outer loop
         vertex 0.0799257 0.0264687 -0.459528
         vertex 0.080554 0.0264687 -0.472816
         vertex 0.0821687 0.0264687 -0.47264
      endloop
   endfacet
   facet normal 1.22465e-16 -1 3.46945e-16
      outer loop
         vertex 0.0810376 0.0264687 -0.456737
         vertex 0.0943912 0.0264687 -0.461062
         vertex 0.0775872 0.0264687 -0.439838
      endloop
   endfacet
   facet normal 1.22465e-16 -1 3.46945e-16
      outer loop
         vertex 0.0775872 0.0264687 -0.439838
         vertex 0.0801074 0.0264687 -0.456178
         vertex 0.0802847 0.0264687 -0.456227
      endloop
   endfacet
   facet normal 1.22465e-16 -1 3.46945e-16
      outer loop
         vertex 0.0775872 0.0264687 -0.439838
         vertex 0.0795581 0.0264687 -0.456148
         vertex 0.0797419 0.0264687 -0.456138
      endloop
   endfacet
   facet normal 1.22465e-16 -1 3.46945e-16
      outer loop
         vertex 0.0775872 0.0264687 -0.439838
         vertex 0.0647419 0.0264687 -0.439838
         vertex 0.0790281 0.0264687 -0.456295
      endloop
   endfacet
   facet normal 1.22465e-16 -1 3.46945e-16
      outer loop
         vertex 0.0783349 0.0264687 -0.456884
         vertex 0.0784463 0.0264687 -0.456737
         vertex 0.0647419 0.0264687 -0.439838
      endloop
   endfacet
   facet normal 1.22465e-16 -1 3.46945e-16
      outer loop
         vertex 0.0785728 0.0264687 -0.459072
         vertex 0.0784463 0.0264687 -0.458938
         vertex 0.068852 0.0264687 -0.468153
      endloop
   endfacet
   facet normal 1.22465e-16 -1 3.46945e-16
      outer loop
         vertex 0.0801074 0.0264687 -0.459498
         vertex 0.0799257 0.0264687 -0.459528
         vertex 0.0821687 0.0264687 -0.47264
      endloop
   endfacet
   facet normal 1.22465e-16 -1 3.46945e-16
      outer loop
         vertex 0.0802847 0.0264687 -0.456227
         vertex 0.0804557 0.0264687 -0.456295
         vertex 0.0775872 0.0264687 -0.439838
      endloop
   endfacet
   facet normal 1.22465e-16 -1 3.46945e-16
      outer loop
         vertex 0.0797419 0.0264687 -0.456138
         vertex 0.0799257 0.0264687 -0.456148
         vertex 0.0775872 0.0264687 -0.439838
      endloop
   endfacet
   facet normal 1.22465e-16 -1 3.46945e-16
      outer loop
         vertex 0.0790281 0.0264687 -0.456295
         vertex 0.0791991 0.0264687 -0.456227
         vertex 0.0775872 0.0264687 -0.439838
      endloop
   endfacet
   facet normal 1.22465e-16 -1 3.46945e-16
      outer loop
         vertex 0.0781627 0.0264687 -0.457209
         vertex 0.07824 0.0264687 -0.457042
         vertex 0.0647419 0.0264687 -0.439838
      endloop
   endfacet
   facet normal 1.22465e-16 -1 3.46945e-16
      outer loop
         vertex 0.075729 0.0264687 -0.472291
         vertex 0.0793765 0.0264687 -0.459498
         vertex 0.0791991 0.0264687 -0.459449
      endloop
   endfacet
   facet normal 1.22465e-16 -1 3.46945e-16
      outer loop
         vertex 0.0802847 0.0264687 -0.459449
         vertex 0.0801074 0.0264687 -0.459498
         vertex 0.0837549 0.0264687 -0.472291
      endloop
   endfacet
   facet normal 1.22465e-16 -1 3.46945e-16
      outer loop
         vertex 0.0775872 0.0264687 -0.439838
         vertex 0.0793765 0.0264687 -0.456178
         vertex 0.0795581 0.0264687 -0.456148
      endloop
   endfacet
   facet normal 1.22465e-16 -1 3.46945e-16
      outer loop
         vertex 0.0788655 0.0264687 -0.456381
         vertex 0.0790281 0.0264687 -0.456295
         vertex 0.0647419 0.0264687 -0.439838
      endloop
   endfacet
   facet normal 1.22465e-16 -1 3.46945e-16
      outer loop
         vertex 0.0791991 0.0264687 -0.459449
         vertex 0.0741899 0.0264687 -0.471773
         vertex 0.075729 0.0264687 -0.472291
      endloop
   endfacet
   facet normal 1.22465e-16 -1 3.46945e-16
      outer loop
         vertex 0.0773152 0.0264687 -0.47264
         vertex 0.0795581 0.0264687 -0.459528
         vertex 0.0793765 0.0264687 -0.459498
      endloop
   endfacet
   facet normal 1.22465e-16 -1 3.46945e-16
      outer loop
         vertex 0.0799257 0.0264687 -0.456148
         vertex 0.0801074 0.0264687 -0.456178
         vertex 0.0775872 0.0264687 -0.439838
      endloop
   endfacet
   facet normal 1.22465e-16 -1 3.46945e-16
      outer loop
         vertex 0.0791991 0.0264687 -0.459449
         vertex 0.0790281 0.0264687 -0.459381
         vertex 0.0741899 0.0264687 -0.471773
      endloop
   endfacet
   facet normal 1.22465e-16 -1 3.46945e-16
      outer loop
         vertex 0.0793765 0.0264687 -0.459498
         vertex 0.075729 0.0264687 -0.472291
         vertex 0.0773152 0.0264687 -0.47264
      endloop
   endfacet
   facet normal 1.22465e-16 -1 3.46945e-16
      outer loop
         vertex 0.0789298 0.0264687 -0.472816
         vertex 0.080554 0.0264687 -0.472816
         vertex 0.0797419 0.0264687 -0.459538
      endloop
   endfacet
   facet normal 1.22465e-16 -1 3.46945e-16
      outer loop
         vertex 0.0847015 0.0264687 -0.432838
         vertex 0.079258 0.0264687 -0.432838
         vertex 0.0775872 0.0264687 -0.439838
      endloop
   endfacet
   facet normal 1.22465e-16 -1 3.46945e-16
      outer loop
         vertex 0.0847015 0.0264687 -0.432838
         vertex 0.0947419 0.0264687 -0.457838
         vertex 0.0916284 0.0264687 -0.434338
      endloop
   endfacet
   facet normal 1.22465e-16 -1 3.46945e-16
      outer loop
         vertex 0.0791991 0.0264687 -0.456227
         vertex 0.0793765 0.0264687 -0.456178
         vertex 0.0775872 0.0264687 -0.439838
      endloop
   endfacet
   facet normal 1.22465e-16 -1 3.46945e-16
      outer loop
         vertex 0.0797419 0.0264687 -0.459538
         vertex 0.0795581 0.0264687 -0.459528
         vertex 0.0789298 0.0264687 -0.472816
      endloop
   endfacet
   facet normal 1.22465e-16 -1 3.46945e-16
      outer loop
         vertex 0.0775872 0.0264687 -0.439838
         vertex 0.094654 0.0264687 -0.45946
         vertex 0.0947419 0.0264687 -0.457838
      endloop
   endfacet
   facet normal 1.22465e-16 -1 3.46945e-16
      outer loop
         vertex 0.0916284 0.0264687 -0.434338
         vertex 0.0884724 0.0264687 -0.431051
         vertex 0.0847015 0.0264687 -0.432838
      endloop
   endfacet
   facet normal 1.22465e-16 -1 3.46945e-16
      outer loop
         vertex 0.0773152 0.0264687 -0.47264
         vertex 0.0789298 0.0264687 -0.472816
         vertex 0.0795581 0.0264687 -0.459528
      endloop
   endfacet
   facet normal 1.22465e-16 -1 3.46945e-16
      outer loop
         vertex 0.0775872 0.0264687 -0.439838
         vertex 0.0943912 0.0264687 -0.461062
         vertex 0.094654 0.0264687 -0.45946
      endloop
   endfacet
   facet normal 1.22465e-16 -1 3.46945e-16
      outer loop
         vertex 0.0947419 0.0264687 -0.457838
         vertex 0.0947419 0.0264687 -0.437785
         vertex 0.0916284 0.0264687 -0.434338
      endloop
   endfacet
   facet normal 1.22465e-16 -1 3.46945e-16
      outer loop
         vertex 0.0775872 0.0264687 -0.439838
         vertex 0.0947419 0.0264687 -0.457838
         vertex 0.0847015 0.0264687 -0.432838
      endloop
   endfacet
   facet normal 1.22465e-16 -1 3.46945e-16
      outer loop
         vertex 0.0884724 0.0264687 -0.431051
         vertex 0.0859057 0.0264687 -0.428557
         vertex 0.0847015 0.0264687 -0.432838
      endloop
   endfacet
   facet normal 1.22465e-16 -1 3.46945e-16
      outer loop
         vertex 0.0859057 0.0264687 -0.428557
         vertex 0.0855349 0.0264687 -0.428211
         vertex 0.0847015 0.0264687 -0.432838
      endloop
   endfacet
   facet normal 1.22465e-16 -1 3.46945e-16
      outer loop
         vertex 0.0799257 0.0264687 -0.459528
         vertex 0.0797419 0.0264687 -0.459538
         vertex 0.080554 0.0264687 -0.472816
      endloop
   endfacet
   facet normal 0 1 0
      outer loop
         vertex 0.0807707 0.0354687 -0.456485
         vertex 0.094 0.0354687 -0.441232
         vertex 0.0940654 0.0354687 -0.441318
      endloop
   endfacet
   facet normal 0 1 0
      outer loop
         vertex 0.0807707 0.0354687 -0.456485
         vertex 0.0938166 0.0354687 -0.441026
         vertex 0.0938503 0.0354687 -0.441061
      endloop
   endfacet
   facet normal 0 1 0
      outer loop
         vertex 0.0807707 0.0354687 -0.456485
         vertex 0.09447 0.0354687 -0.442088
         vertex 0.0944908 0.0354687 -0.442151
      endloop
   endfacet
   facet normal 0 1 0
      outer loop
         vertex 0.0807707 0.0354687 -0.456485
         vertex 0.0939782 0.0354687 -0.441207
         vertex 0.094 0.0354687 -0.441232
      endloop
   endfacet
   facet normal 0 1 0
      outer loop
         vertex 0.0807707 0.0354687 -0.456485
         vertex 0.0937114 0.0354687 -0.440925
         vertex 0.0938166 0.0354687 -0.441026
      endloop
   endfacet
   facet normal 0 1 0
      outer loop
         vertex 0.080911 0.0354687 -0.456604
         vertex 0.0946963 0.0354687 -0.443036
         vertex 0.0947211 0.0354687 -0.443214
      endloop
   endfacet
   facet normal 0 1 0
      outer loop
         vertex 0.080911 0.0354687 -0.456604
         vertex 0.0945787 0.0354687 -0.442433
         vertex 0.0946615 0.0354687 -0.442785
      endloop
   endfacet
   facet normal 0 1 0
      outer loop
         vertex 0.0807707 0.0354687 -0.456485
         vertex 0.0943849 0.0354687 -0.441886
         vertex 0.09447 0.0354687 -0.442088
      endloop
   endfacet
   facet normal 0 1 0
      outer loop
         vertex 0.0807707 0.0354687 -0.456485
         vertex 0.0942634 0.0354687 -0.441639
         vertex 0.0943489 0.0354687 -0.441801
      endloop
   endfacet
   facet normal 0 1 0
      outer loop
         vertex 0.0807707 0.0354687 -0.456485
         vertex 0.0941271 0.0354687 -0.441413
         vertex 0.0942134 0.0354687 -0.441545
      endloop
   endfacet
   facet normal 0 1 0
      outer loop
         vertex 0.0938503 0.0354687 -0.441061
         vertex 0.0939782 0.0354687 -0.441207
         vertex 0.0807707 0.0354687 -0.456485
      endloop
   endfacet
   facet normal 0 1 0
      outer loop
         vertex 0.080911 0.0354687 -0.456604
         vertex 0.0947273 0.0354687 -0.443349
         vertex 0.0947419 0.0354687 -0.443667
      endloop
   endfacet
   facet normal 0 1 0
      outer loop
         vertex 0.0946615 0.0354687 -0.442785
         vertex 0.0946963 0.0354687 -0.443036
         vertex 0.080911 0.0354687 -0.456604
      endloop
   endfacet
   facet normal 0 1 0
      outer loop
         vertex 0.0678005 0.0354687 -0.466915
         vertex 0.0783349 0.0354687 -0.458792
         vertex 0.0784463 0.0354687 -0.458938
      endloop
   endfacet
   facet normal 0 1 0
      outer loop
         vertex 0.0943489 0.0354687 -0.441801
         vertex 0.0943849 0.0354687 -0.441886
         vertex 0.0807707 0.0354687 -0.456485
      endloop
   endfacet
   facet normal 0 1 0
      outer loop
         vertex 0.0940654 0.0354687 -0.441318
         vertex 0.0941271 0.0354687 -0.441413
         vertex 0.0807707 0.0354687 -0.456485
      endloop
   endfacet
   facet normal 0 1 0
      outer loop
         vertex 0.0947211 0.0354687 -0.443214
         vertex 0.0947273 0.0354687 -0.443349
         vertex 0.080911 0.0354687 -0.456604
      endloop
   endfacet
   facet normal 0 1 0
      outer loop
         vertex 0.080911 0.0354687 -0.456604
         vertex 0.0944908 0.0354687 -0.442151
         vertex 0.0945671 0.0354687 -0.442384
      endloop
   endfacet
   facet normal 0 1 0
      outer loop
         vertex 0.0947419 0.0354687 -0.443667
         vertex 0.0812439 0.0354687 -0.457042
         vertex 0.081149 0.0354687 -0.456884
      endloop
   endfacet
   facet normal 0 1 0
      outer loop
         vertex 0.0947419 0.0354687 -0.457838
         vertex 0.08138 0.0354687 -0.457383
         vertex 0.0813212 0.0354687 -0.457209
      endloop
   endfacet
   facet normal 0 1 0
      outer loop
         vertex 0.094654 0.0354687 -0.45946
         vertex 0.0814195 0.0354687 -0.458113
         vertex 0.0814394 0.0354687 -0.45793
      endloop
   endfacet
   facet normal 0 1 0
      outer loop
         vertex 0.0933556 0.0354687 -0.464136
         vertex 0.0925948 0.0354687 -0.465571
         vertex 0.0812439 0.0354687 -0.458634
      endloop
   endfacet
   facet normal 0 1 0
      outer loop
         vertex 0.0925948 0.0354687 -0.465571
         vertex 0.0916833 0.0354687 -0.466915
         vertex 0.081149 0.0354687 -0.458792
      endloop
   endfacet
   facet normal 0 1 0
      outer loop
         vertex 0.0916833 0.0354687 -0.466915
         vertex 0.0906319 0.0354687 -0.468153
         vertex 0.0810376 0.0354687 -0.458938
      endloop
   endfacet
   facet normal 0 1 0
      outer loop
         vertex 0.0784463 0.0354687 -0.458938
         vertex 0.068852 0.0354687 -0.468153
         vertex 0.0678005 0.0354687 -0.466915
      endloop
   endfacet
   facet normal 0 1 0
      outer loop
         vertex 0.0661283 0.0354687 -0.464136
         vertex 0.0781627 0.0354687 -0.458467
         vertex 0.07824 0.0354687 -0.458634
      endloop
   endfacet
   facet normal 0 1 0
      outer loop
         vertex 0.0648299 0.0354687 -0.45946
         vertex 0.0780444 0.0354687 -0.45793
         vertex 0.0780643 0.0354687 -0.458113
      endloop
   endfacet
   facet normal 0 1 0
      outer loop
         vertex 0.0942134 0.0354687 -0.441545
         vertex 0.0942634 0.0354687 -0.441639
         vertex 0.0807707 0.0354687 -0.456485
      endloop
   endfacet
   facet normal 0 1 0
      outer loop
         vertex 0.0945671 0.0354687 -0.442384
         vertex 0.0945787 0.0354687 -0.442433
         vertex 0.080911 0.0354687 -0.456604
      endloop
   endfacet
   facet normal 0 1 0
      outer loop
         vertex 0.0947419 0.0354687 -0.443667
         vertex 0.0813212 0.0354687 -0.457209
         vertex 0.0812439 0.0354687 -0.457042
      endloop
   endfacet
   facet normal 0 1 0
      outer loop
         vertex 0.0947419 0.0354687 -0.457838
         vertex 0.0814195 0.0354687 -0.457563
         vertex 0.08138 0.0354687 -0.457383
      endloop
   endfacet
   facet normal 0 1 0
      outer loop
         vertex 0.0947419 0.0354687 -0.457838
         vertex 0.0814394 0.0354687 -0.45793
         vertex 0.0814394 0.0354687 -0.457746
      endloop
   endfacet
   facet normal 0 1 0
      outer loop
         vertex 0.0814394 0.0354687 -0.45793
         vertex 0.0947419 0.0354687 -0.457838
         vertex 0.094654 0.0354687 -0.45946
      endloop
   endfacet
   facet normal 0 1 0
      outer loop
         vertex 0.0939567 0.0354687 -0.462627
         vertex 0.0813212 0.0354687 -0.458467
         vertex 0.08138 0.0354687 -0.458293
      endloop
   endfacet
   facet normal 0 1 0
      outer loop
         vertex 0.0813212 0.0354687 -0.458467
         vertex 0.0939567 0.0354687 -0.462627
         vertex 0.0933556 0.0354687 -0.464136
      endloop
   endfacet
   facet normal 0 1 0
      outer loop
         vertex 0.0810376 0.0354687 -0.458938
         vertex 0.081149 0.0354687 -0.458792
         vertex 0.0916833 0.0354687 -0.466915
      endloop
   endfacet
   facet normal 0 1 0
      outer loop
         vertex 0.0668891 0.0354687 -0.465571
         vertex 0.07824 0.0354687 -0.458634
         vertex 0.0783349 0.0354687 -0.458792
      endloop
   endfacet
   facet normal 0 1 0
      outer loop
         vertex 0.07824 0.0354687 -0.458634
         vertex 0.0668891 0.0354687 -0.465571
         vertex 0.0661283 0.0354687 -0.464136
      endloop
   endfacet
   facet normal 0 1 0
      outer loop
         vertex 0.0655271 0.0354687 -0.462627
         vertex 0.0650926 0.0354687 -0.461062
         vertex 0.0781039 0.0354687 -0.458293
      endloop
   endfacet
   facet normal 0 1 0
      outer loop
         vertex 0.0780643 0.0354687 -0.458113
         vertex 0.0650926 0.0354687 -0.461062
         vertex 0.0648299 0.0354687 -0.45946
      endloop
   endfacet
   facet normal 0 1 0
      outer loop
         vertex 0.0910473 0.0354687 -0.438357
         vertex 0.0937114 0.0354687 -0.440925
         vertex 0.0807707 0.0354687 -0.456485
      endloop
   endfacet
   facet normal 0 1 0
      outer loop
         vertex 0.0947419 0.0354687 -0.443667
         vertex 0.0810376 0.0354687 -0.456737
         vertex 0.080911 0.0354687 -0.456604
      endloop
   endfacet
   facet normal 0 1 0
      outer loop
         vertex 0.0813212 0.0354687 -0.457209
         vertex 0.0947419 0.0354687 -0.443667
         vertex 0.0947419 0.0354687 -0.457838
      endloop
   endfacet
   facet normal 0 1 0
      outer loop
         vertex 0.094654 0.0354687 -0.45946
         vertex 0.0943912 0.0354687 -0.461062
         vertex 0.0814195 0.0354687 -0.458113
      endloop
   endfacet
   facet normal 0 1 0
      outer loop
         vertex 0.08138 0.0354687 -0.458293
         vertex 0.0943912 0.0354687 -0.461062
         vertex 0.0939567 0.0354687 -0.462627
      endloop
   endfacet
   facet normal 0 1 0
      outer loop
         vertex 0.081149 0.0354687 -0.458792
         vertex 0.0812439 0.0354687 -0.458634
         vertex 0.0925948 0.0354687 -0.465571
      endloop
   endfacet
   facet normal 0 1 0
      outer loop
         vertex 0.0881597 0.0354687 -0.470253
         vertex 0.0806184 0.0354687 -0.459295
         vertex 0.0807707 0.0354687 -0.459191
      endloop
   endfacet
   facet normal 0 1 0
      outer loop
         vertex 0.0867681 0.0354687 -0.471091
         vertex 0.085294 0.0354687 -0.471773
         vertex 0.0804557 0.0354687 -0.459381
      endloop
   endfacet
   facet normal 0 1 0
      outer loop
         vertex 0.0837549 0.0354687 -0.472291
         vertex 0.0801074 0.0354687 -0.459498
         vertex 0.0802847 0.0354687 -0.459449
      endloop
   endfacet
   facet normal 0 1 0
      outer loop
         vertex 0.068852 0.0354687 -0.468153
         vertex 0.0784463 0.0354687 -0.458938
         vertex 0.0785728 0.0354687 -0.459072
      endloop
   endfacet
   facet normal 0 1 0
      outer loop
         vertex 0.0661283 0.0354687 -0.464136
         vertex 0.0655271 0.0354687 -0.462627
         vertex 0.0781627 0.0354687 -0.458467
      endloop
   endfacet
   facet normal 0 1 0
      outer loop
         vertex 0.0650926 0.0354687 -0.461062
         vertex 0.0780643 0.0354687 -0.458113
         vertex 0.0781039 0.0354687 -0.458293
      endloop
   endfacet
   facet normal 0 1 0
      outer loop
         vertex 0.0647419 0.0354687 -0.457838
         vertex 0.0780444 0.0354687 -0.457746
         vertex 0.0780444 0.0354687 -0.45793
      endloop
   endfacet
   facet normal 0 1 0
      outer loop
         vertex 0.0804557 0.0354687 -0.456295
         vertex 0.0883075 0.0354687 -0.435887
         vertex 0.0910473 0.0354687 -0.438357
      endloop
   endfacet
   facet normal 0 1 0
      outer loop
         vertex 0.0944908 0.0354687 -0.442151
         vertex 0.080911 0.0354687 -0.456604
         vertex 0.0807707 0.0354687 -0.456485
      endloop
   endfacet
   facet normal 0 1 0
      outer loop
         vertex 0.0814394 0.0354687 -0.457746
         vertex 0.0814195 0.0354687 -0.457563
         vertex 0.0947419 0.0354687 -0.457838
      endloop
   endfacet
   facet normal 0 1 0
      outer loop
         vertex 0.0812439 0.0354687 -0.458634
         vertex 0.0813212 0.0354687 -0.458467
         vertex 0.0933556 0.0354687 -0.464136
      endloop
   endfacet
   facet normal 0 1 0
      outer loop
         vertex 0.0906319 0.0354687 -0.468153
         vertex 0.0894527 0.0354687 -0.46927
         vertex 0.080911 0.0354687 -0.459072
      endloop
   endfacet
   facet normal 0 1 0
      outer loop
         vertex 0.0807707 0.0354687 -0.459191
         vertex 0.0894527 0.0354687 -0.46927
         vertex 0.0881597 0.0354687 -0.470253
      endloop
   endfacet
   facet normal 0 1 0
      outer loop
         vertex 0.0806184 0.0354687 -0.459295
         vertex 0.0881597 0.0354687 -0.470253
         vertex 0.0867681 0.0354687 -0.471091
      endloop
   endfacet
   facet normal 0 1 0
      outer loop
         vertex 0.0802847 0.0354687 -0.459449
         vertex 0.085294 0.0354687 -0.471773
         vertex 0.0837549 0.0354687 -0.472291
      endloop
   endfacet
   facet normal 0 1 0
      outer loop
         vertex 0.0727158 0.0354687 -0.471091
         vertex 0.0713241 0.0354687 -0.470253
         vertex 0.0788655 0.0354687 -0.459295
      endloop
   endfacet
   facet normal 0 1 0
      outer loop
         vertex 0.0713241 0.0354687 -0.470253
         vertex 0.0700311 0.0354687 -0.46927
         vertex 0.0787131 0.0354687 -0.459191
      endloop
   endfacet
   facet normal 0 1 0
      outer loop
         vertex 0.0785728 0.0354687 -0.459072
         vertex 0.0700311 0.0354687 -0.46927
         vertex 0.068852 0.0354687 -0.468153
      endloop
   endfacet
   facet normal 0 1 0
      outer loop
         vertex 0.0781039 0.0354687 -0.458293
         vertex 0.0781627 0.0354687 -0.458467
         vertex 0.0655271 0.0354687 -0.462627
      endloop
   endfacet
   facet normal 0 1 0
      outer loop
         vertex 0.0647419 0.0354687 -0.457838
         vertex 0.0780643 0.0354687 -0.457563
         vertex 0.0780444 0.0354687 -0.457746
      endloop
   endfacet
   facet normal 0 1 0
      outer loop
         vertex 0.0647419 0.0354687 -0.457838
         vertex 0.07824 0.0354687 -0.457042
         vertex 0.0781627 0.0354687 -0.457209
      endloop
   endfacet
   facet normal 0 1 0
      outer loop
         vertex 0.0647419 0.0354687 -0.424708
         vertex 0.0787131 0.0354687 -0.456485
         vertex 0.0785728 0.0354687 -0.456604
      endloop
   endfacet
   facet normal 0 1 0
      outer loop
         vertex 0.0807707 0.0354687 -0.456485
         vertex 0.0806184 0.0354687 -0.456381
         vertex 0.0910473 0.0354687 -0.438357
      endloop
   endfacet
   facet normal 0 1 0
      outer loop
         vertex 0.08138 0.0354687 -0.458293
         vertex 0.0814195 0.0354687 -0.458113
         vertex 0.0943912 0.0354687 -0.461062
      endloop
   endfacet
   facet normal 0 1 0
      outer loop
         vertex 0.0807707 0.0354687 -0.459191
         vertex 0.080911 0.0354687 -0.459072
         vertex 0.0894527 0.0354687 -0.46927
      endloop
   endfacet
   facet normal 0 1 0
      outer loop
         vertex 0.0802847 0.0354687 -0.459449
         vertex 0.0804557 0.0354687 -0.459381
         vertex 0.085294 0.0354687 -0.471773
      endloop
   endfacet
   facet normal 0 1 0
      outer loop
         vertex 0.0790281 0.0354687 -0.459381
         vertex 0.0741899 0.0354687 -0.471773
         vertex 0.0727158 0.0354687 -0.471091
      endloop
   endfacet
   facet normal 0 1 0
      outer loop
         vertex 0.0785728 0.0354687 -0.459072
         vertex 0.0787131 0.0354687 -0.459191
         vertex 0.0700311 0.0354687 -0.46927
      endloop
   endfacet
   facet normal 0 1 0
      outer loop
         vertex 0.0648299 0.0354687 -0.45946
         vertex 0.0647419 0.0354687 -0.457838
         vertex 0.0780444 0.0354687 -0.45793
      endloop
   endfacet
   facet normal 0 1 0
      outer loop
         vertex 0.0781627 0.0354687 -0.457209
         vertex 0.0781039 0.0354687 -0.457383
         vertex 0.0647419 0.0354687 -0.457838
      endloop
   endfacet
   facet normal 0 1 0
      outer loop
         vertex 0.0647419 0.0354687 -0.424708
         vertex 0.0784463 0.0354687 -0.456737
         vertex 0.0783349 0.0354687 -0.456884
      endloop
   endfacet
   facet normal 0 1 0
      outer loop
         vertex 0.0647419 0.0354687 -0.424708
         vertex 0.0788655 0.0354687 -0.456381
         vertex 0.0787131 0.0354687 -0.456485
      endloop
   endfacet
   facet normal 0 1 0
      outer loop
         vertex 0.0797419 0.0354687 -0.456138
         vertex 0.0814995 0.0354687 -0.430621
         vertex 0.0835826 0.0354687 -0.432088
      endloop
   endfacet
   facet normal 0 1 0
      outer loop
         vertex 0.0801074 0.0354687 -0.456178
         vertex 0.0859845 0.0354687 -0.433942
         vertex 0.0883075 0.0354687 -0.435887
      endloop
   endfacet
   facet normal 0 1 0
      outer loop
         vertex 0.081149 0.0354687 -0.456884
         vertex 0.0810376 0.0354687 -0.456737
         vertex 0.0947419 0.0354687 -0.443667
      endloop
   endfacet
   facet normal 0 1 0
      outer loop
         vertex 0.0804557 0.0354687 -0.459381
         vertex 0.0806184 0.0354687 -0.459295
         vertex 0.0867681 0.0354687 -0.471091
      endloop
   endfacet
   facet normal 0 1 0
      outer loop
         vertex 0.0821687 0.0354687 -0.47264
         vertex 0.0799257 0.0354687 -0.459528
         vertex 0.0801074 0.0354687 -0.459498
      endloop
   endfacet
   facet normal 0 1 0
      outer loop
         vertex 0.080554 0.0354687 -0.472816
         vertex 0.0789298 0.0354687 -0.472816
         vertex 0.0797419 0.0354687 -0.459538
      endloop
   endfacet
   facet normal 0 1 0
      outer loop
         vertex 0.0787131 0.0354687 -0.459191
         vertex 0.0788655 0.0354687 -0.459295
         vertex 0.0713241 0.0354687 -0.470253
      endloop
   endfacet
   facet normal 0 1 0
      outer loop
         vertex 0.0781039 0.0354687 -0.457383
         vertex 0.0780643 0.0354687 -0.457563
         vertex 0.0647419 0.0354687 -0.457838
      endloop
   endfacet
   facet normal 0 1 0
      outer loop
         vertex 0.0783349 0.0354687 -0.456884
         vertex 0.0647419 0.0354687 -0.457838
         vertex 0.0647419 0.0354687 -0.424708
      endloop
   endfacet
   facet normal 0 1 0
      outer loop
         vertex 0.0647419 0.0354687 -0.424708
         vertex 0.0790281 0.0354687 -0.456295
         vertex 0.0788655 0.0354687 -0.456381
      endloop
   endfacet
   facet normal 0 1 0
      outer loop
         vertex 0.0797419 0.0354687 -0.456138
         vertex 0.0793361 0.0354687 -0.429247
         vertex 0.0814995 0.0354687 -0.430621
      endloop
   endfacet
   facet normal 0 1 0
      outer loop
         vertex 0.0799257 0.0354687 -0.456148
         vertex 0.0835826 0.0354687 -0.432088
         vertex 0.0859845 0.0354687 -0.433942
      endloop
   endfacet
   facet normal 0 1 0
      outer loop
         vertex 0.0883075 0.0354687 -0.435887
         vertex 0.0804557 0.0354687 -0.456295
         vertex 0.0802847 0.0354687 -0.456227
      endloop
   endfacet
   facet normal 0 1 0
      outer loop
         vertex 0.080911 0.0354687 -0.459072
         vertex 0.0810376 0.0354687 -0.458938
         vertex 0.0906319 0.0354687 -0.468153
      endloop
   endfacet
   facet normal 0 1 0
      outer loop
         vertex 0.0801074 0.0354687 -0.459498
         vertex 0.0837549 0.0354687 -0.472291
         vertex 0.0821687 0.0354687 -0.47264
      endloop
   endfacet
   facet normal 0 1 0
      outer loop
         vertex 0.0789298 0.0354687 -0.472816
         vertex 0.0795581 0.0354687 -0.459528
         vertex 0.0797419 0.0354687 -0.459538
      endloop
   endfacet
   facet normal 0 1 0
      outer loop
         vertex 0.0773152 0.0354687 -0.47264
         vertex 0.075729 0.0354687 -0.472291
         vertex 0.0793765 0.0354687 -0.459498
      endloop
   endfacet
   facet normal 0 1 0
      outer loop
         vertex 0.075729 0.0354687 -0.472291
         vertex 0.0741899 0.0354687 -0.471773
         vertex 0.0791991 0.0354687 -0.459449
      endloop
   endfacet
   facet normal 0 1 0
      outer loop
         vertex 0.0678005 0.0354687 -0.466915
         vertex 0.0668891 0.0354687 -0.465571
         vertex 0.0783349 0.0354687 -0.458792
      endloop
   endfacet
   facet normal 0 1 0
      outer loop
         vertex 0.0785728 0.0354687 -0.456604
         vertex 0.0784463 0.0354687 -0.456737
         vertex 0.0647419 0.0354687 -0.424708
      endloop
   endfacet
   facet normal 0 1 0
      outer loop
         vertex 0.0790281 0.0354687 -0.456295
         vertex 0.0664767 0.0354687 -0.424775
         vertex 0.0682099 0.0354687 -0.424974
      endloop
   endfacet
   facet normal 0 1 0
      outer loop
         vertex 0.0791991 0.0354687 -0.456227
         vertex 0.0717467 0.0354687 -0.425787
         vertex 0.0736106 0.0354687 -0.426427
      endloop
   endfacet
   facet normal 0 1 0
      outer loop
         vertex 0.0791991 0.0354687 -0.456227
         vertex 0.0682099 0.0354687 -0.424974
         vertex 0.0699959 0.0354687 -0.425317
      endloop
   endfacet
   facet normal 0 1 0
      outer loop
         vertex 0.0859845 0.0354687 -0.433942
         vertex 0.0801074 0.0354687 -0.456178
         vertex 0.0799257 0.0354687 -0.456148
      endloop
   endfacet
   facet normal 0 1 0
      outer loop
         vertex 0.0910473 0.0354687 -0.438357
         vertex 0.0806184 0.0354687 -0.456381
         vertex 0.0804557 0.0354687 -0.456295
      endloop
   endfacet
   facet normal 0 1 0
      outer loop
         vertex 0.0797419 0.0354687 -0.459538
         vertex 0.0799257 0.0354687 -0.459528
         vertex 0.080554 0.0354687 -0.472816
      endloop
   endfacet
   facet normal 0 1 0
      outer loop
         vertex 0.0795581 0.0354687 -0.459528
         vertex 0.0789298 0.0354687 -0.472816
         vertex 0.0773152 0.0354687 -0.47264
      endloop
   endfacet
   facet normal 0 1 0
      outer loop
         vertex 0.0741899 0.0354687 -0.471773
         vertex 0.0790281 0.0354687 -0.459381
         vertex 0.0791991 0.0354687 -0.459449
      endloop
   endfacet
   facet normal 0 1 0
      outer loop
         vertex 0.0783349 0.0354687 -0.456884
         vertex 0.07824 0.0354687 -0.457042
         vertex 0.0647419 0.0354687 -0.457838
      endloop
   endfacet
   facet normal 0 1 0
      outer loop
         vertex 0.0790281 0.0354687 -0.456295
         vertex 0.0647419 0.0354687 -0.424708
         vertex 0.0664767 0.0354687 -0.424775
      endloop
   endfacet
   facet normal 0 1 0
      outer loop
         vertex 0.0699959 0.0354687 -0.425317
         vertex 0.0717467 0.0354687 -0.425787
         vertex 0.0791991 0.0354687 -0.456227
      endloop
   endfacet
   facet normal 0 1 0
      outer loop
         vertex 0.0883075 0.0354687 -0.435887
         vertex 0.0802847 0.0354687 -0.456227
         vertex 0.0801074 0.0354687 -0.456178
      endloop
   endfacet
   facet normal 0 1 0
      outer loop
         vertex 0.0793765 0.0354687 -0.459498
         vertex 0.0795581 0.0354687 -0.459528
         vertex 0.0773152 0.0354687 -0.47264
      endloop
   endfacet
   facet normal 0 1 0
      outer loop
         vertex 0.0788655 0.0354687 -0.459295
         vertex 0.0790281 0.0354687 -0.459381
         vertex 0.0727158 0.0354687 -0.471091
      endloop
   endfacet
   facet normal 0 1 0
      outer loop
         vertex 0.0736106 0.0354687 -0.426427
         vertex 0.0793765 0.0354687 -0.456178
         vertex 0.0791991 0.0354687 -0.456227
      endloop
   endfacet
   facet normal 0 1 0
      outer loop
         vertex 0.0793765 0.0354687 -0.456178
         vertex 0.0754266 0.0354687 -0.427186
         vertex 0.0774053 0.0354687 -0.428159
      endloop
   endfacet
   facet normal 0 1 0
      outer loop
         vertex 0.0821687 0.0354687 -0.47264
         vertex 0.080554 0.0354687 -0.472816
         vertex 0.0799257 0.0354687 -0.459528
      endloop
   endfacet
   facet normal 0 1 0
      outer loop
         vertex 0.0682099 0.0354687 -0.424974
         vertex 0.0791991 0.0354687 -0.456227
         vertex 0.0790281 0.0354687 -0.456295
      endloop
   endfacet
   facet normal 0 1 0
      outer loop
         vertex 0.0793765 0.0354687 -0.456178
         vertex 0.0736106 0.0354687 -0.426427
         vertex 0.0754266 0.0354687 -0.427186
      endloop
   endfacet
   facet normal 0 1 0
      outer loop
         vertex 0.0795581 0.0354687 -0.456148
         vertex 0.0774053 0.0354687 -0.428159
         vertex 0.0793361 0.0354687 -0.429247
      endloop
   endfacet
   facet normal 0 1 0
      outer loop
         vertex 0.0791991 0.0354687 -0.459449
         vertex 0.0793765 0.0354687 -0.459498
         vertex 0.075729 0.0354687 -0.472291
      endloop
   endfacet
   facet normal 0 1 0
      outer loop
         vertex 0.0793361 0.0354687 -0.429247
         vertex 0.0797419 0.0354687 -0.456138
         vertex 0.0795581 0.0354687 -0.456148
      endloop
   endfacet
   facet normal 0 1 0
      outer loop
         vertex 0.0774053 0.0354687 -0.428159
         vertex 0.0795581 0.0354687 -0.456148
         vertex 0.0793765 0.0354687 -0.456178
      endloop
   endfacet
   facet normal 0 1 0
      outer loop
         vertex 0.0835826 0.0354687 -0.432088
         vertex 0.0799257 0.0354687 -0.456148
         vertex 0.0797419 0.0354687 -0.456138
      endloop
   endfacet
   facet normal -0.108119 0 -0.994138
      outer loop
         vertex 0.0799257 0.0264687 -0.456148
         vertex 0.0797419 0.0264687 -0.456138
         vertex 0.0797419 0.0354687 -0.456138
      endloop
   endfacet
   facet normal -0.21497 0 -0.976621
      outer loop
         vertex 0.0801074 0.0264687 -0.456178
         vertex 0.0799257 0.0264687 -0.456148
         vertex 0.0799257 0.0354687 -0.456148
      endloop
   endfacet
   facet normal -0.319302 0 -0.947653
      outer loop
         vertex 0.0802847 0.0264687 -0.456227
         vertex 0.0801074 0.0264687 -0.456178
         vertex 0.0801074 0.0354687 -0.456178
      endloop
   endfacet
   facet normal -0.419889 0 -0.907575
      outer loop
         vertex 0.0804557 0.0264687 -0.456295
         vertex 0.0802847 0.0264687 -0.456227
         vertex 0.0802847 0.0354687 -0.456227
      endloop
   endfacet
   facet normal -0.515554 0 -0.856857
      outer loop
         vertex 0.0806184 0.0264687 -0.456381
         vertex 0.0804557 0.0264687 -0.456295
         vertex 0.0804557 0.0354687 -0.456295
      endloop
   endfacet
   facet normal -0.605174 0 -0.796093
      outer loop
         vertex 0.0807707 0.0264687 -0.456485
         vertex 0.0806184 0.0264687 -0.456381
         vertex 0.0806184 0.0354687 -0.456381
      endloop
   endfacet
   facet normal -0.687699 0 -0.725995
      outer loop
         vertex 0.080911 0.0264687 -0.456604
         vertex 0.0807707 0.0264687 -0.456485
         vertex 0.0807707 0.0354687 -0.456485
      endloop
   endfacet
   facet normal -0.762162 0 -0.647386
      outer loop
         vertex 0.0810376 0.0264687 -0.456737
         vertex 0.080911 0.0264687 -0.456604
         vertex 0.080911 0.0354687 -0.456604
      endloop
   endfacet
   facet normal -0.827689 0 -0.561187
      outer loop
         vertex 0.081149 0.0264687 -0.456884
         vertex 0.0810376 0.0264687 -0.456737
         vertex 0.0810376 0.0354687 -0.456737
      endloop
   endfacet
   facet normal -0.883512 0 -0.468408
      outer loop
         vertex 0.0812439 0.0264687 -0.457042
         vertex 0.081149 0.0264687 -0.456884
         vertex 0.081149 0.0354687 -0.456884
      endloop
   endfacet
   facet normal -0.928977 0 -0.370138
      outer loop
         vertex 0.0813212 0.0264687 -0.457209
         vertex 0.0812439 0.0264687 -0.457042
         vertex 0.0812439 0.0354687 -0.457042
      endloop
   endfacet
   facet normal -0.96355 0 -0.267528
      outer loop
         vertex 0.08138 0.0264687 -0.457383
         vertex 0.0813212 0.0264687 -0.457209
         vertex 0.0813212 0.0354687 -0.457209
      endloop
   endfacet
   facet normal -0.986827 0 -0.161782
      outer loop
         vertex 0.0814195 0.0264687 -0.457563
         vertex 0.08138 0.0264687 -0.457383
         vertex 0.08138 0.0354687 -0.457383
      endloop
   endfacet
   facet normal -0.998533 0 -0.0541389
      outer loop
         vertex 0.0814394 0.0264687 -0.457746
         vertex 0.0814195 0.0264687 -0.457563
         vertex 0.0814195 0.0354687 -0.457563
      endloop
   endfacet
   facet normal -0.998533 0 0.0541389
      outer loop
         vertex 0.0814394 0.0264687 -0.45793
         vertex 0.0814394 0.0264687 -0.457746
         vertex 0.0814394 0.0354687 -0.457746
      endloop
   endfacet
   facet normal -0.986827 0 0.161782
      outer loop
         vertex 0.0814195 0.0264687 -0.458113
         vertex 0.0814394 0.0264687 -0.45793
         vertex 0.0814394 0.0354687 -0.45793
      endloop
   endfacet
   facet normal -0.96355 0 0.267528
      outer loop
         vertex 0.08138 0.0264687 -0.458293
         vertex 0.0814195 0.0264687 -0.458113
         vertex 0.0814195 0.0354687 -0.458113
      endloop
   endfacet
   facet normal -0.928977 0 0.370138
      outer loop
         vertex 0.0813212 0.0264687 -0.458467
         vertex 0.08138 0.0264687 -0.458293
         vertex 0.08138 0.0354687 -0.458293
      endloop
   endfacet
   facet normal -0.883512 0 0.468408
      outer loop
         vertex 0.0812439 0.0264687 -0.458634
         vertex 0.0813212 0.0264687 -0.458467
         vertex 0.0813212 0.0354687 -0.458467
      endloop
   endfacet
   facet normal -0.827689 0 0.561187
      outer loop
         vertex 0.081149 0.0264687 -0.458792
         vertex 0.0812439 0.0264687 -0.458634
         vertex 0.0812439 0.0354687 -0.458634
      endloop
   endfacet
   facet normal -0.762162 0 0.647386
      outer loop
         vertex 0.0810376 0.0264687 -0.458938
         vertex 0.081149 0.0264687 -0.458792
         vertex 0.081149 0.0354687 -0.458792
      endloop
   endfacet
   facet normal -0.687699 0 0.725995
      outer loop
         vertex 0.080911 0.0264687 -0.459072
         vertex 0.0810376 0.0264687 -0.458938
         vertex 0.0810376 0.0354687 -0.458938
      endloop
   endfacet
   facet normal -0.605174 0 0.796093
      outer loop
         vertex 0.0807707 0.0264687 -0.459191
         vertex 0.080911 0.0264687 -0.459072
         vertex 0.080911 0.0354687 -0.459072
      endloop
   endfacet
   facet normal -0.515554 0 0.856857
      outer loop
         vertex 0.0806184 0.0264687 -0.459295
         vertex 0.0807707 0.0264687 -0.459191
         vertex 0.0807707 0.0354687 -0.459191
      endloop
   endfacet
   facet normal -0.419889 0 0.907575
      outer loop
         vertex 0.0804557 0.0264687 -0.459381
         vertex 0.0806184 0.0264687 -0.459295
         vertex 0.0806184 0.0354687 -0.459295
      endloop
   endfacet
   facet normal -0.319302 0 0.947653
      outer loop
         vertex 0.0802847 0.0264687 -0.459449
         vertex 0.0804557 0.0264687 -0.459381
         vertex 0.0804557 0.0354687 -0.459381
      endloop
   endfacet
   facet normal -0.21497 0 0.976621
      outer loop
         vertex 0.0801074 0.0264687 -0.459498
         vertex 0.0802847 0.0264687 -0.459449
         vertex 0.0802847 0.0354687 -0.459449
      endloop
   endfacet
   facet normal -0.108119 0 0.994138
      outer loop
         vertex 0.0799257 0.0264687 -0.459528
         vertex 0.0801074 0.0264687 -0.459498
         vertex 0.0801074 0.0354687 -0.459498
      endloop
   endfacet
   facet normal 1.22465e-16 0 1
      outer loop
         vertex 0.0797419 0.0264687 -0.459538
         vertex 0.0799257 0.0264687 -0.459528
         vertex 0.0799257 0.0354687 -0.459528
      endloop
   endfacet
   facet normal 0.108119 0 0.994138
      outer loop
         vertex 0.0795581 0.0264687 -0.459528
         vertex 0.0797419 0.0264687 -0.459538
         vertex 0.0797419 0.0354687 -0.459538
      endloop
   endfacet
   facet normal 0.21497 0 0.976621
      outer loop
         vertex 0.0793765 0.0264687 -0.459498
         vertex 0.0795581 0.0264687 -0.459528
         vertex 0.0795581 0.0354687 -0.459528
      endloop
   endfacet
   facet normal 0.319302 0 0.947653
      outer loop
         vertex 0.0791991 0.0264687 -0.459449
         vertex 0.0793765 0.0264687 -0.459498
         vertex 0.0793765 0.0354687 -0.459498
      endloop
   endfacet
   facet normal 0.419889 0 0.907575
      outer loop
         vertex 0.0790281 0.0264687 -0.459381
         vertex 0.0791991 0.0264687 -0.459449
         vertex 0.0791991 0.0354687 -0.459449
      endloop
   endfacet
   facet normal 0.515554 0 0.856857
      outer loop
         vertex 0.0788655 0.0264687 -0.459295
         vertex 0.0790281 0.0264687 -0.459381
         vertex 0.0790281 0.0354687 -0.459381
      endloop
   endfacet
   facet normal 0.605174 0 0.796093
      outer loop
         vertex 0.0787131 0.0264687 -0.459191
         vertex 0.0788655 0.0264687 -0.459295
         vertex 0.0788655 0.0354687 -0.459295
      endloop
   endfacet
   facet normal 0.687699 0 0.725995
      outer loop
         vertex 0.0785728 0.0264687 -0.459072
         vertex 0.0787131 0.0264687 -0.459191
         vertex 0.0787131 0.0354687 -0.459191
      endloop
   endfacet
   facet normal 0.762162 0 0.647386
      outer loop
         vertex 0.0784463 0.0264687 -0.458938
         vertex 0.0785728 0.0264687 -0.459072
         vertex 0.0785728 0.0354687 -0.459072
      endloop
   endfacet
   facet normal 0.827689 0 0.561187
      outer loop
         vertex 0.0783349 0.0264687 -0.458792
         vertex 0.0784463 0.0264687 -0.458938
         vertex 0.0784463 0.0354687 -0.458938
      endloop
   endfacet
   facet normal 0.883512 0 0.468408
      outer loop
         vertex 0.07824 0.0264687 -0.458634
         vertex 0.0783349 0.0264687 -0.458792
         vertex 0.0783349 0.0354687 -0.458792
      endloop
   endfacet
   facet normal 0.928977 0 0.370138
      outer loop
         vertex 0.0781627 0.0264687 -0.458467
         vertex 0.07824 0.0264687 -0.458634
         vertex 0.07824 0.0354687 -0.458634
      endloop
   endfacet
   facet normal 0.96355 0 0.267528
      outer loop
         vertex 0.0781039 0.0264687 -0.458293
         vertex 0.0781627 0.0264687 -0.458467
         vertex 0.0781627 0.0354687 -0.458467
      endloop
   endfacet
   facet normal 0.986827 0 0.161782
      outer loop
         vertex 0.0780643 0.0264687 -0.458113
         vertex 0.0781039 0.0264687 -0.458293
         vertex 0.0781039 0.0354687 -0.458293
      endloop
   endfacet
   facet normal 0.998533 0 0.0541389
      outer loop
         vertex 0.0780444 0.0264687 -0.45793
         vertex 0.0780643 0.0264687 -0.458113
         vertex 0.0780643 0.0354687 -0.458113
      endloop
   endfacet
   facet normal 0.998533 0 -0.0541389
      outer loop
         vertex 0.0780444 0.0264687 -0.457746
         vertex 0.0780444 0.0264687 -0.45793
         vertex 0.0780444 0.0354687 -0.45793
      endloop
   endfacet
   facet normal 0.986827 0 -0.161782
      outer loop
         vertex 0.0780643 0.0264687 -0.457563
         vertex 0.0780444 0.0264687 -0.457746
         vertex 0.0780444 0.0354687 -0.457746
      endloop
   endfacet
   facet normal 0.96355 0 -0.267528
      outer loop
         vertex 0.0781039 0.0264687 -0.457383
         vertex 0.0780643 0.0264687 -0.457563
         vertex 0.0780643 0.0354687 -0.457563
      endloop
   endfacet
   facet normal 0.928977 0 -0.370138
      outer loop
         vertex 0.0781627 0.0264687 -0.457209
         vertex 0.0781039 0.0264687 -0.457383
         vertex 0.0781039 0.0354687 -0.457383
      endloop
   endfacet
   facet normal 0.883512 0 -0.468408
      outer loop
         vertex 0.07824 0.0264687 -0.457042
         vertex 0.0781627 0.0264687 -0.457209
         vertex 0.0781627 0.0354687 -0.457209
      endloop
   endfacet
   facet normal 0.827689 0 -0.561187
      outer loop
         vertex 0.0783349 0.0264687 -0.456884
         vertex 0.07824 0.0264687 -0.457042
         vertex 0.07824 0.0354687 -0.457042
      endloop
   endfacet
   facet normal 0.762162 0 -0.647386
      outer loop
         vertex 0.0784463 0.0264687 -0.456737
         vertex 0.0783349 0.0264687 -0.456884
         vertex 0.0783349 0.0354687 -0.456884
      endloop
   endfacet
   facet normal 0.687699 0 -0.725995
      outer loop
         vertex 0.0785728 0.0264687 -0.456604
         vertex 0.0784463 0.0264687 -0.456737
         vertex 0.0784463 0.0354687 -0.456737
      endloop
   endfacet
   facet normal 0.605174 0 -0.796093
      outer loop
         vertex 0.0787131 0.0264687 -0.456485
         vertex 0.0785728 0.0264687 -0.456604
         vertex 0.0785728 0.0354687 -0.456604
      endloop
   endfacet
   facet normal 0.515554 0 -0.856857
      outer loop
         vertex 0.0788655 0.0264687 -0.456381
         vertex 0.0787131 0.0264687 -0.456485
         vertex 0.0787131 0.0354687 -0.456485
      endloop
   endfacet
   facet normal 0.419889 0 -0.907575
      outer loop
         vertex 0.0790281 0.0264687 -0.456295
         vertex 0.0788655 0.0264687 -0.456381
         vertex 0.0788655 0.0354687 -0.456381
      endloop
   endfacet
   facet normal 0.319302 0 -0.947653
      outer loop
         vertex 0.0791991 0.0264687 -0.456227
         vertex 0.0790281 0.0264687 -0.456295
         vertex 0.0790281 0.0354687 -0.456295
      endloop
   endfacet
   facet normal 0.21497 0 -0.976621
      outer loop
         vertex 0.0793765 0.0264687 -0.456178
         vertex 0.0791991 0.0264687 -0.456227
         vertex 0.0791991 0.0354687 -0.456227
      endloop
   endfacet
   facet normal 0.108119 0 -0.994138
      outer loop
         vertex 0.0795581 0.0264687 -0.456148
         vertex 0.0793765 0.0264687 -0.456178
         vertex 0.0793765 0.0354687 -0.456178
      endloop
   endfacet
   facet normal 0 0 -1
      outer loop
         vertex 0.0797419 0.0264687 -0.456138
         vertex 0.0795581 0.0264687 -0.456148
         vertex 0.0795581 0.0354687 -0.456148
      endloop
   endfacet
   facet normal 0.108119 0 -0.994138
      outer loop
         vertex 0.0795581 0.0354687 -0.456148
         vertex 0.0797419 0.0354687 -0.456138
         vertex 0.0797419 0.0264687 -0.456138
      endloop
   endfacet
   facet normal 0.21497 0 -0.976621
      outer loop
         vertex 0.0793765 0.0354687 -0.456178
         vertex 0.0795581 0.0354687 -0.456148
         vertex 0.0795581 0.0264687 -0.456148
      endloop
   endfacet
   facet normal 0.319302 0 -0.947653
      outer loop
         vertex 0.0791991 0.0354687 -0.456227
         vertex 0.0793765 0.0354687 -0.456178
         vertex 0.0793765 0.0264687 -0.456178
      endloop
   endfacet
   facet normal 0.419889 0 -0.907575
      outer loop
         vertex 0.0790281 0.0354687 -0.456295
         vertex 0.0791991 0.0354687 -0.456227
         vertex 0.0791991 0.0264687 -0.456227
      endloop
   endfacet
   facet normal 0.515554 0 -0.856857
      outer loop
         vertex 0.0788655 0.0354687 -0.456381
         vertex 0.0790281 0.0354687 -0.456295
         vertex 0.0790281 0.0264687 -0.456295
      endloop
   endfacet
   facet normal 0.605174 0 -0.796093
      outer loop
         vertex 0.0787131 0.0354687 -0.456485
         vertex 0.0788655 0.0354687 -0.456381
         vertex 0.0788655 0.0264687 -0.456381
      endloop
   endfacet
   facet normal 0.687699 0 -0.725995
      outer loop
         vertex 0.0785728 0.0354687 -0.456604
         vertex 0.0787131 0.0354687 -0.456485
         vertex 0.0787131 0.0264687 -0.456485
      endloop
   endfacet
   facet normal 0.762162 0 -0.647386
      outer loop
         vertex 0.0784463 0.0354687 -0.456737
         vertex 0.0785728 0.0354687 -0.456604
         vertex 0.0785728 0.0264687 -0.456604
      endloop
   endfacet
   facet normal 0.827689 0 -0.561187
      outer loop
         vertex 0.0783349 0.0354687 -0.456884
         vertex 0.0784463 0.0354687 -0.456737
         vertex 0.0784463 0.0264687 -0.456737
      endloop
   endfacet
   facet normal 0.883512 0 -0.468408
      outer loop
         vertex 0.07824 0.0354687 -0.457042
         vertex 0.0783349 0.0354687 -0.456884
         vertex 0.0783349 0.0264687 -0.456884
      endloop
   endfacet
   facet normal 0.928977 0 -0.370138
      outer loop
         vertex 0.0781627 0.0354687 -0.457209
         vertex 0.07824 0.0354687 -0.457042
         vertex 0.07824 0.0264687 -0.457042
      endloop
   endfacet
   facet normal 0.96355 0 -0.267528
      outer loop
         vertex 0.0781039 0.0354687 -0.457383
         vertex 0.0781627 0.0354687 -0.457209
         vertex 0.0781627 0.0264687 -0.457209
      endloop
   endfacet
   facet normal 0.986827 0 -0.161782
      outer loop
         vertex 0.0780643 0.0354687 -0.457563
         vertex 0.0781039 0.0354687 -0.457383
         vertex 0.0781039 0.0264687 -0.457383
      endloop
   endfacet
   facet normal 0.998533 0 -0.0541389
      outer loop
         vertex 0.0780444 0.0354687 -0.457746
         vertex 0.0780643 0.0354687 -0.457563
         vertex 0.0780643 0.0264687 -0.457563
      endloop
   endfacet
   facet normal 0.998533 0 0.0541389
      outer loop
         vertex 0.0780444 0.0354687 -0.45793
         vertex 0.0780444 0.0354687 -0.457746
         vertex 0.0780444 0.0264687 -0.457746
      endloop
   endfacet
   facet normal 0.986827 0 0.161782
      outer loop
         vertex 0.0780643 0.0354687 -0.458113
         vertex 0.0780444 0.0354687 -0.45793
         vertex 0.0780444 0.0264687 -0.45793
      endloop
   endfacet
   facet normal 0.96355 0 0.267528
      outer loop
         vertex 0.0781039 0.0354687 -0.458293
         vertex 0.0780643 0.0354687 -0.458113
         vertex 0.0780643 0.0264687 -0.458113
      endloop
   endfacet
   facet normal 0.928977 0 0.370138
      outer loop
         vertex 0.0781627 0.0354687 -0.458467
         vertex 0.0781039 0.0354687 -0.458293
         vertex 0.0781039 0.0264687 -0.458293
      endloop
   endfacet
   facet normal 0.883512 0 0.468408
      outer loop
         vertex 0.07824 0.0354687 -0.458634
         vertex 0.0781627 0.0354687 -0.458467
         vertex 0.0781627 0.0264687 -0.458467
      endloop
   endfacet
   facet normal 0.827689 0 0.561187
      outer loop
         vertex 0.0783349 0.0354687 -0.458792
         vertex 0.07824 0.0354687 -0.458634
         vertex 0.07824 0.0264687 -0.458634
      endloop
   endfacet
   facet normal 0.762162 0 0.647386
      outer loop
         vertex 0.0784463 0.0354687 -0.458938
         vertex 0.0783349 0.0354687 -0.458792
         vertex 0.0783349 0.0264687 -0.458792
      endloop
   endfacet
   facet normal 0.687699 0 0.725995
      outer loop
         vertex 0.0785728 0.0354687 -0.459072
         vertex 0.0784463 0.0354687 -0.458938
         vertex 0.0784463 0.0264687 -0.458938
      endloop
   endfacet
   facet normal 0.605174 0 0.796093
      outer loop
         vertex 0.0787131 0.0354687 -0.459191
         vertex 0.0785728 0.0354687 -0.459072
         vertex 0.0785728 0.0264687 -0.459072
      endloop
   endfacet
   facet normal 0.515554 0 0.856857
      outer loop
         vertex 0.0788655 0.0354687 -0.459295
         vertex 0.0787131 0.0354687 -0.459191
         vertex 0.0787131 0.0264687 -0.459191
      endloop
   endfacet
   facet normal 0.419889 0 0.907575
      outer loop
         vertex 0.0790281 0.0354687 -0.459381
         vertex 0.0788655 0.0354687 -0.459295
         vertex 0.0788655 0.0264687 -0.459295
      endloop
   endfacet
   facet normal 0.319302 0 0.947653
      outer loop
         vertex 0.0791991 0.0354687 -0.459449
         vertex 0.0790281 0.0354687 -0.459381
         vertex 0.0790281 0.0264687 -0.459381
      endloop
   endfacet
   facet normal 0.21497 0 0.976621
      outer loop
         vertex 0.0793765 0.0354687 -0.459498
         vertex 0.0791991 0.0354687 -0.459449
         vertex 0.0791991 0.0264687 -0.459449
      endloop
   endfacet
   facet normal 0.108119 0 0.994138
      outer loop
         vertex 0.0795581 0.0354687 -0.459528
         vertex 0.0793765 0.0354687 -0.459498
         vertex 0.0793765 0.0264687 -0.459498
      endloop
   endfacet
   facet normal 1.22465e-16 0 1
      outer loop
         vertex 0.0797419 0.0354687 -0.459538
         vertex 0.0795581 0.0354687 -0.459528
         vertex 0.0795581 0.0264687 -0.459528
      endloop
   endfacet
   facet normal -0.108119 0 0.994138
      outer loop
         vertex 0.0799257 0.0354687 -0.459528
         vertex 0.0797419 0.0354687 -0.459538
         vertex 0.0797419 0.0264687 -0.459538
      endloop
   endfacet
   facet normal -0.21497 0 0.976621
      outer loop
         vertex 0.0801074 0.0354687 -0.459498
         vertex 0.0799257 0.0354687 -0.459528
         vertex 0.0799257 0.0264687 -0.459528
      endloop
   endfacet
   facet normal -0.319302 0 0.947653
      outer loop
         vertex 0.0802847 0.0354687 -0.459449
         vertex 0.0801074 0.0354687 -0.459498
         vertex 0.0801074 0.0264687 -0.459498
      endloop
   endfacet
   facet normal -0.419889 0 0.907575
      outer loop
         vertex 0.0804557 0.0354687 -0.459381
         vertex 0.0802847 0.0354687 -0.459449
         vertex 0.0802847 0.0264687 -0.459449
      endloop
   endfacet
   facet normal -0.515554 0 0.856857
      outer loop
         vertex 0.0806184 0.0354687 -0.459295
         vertex 0.0804557 0.0354687 -0.459381
         vertex 0.0804557 0.0264687 -0.459381
      endloop
   endfacet
   facet normal -0.605174 0 0.796093
      outer loop
         vertex 0.0807707 0.0354687 -0.459191
         vertex 0.0806184 0.0354687 -0.459295
         vertex 0.0806184 0.0264687 -0.459295
      endloop
   endfacet
   facet normal -0.687699 0 0.725995
      outer loop
         vertex 0.080911 0.0354687 -0.459072
         vertex 0.0807707 0.0354687 -0.459191
         vertex 0.0807707 0.0264687 -0.459191
      endloop
   endfacet
   facet normal -0.762162 0 0.647386
      outer loop
         vertex 0.0810376 0.0354687 -0.458938
         vertex 0.080911 0.0354687 -0.459072
         vertex 0.080911 0.0264687 -0.459072
      endloop
   endfacet
   facet normal -0.827689 0 0.561187
      outer loop
         vertex 0.081149 0.0354687 -0.458792
         vertex 0.0810376 0.0354687 -0.458938
         vertex 0.0810376 0.0264687 -0.458938
      endloop
   endfacet
   facet normal -0.883512 0 0.468408
      outer loop
         vertex 0.0812439 0.0354687 -0.458634
         vertex 0.081149 0.0354687 -0.458792
         vertex 0.081149 0.0264687 -0.458792
      endloop
   endfacet
   facet normal -0.928977 0 0.370138
      outer loop
         vertex 0.0813212 0.0354687 -0.458467
         vertex 0.0812439 0.0354687 -0.458634
         vertex 0.0812439 0.0264687 -0.458634
      endloop
   endfacet
   facet normal -0.96355 0 0.267528
      outer loop
         vertex 0.08138 0.0354687 -0.458293
         vertex 0.0813212 0.0354687 -0.458467
         vertex 0.0813212 0.0264687 -0.458467
      endloop
   endfacet
   facet normal -0.986827 0 0.161782
      outer loop
         vertex 0.0814195 0.0354687 -0.458113
         vertex 0.08138 0.0354687 -0.458293
         vertex 0.08138 0.0264687 -0.458293
      endloop
   endfacet
   facet normal -0.998533 0 0.0541389
      outer loop
         vertex 0.0814394 0.0354687 -0.45793
         vertex 0.0814195 0.0354687 -0.458113
         vertex 0.0814195 0.0264687 -0.458113
      endloop
   endfacet
   facet normal -0.998533 0 -0.0541389
      outer loop
         vertex 0.0814394 0.0354687 -0.457746
         vertex 0.0814394 0.0354687 -0.45793
         vertex 0.0814394 0.0264687 -0.45793
      endloop
   endfacet
   facet normal -0.986827 0 -0.161782
      outer loop
         vertex 0.0814195 0.0354687 -0.457563
         vertex 0.0814394 0.0354687 -0.457746
         vertex 0.0814394 0.0264687 -0.457746
      endloop
   endfacet
   facet normal -0.96355 0 -0.267528
      outer loop
         vertex 0.08138 0.0354687 -0.457383
         vertex 0.0814195 0.0354687 -0.457563
         vertex 0.0814195 0.0264687 -0.457563
      endloop
   endfacet
   facet normal -0.928977 0 -0.370138
      outer loop
         vertex 0.0813212 0.0354687 -0.457209
         vertex 0.08138 0.0354687 -0.457383
         vertex 0.08138 0.0264687 -0.457383
      endloop
   endfacet
   facet normal -0.883512 0 -0.468408
      outer loop
         vertex 0.0812439 0.0354687 -0.457042
         vertex 0.0813212 0.0354687 -0.457209
         vertex 0.0813212 0.0264687 -0.457209
      endloop
   endfacet
   facet normal -0.827689 0 -0.561187
      outer loop
         vertex 0.081149 0.0354687 -0.456884
         vertex 0.0812439 0.0354687 -0.457042
         vertex 0.0812439 0.0264687 -0.457042
      endloop
   endfacet
   facet normal -0.762162 0 -0.647386
      outer loop
         vertex 0.0810376 0.0354687 -0.456737
         vertex 0.081149 0.0354687 -0.456884
         vertex 0.081149 0.0264687 -0.456884
      endloop
   endfacet
   facet normal -0.687699 0 -0.725995
      outer loop
         vertex 0.080911 0.0354687 -0.456604
         vertex 0.0810376 0.0354687 -0.456737
         vertex 0.0810376 0.0264687 -0.456737
      endloop
   endfacet
   facet normal -0.605174 0 -0.796093
      outer loop
         vertex 0.0807707 0.0354687 -0.456485
         vertex 0.080911 0.0354687 -0.456604
         vertex 0.080911 0.0264687 -0.456604
      endloop
   endfacet
   facet normal -0.515554 0 -0.856857
      outer loop
         vertex 0.0806184 0.0354687 -0.456381
         vertex 0.0807707 0.0354687 -0.456485
         vertex 0.0807707 0.0264687 -0.456485
      endloop
   endfacet
   facet normal -0.419889 0 -0.907575
      outer loop
         vertex 0.0804557 0.0354687 -0.456295
         vertex 0.0806184 0.0354687 -0.456381
         vertex 0.0806184 0.0264687 -0.456381
      endloop
   endfacet
   facet normal -0.319302 0 -0.947653
      outer loop
         vertex 0.0802847 0.0354687 -0.456227
         vertex 0.0804557 0.0354687 -0.456295
         vertex 0.0804557 0.0264687 -0.456295
      endloop
   endfacet
   facet normal -0.21497 0 -0.976621
      outer loop
         vertex 0.0801074 0.0354687 -0.456178
         vertex 0.0802847 0.0354687 -0.456227
         vertex 0.0802847 0.0264687 -0.456227
      endloop
   endfacet
   facet normal -0.108119 0 -0.994138
      outer loop
         vertex 0.0799257 0.0354687 -0.456148
         vertex 0.0801074 0.0354687 -0.456178
         vertex 0.0801074 0.0264687 -0.456178
      endloop
   endfacet
   facet normal 0 0 -1
      outer loop
         vertex 0.0797419 0.0354687 -0.456138
         vertex 0.0799257 0.0354687 -0.456148
         vertex 0.0799257 0.0264687 -0.456148
      endloop
   endfacet
   facet normal -0.743537 0.666674 0.0519416
      outer loop
         vertex 0.0437005 -0.0355938 -0.349883
         vertex 0.0437145 -0.0355783 -0.349881
         vertex 0.0439675 -0.0346424 -0.358306
      endloop
   endfacet
   facet normal -0.809372 0.585863 0.0410029
      outer loop
         vertex 0.0436865 -0.0356092 -0.349885
         vertex 0.0437005 -0.0355938 -0.349883
         vertex 0.0439549 -0.0346424 -0.358454
      endloop
   endfacet
   facet normal -0.866316 0.498617 0.0296138
      outer loop
         vertex 0.0436751 -0.0356267 -0.349887
         vertex 0.0436865 -0.0356092 -0.349885
         vertex 0.0439524 -0.0346424 -0.358603
      endloop
   endfacet
   facet normal -0.913745 0.405894 0.0178994
      outer loop
         vertex 0.0436657 -0.0356452 -0.34989
         vertex 0.0436751 -0.0356267 -0.349887
         vertex 0.0439495 -0.0346424 -0.358775
      endloop
   endfacet
   facet normal -0.951137 0.308713 0.0059884
      outer loop
         vertex 0.0436582 -0.0356646 -0.349892
         vertex 0.0436657 -0.0356452 -0.34989
         vertex 0.0439466 -0.0346424 -0.358946
      endloop
   endfacet
   facet normal -0.978081 0.20814 -0.0059884
      outer loop
         vertex 0.0436528 -0.0356848 -0.349894
         vertex 0.0436582 -0.0356646 -0.349892
         vertex 0.0439437 -0.0346424 -0.359118
      endloop
   endfacet
   facet normal -0.994281 0.105281 -0.0178994
      outer loop
         vertex 0.0436506 -0.0357054 -0.349897
         vertex 0.0436528 -0.0356848 -0.349894
         vertex 0.0439408 -0.0346424 -0.359289
      endloop
   endfacet
   facet normal -0.999561 0.00126588 -0.0296138
      outer loop
         vertex 0.0436485 -0.0357261 -0.349899
         vertex 0.0436506 -0.0357054 -0.349897
         vertex 0.0439372 -0.0346424 -0.359507
      endloop
   endfacet
   facet normal -0.99386 -0.102763 -0.0410029
      outer loop
         vertex 0.0436496 -0.0357469 -0.349901
         vertex 0.0436485 -0.0357261 -0.349899
         vertex 0.0439455 -0.0346424 -0.359635
      endloop
   endfacet
   facet normal -0.977243 -0.205664 -0.0519416
      outer loop
         vertex 0.043653 -0.0357675 -0.349904
         vertex 0.0436496 -0.0357469 -0.349901
         vertex 0.043957 -0.0346424 -0.359811
      endloop
   endfacet
   facet normal -0.949892 -0.306305 -0.0623098
      outer loop
         vertex 0.0436584 -0.0357876 -0.349906
         vertex 0.043653 -0.0357675 -0.349904
         vertex 0.0439685 -0.0346424 -0.359986
      endloop
   endfacet
   facet normal -0.912107 -0.403582 -0.0719936
      outer loop
         vertex 0.043666 -0.0358071 -0.349908
         vertex 0.0436584 -0.0357876 -0.349906
         vertex 0.04398 -0.0346424 -0.360162
      endloop
   endfacet
   facet normal -0.864303 -0.496425 -0.0808866
      outer loop
         vertex 0.0436755 -0.0358257 -0.349909
         vertex 0.043666 -0.0358071 -0.349908
         vertex 0.0439915 -0.0346424 -0.360337
      endloop
   endfacet
   facet normal -0.807005 -0.583816 -0.088891
      outer loop
         vertex 0.043687 -0.0358431 -0.349911
         vertex 0.0436755 -0.0358257 -0.349909
         vertex 0.044003 -0.0346424 -0.360513
      endloop
   endfacet
   facet normal -0.740843 -0.664794 -0.0959191
      outer loop
         vertex 0.043701 -0.0358586 -0.349912
         vertex 0.043687 -0.0358431 -0.349911
         vertex 0.0440144 -0.0346424 -0.360689
      endloop
   endfacet
   facet normal -0.666543 -0.73847 -0.101894
      outer loop
         vertex 0.0437151 -0.0358741 -0.349914
         vertex 0.043701 -0.0358586 -0.349912
         vertex 0.0440229 -0.0346424 -0.360817
      endloop
   endfacet
   facet normal -0.584922 -0.804034 -0.106749
      outer loop
         vertex 0.0437314 -0.0358872 -0.349915
         vertex 0.0437151 -0.0358741 -0.349914
         vertex 0.0440476 -0.0346424 -0.360971
      endloop
   endfacet
   facet normal -0.496875 -0.860767 -0.110432
      outer loop
         vertex 0.043749 -0.0358985 -0.349915
         vertex 0.0437314 -0.0358872 -0.349915
         vertex 0.0440671 -0.0346424 -0.361092
      endloop
   endfacet
   facet normal -0.496875 -0.860767 -0.110432
      outer loop
         vertex 0.043749 -0.0358985 -0.349915
         vertex 0.0435294 -0.0366787 -0.342838
         vertex 0.0435227 -0.0366738 -0.342838
      endloop
   endfacet
   facet normal -0.496875 -0.860767 -0.110432
      outer loop
         vertex 0.043749 -0.0358985 -0.349915
         vertex 0.0435403 -0.0366854 -0.342838
         vertex 0.0435294 -0.0366787 -0.342838
      endloop
   endfacet
   facet normal -0.584922 -0.804034 -0.106749
      outer loop
         vertex 0.0437314 -0.0358872 -0.349915
         vertex 0.0435136 -0.0366671 -0.342838
         vertex 0.0435064 -0.0366607 -0.342838
      endloop
   endfacet
   facet normal -0.584922 -0.804034 -0.106749
      outer loop
         vertex 0.0437314 -0.0358872 -0.349915
         vertex 0.0435227 -0.0366738 -0.342838
         vertex 0.0435136 -0.0366671 -0.342838
      endloop
   endfacet
   facet normal -0.666543 -0.73847 -0.101894
      outer loop
         vertex 0.0437151 -0.0358741 -0.349914
         vertex 0.0434928 -0.0366477 -0.342838
         vertex 0.0434914 -0.036646 -0.342838
      endloop
   endfacet
   facet normal -0.666543 -0.73847 -0.101894
      outer loop
         vertex 0.0437151 -0.0358741 -0.349914
         vertex 0.0435064 -0.0366607 -0.342838
         vertex 0.0434988 -0.0366539 -0.342838
      endloop
   endfacet
   facet normal -0.70018 -0.707042 -0.0991958
      outer loop
         vertex 0.0434988 -0.0366539 -0.342838
         vertex 0.0434928 -0.0366477 -0.342838
         vertex 0.0437151 -0.0358741 -0.349914
      endloop
   endfacet
   facet normal -0.740843 -0.664794 -0.0959191
      outer loop
         vertex 0.043701 -0.0358586 -0.349912
         vertex 0.0434914 -0.036646 -0.342838
         vertex 0.0434802 -0.0366327 -0.342838
      endloop
   endfacet
   facet normal -0.807005 -0.583816 -0.088891
      outer loop
         vertex 0.043687 -0.0358431 -0.349911
         vertex 0.0434691 -0.0366164 -0.342838
         vertex 0.0434667 -0.036612 -0.342838
      endloop
   endfacet
   facet normal -0.807005 -0.583816 -0.088891
      outer loop
         vertex 0.043687 -0.0358431 -0.349911
         vertex 0.0434802 -0.0366327 -0.342838
         vertex 0.0434691 -0.0366164 -0.342838
      endloop
   endfacet
   facet normal -0.864303 -0.496425 -0.0808866
      outer loop
         vertex 0.0436755 -0.0358257 -0.349909
         vertex 0.0434595 -0.0365988 -0.342838
         vertex 0.0434569 -0.0365933 -0.342838
      endloop
   endfacet
   facet normal -0.864303 -0.496425 -0.0808866
      outer loop
         vertex 0.0436755 -0.0358257 -0.349909
         vertex 0.0434667 -0.036612 -0.342838
         vertex 0.0434595 -0.0365988 -0.342838
      endloop
   endfacet
   facet normal -0.912107 -0.403582 -0.0719936
      outer loop
         vertex 0.043666 -0.0358071 -0.349908
         vertex 0.0434559 -0.0365911 -0.342838
         vertex 0.043449 -0.0365726 -0.342838
      endloop
   endfacet
   facet normal -0.912107 -0.403582 -0.0719936
      outer loop
         vertex 0.043666 -0.0358071 -0.349908
         vertex 0.0434569 -0.0365933 -0.342838
         vertex 0.0434559 -0.0365911 -0.342838
      endloop
   endfacet
   facet normal -0.949892 -0.306305 -0.0623098
      outer loop
         vertex 0.0436584 -0.0357876 -0.349906
         vertex 0.0434439 -0.0365534 -0.342838
         vertex 0.0434438 -0.0365532 -0.342838
      endloop
   endfacet
   facet normal -0.949892 -0.306305 -0.0623098
      outer loop
         vertex 0.0436584 -0.0357876 -0.349906
         vertex 0.043449 -0.0365726 -0.342838
         vertex 0.0434439 -0.0365534 -0.342838
      endloop
   endfacet
   facet normal -0.977243 -0.205664 -0.0519416
      outer loop
         vertex 0.043653 -0.0357675 -0.349904
         vertex 0.0434438 -0.0365532 -0.342838
         vertex 0.0434406 -0.0365335 -0.342838
      endloop
   endfacet
   facet normal -0.99386 -0.102763 -0.0410029
      outer loop
         vertex 0.0436496 -0.0357469 -0.349901
         vertex 0.0434399 -0.0365253 -0.342838
         vertex 0.0434395 -0.0365113 -0.342838
      endloop
   endfacet
   facet normal -0.99386 -0.102763 -0.0410029
      outer loop
         vertex 0.0436496 -0.0357469 -0.349901
         vertex 0.0434406 -0.0365335 -0.342838
         vertex 0.0434399 -0.0365253 -0.342838
      endloop
   endfacet
   facet normal -0.999561 0.00126588 -0.0296138
      outer loop
         vertex 0.0436485 -0.0357261 -0.349899
         vertex 0.0434394 -0.0365055 -0.342838
         vertex 0.0434406 -0.0364902 -0.342838
      endloop
   endfacet
   facet normal -0.999561 0.00126588 -0.0296138
      outer loop
         vertex 0.0436485 -0.0357261 -0.349899
         vertex 0.0434395 -0.0365113 -0.342838
         vertex 0.0434394 -0.0365055 -0.342838
      endloop
   endfacet
   facet normal -0.994281 0.105281 -0.0178994
      outer loop
         vertex 0.0436506 -0.0357054 -0.349897
         vertex 0.0434409 -0.0364856 -0.342838
         vertex 0.0434445 -0.0364656 -0.342838
      endloop
   endfacet
   facet normal -0.994281 0.105281 -0.0178994
      outer loop
         vertex 0.0436506 -0.0357054 -0.349897
         vertex 0.0434406 -0.0364902 -0.342838
         vertex 0.0434409 -0.0364856 -0.342838
      endloop
   endfacet
   facet normal -0.978081 0.20814 -0.0059884
      outer loop
         vertex 0.0436528 -0.0356848 -0.349894
         vertex 0.0434445 -0.0364656 -0.342838
         vertex 0.0434464 -0.0364579 -0.342838
      endloop
   endfacet
   facet normal -0.965108 0.261852 0.000650295
      outer loop
         vertex 0.0434464 -0.0364579 -0.342838
         vertex 0.0436582 -0.0356646 -0.349892
         vertex 0.0436528 -0.0356848 -0.349894
      endloop
   endfacet
   facet normal -0.951137 0.308713 0.0059884
      outer loop
         vertex 0.0436582 -0.0356646 -0.349892
         vertex 0.0434493 -0.036449 -0.342838
         vertex 0.0434525 -0.036439 -0.342838
      endloop
   endfacet
   facet normal -0.934762 0.355075 0.0119026
      outer loop
         vertex 0.0434525 -0.036439 -0.342838
         vertex 0.0436657 -0.0356452 -0.34989
         vertex 0.0436582 -0.0356646 -0.349892
      endloop
   endfacet
   facet normal -0.913745 0.405894 0.0178994
      outer loop
         vertex 0.0436657 -0.0356452 -0.34989
         vertex 0.0434568 -0.0364292 -0.342838
         vertex 0.0434606 -0.0364207 -0.342838
      endloop
   endfacet
   facet normal -0.895083 0.445302 0.0230973
      outer loop
         vertex 0.0434606 -0.0364207 -0.342838
         vertex 0.0436751 -0.0356267 -0.349887
         vertex 0.0436657 -0.0356452 -0.34989
      endloop
   endfacet
   facet normal -0.809372 0.585863 0.0410029
      outer loop
         vertex 0.0436865 -0.0356092 -0.349885
         vertex 0.0434705 -0.0364031 -0.342838
         vertex 0.0434747 -0.0363966 -0.342838
      endloop
   endfacet
   facet normal -0.866316 0.498617 0.0296138
      outer loop
         vertex 0.0436751 -0.0356267 -0.349887
         vertex 0.0434664 -0.0364104 -0.342838
         vertex 0.0434705 -0.0364031 -0.342838
      endloop
   endfacet
   facet normal -0.845784 0.532427 0.0342307
      outer loop
         vertex 0.0434705 -0.0364031 -0.342838
         vertex 0.0436865 -0.0356092 -0.349885
         vertex 0.0436751 -0.0356267 -0.349887
      endloop
   endfacet
   facet normal -0.809372 0.585863 0.0410029
      outer loop
         vertex 0.0436865 -0.0356092 -0.349885
         vertex 0.0434777 -0.0363926 -0.342838
         vertex 0.0434867 -0.0363808 -0.342838
      endloop
   endfacet
   facet normal -0.765167 0.641982 0.0487794
      outer loop
         vertex 0.0434867 -0.0363808 -0.342838
         vertex 0.0437005 -0.0355938 -0.349883
         vertex 0.0436865 -0.0356092 -0.349885
      endloop
   endfacet
   facet normal -0.743537 0.666674 0.0519416
      outer loop
         vertex 0.0437005 -0.0355938 -0.349883
         vertex 0.043491 -0.0363762 -0.342838
         vertex 0.0435002 -0.0363662 -0.342838
      endloop
   endfacet
   facet normal -0.697812 0.713867 0.0587518
      outer loop
         vertex 0.0435002 -0.0363662 -0.342838
         vertex 0.0437145 -0.0355783 -0.349881
         vertex 0.0437005 -0.0355938 -0.349883
      endloop
   endfacet
   facet normal -0.669535 0.740162 0.0623098
      outer loop
         vertex 0.0437145 -0.0355783 -0.349881
         vertex 0.0435058 -0.0363612 -0.342838
         vertex 0.0435153 -0.0363528 -0.342838
      endloop
   endfacet
   facet normal -0.622447 0.779677 0.0682852
      outer loop
         vertex 0.0435153 -0.0363528 -0.342838
         vertex 0.0437308 -0.0355653 -0.349879
         vertex 0.0437145 -0.0355783 -0.349881
      endloop
   endfacet
   facet normal -0.588179 0.80552 0.0719936
      outer loop
         vertex 0.0437308 -0.0355653 -0.349879
         vertex 0.0435215 -0.0363481 -0.342838
         vertex 0.0435379 -0.0363372 -0.342838
      endloop
   endfacet
   facet normal -0.509892 0.856498 0.0801382
      outer loop
         vertex 0.0435379 -0.0363372 -0.342838
         vertex 0.0437483 -0.035554 -0.349877
         vertex 0.0437308 -0.0355653 -0.349879
      endloop
   endfacet
   facet normal -0.500362 0.86203 0.0808866
      outer loop
         vertex 0.0437483 -0.035554 -0.349877
         vertex 0.0435397 -0.0363363 -0.342838
         vertex 0.0435554 -0.036328 -0.342838
      endloop
   endfacet
   facet normal -0.407049 0.909071 0.088891
      outer loop
         vertex 0.043767 -0.0355446 -0.349875
         vertex 0.0435554 -0.036328 -0.342838
         vertex 0.043574 -0.0363204 -0.342838
      endloop
   endfacet
   facet normal -0.330019 0.939219 0.0946309
      outer loop
         vertex 0.043574 -0.0363204 -0.342838
         vertex 0.0437866 -0.0355372 -0.349874
         vertex 0.043767 -0.0355446 -0.349875
      endloop
   endfacet
   facet normal -0.309264 0.946126 0.0959191
      outer loop
         vertex 0.0437866 -0.0355372 -0.349874
         vertex 0.043578 -0.036319 -0.342838
         vertex 0.0435817 -0.0363178 -0.342838
      endloop
   endfacet
   facet normal -0.291404 0.951654 0.0971506
      outer loop
         vertex 0.0435817 -0.0363178 -0.342838
         vertex 0.0438068 -0.0355318 -0.349873
         vertex 0.0437866 -0.0355372 -0.349874
      endloop
   endfacet
   facet normal -0.208083 0.972789 0.101894
      outer loop
         vertex 0.0438068 -0.0355318 -0.349873
         vertex 0.0436007 -0.036313 -0.342838
         vertex 0.0436191 -0.0363102 -0.342838
      endloop
   endfacet
   facet normal -0.104616 0.988767 0.106749
      outer loop
         vertex 0.0438275 -0.0355286 -0.349872
         vertex 0.0436191 -0.0363102 -0.342838
         vertex 0.0436201 -0.0363101 -0.342838
      endloop
   endfacet
   facet normal -0.099569 0.989263 0.106983
      outer loop
         vertex 0.0436201 -0.0363101 -0.342838
         vertex 0.0438484 -0.0355276 -0.349871
         vertex 0.0438275 -0.0355286 -0.349872
      endloop
   endfacet
   facet normal -0.104616 0.988767 0.106749
      outer loop
         vertex 0.0438275 -0.0355286 -0.349872
         vertex 0.0440704 -0.0346424 -0.357844
         vertex 0.0440677 -0.0346424 -0.357846
      endloop
   endfacet
   facet normal -0.0973485 0.989481 0.107011
      outer loop
         vertex 0.0440677 -0.0346424 -0.357846
         vertex 0.0440672 -0.0346424 -0.357847
         vertex 0.0438275 -0.0355286 -0.349872
      endloop
   endfacet
   facet normal -0.104616 0.988767 0.106749
      outer loop
         vertex 0.0438275 -0.0355286 -0.349872
         vertex 0.044073 -0.0346424 -0.357842
         vertex 0.0440704 -0.0346424 -0.357844
      endloop
   endfacet
   facet normal -0.104616 0.988767 0.106749
      outer loop
         vertex 0.0438275 -0.0355286 -0.349872
         vertex 0.0440755 -0.0346424 -0.357841
         vertex 0.044073 -0.0346424 -0.357842
      endloop
   endfacet
   facet normal -0.104616 0.988767 0.106749
      outer loop
         vertex 0.0438275 -0.0355286 -0.349872
         vertex 0.0440809 -0.0346424 -0.357839
         vertex 0.0440787 -0.0346424 -0.357839
      endloop
   endfacet
   facet normal -0.0413758 0.993169 0.109106
      outer loop
         vertex 0.0440787 -0.0346424 -0.357839
         vertex 0.044078 -0.0346424 -0.35784
         vertex 0.0438275 -0.0355286 -0.349872
      endloop
   endfacet
   facet normal -0.0448004 0.993033 0.108988
      outer loop
         vertex 0.044078 -0.0346424 -0.35784
         vertex 0.0440755 -0.0346424 -0.357841
         vertex 0.0438275 -0.0355286 -0.349872
      endloop
   endfacet
   facet normal -0.104616 0.988767 0.106749
      outer loop
         vertex 0.0438275 -0.0355286 -0.349872
         vertex 0.0440831 -0.0346424 -0.357838
         vertex 0.0440809 -0.0346424 -0.357839
      endloop
   endfacet
   facet normal -0.104616 0.988767 0.106749
      outer loop
         vertex 0.0438275 -0.0355286 -0.349872
         vertex 0.0438484 -0.0355276 -0.349871
         vertex 0.0440869 -0.0346424 -0.357838
      endloop
   endfacet
   facet normal 0 0.993884 0.110432
      outer loop
         vertex 0.0440869 -0.0346424 -0.357838
         vertex 0.0440853 -0.0346424 -0.357838
         vertex 0.0438275 -0.0355286 -0.349872
      endloop
   endfacet
   facet normal -0.00833869 0.993877 0.11018
      outer loop
         vertex 0.0440853 -0.0346424 -0.357838
         vertex 0.0440831 -0.0346424 -0.357838
         vertex 0.0438275 -0.0355286 -0.349872
      endloop
   endfacet
   facet normal -0.208083 0.972789 0.101894
      outer loop
         vertex 0.0438068 -0.0355318 -0.349873
         vertex 0.0440632 -0.0346424 -0.357851
         vertex 0.0440591 -0.0346424 -0.357856
      endloop
   endfacet
   facet normal -0.141665 0.984319 0.105103
      outer loop
         vertex 0.0440591 -0.0346424 -0.357856
         vertex 0.0440566 -0.0346424 -0.35786
         vertex 0.0438068 -0.0355318 -0.349873
      endloop
   endfacet
   facet normal -0.154797 0.982405 0.104495
      outer loop
         vertex 0.0440566 -0.0346424 -0.35786
         vertex 0.0440505 -0.0346424 -0.35787
         vertex 0.0438068 -0.0355318 -0.349873
      endloop
   endfacet
   facet normal -0.208083 0.972789 0.101894
      outer loop
         vertex 0.0438068 -0.0355318 -0.349873
         vertex 0.0438275 -0.0355286 -0.349872
         vertex 0.0440663 -0.0346424 -0.357848
      endloop
   endfacet
   facet normal -0.104387 0.988794 0.106723
      outer loop
         vertex 0.0440663 -0.0346424 -0.357848
         vertex 0.0440632 -0.0346424 -0.357851
         vertex 0.0438068 -0.0355318 -0.349873
      endloop
   endfacet
   facet normal -0.309264 0.946126 0.0959191
      outer loop
         vertex 0.0437866 -0.0355372 -0.349874
         vertex 0.0438068 -0.0355318 -0.349873
         vertex 0.044044 -0.0346424 -0.357883
      endloop
   endfacet
   facet normal -0.220942 0.97003 0.101128
      outer loop
         vertex 0.044044 -0.0346424 -0.357883
         vertex 0.0440328 -0.0346424 -0.357911
         vertex 0.0437866 -0.0355372 -0.349874
      endloop
   endfacet
   facet normal -0.407049 0.909071 0.088891
      outer loop
         vertex 0.043767 -0.0355446 -0.349875
         vertex 0.0437866 -0.0355372 -0.349874
         vertex 0.0440278 -0.0346424 -0.357927
      endloop
   endfacet
   facet normal -0.3086 0.94635 0.0958564
      outer loop
         vertex 0.0440278 -0.0346424 -0.357927
         vertex 0.0440201 -0.0346424 -0.357953
         vertex 0.043767 -0.0355446 -0.349875
      endloop
   endfacet
   facet normal -0.500362 0.86203 0.0808866
      outer loop
         vertex 0.0437483 -0.035554 -0.349877
         vertex 0.043767 -0.0355446 -0.349875
         vertex 0.0440057 -0.0346424 -0.358016
      endloop
   endfacet
   facet normal -0.588179 0.80552 0.0719936
      outer loop
         vertex 0.0437308 -0.0355653 -0.349879
         vertex 0.0437483 -0.035554 -0.349877
         vertex 0.043995 -0.0346424 -0.358089
      endloop
   endfacet
   facet normal -0.669535 0.740162 0.0623098
      outer loop
         vertex 0.0437145 -0.0355783 -0.349881
         vertex 0.0437308 -0.0355653 -0.349879
         vertex 0.0439734 -0.0346424 -0.358238
      endloop
   endfacet
   facet normal -0.626382 0.776595 0.0674164
      outer loop
         vertex 0.0439734 -0.0346424 -0.358238
         vertex 0.0439675 -0.0346424 -0.358306
         vertex 0.0437145 -0.0355783 -0.349881
      endloop
   endfacet
   facet normal -0.499333 0.862633 0.0808072
      outer loop
         vertex 0.043995 -0.0346424 -0.358089
         vertex 0.0439734 -0.0346424 -0.358238
         vertex 0.0437308 -0.0355653 -0.349879
      endloop
   endfacet
   facet normal -0.432095 0.897649 0.0867245
      outer loop
         vertex 0.0440057 -0.0346424 -0.358016
         vertex 0.043995 -0.0346424 -0.358089
         vertex 0.0437483 -0.035554 -0.349877
      endloop
   endfacet
   facet normal -0.3509 0.931787 0.0929641
      outer loop
         vertex 0.0440201 -0.0346424 -0.357953
         vertex 0.0440057 -0.0346424 -0.358016
         vertex 0.043767 -0.0355446 -0.349875
      endloop
   endfacet
   facet normal -0.281123 0.954695 0.0976113
      outer loop
         vertex 0.0440328 -0.0346424 -0.357911
         vertex 0.0440278 -0.0346424 -0.357927
         vertex 0.0437866 -0.0355372 -0.349874
      endloop
   endfacet
   facet normal -0.186781 0.976994 0.10293
      outer loop
         vertex 0.0440505 -0.0346424 -0.35787
         vertex 0.044044 -0.0346424 -0.357883
         vertex 0.0438068 -0.0355318 -0.349873
      endloop
   endfacet
   facet normal -0.0999788 0.98923 0.106904
      outer loop
         vertex 0.0440672 -0.0346424 -0.357847
         vertex 0.0440663 -0.0346424 -0.357848
         vertex 0.0438275 -0.0355286 -0.349872
      endloop
   endfacet
   facet normal -0.099569 0.989263 0.106983
      outer loop
         vertex 0.0436201 -0.0363101 -0.342838
         vertex 0.0436401 -0.0363091 -0.342838
         vertex 0.0438484 -0.0355276 -0.349871
      endloop
   endfacet
   facet normal -0.104812 0.988744 0.106771
      outer loop
         vertex 0.0436191 -0.0363102 -0.342838
         vertex 0.0438275 -0.0355286 -0.349872
         vertex 0.0438068 -0.0355318 -0.349873
      endloop
   endfacet
   facet normal -0.291404 0.951654 0.0971506
      outer loop
         vertex 0.0435817 -0.0363178 -0.342838
         vertex 0.0436007 -0.036313 -0.342838
         vertex 0.0438068 -0.0355318 -0.349873
      endloop
   endfacet
   facet normal -0.330019 0.939219 0.0946309
      outer loop
         vertex 0.043574 -0.0363204 -0.342838
         vertex 0.043578 -0.036319 -0.342838
         vertex 0.0437866 -0.0355372 -0.349874
      endloop
   endfacet
   facet normal -0.422713 0.902004 0.0877639
      outer loop
         vertex 0.0435554 -0.036328 -0.342838
         vertex 0.043767 -0.0355446 -0.349875
         vertex 0.0437483 -0.035554 -0.349877
      endloop
   endfacet
   facet normal -0.509892 0.856498 0.0801382
      outer loop
         vertex 0.0435379 -0.0363372 -0.342838
         vertex 0.0435397 -0.0363363 -0.342838
         vertex 0.0437483 -0.035554 -0.349877
      endloop
   endfacet
   facet normal -0.622447 0.779677 0.0682852
      outer loop
         vertex 0.0435153 -0.0363528 -0.342838
         vertex 0.0435215 -0.0363481 -0.342838
         vertex 0.0437308 -0.0355653 -0.349879
      endloop
   endfacet
   facet normal -0.697812 0.713867 0.0587518
      outer loop
         vertex 0.0435002 -0.0363662 -0.342838
         vertex 0.0435058 -0.0363612 -0.342838
         vertex 0.0437145 -0.0355783 -0.349881
      endloop
   endfacet
   facet normal -0.765167 0.641982 0.0487794
      outer loop
         vertex 0.0434867 -0.0363808 -0.342838
         vertex 0.043491 -0.0363762 -0.342838
         vertex 0.0437005 -0.0355938 -0.349883
      endloop
   endfacet
   facet normal -0.824741 0.564206 0.0383819
      outer loop
         vertex 0.0434747 -0.0363966 -0.342838
         vertex 0.0434777 -0.0363926 -0.342838
         vertex 0.0436865 -0.0356092 -0.349885
      endloop
   endfacet
   facet normal -0.895083 0.445302 0.0230973
      outer loop
         vertex 0.0434606 -0.0364207 -0.342838
         vertex 0.0434664 -0.0364104 -0.342838
         vertex 0.0436751 -0.0356267 -0.349887
      endloop
   endfacet
   facet normal -0.934762 0.355075 0.0119026
      outer loop
         vertex 0.0434525 -0.036439 -0.342838
         vertex 0.0434568 -0.0364292 -0.342838
         vertex 0.0436657 -0.0356452 -0.34989
      endloop
   endfacet
   facet normal -0.965108 0.261852 0.000650295
      outer loop
         vertex 0.0434464 -0.0364579 -0.342838
         vertex 0.0434493 -0.036449 -0.342838
         vertex 0.0436582 -0.0356646 -0.349892
      endloop
   endfacet
   facet normal -0.974621 0.223829 -0.00385488
      outer loop
         vertex 0.0434445 -0.0364656 -0.342838
         vertex 0.0436528 -0.0356848 -0.349894
         vertex 0.0436506 -0.0357054 -0.349897
      endloop
   endfacet
   facet normal -0.994569 0.102523 -0.0179211
      outer loop
         vertex 0.0434406 -0.0364902 -0.342838
         vertex 0.0436506 -0.0357054 -0.349897
         vertex 0.0436485 -0.0357261 -0.349899
      endloop
   endfacet
   facet normal -0.999559 -0.00170379 -0.0296488
      outer loop
         vertex 0.0434395 -0.0365113 -0.342838
         vertex 0.0436485 -0.0357261 -0.349899
         vertex 0.0436496 -0.0357469 -0.349901
      endloop
   endfacet
   facet normal -0.992898 -0.111443 -0.0416456
      outer loop
         vertex 0.0434406 -0.0365335 -0.342838
         vertex 0.0436496 -0.0357469 -0.349901
         vertex 0.043653 -0.0357675 -0.349904
      endloop
   endfacet
   facet normal -0.976542 -0.208953 -0.051998
      outer loop
         vertex 0.0434438 -0.0365532 -0.342838
         vertex 0.043653 -0.0357675 -0.349904
         vertex 0.0436584 -0.0357876 -0.349906
      endloop
   endfacet
   facet normal -0.950441 -0.304687 -0.0618657
      outer loop
         vertex 0.043449 -0.0365726 -0.342838
         vertex 0.0436584 -0.0357876 -0.349906
         vertex 0.043666 -0.0358071 -0.349908
      endloop
   endfacet
   facet normal -0.910576 -0.407013 -0.0720602
      outer loop
         vertex 0.0434569 -0.0365933 -0.342838
         vertex 0.043666 -0.0358071 -0.349908
         vertex 0.0436755 -0.0358257 -0.349909
      endloop
   endfacet
   facet normal -0.862322 -0.499847 -0.080953
      outer loop
         vertex 0.0434667 -0.036612 -0.342838
         vertex 0.0436755 -0.0358257 -0.349909
         vertex 0.043687 -0.0358431 -0.349911
      endloop
   endfacet
   facet normal -0.793377 -0.601999 -0.0902713
      outer loop
         vertex 0.0434802 -0.0366327 -0.342838
         vertex 0.043687 -0.0358431 -0.349911
         vertex 0.043701 -0.0358586 -0.349912
      endloop
   endfacet
   facet normal -0.737928 -0.66802 -0.0959727
      outer loop
         vertex 0.0434914 -0.036646 -0.342838
         vertex 0.043701 -0.0358586 -0.349912
         vertex 0.0437151 -0.0358741 -0.349914
      endloop
   endfacet
   facet normal -0.66316 -0.741505 -0.101934
      outer loop
         vertex 0.0435064 -0.0366607 -0.342838
         vertex 0.0437151 -0.0358741 -0.349914
         vertex 0.0437314 -0.0358872 -0.349915
      endloop
   endfacet
   facet normal -0.581079 -0.806813 -0.106771
      outer loop
         vertex 0.0435227 -0.0366738 -0.342838
         vertex 0.0437314 -0.0358872 -0.349915
         vertex 0.043749 -0.0358985 -0.349915
      endloop
   endfacet
   facet normal -0.591194 -0.799439 -0.106712
      outer loop
         vertex 0.0440671 -0.0346424 -0.361092
         vertex 0.0440867 -0.0346424 -0.361213
         vertex 0.043749 -0.0358985 -0.349915
      endloop
   endfacet
   facet normal -0.672001 -0.733516 -0.101828
      outer loop
         vertex 0.0440476 -0.0346424 -0.360971
         vertex 0.0440671 -0.0346424 -0.361092
         vertex 0.0437314 -0.0358872 -0.349915
      endloop
   endfacet
   facet normal -0.763655 -0.638736 -0.0940644
      outer loop
         vertex 0.0440229 -0.0346424 -0.360817
         vertex 0.0440476 -0.0346424 -0.360971
         vertex 0.0437151 -0.0358741 -0.349914
      endloop
   endfacet
   facet normal -0.81084 -0.578493 -0.0887931
      outer loop
         vertex 0.0440144 -0.0346424 -0.360689
         vertex 0.0440229 -0.0346424 -0.360817
         vertex 0.043701 -0.0358586 -0.349912
      endloop
   endfacet
   facet normal -0.867355 -0.491089 -0.0807836
      outer loop
         vertex 0.044003 -0.0346424 -0.360513
         vertex 0.0440144 -0.0346424 -0.360689
         vertex 0.043687 -0.0358431 -0.349911
      endloop
   endfacet
   facet normal -0.914423 -0.398324 -0.0718921
      outer loop
         vertex 0.0439915 -0.0346424 -0.360337
         vertex 0.044003 -0.0346424 -0.360513
         vertex 0.0436755 -0.0358257 -0.349909
      endloop
   endfacet
   facet normal -0.951527 -0.301207 -0.0622153
      outer loop
         vertex 0.04398 -0.0346424 -0.360162
         vertex 0.0439915 -0.0346424 -0.360337
         vertex 0.043666 -0.0358071 -0.349908
      endloop
   endfacet
   facet normal -0.978259 -0.200797 -0.0518587
      outer loop
         vertex 0.0439685 -0.0346424 -0.359986
         vertex 0.04398 -0.0346424 -0.360162
         vertex 0.0436584 -0.0357876 -0.349906
      endloop
   endfacet
   facet normal -0.994326 -0.0981871 -0.0409353
      outer loop
         vertex 0.043957 -0.0346424 -0.359811
         vertex 0.0439685 -0.0346424 -0.359986
         vertex 0.043653 -0.0357675 -0.349904
      endloop
   endfacet
   facet normal -0.999548 0.00550396 -0.0295641
      outer loop
         vertex 0.0439455 -0.0346424 -0.359635
         vertex 0.043957 -0.0346424 -0.359811
         vertex 0.0436496 -0.0357469 -0.349901
      endloop
   endfacet
   facet normal -0.996475 0.0812049 -0.0210545
      outer loop
         vertex 0.0439372 -0.0346424 -0.359507
         vertex 0.0439455 -0.0346424 -0.359635
         vertex 0.0436485 -0.0357261 -0.349899
      endloop
   endfacet
   facet normal -0.977336 0.211608 -0.00597835
      outer loop
         vertex 0.0439408 -0.0346424 -0.359289
         vertex 0.0439372 -0.0346424 -0.359507
         vertex 0.0436506 -0.0357054 -0.349897
      endloop
   endfacet
   facet normal -0.950139 0.31177 0.00597854
      outer loop
         vertex 0.0439437 -0.0346424 -0.359118
         vertex 0.0439408 -0.0346424 -0.359289
         vertex 0.0436528 -0.0356848 -0.349894
      endloop
   endfacet
   facet normal -0.912566 0.408538 0.0178708
      outer loop
         vertex 0.0439466 -0.0346424 -0.358946
         vertex 0.0439437 -0.0346424 -0.359118
         vertex 0.0436582 -0.0356646 -0.349892
      endloop
   endfacet
   facet normal -0.865026 0.500855 0.0295685
      outer loop
         vertex 0.0439495 -0.0346424 -0.358775
         vertex 0.0439466 -0.0346424 -0.358946
         vertex 0.0436657 -0.0356452 -0.34989
      endloop
   endfacet
   facet normal -0.808034 0.587711 0.0409435
      outer loop
         vertex 0.0439524 -0.0346424 -0.358603
         vertex 0.0439495 -0.0346424 -0.358775
         vertex 0.0436751 -0.0356267 -0.349887
      endloop
   endfacet
   facet normal -0.750935 0.658441 0.0505285
      outer loop
         vertex 0.0439549 -0.0346424 -0.358454
         vertex 0.0439524 -0.0346424 -0.358603
         vertex 0.0436865 -0.0356092 -0.349885
      endloop
   endfacet
   facet normal -0.668266 0.741315 0.0622325
      outer loop
         vertex 0.0439675 -0.0346424 -0.358306
         vertex 0.0439549 -0.0346424 -0.358454
         vertex 0.0437005 -0.0355938 -0.349883
      endloop
   endfacet
   facet normal -1.22465e-16 1 0
      outer loop
         vertex 0.0443585 -0.0346424 -0.358042
         vertex 0.044073 -0.0346424 -0.357842
         vertex 0.0440755 -0.0346424 -0.357841
      endloop
   endfacet
   facet normal -1.22465e-16 1 0
      outer loop
         vertex 0.0443585 -0.0346424 -0.358042
         vertex 0.0440809 -0.0346424 -0.357839
         vertex 0.0440831 -0.0346424 -0.357838
      endloop
   endfacet
   facet normal -1.22465e-16 1 0
      outer loop
         vertex 0.0443585 -0.0346424 -0.358042
         vertex 0.0440704 -0.0346424 -0.357844
         vertex 0.044073 -0.0346424 -0.357842
      endloop
   endfacet
   facet normal -1.22465e-16 1 0
      outer loop
         vertex 0.0443585 -0.0346424 -0.358042
         vertex 0.0440787 -0.0346424 -0.357839
         vertex 0.0440809 -0.0346424 -0.357839
      endloop
   endfacet
   facet normal -1.22465e-16 1 0
      outer loop
         vertex 0.0443585 -0.0346424 -0.358042
         vertex 0.0440677 -0.0346424 -0.357846
         vertex 0.0440704 -0.0346424 -0.357844
      endloop
   endfacet
   facet normal -1.22465e-16 1 0
      outer loop
         vertex 0.0440831 -0.0346424 -0.357838
         vertex 0.0440853 -0.0346424 -0.357838
         vertex 0.0443585 -0.0346424 -0.358042
      endloop
   endfacet
   facet normal -1.22465e-16 1 0
      outer loop
         vertex 0.0440755 -0.0346424 -0.357841
         vertex 0.044078 -0.0346424 -0.35784
         vertex 0.0443585 -0.0346424 -0.358042
      endloop
   endfacet
   facet normal -1.22465e-16 1 0
      outer loop
         vertex 0.0442294 -0.0346424 -0.358098
         vertex 0.0440591 -0.0346424 -0.357856
         vertex 0.0440632 -0.0346424 -0.357851
      endloop
   endfacet
   facet normal -1.22465e-16 1 0
      outer loop
         vertex 0.0442294 -0.0346424 -0.358098
         vertex 0.0441799 -0.0346424 -0.358119
         vertex 0.0440566 -0.0346424 -0.35786
      endloop
   endfacet
   facet normal -1.22465e-16 1 0
      outer loop
         vertex 0.0441799 -0.0346424 -0.358119
         vertex 0.0440328 -0.0346424 -0.357911
         vertex 0.044044 -0.0346424 -0.357883
      endloop
   endfacet
   facet normal -1.22465e-16 1 0
      outer loop
         vertex 0.0441799 -0.0346424 -0.358119
         vertex 0.0440826 -0.0346424 -0.358172
         vertex 0.0440057 -0.0346424 -0.358016
      endloop
   endfacet
   facet normal -1.22465e-16 1 0
      outer loop
         vertex 0.044078 -0.0346424 -0.35784
         vertex 0.0440787 -0.0346424 -0.357839
         vertex 0.0443585 -0.0346424 -0.358042
      endloop
   endfacet
   facet normal -1.22465e-16 1 0
      outer loop
         vertex 0.0443585 -0.0346424 -0.358042
         vertex 0.0440663 -0.0346424 -0.357848
         vertex 0.0440672 -0.0346424 -0.357847
      endloop
   endfacet
   facet normal -1.22465e-16 1 0
      outer loop
         vertex 0.0440566 -0.0346424 -0.35786
         vertex 0.0440591 -0.0346424 -0.357856
         vertex 0.0442294 -0.0346424 -0.358098
      endloop
   endfacet
   facet normal -1.22465e-16 1 0
      outer loop
         vertex 0.0441799 -0.0346424 -0.358119
         vertex 0.0440278 -0.0346424 -0.357927
         vertex 0.0440328 -0.0346424 -0.357911
      endloop
   endfacet
   facet normal -1.22465e-16 1 0
      outer loop
         vertex 0.0440826 -0.0346424 -0.358172
         vertex 0.0440443 -0.0346424 -0.358192
         vertex 0.043995 -0.0346424 -0.358089
      endloop
   endfacet
   facet normal -1.22465e-16 1 0
      outer loop
         vertex 0.0440057 -0.0346424 -0.358016
         vertex 0.0440201 -0.0346424 -0.357953
         vertex 0.0441799 -0.0346424 -0.358119
      endloop
   endfacet
   facet normal -1.22465e-16 1 0
      outer loop
         vertex 0.0440672 -0.0346424 -0.357847
         vertex 0.0440677 -0.0346424 -0.357846
         vertex 0.0443585 -0.0346424 -0.358042
      endloop
   endfacet
   facet normal -1.22465e-16 1 0
      outer loop
         vertex 0.0440663 -0.0346424 -0.357848
         vertex 0.0443585 -0.0346424 -0.358042
         vertex 0.0442294 -0.0346424 -0.358098
      endloop
   endfacet
   facet normal -1.22465e-16 1 0
      outer loop
         vertex 0.044044 -0.0346424 -0.357883
         vertex 0.0440505 -0.0346424 -0.35787
         vertex 0.0441799 -0.0346424 -0.358119
      endloop
   endfacet
   facet normal -1.22465e-16 1 0
      outer loop
         vertex 0.0440201 -0.0346424 -0.357953
         vertex 0.0440278 -0.0346424 -0.357927
         vertex 0.0441799 -0.0346424 -0.358119
      endloop
   endfacet
   facet normal -1.22465e-16 1 0
      outer loop
         vertex 0.0440632 -0.0346424 -0.357851
         vertex 0.0440663 -0.0346424 -0.357848
         vertex 0.0442294 -0.0346424 -0.358098
      endloop
   endfacet
   facet normal -1.22465e-16 1 0
      outer loop
         vertex 0.043995 -0.0346424 -0.358089
         vertex 0.0440057 -0.0346424 -0.358016
         vertex 0.0440826 -0.0346424 -0.358172
      endloop
   endfacet
   facet normal -1.22465e-16 1 0
      outer loop
         vertex 0.0440869 -0.0346424 -0.357838
         vertex 0.0443916 -0.0346424 -0.358029
         vertex 0.0443585 -0.0346424 -0.358042
      endloop
   endfacet
   facet normal -1.22465e-16 1 0
      outer loop
         vertex 0.0440869 -0.0346424 -0.357838
         vertex 0.0446446 -0.0346424 -0.357951
         vertex 0.0445682 -0.0346424 -0.357975
      endloop
   endfacet
   facet normal -1.22465e-16 1 0
      outer loop
         vertex 0.0440869 -0.0346424 -0.357838
         vertex 0.0452461 -0.0346424 -0.357852
         vertex 0.0451617 -0.0346424 -0.357862
      endloop
   endfacet
   facet normal -1.22465e-16 1 0
      outer loop
         vertex 0.0440869 -0.0346424 -0.357838
         vertex 0.0455921 -0.0346424 -0.357838
         vertex 0.0453752 -0.0346424 -0.357847
      endloop
   endfacet
   facet normal -1.22465e-16 1 0
      outer loop
         vertex 0.0440505 -0.0346424 -0.35787
         vertex 0.0440566 -0.0346424 -0.35786
         vertex 0.0441799 -0.0346424 -0.358119
      endloop
   endfacet
   facet normal -1.22465e-16 1 0
      outer loop
         vertex 0.0445682 -0.0346424 -0.357975
         vertex 0.0443916 -0.0346424 -0.358029
         vertex 0.0440869 -0.0346424 -0.357838
      endloop
   endfacet
   facet normal -1.22465e-16 1 0
      outer loop
         vertex 0.0440869 -0.0346424 -0.357838
         vertex 0.0449296 -0.0346424 -0.357891
         vertex 0.0447565 -0.0346424 -0.357927
      endloop
   endfacet
   facet normal -1.22465e-16 1 0
      outer loop
         vertex 0.0453752 -0.0346424 -0.357847
         vertex 0.0452461 -0.0346424 -0.357852
         vertex 0.0440869 -0.0346424 -0.357838
      endloop
   endfacet
   facet normal -1.22465e-16 1 0
      outer loop
         vertex 0.0440853 -0.0346424 -0.357838
         vertex 0.0440869 -0.0346424 -0.357838
         vertex 0.0443585 -0.0346424 -0.358042
      endloop
   endfacet
   facet normal -1.22465e-16 1 0
      outer loop
         vertex 0.0451617 -0.0346424 -0.357862
         vertex 0.0449296 -0.0346424 -0.357891
         vertex 0.0440869 -0.0346424 -0.357838
      endloop
   endfacet
   facet normal -1.22465e-16 1 0
      outer loop
         vertex 0.0447565 -0.0346424 -0.357927
         vertex 0.0446446 -0.0346424 -0.357951
         vertex 0.0440869 -0.0346424 -0.357838
      endloop
   endfacet
   facet normal -1.22465e-16 1 0
      outer loop
         vertex 0.0440443 -0.0346424 -0.358192
         vertex 0.0439734 -0.0346424 -0.358238
         vertex 0.043995 -0.0346424 -0.358089
      endloop
   endfacet
   facet normal -0.556123 0.831082 -0.00556635
      outer loop
         vertex 0.041944 0.0345384 -0.358843
         vertex 0.0419474 0.0345334 -0.358948
         vertex 0.039969 0.0330562 -0.358948
      endloop
   endfacet
   facet normal -0.601056 0.790658 -0.116582
      outer loop
         vertex 0.039969 0.0330562 -0.358948
         vertex 0.0385533 0.0320068 -0.358843
         vertex 0.041944 0.0345384 -0.358843
      endloop
   endfacet
   facet normal -0.638834 0.769325 -0.00556635
      outer loop
         vertex 0.0385533 0.0320068 -0.358843
         vertex 0.0385572 0.0320021 -0.358948
         vertex 0.0365891 0.0301883 -0.358948
      endloop
   endfacet
   facet normal -0.683045 0.721057 -0.1163
      outer loop
         vertex 0.0365891 0.0301883 -0.358948
         vertex 0.0354416 0.029139 -0.358843
         vertex 0.0385533 0.0320068 -0.358843
      endloop
   endfacet
   facet normal -0.714738 0.69937 -0.00556635
      outer loop
         vertex 0.0354416 0.029139 -0.358843
         vertex 0.035446 0.0291347 -0.358948
         vertex 0.0335382 0.0269722 -0.358948
      endloop
   endfacet
   facet normal -0.75704 0.643008 -0.115892
      outer loop
         vertex 0.0335382 0.0269722 -0.358948
         vertex 0.0326422 0.0259658 -0.358843
         vertex 0.0354416 0.029139 -0.358843
      endloop
   endfacet
   facet normal -0.783026 0.621964 -0.00556635
      outer loop
         vertex 0.0326422 0.0259658 -0.358843
         vertex 0.032647 0.025962 -0.358948
         vertex 0.0308519 0.0234455 -0.358948
      endloop
   endfacet
   facet normal -0.822177 0.55742 -0.115361
      outer loop
         vertex 0.0308519 0.0234455 -0.358948
         vertex 0.0301848 0.0225209 -0.358843
         vertex 0.0326422 0.0259658 -0.358843
      endloop
   endfacet
   facet normal -0.842971 0.53793 -0.00556635
      outer loop
         vertex 0.0301848 0.0225209 -0.358843
         vertex 0.0301899 0.0225176 -0.358948
         vertex 0.0285614 0.0196492 -0.358948
      endloop
   endfacet
   facet normal -0.877692 0.465293 -0.11471
      outer loop
         vertex 0.0285614 0.0196492 -0.358948
         vertex 0.0280956 0.018841 -0.358843
         vertex 0.0301848 0.0225209 -0.358843
      endloop
   endfacet
   facet normal -0.893934 0.448164 -0.00556635
      outer loop
         vertex 0.0280956 0.018841 -0.358843
         vertex 0.028101 0.0188382 -0.358948
         vertex 0.0266937 0.0156274 -0.358948
      endloop
   endfacet
   facet normal -0.922936 0.367704 -0.113944
      outer loop
         vertex 0.0266937 0.0156274 -0.358948
         vertex 0.0263969 0.0149653 -0.358843
         vertex 0.0280956 0.018841 -0.358843
      endloop
   endfacet
   facet normal -0.935371 0.353623 -0.00556635
      outer loop
         vertex 0.0263969 0.0149653 -0.358843
         vertex 0.0264026 0.0149632 -0.358948
         vertex 0.0252706 0.0114269 -0.358948
      endloop
   endfacet
   facet normal -0.957377 0.265791 -0.113068
      outer loop
         vertex 0.0252706 0.0114269 -0.358948
         vertex 0.0251068 0.0109352 -0.358843
         vertex 0.0263969 0.0149653 -0.358843
      endloop
   endfacet
   facet normal -0.966842 0.255314 -0.00556635
      outer loop
         vertex 0.0251068 0.0109352 -0.358843
         vertex 0.0251127 0.0109336 -0.358948
         vertex 0.0243087 0.00709673 -0.358948
      endloop
   endfacet
   facet normal -0.98061 0.160747 -0.112087
      outer loop
         vertex 0.0243087 0.00709673 -0.358948
         vertex 0.024239 0.00679354 -0.358843
         vertex 0.0251068 0.0109352 -0.358843
      endloop
   endfacet
   facet normal -0.988011 0.154285 -0.00556635
      outer loop
         vertex 0.024239 0.00679354 -0.358843
         vertex 0.024245 0.0067926 -0.358948
         vertex 0.0238195 0.0026872 -0.358948
      endloop
   endfacet
   facet normal -0.992362 0.0537981 -0.111007
      outer loop
         vertex 0.0238195 0.0026872 -0.358948
         vertex 0.0238027 0.0025845 -0.358843
         vertex 0.024239 0.00679354 -0.358843
      endloop
   endfacet
   facet normal -0.998652 0.0516117 -0.00556635
      outer loop
         vertex 0.0238027 0.0025845 -0.358843
         vertex 0.0238088 0.00258418 -0.358948
         vertex 0.0238088 -0.00164677 -0.358948
      endloop
   endfacet
   facet normal -0.988011 -0.154285 -0.00556635
      outer loop
         vertex 0.024239 -0.00585613 -0.358843
         vertex 0.0238027 -0.00164709 -0.358843
         vertex 0.0238195 -0.00174979 -0.358948
      endloop
   endfacet
   facet normal -0.998652 -0.0516117 -0.00556635
      outer loop
         vertex 0.0238027 -0.00164709 -0.358843
         vertex 0.0238088 -0.00164677 -0.358948
         vertex 0.0238195 -0.00174979 -0.358948
      endloop
   endfacet
   facet normal -0.966842 -0.255314 -0.00556635
      outer loop
         vertex 0.0251068 -0.00999777 -0.358843
         vertex 0.024239 -0.00585613 -0.358843
         vertex 0.0243087 -0.00615932 -0.358948
      endloop
   endfacet
   facet normal -0.988011 -0.154285 -0.00556635
      outer loop
         vertex 0.024239 -0.00585613 -0.358843
         vertex 0.024245 -0.00585519 -0.358948
         vertex 0.0243087 -0.00615932 -0.358948
      endloop
   endfacet
   facet normal -0.935371 -0.353623 -0.00556635
      outer loop
         vertex 0.0263969 -0.0140279 -0.358843
         vertex 0.0251068 -0.00999777 -0.358843
         vertex 0.0252706 -0.0104895 -0.358948
      endloop
   endfacet
   facet normal -0.966842 -0.255314 -0.00556635
      outer loop
         vertex 0.0251068 -0.00999777 -0.358843
         vertex 0.0251127 -0.00999622 -0.358948
         vertex 0.0252706 -0.0104895 -0.358948
      endloop
   endfacet
   facet normal -0.893934 -0.448164 -0.00556635
      outer loop
         vertex 0.0280956 -0.0179036 -0.358843
         vertex 0.0263969 -0.0140279 -0.358843
         vertex 0.0266937 -0.01469 -0.358948
      endloop
   endfacet
   facet normal -0.935371 -0.353623 -0.00556635
      outer loop
         vertex 0.0263969 -0.0140279 -0.358843
         vertex 0.0264026 -0.0140257 -0.358948
         vertex 0.0266937 -0.01469 -0.358948
      endloop
   endfacet
   facet normal -0.842971 -0.53793 -0.00556635
      outer loop
         vertex 0.0301848 -0.0215834 -0.358843
         vertex 0.0280956 -0.0179036 -0.358843
         vertex 0.0285614 -0.0187118 -0.358948
      endloop
   endfacet
   facet normal -0.893934 -0.448164 -0.00556635
      outer loop
         vertex 0.0280956 -0.0179036 -0.358843
         vertex 0.028101 -0.0179008 -0.358948
         vertex 0.0285614 -0.0187118 -0.358948
      endloop
   endfacet
   facet normal -0.783026 -0.621964 -0.00556635
      outer loop
         vertex 0.0326422 -0.0250284 -0.358843
         vertex 0.0301848 -0.0215834 -0.358843
         vertex 0.0308519 -0.0225081 -0.358948
      endloop
   endfacet
   facet normal -0.842971 -0.53793 -0.00556635
      outer loop
         vertex 0.0301848 -0.0215834 -0.358843
         vertex 0.0301899 -0.0215802 -0.358948
         vertex 0.0308519 -0.0225081 -0.358948
      endloop
   endfacet
   facet normal -0.714738 -0.69937 -0.00556635
      outer loop
         vertex 0.0354416 -0.0282016 -0.358843
         vertex 0.0326422 -0.0250284 -0.358843
         vertex 0.0335382 -0.0260348 -0.358948
      endloop
   endfacet
   facet normal -0.783026 -0.621964 -0.00556635
      outer loop
         vertex 0.0326422 -0.0250284 -0.358843
         vertex 0.032647 -0.0250246 -0.358948
         vertex 0.0335382 -0.0260348 -0.358948
      endloop
   endfacet
   facet normal -0.638834 -0.769325 -0.00556635
      outer loop
         vertex 0.0385533 -0.0310693 -0.358843
         vertex 0.0354416 -0.0282016 -0.358843
         vertex 0.0365891 -0.0292509 -0.358948
      endloop
   endfacet
   facet normal -0.714738 -0.69937 -0.00556635
      outer loop
         vertex 0.0354416 -0.0282016 -0.358843
         vertex 0.035446 -0.0281973 -0.358948
         vertex 0.0365891 -0.0292509 -0.358948
      endloop
   endfacet
   facet normal -0.556123 -0.831082 -0.00556635
      outer loop
         vertex 0.041944 -0.033601 -0.358843
         vertex 0.0385533 -0.0310693 -0.358843
         vertex 0.039969 -0.0321188 -0.358948
      endloop
   endfacet
   facet normal -0.638834 -0.769325 -0.00556635
      outer loop
         vertex 0.0385533 -0.0310693 -0.358843
         vertex 0.0385572 -0.0310646 -0.358948
         vertex 0.039969 -0.0321188 -0.358948
      endloop
   endfacet
   facet normal -0.553379 0.826982 0.0993603
      outer loop
         vertex 0.0419467 0.0345343 -0.358738
         vertex 0.041944 0.0345384 -0.358843
         vertex 0.0385533 0.0320068 -0.358843
      endloop
   endfacet
   facet normal -0.635682 0.765529 0.0993603
      outer loop
         vertex 0.0385564 0.032003 -0.358738
         vertex 0.0385533 0.0320068 -0.358843
         vertex 0.0354416 0.029139 -0.358843
      endloop
   endfacet
   facet normal -0.711212 0.69592 0.0993603
      outer loop
         vertex 0.0354451 0.0291356 -0.358738
         vertex 0.0354416 0.029139 -0.358843
         vertex 0.0326422 0.0259658 -0.358843
      endloop
   endfacet
   facet normal -0.779164 0.618895 0.0993603
      outer loop
         vertex 0.032646 0.0259627 -0.358738
         vertex 0.0326422 0.0259658 -0.358843
         vertex 0.0301848 0.0225209 -0.358843
      endloop
   endfacet
   facet normal -0.838813 0.535276 0.0993603
      outer loop
         vertex 0.0301889 0.0225182 -0.358738
         vertex 0.0301848 0.0225209 -0.358843
         vertex 0.0280956 0.018841 -0.358843
      endloop
   endfacet
   facet normal -0.889524 0.445954 0.0993603
      outer loop
         vertex 0.0281 0.0188388 -0.358738
         vertex 0.0280956 0.018841 -0.358843
         vertex 0.0263969 0.0149653 -0.358843
      endloop
   endfacet
   facet normal -0.930757 0.351879 0.0993603
      outer loop
         vertex 0.0264015 0.0149636 -0.358738
         vertex 0.0263969 0.0149653 -0.358843
         vertex 0.0251068 0.0109352 -0.358843
      endloop
   endfacet
   facet normal -0.962073 0.254055 0.0993603
      outer loop
         vertex 0.0251115 0.0109339 -0.358738
         vertex 0.0251068 0.0109352 -0.358843
         vertex 0.024239 0.00679354 -0.358843
      endloop
   endfacet
   facet normal -0.983137 0.153524 0.0993603
      outer loop
         vertex 0.0242438 0.00679278 -0.358738
         vertex 0.024239 0.00679354 -0.358843
         vertex 0.0238027 0.0025845 -0.358843
      endloop
   endfacet
   facet normal -0.993725 0.0513571 0.0993603
      outer loop
         vertex 0.0238077 0.00258424 -0.358738
         vertex 0.0238027 0.0025845 -0.358843
         vertex 0.0238027 -0.00164709 -0.358843
      endloop
   endfacet
   facet normal -0.993725 -0.0513571 0.0993603
      outer loop
         vertex 0.0238077 -0.00164683 -0.358738
         vertex 0.0238027 -0.00164709 -0.358843
         vertex 0.024239 -0.00585613 -0.358843
      endloop
   endfacet
   facet normal -0.983137 -0.153524 0.0993603
      outer loop
         vertex 0.0242438 -0.00585537 -0.358738
         vertex 0.024239 -0.00585613 -0.358843
         vertex 0.0251068 -0.00999777 -0.358843
      endloop
   endfacet
   facet normal -0.962073 -0.254055 0.0993603
      outer loop
         vertex 0.0251115 -0.00999651 -0.358738
         vertex 0.0251068 -0.00999777 -0.358843
         vertex 0.0263969 -0.0140279 -0.358843
      endloop
   endfacet
   facet normal -0.930757 -0.351879 0.0993603
      outer loop
         vertex 0.0264015 -0.0140262 -0.358738
         vertex 0.0263969 -0.0140279 -0.358843
         vertex 0.0280956 -0.0179036 -0.358843
      endloop
   endfacet
   facet normal -0.889524 -0.445954 0.0993603
      outer loop
         vertex 0.0281 -0.0179013 -0.358738
         vertex 0.0280956 -0.0179036 -0.358843
         vertex 0.0301848 -0.0215834 -0.358843
      endloop
   endfacet
   facet normal -0.838813 -0.535276 0.0993603
      outer loop
         vertex 0.0301889 -0.0215808 -0.358738
         vertex 0.0301848 -0.0215834 -0.358843
         vertex 0.0326422 -0.0250284 -0.358843
      endloop
   endfacet
   facet normal -0.779164 -0.618895 0.0993603
      outer loop
         vertex 0.032646 -0.0250253 -0.358738
         vertex 0.0326422 -0.0250284 -0.358843
         vertex 0.0354416 -0.0282016 -0.358843
      endloop
   endfacet
   facet normal -0.711212 -0.69592 0.0993603
      outer loop
         vertex 0.0354451 -0.0281981 -0.358738
         vertex 0.0354416 -0.0282016 -0.358843
         vertex 0.0385533 -0.0310693 -0.358843
      endloop
   endfacet
   facet normal -0.635682 -0.765529 0.0993603
      outer loop
         vertex 0.0385564 -0.0310655 -0.358738
         vertex 0.0385533 -0.0310693 -0.358843
         vertex 0.041944 -0.033601 -0.358843
      endloop
   endfacet
   facet normal -0.54453 0.813757 0.203191
      outer loop
         vertex 0.0419556 0.0345211 -0.358635
         vertex 0.0419467 0.0345343 -0.358738
         vertex 0.0385564 0.032003 -0.358738
      endloop
   endfacet
   facet normal -0.625517 0.753288 0.203191
      outer loop
         vertex 0.0385666 0.0319907 -0.358635
         vertex 0.0385564 0.032003 -0.358738
         vertex 0.0354451 0.0291356 -0.358738
      endloop
   endfacet
   facet normal -0.699839 0.684791 0.203191
      outer loop
         vertex 0.0354565 0.0291244 -0.358635
         vertex 0.0354451 0.0291356 -0.358738
         vertex 0.032646 0.0259627 -0.358738
      endloop
   endfacet
   facet normal -0.766704 0.608998 0.203191
      outer loop
         vertex 0.0326585 0.0259528 -0.358635
         vertex 0.032646 0.0259627 -0.358738
         vertex 0.0301889 0.0225182 -0.358738
      endloop
   endfacet
   facet normal -0.825399 0.526716 0.203191
      outer loop
         vertex 0.0302023 0.0225096 -0.358635
         vertex 0.0301889 0.0225182 -0.358738
         vertex 0.0281 0.0188388 -0.358738
      endloop
   endfacet
   facet normal -0.875299 0.438822 0.203191
      outer loop
         vertex 0.0281142 0.0188316 -0.358635
         vertex 0.0281 0.0188388 -0.358738
         vertex 0.0264015 0.0149636 -0.358738
      endloop
   endfacet
   facet normal -0.915873 0.346252 0.203191
      outer loop
         vertex 0.0264164 0.0149579 -0.358635
         vertex 0.0264015 0.0149636 -0.358738
         vertex 0.0251115 0.0109339 -0.358738
      endloop
   endfacet
   facet normal -0.946688 0.249992 0.203191
      outer loop
         vertex 0.0251269 0.0109299 -0.358635
         vertex 0.0251115 0.0109339 -0.358738
         vertex 0.0242438 0.00679278 -0.358738
      endloop
   endfacet
   facet normal -0.967415 0.151069 0.203191
      outer loop
         vertex 0.0242596 0.00679032 -0.358635
         vertex 0.0242438 0.00679278 -0.358738
         vertex 0.0238077 0.00258424 -0.358738
      endloop
   endfacet
   facet normal -0.977834 0.0505358 0.203191
      outer loop
         vertex 0.0238236 0.00258342 -0.358635
         vertex 0.0238077 0.00258424 -0.358738
         vertex 0.0238077 -0.00164683 -0.358738
      endloop
   endfacet
   facet normal -0.977834 -0.0505358 0.203191
      outer loop
         vertex 0.0238236 -0.00164601 -0.358635
         vertex 0.0238077 -0.00164683 -0.358738
         vertex 0.0242438 -0.00585537 -0.358738
      endloop
   endfacet
   facet normal -0.967415 -0.151069 0.203191
      outer loop
         vertex 0.0242596 -0.00585291 -0.358635
         vertex 0.0242438 -0.00585537 -0.358738
         vertex 0.0251115 -0.00999651 -0.358738
      endloop
   endfacet
   facet normal -0.946688 -0.249992 0.203191
      outer loop
         vertex 0.0251269 -0.00999245 -0.358635
         vertex 0.0251115 -0.00999651 -0.358738
         vertex 0.0264015 -0.0140262 -0.358738
      endloop
   endfacet
   facet normal -0.915873 -0.346252 0.203191
      outer loop
         vertex 0.0264164 -0.0140205 -0.358635
         vertex 0.0264015 -0.0140262 -0.358738
         vertex 0.0281 -0.0179013 -0.358738
      endloop
   endfacet
   facet normal -0.875299 -0.438822 0.203191
      outer loop
         vertex 0.0281142 -0.0178942 -0.358635
         vertex 0.0281 -0.0179013 -0.358738
         vertex 0.0301889 -0.0215808 -0.358738
      endloop
   endfacet
   facet normal -0.825399 -0.526716 0.203191
      outer loop
         vertex 0.0302023 -0.0215722 -0.358635
         vertex 0.0301889 -0.0215808 -0.358738
         vertex 0.032646 -0.0250253 -0.358738
      endloop
   endfacet
   facet normal -0.766704 -0.608998 0.203191
      outer loop
         vertex 0.0326585 -0.0250154 -0.358635
         vertex 0.032646 -0.0250253 -0.358738
         vertex 0.0354451 -0.0281981 -0.358738
      endloop
   endfacet
   facet normal -0.699839 -0.684791 0.203191
      outer loop
         vertex 0.0354565 -0.028187 -0.358635
         vertex 0.0354451 -0.0281981 -0.358738
         vertex 0.0385564 -0.0310655 -0.358738
      endloop
   endfacet
   facet normal -0.625517 -0.753288 0.203191
      outer loop
         vertex 0.0385666 -0.0310533 -0.358635
         vertex 0.0385564 -0.0310655 -0.358738
         vertex 0.0419467 -0.0335969 -0.358738
      endloop
   endfacet
   facet normal -0.529672 0.791554 0.304779
      outer loop
         vertex 0.0419704 0.0344989 -0.358533
         vertex 0.0419556 0.0345211 -0.358635
         vertex 0.0385666 0.0319907 -0.358635
      endloop
   endfacet
   facet normal -0.60845 0.732734 0.304779
      outer loop
         vertex 0.0385837 0.0319702 -0.358533
         vertex 0.0385666 0.0319907 -0.358635
         vertex 0.0354565 0.0291244 -0.358635
      endloop
   endfacet
   facet normal -0.680744 0.666107 0.304779
      outer loop
         vertex 0.0354756 0.0291057 -0.358533
         vertex 0.0354565 0.0291244 -0.358635
         vertex 0.0326585 0.0259528 -0.358635
      endloop
   endfacet
   facet normal -0.745784 0.592382 0.304779
      outer loop
         vertex 0.0326794 0.0259362 -0.358533
         vertex 0.0326585 0.0259528 -0.358635
         vertex 0.0302023 0.0225096 -0.358635
      endloop
   endfacet
   facet normal -0.802878 0.512345 0.304779
      outer loop
         vertex 0.0302249 0.0224953 -0.358533
         vertex 0.0302023 0.0225096 -0.358635
         vertex 0.0281142 0.0188316 -0.358635
      endloop
   endfacet
   facet normal -0.851416 0.426849 0.304779
      outer loop
         vertex 0.0281381 0.0188196 -0.358533
         vertex 0.0281142 0.0188316 -0.358635
         vertex 0.0264164 0.0149579 -0.358635
      endloop
   endfacet
   facet normal -0.890883 0.336804 0.304779
      outer loop
         vertex 0.0264414 0.0149485 -0.358533
         vertex 0.0264164 0.0149579 -0.358635
         vertex 0.0251269 0.0109299 -0.358635
      endloop
   endfacet
   facet normal -0.920857 0.243171 0.304779
      outer loop
         vertex 0.0251527 0.010923 -0.358533
         vertex 0.0251269 0.0109299 -0.358635
         vertex 0.0242596 0.00679032 -0.358635
      endloop
   endfacet
   facet normal -0.941019 0.146947 0.304779
      outer loop
         vertex 0.0242859 0.0067862 -0.358533
         vertex 0.0242596 0.00679032 -0.358635
         vertex 0.0238236 0.00258342 -0.358635
      endloop
   endfacet
   facet normal -0.951154 0.0491569 0.304779
      outer loop
         vertex 0.0238502 0.00258204 -0.358533
         vertex 0.0238236 0.00258342 -0.358635
         vertex 0.0238236 -0.00164601 -0.358635
      endloop
   endfacet
   facet normal -0.951154 -0.0491569 0.304779
      outer loop
         vertex 0.0238502 -0.00164463 -0.358533
         vertex 0.0238236 -0.00164601 -0.358635
         vertex 0.0242596 -0.00585291 -0.358635
      endloop
   endfacet
   facet normal -0.941019 -0.146947 0.304779
      outer loop
         vertex 0.0242859 -0.00584879 -0.358533
         vertex 0.0242596 -0.00585291 -0.358635
         vertex 0.0251269 -0.00999245 -0.358635
      endloop
   endfacet
   facet normal -0.920857 -0.243171 0.304779
      outer loop
         vertex 0.0251527 -0.00998563 -0.358533
         vertex 0.0251269 -0.00999245 -0.358635
         vertex 0.0264164 -0.0140205 -0.358635
      endloop
   endfacet
   facet normal -0.890883 -0.336804 0.304779
      outer loop
         vertex 0.0264414 -0.0140111 -0.358533
         vertex 0.0264164 -0.0140205 -0.358635
         vertex 0.0281142 -0.0178942 -0.358635
      endloop
   endfacet
   facet normal -0.851416 -0.426849 0.304779
      outer loop
         vertex 0.0281381 -0.0178822 -0.358533
         vertex 0.0281142 -0.0178942 -0.358635
         vertex 0.0302023 -0.0215722 -0.358635
      endloop
   endfacet
   facet normal -0.802878 -0.512345 0.304779
      outer loop
         vertex 0.0302249 -0.0215579 -0.358533
         vertex 0.0302023 -0.0215722 -0.358635
         vertex 0.0326585 -0.0250154 -0.358635
      endloop
   endfacet
   facet normal -0.745784 -0.592382 0.304779
      outer loop
         vertex 0.0326794 -0.0249988 -0.358533
         vertex 0.0326585 -0.0250154 -0.358635
         vertex 0.0354565 -0.028187 -0.358635
      endloop
   endfacet
   facet normal -0.680744 -0.666107 0.304779
      outer loop
         vertex 0.0354756 -0.0281683 -0.358533
         vertex 0.0354565 -0.028187 -0.358635
         vertex 0.0385666 -0.0310533 -0.358635
      endloop
   endfacet
   facet normal -0.60845 -0.732734 0.304779
      outer loop
         vertex 0.0385837 -0.0310328 -0.358533
         vertex 0.0385666 -0.0310533 -0.358635
         vertex 0.0419556 -0.0335837 -0.358635
      endloop
   endfacet
   facet normal -0.50897 0.760616 0.403004
      outer loop
         vertex 0.0419911 0.034468 -0.358435
         vertex 0.0419704 0.0344989 -0.358533
         vertex 0.0385837 0.0319702 -0.358533
      endloop
   endfacet
   facet normal -0.584669 0.704095 0.403004
      outer loop
         vertex 0.0386074 0.0319415 -0.358435
         vertex 0.0385837 0.0319702 -0.358533
         vertex 0.0354756 0.0291057 -0.358533
      endloop
   endfacet
   facet normal -0.654137 0.640072 0.403004
      outer loop
         vertex 0.0355022 0.0290797 -0.358435
         vertex 0.0354756 0.0291057 -0.358533
         vertex 0.0326794 0.0259362 -0.358533
      endloop
   endfacet
   facet normal -0.716635 0.569229 0.403004
      outer loop
         vertex 0.0327086 0.025913 -0.358435
         vertex 0.0326794 0.0259362 -0.358533
         vertex 0.0302249 0.0224953 -0.358533
      endloop
   endfacet
   facet normal -0.771498 0.49232 0.403004
      outer loop
         vertex 0.0302562 0.0224752 -0.358435
         vertex 0.0302249 0.0224953 -0.358533
         vertex 0.0281381 0.0188196 -0.358533
      endloop
   endfacet
   facet normal -0.818139 0.410166 0.403004
      outer loop
         vertex 0.0281714 0.018803 -0.358435
         vertex 0.0281381 0.0188196 -0.358533
         vertex 0.0264414 0.0149485 -0.358533
      endloop
   endfacet
   facet normal -0.856063 0.323641 0.403004
      outer loop
         vertex 0.0264762 0.0149353 -0.358435
         vertex 0.0264414 0.0149485 -0.358533
         vertex 0.0251527 0.010923 -0.358533
      endloop
   endfacet
   facet normal -0.884866 0.233667 0.403004
      outer loop
         vertex 0.0251887 0.0109135 -0.358435
         vertex 0.0251527 0.010923 -0.358533
         vertex 0.0242859 0.0067862 -0.358533
      endloop
   endfacet
   facet normal -0.90424 0.141204 0.403004
      outer loop
         vertex 0.0243227 0.00678046 -0.358435
         vertex 0.0242859 0.0067862 -0.358533
         vertex 0.0238502 0.00258204 -0.358533
      endloop
   endfacet
   facet normal -0.913978 0.0472356 0.403004
      outer loop
         vertex 0.0238874 0.00258012 -0.358435
         vertex 0.0238502 0.00258204 -0.358533
         vertex 0.0238502 -0.00164463 -0.358533
      endloop
   endfacet
   facet normal -0.913978 -0.0472356 0.403004
      outer loop
         vertex 0.0238874 -0.00164271 -0.358435
         vertex 0.0238502 -0.00164463 -0.358533
         vertex 0.0242859 -0.00584879 -0.358533
      endloop
   endfacet
   facet normal -0.90424 -0.141204 0.403004
      outer loop
         vertex 0.0243227 -0.00584305 -0.358435
         vertex 0.0242859 -0.00584879 -0.358533
         vertex 0.0251527 -0.00998563 -0.358533
      endloop
   endfacet
   facet normal -0.884866 -0.233667 0.403004
      outer loop
         vertex 0.0251887 -0.00997613 -0.358435
         vertex 0.0251527 -0.00998563 -0.358533
         vertex 0.0264414 -0.0140111 -0.358533
      endloop
   endfacet
   facet normal -0.856063 -0.323641 0.403004
      outer loop
         vertex 0.0264762 -0.0139979 -0.358435
         vertex 0.0264414 -0.0140111 -0.358533
         vertex 0.0281381 -0.0178822 -0.358533
      endloop
   endfacet
   facet normal -0.818139 -0.410166 0.403004
      outer loop
         vertex 0.0281714 -0.0178656 -0.358435
         vertex 0.0281381 -0.0178822 -0.358533
         vertex 0.0302249 -0.0215579 -0.358533
      endloop
   endfacet
   facet normal -0.771498 -0.49232 0.403004
      outer loop
         vertex 0.0302562 -0.0215378 -0.358435
         vertex 0.0302249 -0.0215579 -0.358533
         vertex 0.0326794 -0.0249988 -0.358533
      endloop
   endfacet
   facet normal -0.716635 -0.569229 0.403004
      outer loop
         vertex 0.0327086 -0.0249756 -0.358435
         vertex 0.0326794 -0.0249988 -0.358533
         vertex 0.0354756 -0.0281683 -0.358533
      endloop
   endfacet
   facet normal -0.654137 -0.640072 0.403004
      outer loop
         vertex 0.0355022 -0.0281423 -0.358435
         vertex 0.0354756 -0.0281683 -0.358533
         vertex 0.0385837 -0.0310328 -0.358533
      endloop
   endfacet
   facet normal -0.584669 -0.704095 0.403004
      outer loop
         vertex 0.0386074 -0.0310041 -0.358435
         vertex 0.0385837 -0.0310328 -0.358533
         vertex 0.0419704 -0.0335615 -0.358533
      endloop
   endfacet
   facet normal -0.482652 0.721286 0.496783
      outer loop
         vertex 0.0420174 0.0344287 -0.358341
         vertex 0.0419911 0.034468 -0.358435
         vertex 0.0386074 0.0319415 -0.358435
      endloop
   endfacet
   facet normal -0.554436 0.667688 0.496783
      outer loop
         vertex 0.0386377 0.0319051 -0.358341
         vertex 0.0386074 0.0319415 -0.358435
         vertex 0.0355022 0.0290797 -0.358435
      endloop
   endfacet
   facet normal -0.620313 0.606975 0.496783
      outer loop
         vertex 0.035536 0.0290466 -0.358341
         vertex 0.0355022 0.0290797 -0.358435
         vertex 0.0327086 0.025913 -0.358435
      endloop
   endfacet
   facet normal -0.679579 0.539795 0.496783
      outer loop
         vertex 0.0327456 0.0258836 -0.358341
         vertex 0.0327086 0.025913 -0.358435
         vertex 0.0302562 0.0224752 -0.358435
      endloop
   endfacet
   facet normal -0.731605 0.466863 0.496783
      outer loop
         vertex 0.0302961 0.0224498 -0.358341
         vertex 0.0302562 0.0224752 -0.358435
         vertex 0.0281714 0.018803 -0.358435
      endloop
   endfacet
   facet normal -0.775835 0.388957 0.496783
      outer loop
         vertex 0.0282137 0.0187818 -0.358341
         vertex 0.0281714 0.018803 -0.358435
         vertex 0.0264762 0.0149353 -0.358435
      endloop
   endfacet
   facet normal -0.811798 0.306906 0.496783
      outer loop
         vertex 0.0265205 0.0149186 -0.358341
         vertex 0.0264762 0.0149353 -0.358435
         vertex 0.0251887 0.0109135 -0.358435
      endloop
   endfacet
   facet normal -0.839111 0.221584 0.496783
      outer loop
         vertex 0.0252345 0.0109015 -0.358341
         vertex 0.0251887 0.0109135 -0.358435
         vertex 0.0243227 0.00678046 -0.358435
      endloop
   endfacet
   facet normal -0.857483 0.133902 0.496783
      outer loop
         vertex 0.0243695 0.00677316 -0.358341
         vertex 0.0243227 0.00678046 -0.358435
         vertex 0.0238874 0.00258012 -0.358435
      endloop
   endfacet
   facet normal -0.866718 0.0447932 0.496783
      outer loop
         vertex 0.0239347 0.00257768 -0.358341
         vertex 0.0238874 0.00258012 -0.358435
         vertex 0.0238874 -0.00164271 -0.358435
      endloop
   endfacet
   facet normal -0.866718 -0.0447932 0.496783
      outer loop
         vertex 0.0239347 -0.00164027 -0.358341
         vertex 0.0238874 -0.00164271 -0.358435
         vertex 0.0243227 -0.00584305 -0.358435
      endloop
   endfacet
   facet normal -0.857483 -0.133902 0.496783
      outer loop
         vertex 0.0243695 -0.00583574 -0.358341
         vertex 0.0243227 -0.00584305 -0.358435
         vertex 0.0251887 -0.00997613 -0.358435
      endloop
   endfacet
   facet normal -0.839111 -0.221584 0.496783
      outer loop
         vertex 0.0252345 -0.00996404 -0.358341
         vertex 0.0251887 -0.00997613 -0.358435
         vertex 0.0264762 -0.0139979 -0.358435
      endloop
   endfacet
   facet normal -0.811798 -0.306906 0.496783
      outer loop
         vertex 0.0265205 -0.0139812 -0.358341
         vertex 0.0264762 -0.0139979 -0.358435
         vertex 0.0281714 -0.0178656 -0.358435
      endloop
   endfacet
   facet normal -0.775835 -0.388957 0.496783
      outer loop
         vertex 0.0282137 -0.0178443 -0.358341
         vertex 0.0281714 -0.0178656 -0.358435
         vertex 0.0302562 -0.0215378 -0.358435
      endloop
   endfacet
   facet normal -0.731605 -0.466863 0.496783
      outer loop
         vertex 0.0302961 -0.0215124 -0.358341
         vertex 0.0302562 -0.0215378 -0.358435
         vertex 0.0327086 -0.0249756 -0.358435
      endloop
   endfacet
   facet normal -0.679579 -0.539795 0.496783
      outer loop
         vertex 0.0327456 -0.0249462 -0.358341
         vertex 0.0327086 -0.0249756 -0.358435
         vertex 0.0355022 -0.0281423 -0.358435
      endloop
   endfacet
   facet normal -0.620313 -0.606975 0.496783
      outer loop
         vertex 0.035536 -0.0281092 -0.358341
         vertex 0.0355022 -0.0281423 -0.358435
         vertex 0.0386074 -0.0310041 -0.358435
      endloop
   endfacet
   facet normal -0.554436 -0.667688 0.496783
      outer loop
         vertex 0.0386377 -0.0309677 -0.358341
         vertex 0.0386074 -0.0310041 -0.358435
         vertex 0.0419911 -0.0335306 -0.358435
      endloop
   endfacet
   facet normal -0.451009 0.673997 0.58508
      outer loop
         vertex 0.0420491 0.0343814 -0.358253
         vertex 0.0420174 0.0344287 -0.358341
         vertex 0.0386377 0.0319051 -0.358341
      endloop
   endfacet
   facet normal -0.518087 0.623913 0.58508
      outer loop
         vertex 0.038674 0.0318613 -0.358253
         vertex 0.0386377 0.0319051 -0.358341
         vertex 0.035536 0.0290466 -0.358341
      endloop
   endfacet
   facet normal -0.579644 0.567181 0.58508
      outer loop
         vertex 0.0355767 0.0290068 -0.358253
         vertex 0.035536 0.0290466 -0.358341
         vertex 0.0327456 0.0258836 -0.358341
      endloop
   endfacet
   facet normal -0.635025 0.504405 0.58508
      outer loop
         vertex 0.0327902 0.0258482 -0.358253
         vertex 0.0327456 0.0258836 -0.358341
         vertex 0.0302961 0.0224498 -0.358341
      endloop
   endfacet
   facet normal -0.68364 0.436255 0.58508
      outer loop
         vertex 0.0303441 0.0224192 -0.358253
         vertex 0.0302961 0.0224498 -0.358341
         vertex 0.0282137 0.0187818 -0.358341
      endloop
   endfacet
   facet normal -0.72497 0.363456 0.58508
      outer loop
         vertex 0.0282645 0.0187563 -0.358253
         vertex 0.0282137 0.0187818 -0.358341
         vertex 0.0265205 0.0149186 -0.358341
      endloop
   endfacet
   facet normal -0.758575 0.286784 0.58508
      outer loop
         vertex 0.0265737 0.0148985 -0.358253
         vertex 0.0265205 0.0149186 -0.358341
         vertex 0.0252345 0.0109015 -0.358341
      endloop
   endfacet
   facet normal -0.784097 0.207057 0.58508
      outer loop
         vertex 0.0252895 0.0108869 -0.358253
         vertex 0.0252345 0.0109015 -0.358341
         vertex 0.0243695 0.00677316 -0.358341
      endloop
   endfacet
   facet normal -0.801265 0.125123 0.58508
      outer loop
         vertex 0.0244257 0.00676438 -0.358253
         vertex 0.0243695 0.00677316 -0.358341
         vertex 0.0239347 0.00257768 -0.358341
      endloop
   endfacet
   facet normal -0.809895 0.0418564 0.58508
      outer loop
         vertex 0.0239915 0.00257474 -0.358253
         vertex 0.0239347 0.00257768 -0.358341
         vertex 0.0239347 -0.00164027 -0.358341
      endloop
   endfacet
   facet normal -0.809895 -0.0418564 0.58508
      outer loop
         vertex 0.0239915 -0.00163733 -0.358253
         vertex 0.0239347 -0.00164027 -0.358341
         vertex 0.0243695 -0.00583574 -0.358341
      endloop
   endfacet
   facet normal -0.801265 -0.125123 0.58508
      outer loop
         vertex 0.0244257 -0.00582697 -0.358253
         vertex 0.0243695 -0.00583574 -0.358341
         vertex 0.0252345 -0.00996404 -0.358341
      endloop
   endfacet
   facet normal -0.784097 -0.207057 0.58508
      outer loop
         vertex 0.0252895 -0.00994952 -0.358253
         vertex 0.0252345 -0.00996404 -0.358341
         vertex 0.0265205 -0.0139812 -0.358341
      endloop
   endfacet
   facet normal -0.758575 -0.286784 0.58508
      outer loop
         vertex 0.0265737 -0.0139611 -0.358253
         vertex 0.0265205 -0.0139812 -0.358341
         vertex 0.0282137 -0.0178443 -0.358341
      endloop
   endfacet
   facet normal -0.72497 -0.363456 0.58508
      outer loop
         vertex 0.0282645 -0.0178188 -0.358253
         vertex 0.0282137 -0.0178443 -0.358341
         vertex 0.0302961 -0.0215124 -0.358341
      endloop
   endfacet
   facet normal -0.68364 -0.436255 0.58508
      outer loop
         vertex 0.0303441 -0.0214818 -0.358253
         vertex 0.0302961 -0.0215124 -0.358341
         vertex 0.0327456 -0.0249462 -0.358341
      endloop
   endfacet
   facet normal -0.635025 -0.504405 0.58508
      outer loop
         vertex 0.0327902 -0.0249108 -0.358253
         vertex 0.0327456 -0.0249462 -0.358341
         vertex 0.035536 -0.0281092 -0.358341
      endloop
   endfacet
   facet normal -0.579644 -0.567181 0.58508
      outer loop
         vertex 0.0355767 -0.0280694 -0.358253
         vertex 0.035536 -0.0281092 -0.358341
         vertex 0.0386377 -0.0309677 -0.358341
      endloop
   endfacet
   facet normal -0.518087 -0.623913 0.58508
      outer loop
         vertex 0.038674 -0.0309239 -0.358253
         vertex 0.0386377 -0.0309677 -0.358341
         vertex 0.0420174 -0.0334912 -0.358341
      endloop
   endfacet
   facet normal -0.414389 0.619272 0.666921
      outer loop
         vertex 0.0420857 0.0343266 -0.358171
         vertex 0.0420491 0.0343814 -0.358253
         vertex 0.038674 0.0318613 -0.358253
      endloop
   endfacet
   facet normal -0.47602 0.573254 0.666921
      outer loop
         vertex 0.0387161 0.0318107 -0.358171
         vertex 0.038674 0.0318613 -0.358253
         vertex 0.0355767 0.0290068 -0.358253
      endloop
   endfacet
   facet normal -0.53258 0.521128 0.666921
      outer loop
         vertex 0.0356238 0.0289608 -0.358171
         vertex 0.0355767 0.0290068 -0.358253
         vertex 0.0327902 0.0258482 -0.358253
      endloop
   endfacet
   facet normal -0.583464 0.46345 0.666921
      outer loop
         vertex 0.0328417 0.0258073 -0.358171
         vertex 0.0327902 0.0258482 -0.358253
         vertex 0.0303441 0.0224192 -0.358253
      endloop
   endfacet
   facet normal -0.628131 0.400833 0.666921
      outer loop
         vertex 0.0303996 0.0223838 -0.358171
         vertex 0.0303441 0.0224192 -0.358253
         vertex 0.0282645 0.0187563 -0.358253
      endloop
   endfacet
   facet normal -0.666105 0.333945 0.666921
      outer loop
         vertex 0.0283234 0.0187267 -0.358171
         vertex 0.0282645 0.0187563 -0.358253
         vertex 0.0265737 0.0148985 -0.358253
      endloop
   endfacet
   facet normal -0.696982 0.263499 0.666921
      outer loop
         vertex 0.0266353 0.0148752 -0.358171
         vertex 0.0265737 0.0148985 -0.358253
         vertex 0.0252895 0.0108869 -0.358253
      endloop
   endfacet
   facet normal -0.720432 0.190245 0.666921
      outer loop
         vertex 0.0253532 0.0108701 -0.358171
         vertex 0.0252895 0.0108869 -0.358253
         vertex 0.0244257 0.00676438 -0.358253
      endloop
   endfacet
   facet normal -0.736206 0.114964 0.666921
      outer loop
         vertex 0.0244908 0.00675422 -0.358171
         vertex 0.0244257 0.00676438 -0.358253
         vertex 0.0239915 0.00257474 -0.358253
      endloop
   endfacet
   facet normal -0.744135 0.0384579 0.666921
      outer loop
         vertex 0.0240572 0.00257134 -0.358171
         vertex 0.0239915 0.00257474 -0.358253
         vertex 0.0239915 -0.00163733 -0.358253
      endloop
   endfacet
   facet normal -0.744135 -0.0384579 0.666921
      outer loop
         vertex 0.0240572 -0.00163393 -0.358171
         vertex 0.0239915 -0.00163733 -0.358253
         vertex 0.0244257 -0.00582697 -0.358253
      endloop
   endfacet
   facet normal -0.736206 -0.114964 0.666921
      outer loop
         vertex 0.0244908 -0.00581681 -0.358171
         vertex 0.0244257 -0.00582697 -0.358253
         vertex 0.0252895 -0.00994952 -0.358253
      endloop
   endfacet
   facet normal -0.720432 -0.190245 0.666921
      outer loop
         vertex 0.0253532 -0.0099327 -0.358171
         vertex 0.0252895 -0.00994952 -0.358253
         vertex 0.0265737 -0.0139611 -0.358253
      endloop
   endfacet
   facet normal -0.696982 -0.263499 0.666921
      outer loop
         vertex 0.0266353 -0.0139378 -0.358171
         vertex 0.0265737 -0.0139611 -0.358253
         vertex 0.0282645 -0.0178188 -0.358253
      endloop
   endfacet
   facet normal -0.666105 -0.333945 0.666921
      outer loop
         vertex 0.0283234 -0.0177893 -0.358171
         vertex 0.0282645 -0.0178188 -0.358253
         vertex 0.0303441 -0.0214818 -0.358253
      endloop
   endfacet
   facet normal -0.628131 -0.400833 0.666921
      outer loop
         vertex 0.0303996 -0.0214463 -0.358171
         vertex 0.0303441 -0.0214818 -0.358253
         vertex 0.0327902 -0.0249108 -0.358253
      endloop
   endfacet
   facet normal -0.583464 -0.46345 0.666921
      outer loop
         vertex 0.0328417 -0.0248698 -0.358171
         vertex 0.0327902 -0.0249108 -0.358253
         vertex 0.0355767 -0.0280694 -0.358253
      endloop
   endfacet
   facet normal -0.53258 -0.521128 0.666921
      outer loop
         vertex 0.0356238 -0.0280234 -0.358171
         vertex 0.0355767 -0.0280694 -0.358253
         vertex 0.038674 -0.0309239 -0.358253
      endloop
   endfacet
   facet normal -0.47602 -0.573254 0.666921
      outer loop
         vertex 0.0387161 -0.0308733 -0.358171
         vertex 0.038674 -0.0309239 -0.358253
         vertex 0.0420491 -0.033444 -0.358253
      endloop
   endfacet
   facet normal -0.373197 0.557713 0.741404
      outer loop
         vertex 0.0421269 0.0342651 -0.358096
         vertex 0.0420857 0.0343266 -0.358171
         vertex 0.0387161 0.0318107 -0.358171
      endloop
   endfacet
   facet normal -0.428702 0.51627 0.741404
      outer loop
         vertex 0.0387634 0.0317537 -0.358096
         vertex 0.0387161 0.0318107 -0.358171
         vertex 0.0356238 0.0289608 -0.358171
      endloop
   endfacet
   facet normal -0.479639 0.469326 0.741404
      outer loop
         vertex 0.0356767 0.028909 -0.358096
         vertex 0.0356238 0.0289608 -0.358171
         vertex 0.0328417 0.0258073 -0.358171
      endloop
   endfacet
   facet normal -0.525465 0.417381 0.741404
      outer loop
         vertex 0.0328997 0.0257612 -0.358096
         vertex 0.0328417 0.0258073 -0.358171
         vertex 0.0303996 0.0223838 -0.358171
      endloop
   endfacet
   facet normal -0.565692 0.360988 0.741404
      outer loop
         vertex 0.0304621 0.0223439 -0.358096
         vertex 0.0303996 0.0223838 -0.358171
         vertex 0.0283234 0.0187267 -0.358171
      endloop
   endfacet
   facet normal -0.599891 0.300749 0.741404
      outer loop
         vertex 0.0283896 0.0186935 -0.358096
         vertex 0.0283234 0.0187267 -0.358171
         vertex 0.0266353 0.0148752 -0.358171
      endloop
   endfacet
   facet normal -0.627699 0.237306 0.741404
      outer loop
         vertex 0.0267046 0.014849 -0.358096
         vertex 0.0266353 0.0148752 -0.358171
         vertex 0.0253532 0.0108701 -0.358171
      endloop
   endfacet
   facet normal -0.648818 0.171334 0.741404
      outer loop
         vertex 0.0254248 0.0108512 -0.358096
         vertex 0.0253532 0.0108701 -0.358171
         vertex 0.0244908 0.00675422 -0.358171
      endloop
   endfacet
   facet normal -0.663024 0.103536 0.741404
      outer loop
         vertex 0.0245639 0.00674279 -0.358096
         vertex 0.0244908 0.00675422 -0.358171
         vertex 0.0240572 0.00257134 -0.358171
      endloop
   endfacet
   facet normal -0.670164 0.034635 0.741404
      outer loop
         vertex 0.0241312 0.00256752 -0.358096
         vertex 0.0240572 0.00257134 -0.358171
         vertex 0.0240572 -0.00163393 -0.358171
      endloop
   endfacet
   facet normal -0.670164 -0.034635 0.741404
      outer loop
         vertex 0.0241312 -0.00163011 -0.358096
         vertex 0.0240572 -0.00163393 -0.358171
         vertex 0.0244908 -0.00581681 -0.358171
      endloop
   endfacet
   facet normal -0.663024 -0.103536 0.741404
      outer loop
         vertex 0.0245639 -0.00580538 -0.358096
         vertex 0.0244908 -0.00581681 -0.358171
         vertex 0.0253532 -0.0099327 -0.358171
      endloop
   endfacet
   facet normal -0.648818 -0.171334 0.741404
      outer loop
         vertex 0.0254248 -0.00991379 -0.358096
         vertex 0.0253532 -0.0099327 -0.358171
         vertex 0.0266353 -0.0139378 -0.358171
      endloop
   endfacet
   facet normal -0.627699 -0.237306 0.741404
      outer loop
         vertex 0.0267046 -0.0139116 -0.358096
         vertex 0.0266353 -0.0139378 -0.358171
         vertex 0.0283234 -0.0177893 -0.358171
      endloop
   endfacet
   facet normal -0.599891 -0.300749 0.741404
      outer loop
         vertex 0.0283896 -0.0177561 -0.358096
         vertex 0.0283234 -0.0177893 -0.358171
         vertex 0.0303996 -0.0214463 -0.358171
      endloop
   endfacet
   facet normal -0.565692 -0.360988 0.741404
      outer loop
         vertex 0.0304621 -0.0214065 -0.358096
         vertex 0.0303996 -0.0214463 -0.358171
         vertex 0.0328417 -0.0248698 -0.358171
      endloop
   endfacet
   facet normal -0.525465 -0.417381 0.741404
      outer loop
         vertex 0.0328997 -0.0248238 -0.358096
         vertex 0.0328417 -0.0248698 -0.358171
         vertex 0.0356238 -0.0280234 -0.358171
      endloop
   endfacet
   facet normal -0.479639 -0.469326 0.741404
      outer loop
         vertex 0.0356767 -0.0279716 -0.358096
         vertex 0.0356238 -0.0280234 -0.358171
         vertex 0.0387161 -0.0308733 -0.358171
      endloop
   endfacet
   facet normal -0.428702 -0.51627 0.741404
      outer loop
         vertex 0.0387634 -0.0308163 -0.358096
         vertex 0.0387161 -0.0308733 -0.358171
         vertex 0.0420857 -0.0333892 -0.358171
      endloop
   endfacet
   facet normal -0.327887 0.490001 0.807706
      outer loop
         vertex 0.0421722 0.0341974 -0.35803
         vertex 0.0421269 0.0342651 -0.358096
         vertex 0.0387634 0.0317537 -0.358096
      endloop
   endfacet
   facet normal -0.376653 0.453589 0.807706
      outer loop
         vertex 0.0388155 0.031691 -0.35803
         vertex 0.0387634 0.0317537 -0.358096
         vertex 0.0356767 0.028909 -0.358096
      endloop
   endfacet
   facet normal -0.421405 0.412345 0.807706
      outer loop
         vertex 0.035735 0.028852 -0.35803
         vertex 0.0356767 0.028909 -0.358096
         vertex 0.0328997 0.0257612 -0.358096
      endloop
   endfacet
   facet normal -0.461668 0.366706 0.807706
      outer loop
         vertex 0.0329635 0.0257105 -0.35803
         vertex 0.0328997 0.0257612 -0.358096
         vertex 0.0304621 0.0223439 -0.358096
      endloop
   endfacet
   facet normal -0.497011 0.31716 0.807706
      outer loop
         vertex 0.0305307 0.0223001 -0.35803
         vertex 0.0304621 0.0223439 -0.358096
         vertex 0.0283896 0.0186935 -0.358096
      endloop
   endfacet
   facet normal -0.527058 0.264235 0.807706
      outer loop
         vertex 0.0284625 0.018657 -0.35803
         vertex 0.0283896 0.0186935 -0.358096
         vertex 0.0267046 0.014849 -0.358096
      endloop
   endfacet
   facet normal -0.55149 0.208494 0.807706
      outer loop
         vertex 0.0267808 0.0148202 -0.35803
         vertex 0.0267046 0.014849 -0.358096
         vertex 0.0254248 0.0108512 -0.358096
      endloop
   endfacet
   facet normal -0.570045 0.150532 0.807706
      outer loop
         vertex 0.0255036 0.0108304 -0.35803
         vertex 0.0254248 0.0108512 -0.358096
         vertex 0.0245639 0.00674279 -0.358096
      endloop
   endfacet
   facet normal -0.582525 0.0909656 0.807706
      outer loop
         vertex 0.0246444 0.00673022 -0.35803
         vertex 0.0245639 0.00674279 -0.358096
         vertex 0.0241312 0.00256752 -0.358096
      endloop
   endfacet
   facet normal -0.588799 0.0304299 0.807706
      outer loop
         vertex 0.0242126 0.00256332 -0.35803
         vertex 0.0241312 0.00256752 -0.358096
         vertex 0.0241312 -0.00163011 -0.358096
      endloop
   endfacet
   facet normal -0.588799 -0.0304299 0.807706
      outer loop
         vertex 0.0242126 -0.0016259 -0.35803
         vertex 0.0241312 -0.00163011 -0.358096
         vertex 0.0245639 -0.00580538 -0.358096
      endloop
   endfacet
   facet normal -0.582525 -0.0909656 0.807706
      outer loop
         vertex 0.0246444 -0.00579281 -0.35803
         vertex 0.0245639 -0.00580538 -0.358096
         vertex 0.0254248 -0.00991379 -0.358096
      endloop
   endfacet
   facet normal -0.570045 -0.150532 0.807706
      outer loop
         vertex 0.0255036 -0.00989299 -0.35803
         vertex 0.0254248 -0.00991379 -0.358096
         vertex 0.0267046 -0.0139116 -0.358096
      endloop
   endfacet
   facet normal -0.55149 -0.208494 0.807706
      outer loop
         vertex 0.0267808 -0.0138828 -0.35803
         vertex 0.0267046 -0.0139116 -0.358096
         vertex 0.0283896 -0.0177561 -0.358096
      endloop
   endfacet
   facet normal -0.527058 -0.264235 0.807706
      outer loop
         vertex 0.0284625 -0.0177196 -0.35803
         vertex 0.0283896 -0.0177561 -0.358096
         vertex 0.0304621 -0.0214065 -0.358096
      endloop
   endfacet
   facet normal -0.497011 -0.31716 0.807706
      outer loop
         vertex 0.0305307 -0.0213627 -0.35803
         vertex 0.0304621 -0.0214065 -0.358096
         vertex 0.0328997 -0.0248238 -0.358096
      endloop
   endfacet
   facet normal -0.461668 -0.366706 0.807706
      outer loop
         vertex 0.0329635 -0.0247731 -0.35803
         vertex 0.0328997 -0.0248238 -0.358096
         vertex 0.0356767 -0.0279716 -0.358096
      endloop
   endfacet
   facet normal -0.421405 -0.412345 0.807706
      outer loop
         vertex 0.035735 -0.0279146 -0.35803
         vertex 0.0356767 -0.0279716 -0.358096
         vertex 0.0387634 -0.0308163 -0.358096
      endloop
   endfacet
   facet normal -0.376653 -0.453589 0.807706
      outer loop
         vertex 0.0388155 -0.0307536 -0.35803
         vertex 0.0387634 -0.0308163 -0.358096
         vertex 0.0421269 -0.0333277 -0.358096
      endloop
   endfacet
   facet normal -0.278959 0.416882 0.865096
      outer loop
         vertex 0.0422211 0.0341243 -0.357973
         vertex 0.0421722 0.0341974 -0.35803
         vertex 0.0388155 0.031691 -0.35803
      endloop
   endfacet
   facet normal -0.320448 0.385904 0.865096
      outer loop
         vertex 0.0388717 0.0316233 -0.357973
         vertex 0.0388155 0.031691 -0.35803
         vertex 0.035735 0.028852 -0.35803
      endloop
   endfacet
   facet normal -0.358522 0.350814 0.865096
      outer loop
         vertex 0.0357978 0.0287905 -0.357973
         vertex 0.035735 0.028852 -0.35803
         vertex 0.0329635 0.0257105 -0.35803
      endloop
   endfacet
   facet normal -0.392777 0.311986 0.865096
      outer loop
         vertex 0.0330324 0.0256558 -0.357973
         vertex 0.0329635 0.0257105 -0.35803
         vertex 0.0305307 0.0223001 -0.35803
      endloop
   endfacet
   facet normal -0.422846 0.269833 0.865096
      outer loop
         vertex 0.0306049 0.0222528 -0.357973
         vertex 0.0305307 0.0223001 -0.35803
         vertex 0.0284625 0.018657 -0.35803
      endloop
   endfacet
   facet normal -0.44841 0.224805 0.865096
      outer loop
         vertex 0.0285411 0.0186176 -0.357973
         vertex 0.0284625 0.018657 -0.35803
         vertex 0.0267808 0.0148202 -0.35803
      endloop
   endfacet
   facet normal -0.469195 0.177382 0.865096
      outer loop
         vertex 0.0268631 0.0147891 -0.357973
         vertex 0.0267808 0.0148202 -0.35803
         vertex 0.0255036 0.0108304 -0.35803
      endloop
   endfacet
   facet normal -0.484981 0.128069 0.865096
      outer loop
         vertex 0.0255886 0.0108079 -0.357973
         vertex 0.0255036 0.0108304 -0.35803
         vertex 0.0246444 0.00673022 -0.35803
      endloop
   endfacet
   facet normal -0.4956 0.0773915 0.865096
      outer loop
         vertex 0.0247314 0.00671665 -0.357973
         vertex 0.0246444 0.00673022 -0.35803
         vertex 0.0242126 0.00256332 -0.35803
      endloop
   endfacet
   facet normal -0.500937 0.0258891 0.865096
      outer loop
         vertex 0.0243004 0.00255878 -0.357973
         vertex 0.0242126 0.00256332 -0.35803
         vertex 0.0242126 -0.0016259 -0.35803
      endloop
   endfacet
   facet normal -0.500937 -0.0258891 0.865096
      outer loop
         vertex 0.0243004 -0.00162136 -0.357973
         vertex 0.0242126 -0.0016259 -0.35803
         vertex 0.0246444 -0.00579281 -0.35803
      endloop
   endfacet
   facet normal -0.4956 -0.0773915 0.865096
      outer loop
         vertex 0.0247314 -0.00577923 -0.357973
         vertex 0.0246444 -0.00579281 -0.35803
         vertex 0.0255036 -0.00989299 -0.35803
      endloop
   endfacet
   facet normal -0.484981 -0.128069 0.865096
      outer loop
         vertex 0.0255886 -0.00987053 -0.357973
         vertex 0.0255036 -0.00989299 -0.35803
         vertex 0.0267808 -0.0138828 -0.35803
      endloop
   endfacet
   facet normal -0.469195 -0.177382 0.865096
      outer loop
         vertex 0.0268631 -0.0138517 -0.357973
         vertex 0.0267808 -0.0138828 -0.35803
         vertex 0.0284625 -0.0177196 -0.35803
      endloop
   endfacet
   facet normal -0.44841 -0.224805 0.865096
      outer loop
         vertex 0.0285411 -0.0176802 -0.357973
         vertex 0.0284625 -0.0177196 -0.35803
         vertex 0.0305307 -0.0213627 -0.35803
      endloop
   endfacet
   facet normal -0.422846 -0.269833 0.865096
      outer loop
         vertex 0.0306049 -0.0213153 -0.357973
         vertex 0.0305307 -0.0213627 -0.35803
         vertex 0.0329635 -0.0247731 -0.35803
      endloop
   endfacet
   facet normal -0.392777 -0.311986 0.865096
      outer loop
         vertex 0.0330324 -0.0247184 -0.357973
         vertex 0.0329635 -0.0247731 -0.35803
         vertex 0.035735 -0.0279146 -0.35803
      endloop
   endfacet
   facet normal -0.358522 -0.350814 0.865096
      outer loop
         vertex 0.0357978 -0.027853 -0.357973
         vertex 0.035735 -0.0279146 -0.35803
         vertex 0.0388155 -0.0307536 -0.35803
      endloop
   endfacet
   facet normal -0.320448 -0.385904 0.865096
      outer loop
         vertex 0.0388717 -0.0306859 -0.357973
         vertex 0.0388155 -0.0307536 -0.35803
         vertex 0.0421722 -0.03326 -0.35803
      endloop
   endfacet
   facet normal -0.226953 0.339163 0.912941
      outer loop
         vertex 0.0422731 0.0340465 -0.357925
         vertex 0.0422211 0.0341243 -0.357973
         vertex 0.0388717 0.0316233 -0.357973
      endloop
   endfacet
   facet normal -0.260707 0.31396 0.912941
      outer loop
         vertex 0.0389314 0.0315514 -0.357925
         vertex 0.0388717 0.0316233 -0.357973
         vertex 0.0357978 0.0287905 -0.357973
      endloop
   endfacet
   facet normal -0.291684 0.285412 0.912941
      outer loop
         vertex 0.0358647 0.0287251 -0.357925
         vertex 0.0357978 0.0287905 -0.357973
         vertex 0.0330324 0.0256558 -0.357973
      endloop
   endfacet
   facet normal -0.319552 0.253822 0.912941
      outer loop
         vertex 0.0331057 0.0255976 -0.357925
         vertex 0.0330324 0.0256558 -0.357973
         vertex 0.0306049 0.0222528 -0.357973
      endloop
   endfacet
   facet normal -0.344015 0.219528 0.912941
      outer loop
         vertex 0.0306837 0.0222025 -0.357925
         vertex 0.0306049 0.0222528 -0.357973
         vertex 0.0285411 0.0186176 -0.357973
      endloop
   endfacet
   facet normal -0.364813 0.182895 0.912941
      outer loop
         vertex 0.0286247 0.0185757 -0.357925
         vertex 0.0285411 0.0186176 -0.357973
         vertex 0.0268631 0.0147891 -0.357973
      endloop
   endfacet
   facet normal -0.381724 0.144313 0.912941
      outer loop
         vertex 0.0269505 0.014756 -0.357925
         vertex 0.0268631 0.0147891 -0.357973
         vertex 0.0255886 0.0108079 -0.357973
      endloop
   endfacet
   facet normal -0.394567 0.104193 0.912941
      outer loop
         vertex 0.025679 0.0107841 -0.357925
         vertex 0.0255886 0.0108079 -0.357973
         vertex 0.0247314 0.00671665 -0.357973
      endloop
   endfacet
   facet normal -0.403206 0.0629635 0.912941
      outer loop
         vertex 0.0248238 0.00670222 -0.357925
         vertex 0.0247314 0.00671665 -0.357973
         vertex 0.0243004 0.00255878 -0.357973
      endloop
   endfacet
   facet normal -0.407548 0.0210626 0.912941
      outer loop
         vertex 0.0243938 0.00255395 -0.357925
         vertex 0.0243004 0.00255878 -0.357973
         vertex 0.0243004 -0.00162136 -0.357973
      endloop
   endfacet
   facet normal -0.407548 -0.0210626 0.912941
      outer loop
         vertex 0.0243938 -0.00161654 -0.357925
         vertex 0.0243004 -0.00162136 -0.357973
         vertex 0.0247314 -0.00577923 -0.357973
      endloop
   endfacet
   facet normal -0.403206 -0.0629635 0.912941
      outer loop
         vertex 0.0248238 -0.00576481 -0.357925
         vertex 0.0247314 -0.00577923 -0.357973
         vertex 0.0255886 -0.00987053 -0.357973
      endloop
   endfacet
   facet normal -0.394567 -0.104193 0.912941
      outer loop
         vertex 0.025679 -0.00984665 -0.357925
         vertex 0.0255886 -0.00987053 -0.357973
         vertex 0.0268631 -0.0138517 -0.357973
      endloop
   endfacet
   facet normal -0.381724 -0.144313 0.912941
      outer loop
         vertex 0.0269505 -0.0138186 -0.357925
         vertex 0.0268631 -0.0138517 -0.357973
         vertex 0.0285411 -0.0176802 -0.357973
      endloop
   endfacet
   facet normal -0.364813 -0.182895 0.912941
      outer loop
         vertex 0.0286247 -0.0176383 -0.357925
         vertex 0.0285411 -0.0176802 -0.357973
         vertex 0.0306049 -0.0213153 -0.357973
      endloop
   endfacet
   facet normal -0.344015 -0.219528 0.912941
      outer loop
         vertex 0.0306837 -0.021265 -0.357925
         vertex 0.0306049 -0.0213153 -0.357973
         vertex 0.0330324 -0.0247184 -0.357973
      endloop
   endfacet
   facet normal -0.319552 -0.253822 0.912941
      outer loop
         vertex 0.0331057 -0.0246602 -0.357925
         vertex 0.0330324 -0.0247184 -0.357973
         vertex 0.0357978 -0.027853 -0.357973
      endloop
   endfacet
   facet normal -0.291684 -0.285412 0.912941
      outer loop
         vertex 0.0358647 -0.0277876 -0.357925
         vertex 0.0357978 -0.027853 -0.357973
         vertex 0.0388717 -0.0306859 -0.357973
      endloop
   endfacet
   facet normal -0.260707 -0.31396 0.912941
      outer loop
         vertex 0.0389314 -0.030614 -0.357925
         vertex 0.0388717 -0.0306859 -0.357973
         vertex 0.0422211 -0.0331868 -0.357973
      endloop
   endfacet
   facet normal -0.172443 0.257702 0.950712
      outer loop
         vertex 0.0423277 0.0339651 -0.357887
         vertex 0.0422731 0.0340465 -0.357925
         vertex 0.0389314 0.0315514 -0.357925
      endloop
   endfacet
   facet normal -0.19809 0.238552 0.950712
      outer loop
         vertex 0.038994 0.031476 -0.357887
         vertex 0.0389314 0.0315514 -0.357925
         vertex 0.0358647 0.0287251 -0.357925
      endloop
   endfacet
   facet normal -0.221626 0.216861 0.950712
      outer loop
         vertex 0.0359347 0.0286565 -0.357887
         vertex 0.0358647 0.0287251 -0.357925
         vertex 0.0331057 0.0255976 -0.357925
      endloop
   endfacet
   facet normal -0.242801 0.192859 0.950712
      outer loop
         vertex 0.0331824 0.0255367 -0.357887
         vertex 0.0331057 0.0255976 -0.357925
         vertex 0.0306837 0.0222025 -0.357925
      endloop
   endfacet
   facet normal -0.261389 0.166802 0.950712
      outer loop
         vertex 0.0307664 0.0221497 -0.357887
         vertex 0.0306837 0.0222025 -0.357925
         vertex 0.0286247 0.0185757 -0.357925
      endloop
   endfacet
   facet normal -0.277191 0.138967 0.950712
      outer loop
         vertex 0.0287123 0.0185318 -0.357887
         vertex 0.0286247 0.0185757 -0.357925
         vertex 0.0269505 0.014756 -0.357925
      endloop
   endfacet
   facet normal -0.29004 0.109652 0.950712
      outer loop
         vertex 0.0270422 0.0147213 -0.357887
         vertex 0.0269505 0.014756 -0.357925
         vertex 0.025679 0.0107841 -0.357925
      endloop
   endfacet
   facet normal -0.299799 0.079168 0.950712
      outer loop
         vertex 0.0257738 0.010759 -0.357887
         vertex 0.025679 0.0107841 -0.357925
         vertex 0.0248238 0.00670222 -0.357925
      endloop
   endfacet
   facet normal -0.306363 0.0478408 0.950712
      outer loop
         vertex 0.0249206 0.0066871 -0.357887
         vertex 0.0248238 0.00670222 -0.357925
         vertex 0.0243938 0.00255395 -0.357925
      endloop
   endfacet
   facet normal -0.309662 0.0160038 0.950712
      outer loop
         vertex 0.0244917 0.00254889 -0.357887
         vertex 0.0243938 0.00255395 -0.357925
         vertex 0.0243938 -0.00161654 -0.357925
      endloop
   endfacet
   facet normal -0.309662 -0.0160038 0.950712
      outer loop
         vertex 0.0244917 -0.00161148 -0.357887
         vertex 0.0243938 -0.00161654 -0.357925
         vertex 0.0248238 -0.00576481 -0.357925
      endloop
   endfacet
   facet normal -0.306363 -0.0478408 0.950712
      outer loop
         vertex 0.0249206 -0.00574968 -0.357887
         vertex 0.0248238 -0.00576481 -0.357925
         vertex 0.025679 -0.00984665 -0.357925
      endloop
   endfacet
   facet normal -0.299799 -0.079168 0.950712
      outer loop
         vertex 0.0257738 -0.00982163 -0.357887
         vertex 0.025679 -0.00984665 -0.357925
         vertex 0.0269505 -0.0138186 -0.357925
      endloop
   endfacet
   facet normal -0.29004 -0.109652 0.950712
      outer loop
         vertex 0.0270422 -0.0137839 -0.357887
         vertex 0.0269505 -0.0138186 -0.357925
         vertex 0.0286247 -0.0176383 -0.357925
      endloop
   endfacet
   facet normal -0.277191 -0.138967 0.950712
      outer loop
         vertex 0.0287123 -0.0175944 -0.357887
         vertex 0.0286247 -0.0176383 -0.357925
         vertex 0.0306837 -0.021265 -0.357925
      endloop
   endfacet
   facet normal -0.261389 -0.166802 0.950712
      outer loop
         vertex 0.0307664 -0.0212123 -0.357887
         vertex 0.0306837 -0.021265 -0.357925
         vertex 0.0331057 -0.0246602 -0.357925
      endloop
   endfacet
   facet normal -0.242801 -0.192859 0.950712
      outer loop
         vertex 0.0331824 -0.0245993 -0.357887
         vertex 0.0331057 -0.0246602 -0.357925
         vertex 0.0358647 -0.0277876 -0.357925
      endloop
   endfacet
   facet normal -0.221626 -0.216861 0.950712
      outer loop
         vertex 0.0359347 -0.0277191 -0.357887
         vertex 0.0358647 -0.0277876 -0.357925
         vertex 0.0389314 -0.030614 -0.357925
      endloop
   endfacet
   facet normal -0.19809 -0.238552 0.950712
      outer loop
         vertex 0.038994 -0.0305386 -0.357887
         vertex 0.0389314 -0.030614 -0.357925
         vertex 0.0422731 -0.0331091 -0.357925
      endloop
   endfacet
   facet normal -0.11603 0.173398 0.977993
      outer loop
         vertex 0.0423841 0.0338808 -0.35786
         vertex 0.0423277 0.0339651 -0.357887
         vertex 0.038994 0.031476 -0.357887
      endloop
   endfacet
   facet normal -0.133287 0.160513 0.977993
      outer loop
         vertex 0.0390588 0.0313979 -0.35786
         vertex 0.038994 0.031476 -0.357887
         vertex 0.0359347 0.0286565 -0.357887
      endloop
   endfacet
   facet normal -0.149124 0.145917 0.977993
      outer loop
         vertex 0.0360072 0.0285856 -0.35786
         vertex 0.0359347 0.0286565 -0.357887
         vertex 0.0331824 0.0255367 -0.357887
      endloop
   endfacet
   facet normal -0.163371 0.129767 0.977993
      outer loop
         vertex 0.0332618 0.0254736 -0.35786
         vertex 0.0331824 0.0255367 -0.357887
         vertex 0.0307664 0.0221497 -0.357887
      endloop
   endfacet
   facet normal -0.175878 0.112234 0.977993
      outer loop
         vertex 0.0308519 0.0220952 -0.35786
         vertex 0.0307664 0.0221497 -0.357887
         vertex 0.0287123 0.0185318 -0.357887
      endloop
   endfacet
   facet normal -0.186511 0.0935054 0.977993
      outer loop
         vertex 0.028803 0.0184863 -0.35786
         vertex 0.0287123 0.0185318 -0.357887
         vertex 0.0270422 0.0147213 -0.357887
      endloop
   endfacet
   facet normal -0.195157 0.0737803 0.977993
      outer loop
         vertex 0.0271371 0.0146855 -0.35786
         vertex 0.0270422 0.0147213 -0.357887
         vertex 0.0257738 0.010759 -0.357887
      endloop
   endfacet
   facet normal -0.201723 0.053269 0.977993
      outer loop
         vertex 0.0258719 0.0107331 -0.35786
         vertex 0.0257738 0.010759 -0.357887
         vertex 0.0249206 0.0066871 -0.357887
      endloop
   endfacet
   facet normal -0.206139 0.0321902 0.977993
      outer loop
         vertex 0.0250208 0.00667144 -0.35786
         vertex 0.0249206 0.0066871 -0.357887
         vertex 0.0244917 0.00254889 -0.357887
      endloop
   endfacet
   facet normal -0.20836 0.0107683 0.977993
      outer loop
         vertex 0.024593 0.00254366 -0.35786
         vertex 0.0244917 0.00254889 -0.357887
         vertex 0.0244917 -0.00161148 -0.357887
      endloop
   endfacet
   facet normal -0.20836 -0.0107683 0.977993
      outer loop
         vertex 0.024593 -0.00160624 -0.35786
         vertex 0.0244917 -0.00161148 -0.357887
         vertex 0.0249206 -0.00574968 -0.357887
      endloop
   endfacet
   facet normal -0.206139 -0.0321902 0.977993
      outer loop
         vertex 0.0250208 -0.00573403 -0.35786
         vertex 0.0249206 -0.00574968 -0.357887
         vertex 0.0257738 -0.00982163 -0.357887
      endloop
   endfacet
   facet normal -0.201723 -0.053269 0.977993
      outer loop
         vertex 0.0258719 -0.00979573 -0.35786
         vertex 0.0257738 -0.00982163 -0.357887
         vertex 0.0270422 -0.0137839 -0.357887
      endloop
   endfacet
   facet normal -0.195157 -0.0737803 0.977993
      outer loop
         vertex 0.0271371 -0.0137481 -0.35786
         vertex 0.0270422 -0.0137839 -0.357887
         vertex 0.0287123 -0.0175944 -0.357887
      endloop
   endfacet
   facet normal -0.186511 -0.0935054 0.977993
      outer loop
         vertex 0.028803 -0.0175489 -0.35786
         vertex 0.0287123 -0.0175944 -0.357887
         vertex 0.0307664 -0.0212123 -0.357887
      endloop
   endfacet
   facet normal -0.175878 -0.112234 0.977993
      outer loop
         vertex 0.0308519 -0.0211577 -0.35786
         vertex 0.0307664 -0.0212123 -0.357887
         vertex 0.0331824 -0.0245993 -0.357887
      endloop
   endfacet
   facet normal -0.163371 -0.129767 0.977993
      outer loop
         vertex 0.0332618 -0.0245362 -0.35786
         vertex 0.0331824 -0.0245993 -0.357887
         vertex 0.0359347 -0.0277191 -0.357887
      endloop
   endfacet
   facet normal -0.149124 -0.145917 0.977993
      outer loop
         vertex 0.0360072 -0.0276481 -0.35786
         vertex 0.0359347 -0.0277191 -0.357887
         vertex 0.038994 -0.0305386 -0.357887
      endloop
   endfacet
   facet normal -0.133287 -0.160513 0.977993
      outer loop
         vertex 0.0390588 -0.0304605 -0.35786
         vertex 0.038994 -0.0305386 -0.357887
         vertex 0.0423277 -0.0330277 -0.357887
      endloop
   endfacet
   facet normal -0.0583368 0.0871797 0.994483
      outer loop
         vertex 0.0424418 0.0337945 -0.357843
         vertex 0.0423841 0.0338808 -0.35786
         vertex 0.0390588 0.0313979 -0.35786
      endloop
   endfacet
   facet normal -0.0670131 0.0807015 0.994483
      outer loop
         vertex 0.0391251 0.0313181 -0.357843
         vertex 0.0390588 0.0313979 -0.35786
         vertex 0.0360072 0.0285856 -0.35786
      endloop
   endfacet
   facet normal -0.0749754 0.0733633 0.994483
      outer loop
         vertex 0.0360814 0.028513 -0.357843
         vertex 0.0360072 0.0285856 -0.35786
         vertex 0.0332618 0.0254736 -0.35786
      endloop
   endfacet
   facet normal -0.0821388 0.0652435 0.994483
      outer loop
         vertex 0.0333431 0.0254091 -0.357843
         vertex 0.0332618 0.0254736 -0.35786
         vertex 0.0308519 0.0220952 -0.35786
      endloop
   endfacet
   facet normal -0.088427 0.0564284 0.994483
      outer loop
         vertex 0.0309393 0.0220394 -0.357843
         vertex 0.0308519 0.0220952 -0.35786
         vertex 0.028803 0.0184863 -0.35786
      endloop
   endfacet
   facet normal -0.0937729 0.0470121 0.994483
      outer loop
         vertex 0.0288957 0.0184398 -0.357843
         vertex 0.028803 0.0184863 -0.35786
         vertex 0.0271371 0.0146855 -0.35786
      endloop
   endfacet
   facet normal -0.0981196 0.0370948 0.994483
      outer loop
         vertex 0.0272341 0.0146488 -0.357843
         vertex 0.0271371 0.0146855 -0.35786
         vertex 0.0258719 0.0107331 -0.35786
      endloop
   endfacet
   facet normal -0.101421 0.0267823 0.994483
      outer loop
         vertex 0.0259722 0.0107067 -0.357843
         vertex 0.0258719 0.0107331 -0.35786
         vertex 0.0250208 0.00667144 -0.35786
      endloop
   endfacet
   facet normal -0.103641 0.0161844 0.994483
      outer loop
         vertex 0.0251233 0.00665544 -0.357843
         vertex 0.0250208 0.00667144 -0.35786
         vertex 0.024593 0.00254366 -0.35786
      endloop
   endfacet
   facet normal -0.104758 0.00541402 0.994483
      outer loop
         vertex 0.0246966 0.0025383 -0.357843
         vertex 0.024593 0.00254366 -0.35786
         vertex 0.024593 -0.00160624 -0.35786
      endloop
   endfacet
   facet normal -0.104758 -0.00541402 0.994483
      outer loop
         vertex 0.0246966 -0.00160089 -0.357843
         vertex 0.024593 -0.00160624 -0.35786
         vertex 0.0250208 -0.00573403 -0.35786
      endloop
   endfacet
   facet normal -0.103641 -0.0161844 0.994483
      outer loop
         vertex 0.0251233 -0.00571803 -0.357843
         vertex 0.0250208 -0.00573403 -0.35786
         vertex 0.0258719 -0.00979573 -0.35786
      endloop
   endfacet
   facet normal -0.101421 -0.0267823 0.994483
      outer loop
         vertex 0.0259722 -0.00976924 -0.357843
         vertex 0.0258719 -0.00979573 -0.35786
         vertex 0.0271371 -0.0137481 -0.35786
      endloop
   endfacet
   facet normal -0.0981196 -0.0370948 0.994483
      outer loop
         vertex 0.0272341 -0.0137114 -0.357843
         vertex 0.0271371 -0.0137481 -0.35786
         vertex 0.028803 -0.0175489 -0.35786
      endloop
   endfacet
   facet normal -0.0937729 -0.0470121 0.994483
      outer loop
         vertex 0.0288957 -0.0175024 -0.357843
         vertex 0.028803 -0.0175489 -0.35786
         vertex 0.0308519 -0.0211577 -0.35786
      endloop
   endfacet
   facet normal -0.088427 -0.0564284 0.994483
      outer loop
         vertex 0.0309393 -0.0211019 -0.357843
         vertex 0.0308519 -0.0211577 -0.35786
         vertex 0.0332618 -0.0245362 -0.35786
      endloop
   endfacet
   facet normal -0.0821388 -0.0652435 0.994483
      outer loop
         vertex 0.0333431 -0.0244716 -0.357843
         vertex 0.0332618 -0.0245362 -0.35786
         vertex 0.0360072 -0.0276481 -0.35786
      endloop
   endfacet
   facet normal -0.0749754 -0.0733633 0.994483
      outer loop
         vertex 0.0360814 -0.0275756 -0.357843
         vertex 0.0360072 -0.0276481 -0.35786
         vertex 0.0390588 -0.0304605 -0.35786
      endloop
   endfacet
   facet normal -0.0670131 -0.0807015 0.994483
      outer loop
         vertex 0.0391251 -0.0303807 -0.357843
         vertex 0.0390588 -0.0304605 -0.35786
         vertex 0.0423841 -0.0329434 -0.35786
      endloop
   endfacet
   facet normal -3.40532e-17 5.08899e-17 1
      outer loop
         vertex 0.0425001 0.0337074 -0.357838
         vertex 0.0424418 0.0337945 -0.357843
         vertex 0.0391251 0.0313181 -0.357843
      endloop
   endfacet
   facet normal -3.40532e-17 5.08899e-17 1
      outer loop
         vertex 0.0391921 0.0312374 -0.357838
         vertex 0.0391251 0.0313181 -0.357843
         vertex 0.0360814 0.028513 -0.357843
      endloop
   endfacet
   facet normal -3.40532e-17 5.08899e-17 1
      outer loop
         vertex 0.0361564 0.0284396 -0.357838
         vertex 0.0360814 0.028513 -0.357843
         vertex 0.0333431 0.0254091 -0.357843
      endloop
   endfacet
   facet normal -3.40532e-17 5.08899e-17 1
      outer loop
         vertex 0.0334252 0.0253438 -0.357838
         vertex 0.0333431 0.0254091 -0.357843
         vertex 0.0309393 0.0220394 -0.357843
      endloop
   endfacet
   facet normal -3.40532e-17 5.08899e-17 1
      outer loop
         vertex 0.0310277 0.0219829 -0.357838
         vertex 0.0309393 0.0220394 -0.357843
         vertex 0.0288957 0.0184398 -0.357843
      endloop
   endfacet
   facet normal -3.40532e-17 5.08899e-17 1
      outer loop
         vertex 0.0289895 0.0183928 -0.357838
         vertex 0.0288957 0.0184398 -0.357843
         vertex 0.0272341 0.0146488 -0.357843
      endloop
   endfacet
   facet normal -3.40532e-17 5.08899e-17 1
      outer loop
         vertex 0.0273323 0.0146117 -0.357838
         vertex 0.0272341 0.0146488 -0.357843
         vertex 0.0259722 0.0107067 -0.357843
      endloop
   endfacet
   facet normal -3.40532e-17 5.08899e-17 1
      outer loop
         vertex 0.0260736 0.0106799 -0.357838
         vertex 0.0259722 0.0107067 -0.357843
         vertex 0.0251233 0.00665544 -0.357843
      endloop
   endfacet
   facet normal -3.40532e-17 5.08899e-17 1
      outer loop
         vertex 0.025227 0.00663925 -0.357838
         vertex 0.0251233 0.00665544 -0.357843
         vertex 0.0246966 0.0025383 -0.357843
      endloop
   endfacet
   facet normal -3.40532e-17 5.08899e-17 1
      outer loop
         vertex 0.0248014 0.00253289 -0.357838
         vertex 0.0246966 0.0025383 -0.357843
         vertex 0.0246966 -0.00160089 -0.357843
      endloop
   endfacet
   facet normal -3.40532e-17 5.08899e-17 1
      outer loop
         vertex 0.0248014 -0.00159547 -0.357838
         vertex 0.0246966 -0.00160089 -0.357843
         vertex 0.0251233 -0.00571803 -0.357843
      endloop
   endfacet
   facet normal -3.40532e-17 5.08899e-17 1
      outer loop
         vertex 0.025227 -0.00570184 -0.357838
         vertex 0.0251233 -0.00571803 -0.357843
         vertex 0.0259722 -0.00976924 -0.357843
      endloop
   endfacet
   facet normal -3.40532e-17 5.08899e-17 1
      outer loop
         vertex 0.0260736 -0.00974246 -0.357838
         vertex 0.0259722 -0.00976924 -0.357843
         vertex 0.0272341 -0.0137114 -0.357843
      endloop
   endfacet
   facet normal -3.40532e-17 5.08899e-17 1
      outer loop
         vertex 0.0273323 -0.0136743 -0.357838
         vertex 0.0272341 -0.0137114 -0.357843
         vertex 0.0288957 -0.0175024 -0.357843
      endloop
   endfacet
   facet normal -3.40532e-17 5.08899e-17 1
      outer loop
         vertex 0.0289895 -0.0174554 -0.357838
         vertex 0.0288957 -0.0175024 -0.357843
         vertex 0.0309393 -0.0211019 -0.357843
      endloop
   endfacet
   facet normal -3.40532e-17 5.08899e-17 1
      outer loop
         vertex 0.0310277 -0.0210455 -0.357838
         vertex 0.0309393 -0.0211019 -0.357843
         vertex 0.0333431 -0.0244716 -0.357843
      endloop
   endfacet
   facet normal -3.40532e-17 5.08899e-17 1
      outer loop
         vertex 0.0334252 -0.0244064 -0.357838
         vertex 0.0333431 -0.0244716 -0.357843
         vertex 0.0360814 -0.0275756 -0.357843
      endloop
   endfacet
   facet normal -3.40532e-17 5.08899e-17 1
      outer loop
         vertex 0.0361564 -0.0275022 -0.357838
         vertex 0.0360814 -0.0275756 -0.357843
         vertex 0.0391251 -0.0303807 -0.357843
      endloop
   endfacet
   facet normal -3.40532e-17 5.08899e-17 1
      outer loop
         vertex 0.0391921 -0.0303 -0.357838
         vertex 0.0391251 -0.0303807 -0.357843
         vertex 0.0424418 -0.0328571 -0.357843
      endloop
   endfacet
   facet normal -0.451009 0.673997 0.58508
      outer loop
         vertex 0.0420491 0.0343814 -0.358253
         vertex 0.0439338 0.0355798 -0.358265
         vertex 0.0438371 0.0355798 -0.358344
      endloop
   endfacet
   facet normal -0.451009 0.673997 0.58508
      outer loop
         vertex 0.0420491 0.0343814 -0.358253
         vertex 0.0439517 0.0355798 -0.358253
         vertex 0.0439338 0.0355798 -0.358265
      endloop
   endfacet
   facet normal -0.482652 0.721286 0.496783
      outer loop
         vertex 0.0420174 0.0344287 -0.358341
         vertex 0.0437589 0.0355798 -0.358422
         vertex 0.0437485 0.0355798 -0.358435
      endloop
   endfacet
   facet normal -0.482652 0.721286 0.496783
      outer loop
         vertex 0.0420174 0.0344287 -0.358341
         vertex 0.0438371 0.0355798 -0.358344
         vertex 0.0438283 0.0355798 -0.358352
      endloop
   endfacet
   facet normal -0.447186 0.750765 0.486186
      outer loop
         vertex 0.0438283 0.0355798 -0.358352
         vertex 0.0437589 0.0355798 -0.358422
         vertex 0.0420174 0.0344287 -0.358341
      endloop
   endfacet
   facet normal -0.50897 0.760616 0.403004
      outer loop
         vertex 0.0419911 0.034468 -0.358435
         vertex 0.0437018 0.0355798 -0.358493
         vertex 0.0436623 0.0355798 -0.358555
      endloop
   endfacet
   facet normal -0.50897 0.760616 0.403004
      outer loop
         vertex 0.0419911 0.034468 -0.358435
         vertex 0.0437485 0.0355798 -0.358435
         vertex 0.0437018 0.0355798 -0.358493
      endloop
   endfacet
   facet normal -0.529672 0.791554 0.304779
      outer loop
         vertex 0.0419704 0.0344989 -0.358533
         vertex 0.0436498 0.0355798 -0.358577
         vertex 0.0436233 0.0355798 -0.358635
      endloop
   endfacet
   facet normal -0.529672 0.791554 0.304779
      outer loop
         vertex 0.0419704 0.0344989 -0.358533
         vertex 0.0436623 0.0355798 -0.358555
         vertex 0.0436498 0.0355798 -0.358577
      endloop
   endfacet
   facet normal -0.553379 0.826982 0.0993603
      outer loop
         vertex 0.0419467 0.0345343 -0.358738
         vertex 0.0436233 0.0355798 -0.358635
         vertex 0.0436035 0.0355798 -0.358692
      endloop
   endfacet
   facet normal -0.54453 0.813757 0.203191
      outer loop
         vertex 0.0419556 0.0345211 -0.358635
         vertex 0.0436233 0.0355798 -0.358635
         vertex 0.0436233 0.0355798 -0.358635
      endloop
   endfacet
   facet normal -0.504687 0.839074 0.203092
      outer loop
         vertex 0.0436233 0.0355798 -0.358635
         vertex 0.0419467 0.0345343 -0.358738
         vertex 0.0419556 0.0345211 -0.358635
      endloop
   endfacet
   facet normal -0.553379 0.826982 0.0993603
      outer loop
         vertex 0.0419467 0.0345343 -0.358738
         vertex 0.0435848 0.0355798 -0.358794
         vertex 0.043583 0.0355798 -0.358843
      endloop
   endfacet
   facet normal -0.553379 0.826982 0.0993603
      outer loop
         vertex 0.0419467 0.0345343 -0.358738
         vertex 0.0435913 0.0355798 -0.358745
         vertex 0.0435848 0.0355798 -0.358794
      endloop
   endfacet
   facet normal -0.556123 0.831082 -0.00556635
      outer loop
         vertex 0.041944 0.0345384 -0.358843
         vertex 0.043583 0.0355798 -0.358843
         vertex 0.0435829 0.0355798 -0.358845
      endloop
   endfacet
   facet normal -0.516139 0.856478 -0.00682881
      outer loop
         vertex 0.0435829 0.0355798 -0.358845
         vertex 0.0419474 0.0345334 -0.358948
         vertex 0.041944 0.0345384 -0.358843
      endloop
   endfacet
   facet normal -0.516139 0.856478 -0.00682881
      outer loop
         vertex 0.0435829 0.0355798 -0.358845
         vertex 0.0435862 0.0355798 -0.358896
         vertex 0.0419474 0.0345334 -0.358948
      endloop
   endfacet
   facet normal -0.556123 -0.831082 -0.00556635
      outer loop
         vertex 0.041944 -0.033601 -0.358843
         vertex 0.0419474 -0.033596 -0.358948
         vertex 0.0435833 -0.0346424 -0.358859
      endloop
   endfacet
   facet normal -0.55273 -0.826011 -0.110432
      outer loop
         vertex 0.0419474 -0.033596 -0.358948
         vertex 0.0435947 -0.0346424 -0.358948
         vertex 0.043588 -0.0346424 -0.358911
      endloop
   endfacet
   facet normal -0.514694 -0.854285 -0.072717
      outer loop
         vertex 0.043588 -0.0346424 -0.358911
         vertex 0.0435833 -0.0346424 -0.358859
         vertex 0.0419474 -0.033596 -0.358948
      endloop
   endfacet
   facet normal -0.553379 -0.826982 0.0993603
      outer loop
         vertex 0.0419467 -0.0335969 -0.358738
         vertex 0.0435838 -0.0346424 -0.358807
         vertex 0.0435845 -0.0346424 -0.358797
      endloop
   endfacet
   facet normal -0.556123 -0.831082 -0.00556635
      outer loop
         vertex 0.041944 -0.033601 -0.358843
         vertex 0.0435835 -0.0346424 -0.358843
         vertex 0.0435838 -0.0346424 -0.358807
      endloop
   endfacet
   facet normal -0.515892 -0.856104 0.0306895
      outer loop
         vertex 0.0435838 -0.0346424 -0.358807
         vertex 0.0419467 -0.0335969 -0.358738
         vertex 0.041944 -0.033601 -0.358843
      endloop
   endfacet
   facet normal -0.54453 -0.813757 0.203191
      outer loop
         vertex 0.0419556 -0.0335837 -0.358635
         vertex 0.0436028 -0.0346424 -0.358695
         vertex 0.0436198 -0.0346424 -0.358644
      endloop
   endfacet
   facet normal -0.54453 -0.813757 0.203191
      outer loop
         vertex 0.0419556 -0.0335837 -0.358635
         vertex 0.0419467 -0.0335969 -0.358738
         vertex 0.0435911 -0.0346424 -0.358746
      endloop
   endfacet
   facet normal -0.513829 -0.852972 0.0917584
      outer loop
         vertex 0.0435911 -0.0346424 -0.358746
         vertex 0.0436028 -0.0346424 -0.358695
         vertex 0.0419556 -0.0335837 -0.358635
      endloop
   endfacet
   facet normal -0.529672 -0.791554 0.304779
      outer loop
         vertex 0.0419704 -0.0335615 -0.358533
         vertex 0.0419556 -0.0335837 -0.358635
         vertex 0.0436237 -0.0346424 -0.358635
      endloop
   endfacet
   facet normal -0.504669 -0.839061 0.203187
      outer loop
         vertex 0.0436237 -0.0346424 -0.358635
         vertex 0.0436427 -0.0346424 -0.358591
         vertex 0.0419704 -0.0335615 -0.358533
      endloop
   endfacet
   facet normal -0.50897 -0.760616 0.403004
      outer loop
         vertex 0.0419911 -0.0335306 -0.358435
         vertex 0.0419704 -0.0335615 -0.358533
         vertex 0.0436789 -0.0346424 -0.358527
      endloop
   endfacet
   facet normal -0.488969 -0.815091 0.310702
      outer loop
         vertex 0.0436789 -0.0346424 -0.358527
         vertex 0.0437201 -0.0346424 -0.358469
         vertex 0.0419911 -0.0335306 -0.358435
      endloop
   endfacet
   facet normal -0.482652 -0.721286 0.496783
      outer loop
         vertex 0.0420174 -0.0334912 -0.358341
         vertex 0.0419911 -0.0335306 -0.358435
         vertex 0.0437486 -0.0346424 -0.358435
      endloop
   endfacet
   facet normal -0.469658 -0.785496 0.403009
      outer loop
         vertex 0.0437486 -0.0346424 -0.358435
         vertex 0.0437699 -0.0346424 -0.35841
         vertex 0.0420174 -0.0334912 -0.358341
      endloop
   endfacet
   facet normal -0.451009 -0.673997 0.58508
      outer loop
         vertex 0.0420491 -0.033444 -0.358253
         vertex 0.0420174 -0.0334912 -0.358341
         vertex 0.0438027 -0.0346424 -0.358376
      endloop
   endfacet
   facet normal -0.454297 -0.761771 0.461865
      outer loop
         vertex 0.0438027 -0.0346424 -0.358376
         vertex 0.043881 -0.0346424 -0.358306
         vertex 0.0420491 -0.033444 -0.358253
      endloop
   endfacet
   facet normal -0.414389 -0.619272 0.666921
      outer loop
         vertex 0.0420857 -0.0333892 -0.358171
         vertex 0.0420491 -0.033444 -0.358253
         vertex 0.0439525 -0.0346424 -0.358253
      endloop
   endfacet
   facet normal -0.413178 -0.697813 0.585099
      outer loop
         vertex 0.0439525 -0.0346424 -0.358253
         vertex 0.0439734 -0.0346424 -0.358238
         vertex 0.0420857 -0.0333892 -0.358171
      endloop
   endfacet
   facet normal -0.407183 -0.688381 0.600278
      outer loop
         vertex 0.0439734 -0.0346424 -0.358238
         vertex 0.0440443 -0.0346424 -0.358192
         vertex 0.0420857 -0.0333892 -0.358171
      endloop
   endfacet
   facet normal -0.373197 -0.557713 0.741404
      outer loop
         vertex 0.0421269 -0.0333277 -0.358096
         vertex 0.0420857 -0.0333892 -0.358171
         vertex 0.0440826 -0.0346424 -0.358172
      endloop
   endfacet
   facet normal -0.377869 -0.642197 0.666932
      outer loop
         vertex 0.0440826 -0.0346424 -0.358172
         vertex 0.0441799 -0.0346424 -0.358119
         vertex 0.0421269 -0.0333277 -0.358096
      endloop
   endfacet
   facet normal -0.327887 -0.490001 0.807706
      outer loop
         vertex 0.0421722 -0.03326 -0.35803
         vertex 0.0421269 -0.0333277 -0.358096
         vertex 0.0442294 -0.0346424 -0.358098
      endloop
   endfacet
   facet normal -0.338498 -0.579404 0.741424
      outer loop
         vertex 0.0442294 -0.0346424 -0.358098
         vertex 0.0443585 -0.0346424 -0.358042
         vertex 0.0421722 -0.03326 -0.35803
      endloop
   endfacet
   facet normal -0.278959 -0.416882 0.865096
      outer loop
         vertex 0.0422211 -0.0331868 -0.357973
         vertex 0.0421722 -0.03326 -0.35803
         vertex 0.0443916 -0.0346424 -0.358029
      endloop
   endfacet
   facet normal -0.226953 -0.339163 0.912941
      outer loop
         vertex 0.0422731 -0.0331091 -0.357925
         vertex 0.0422211 -0.0331868 -0.357973
         vertex 0.0445682 -0.0346424 -0.357975
      endloop
   endfacet
   facet normal -0.249811 -0.43478 0.865194
      outer loop
         vertex 0.0445682 -0.0346424 -0.357975
         vertex 0.0446446 -0.0346424 -0.357951
         vertex 0.0422731 -0.0331091 -0.357925
      endloop
   endfacet
   facet normal -0.172443 -0.257702 0.950712
      outer loop
         vertex 0.0423277 -0.0330277 -0.357887
         vertex 0.0422731 -0.0331091 -0.357925
         vertex 0.0447565 -0.0346424 -0.357927
      endloop
   endfacet
   facet normal -0.11603 -0.173398 0.977993
      outer loop
         vertex 0.0423841 -0.0329434 -0.35786
         vertex 0.0423277 -0.0330277 -0.357887
         vertex 0.0449296 -0.0346424 -0.357891
      endloop
   endfacet
   facet normal -0.0583368 -0.0871797 0.994483
      outer loop
         vertex 0.0424418 -0.0328571 -0.357843
         vertex 0.0423841 -0.0329434 -0.35786
         vertex 0.0451617 -0.0346424 -0.357862
      endloop
   endfacet
   facet normal -0.101475 -0.181965 0.978055
      outer loop
         vertex 0.0451617 -0.0346424 -0.357862
         vertex 0.0452461 -0.0346424 -0.357852
         vertex 0.0424418 -0.0328571 -0.357843
      endloop
   endfacet
   facet normal -3.40532e-17 -5.08899e-17 1
      outer loop
         vertex 0.0425001 -0.03277 -0.357838
         vertex 0.0424418 -0.0328571 -0.357843
         vertex 0.0453752 -0.0346424 -0.357847
      endloop
   endfacet
   facet normal -3.40532e-17 5.08899e-17 1
      outer loop
         vertex 0.0425001 0.0337074 -0.357838
         vertex 0.0454632 0.0355798 -0.35784
         vertex 0.0453756 0.0355798 -0.357847
      endloop
   endfacet
   facet normal -3.40532e-17 5.08899e-17 1
      outer loop
         vertex 0.0425001 0.0337074 -0.357838
         vertex 0.0455921 0.0355798 -0.357838
         vertex 0.0454632 0.0355798 -0.35784
      endloop
   endfacet
   facet normal -0.0583368 0.0871797 0.994483
      outer loop
         vertex 0.0424418 0.0337945 -0.357843
         vertex 0.0453756 0.0355798 -0.357847
         vertex 0.0451621 0.0355798 -0.357864
      endloop
   endfacet
   facet normal -0.11603 0.173398 0.977993
      outer loop
         vertex 0.0423841 0.0338808 -0.35786
         vertex 0.0450601 0.0355798 -0.357872
         vertex 0.0449552 0.0355798 -0.35789
      endloop
   endfacet
   facet normal -0.11603 0.173398 0.977993
      outer loop
         vertex 0.0423841 0.0338808 -0.35786
         vertex 0.0451621 0.0355798 -0.357864
         vertex 0.0450601 0.0355798 -0.357872
      endloop
   endfacet
   facet normal -0.172443 0.257702 0.950712
      outer loop
         vertex 0.0423277 0.0339651 -0.357887
         vertex 0.0449552 0.0355798 -0.35789
         vertex 0.044743 0.0355798 -0.357927
      endloop
   endfacet
   facet normal -0.226953 0.339163 0.912941
      outer loop
         vertex 0.0422731 0.0340465 -0.357925
         vertex 0.044743 0.0355798 -0.357927
         vertex 0.0445695 0.0355798 -0.357976
      endloop
   endfacet
   facet normal -0.278959 0.416882 0.865096
      outer loop
         vertex 0.0422211 0.0341243 -0.357973
         vertex 0.0445695 0.0355798 -0.357976
         vertex 0.0444413 0.0355798 -0.358012
      endloop
   endfacet
   facet normal -0.327887 0.490001 0.807706
      outer loop
         vertex 0.0421722 0.0341974 -0.35803
         vertex 0.0444413 0.0355798 -0.358012
         vertex 0.0442276 0.0355798 -0.358097
      endloop
   endfacet
   facet normal -0.373197 0.557713 0.741404
      outer loop
         vertex 0.0421269 0.0342651 -0.358096
         vertex 0.0442276 0.0355798 -0.358097
         vertex 0.0442247 0.0355798 -0.358098
      endloop
   endfacet
   facet normal -0.339268 0.580588 0.740145
      outer loop
         vertex 0.0442247 0.0355798 -0.358098
         vertex 0.0420857 0.0343266 -0.358171
         vertex 0.0421269 0.0342651 -0.358096
      endloop
   endfacet
   facet normal -0.414389 0.619272 0.666921
      outer loop
         vertex 0.0420857 0.0343266 -0.358171
         vertex 0.0439734 0.0355798 -0.358238
         vertex 0.0439517 0.0355798 -0.358253
      endloop
   endfacet
   facet normal -0.414389 0.619272 0.666921
      outer loop
         vertex 0.0420857 0.0343266 -0.358171
         vertex 0.0441192 0.0355798 -0.35815
         vertex 0.0439734 0.0355798 -0.358238
      endloop
   endfacet
   facet normal -0.413196 0.697817 0.585082
      outer loop
         vertex 0.0439517 0.0355798 -0.358253
         vertex 0.0420491 0.0343814 -0.358253
         vertex 0.0420857 0.0343266 -0.358171
      endloop
   endfacet
   facet normal -0.339268 0.580588 0.740145
      outer loop
         vertex 0.0442247 0.0355798 -0.358098
         vertex 0.0441192 0.0355798 -0.35815
         vertex 0.0420857 0.0343266 -0.358171
      endloop
   endfacet
   facet normal -0.338532 0.579411 0.741403
      outer loop
         vertex 0.0442276 0.0355798 -0.358097
         vertex 0.0421269 0.0342651 -0.358096
         vertex 0.0421722 0.0341974 -0.35803
      endloop
   endfacet
   facet normal -0.282105 0.487916 0.826047
      outer loop
         vertex 0.0444413 0.0355798 -0.358012
         vertex 0.0421722 0.0341974 -0.35803
         vertex 0.0422211 0.0341243 -0.357973
      endloop
   endfacet
   facet normal -0.249798 0.434786 0.865195
      outer loop
         vertex 0.0445695 0.0355798 -0.357976
         vertex 0.0422211 0.0341243 -0.357973
         vertex 0.0422731 0.0340465 -0.357925
      endloop
   endfacet
   facet normal -0.20461 0.359224 0.910545
      outer loop
         vertex 0.044743 0.0355798 -0.357927
         vertex 0.0422731 0.0340465 -0.357925
         vertex 0.0423277 0.0339651 -0.357887
      endloop
   endfacet
   facet normal -0.152085 0.269871 0.95081
      outer loop
         vertex 0.0449552 0.0355798 -0.35789
         vertex 0.0423277 0.0339651 -0.357887
         vertex 0.0423841 0.0338808 -0.35786
      endloop
   endfacet
   facet normal -0.101511 0.182033 0.978039
      outer loop
         vertex 0.0451621 0.0355798 -0.357864
         vertex 0.0423841 0.0338808 -0.35786
         vertex 0.0424418 0.0337945 -0.357843
      endloop
   endfacet
   facet normal -0.0504387 0.0914454 0.994532
      outer loop
         vertex 0.0453756 0.0355798 -0.357847
         vertex 0.0424418 0.0337945 -0.357843
         vertex 0.0425001 0.0337074 -0.357838
      endloop
   endfacet
   facet normal -0.0505304 -0.0916097 0.994512
      outer loop
         vertex 0.0453752 -0.0346424 -0.357847
         vertex 0.0455921 -0.0346424 -0.357838
         vertex 0.0425001 -0.03277 -0.357838
      endloop
   endfacet
   facet normal -0.0809723 -0.145827 0.985991
      outer loop
         vertex 0.0452461 -0.0346424 -0.357852
         vertex 0.0453752 -0.0346424 -0.357847
         vertex 0.0424418 -0.0328571 -0.357843
      endloop
   endfacet
   facet normal -0.157931 -0.279884 0.946954
      outer loop
         vertex 0.0449296 -0.0346424 -0.357891
         vertex 0.0451617 -0.0346424 -0.357862
         vertex 0.0423841 -0.0329434 -0.35786
      endloop
   endfacet
   facet normal -0.201796 -0.354522 0.913013
      outer loop
         vertex 0.0447565 -0.0346424 -0.357927
         vertex 0.0449296 -0.0346424 -0.357891
         vertex 0.0423277 -0.0330277 -0.357887
      endloop
   endfacet
   facet normal -0.22962 -0.401157 0.886762
      outer loop
         vertex 0.0446446 -0.0346424 -0.357951
         vertex 0.0447565 -0.0346424 -0.357927
         vertex 0.0422731 -0.0331091 -0.357925
      endloop
   endfacet
   facet normal -0.295103 -0.50915 0.808505
      outer loop
         vertex 0.0443916 -0.0346424 -0.358029
         vertex 0.0445682 -0.0346424 -0.357975
         vertex 0.0422211 -0.0331868 -0.357973
      endloop
   endfacet
   facet normal -0.30381 -0.523321 0.796138
      outer loop
         vertex 0.0443585 -0.0346424 -0.358042
         vertex 0.0443916 -0.0346424 -0.358029
         vertex 0.0421722 -0.03326 -0.35803
      endloop
   endfacet
   facet normal -0.351258 -0.599796 0.718932
      outer loop
         vertex 0.0441799 -0.0346424 -0.358119
         vertex 0.0442294 -0.0346424 -0.358098
         vertex 0.0421269 -0.0333277 -0.358096
      endloop
   endfacet
   facet normal -0.387846 -0.657936 0.64552
      outer loop
         vertex 0.0440443 -0.0346424 -0.358192
         vertex 0.0440826 -0.0346424 -0.358172
         vertex 0.0420857 -0.0333892 -0.358171
      endloop
   endfacet
   facet normal -0.432588 -0.728092 0.531742
      outer loop
         vertex 0.043881 -0.0346424 -0.358306
         vertex 0.0439525 -0.0346424 -0.358253
         vertex 0.0420491 -0.033444 -0.358253
      endloop
   endfacet
   facet normal -0.463442 -0.77589 0.428037
      outer loop
         vertex 0.0437699 -0.0346424 -0.35841
         vertex 0.0438027 -0.0346424 -0.358376
         vertex 0.0420174 -0.0334912 -0.358341
      endloop
   endfacet
   facet normal -0.477385 -0.797341 0.369257
      outer loop
         vertex 0.0437201 -0.0346424 -0.358469
         vertex 0.0437486 -0.0346424 -0.358435
         vertex 0.0419911 -0.0335306 -0.358435
      endloop
   endfacet
   facet normal -0.499181 -0.830686 0.246536
      outer loop
         vertex 0.0436427 -0.0346424 -0.358591
         vertex 0.0436789 -0.0346424 -0.358527
         vertex 0.0419704 -0.0335615 -0.358533
      endloop
   endfacet
   facet normal -0.505662 -0.840559 0.194338
      outer loop
         vertex 0.0436198 -0.0346424 -0.358644
         vertex 0.0436237 -0.0346424 -0.358635
         vertex 0.0419556 -0.0335837 -0.358635
      endloop
   endfacet
   facet normal -0.515694 -0.855803 0.0407616
      outer loop
         vertex 0.0435845 -0.0346424 -0.358797
         vertex 0.0435911 -0.0346424 -0.358746
         vertex 0.0419467 -0.0335969 -0.358738
      endloop
   endfacet
   facet normal -0.516028 -0.856309 -0.0212102
      outer loop
         vertex 0.0435833 -0.0346424 -0.358859
         vertex 0.0435835 -0.0346424 -0.358843
         vertex 0.041944 -0.033601 -0.358843
      endloop
   endfacet
   facet normal -0.515216 0.855077 -0.0582846
      outer loop
         vertex 0.0435862 0.0355798 -0.358896
         vertex 0.0435947 0.0355798 -0.358948
         vertex 0.0419474 0.0345334 -0.358948
      endloop
   endfacet
   facet normal -0.516142 0.856485 -0.00556711
      outer loop
         vertex 0.043583 0.0355798 -0.358843
         vertex 0.041944 0.0345384 -0.358843
         vertex 0.0419467 0.0345343 -0.358738
      endloop
   endfacet
   facet normal -0.510295 0.847604 0.14549
      outer loop
         vertex 0.0436035 0.0355798 -0.358692
         vertex 0.0435913 0.0355798 -0.358745
         vertex 0.0419467 0.0345343 -0.358738
      endloop
   endfacet
   facet normal -0.504675 0.839057 0.20319
      outer loop
         vertex 0.0436233 0.0355798 -0.358635
         vertex 0.0419556 0.0345211 -0.358635
         vertex 0.0419704 0.0344989 -0.358533
      endloop
   endfacet
   facet normal -0.493666 0.822269 0.28314
      outer loop
         vertex 0.0436623 0.0355798 -0.358555
         vertex 0.0419704 0.0344989 -0.358533
         vertex 0.0419911 0.034468 -0.358435
      endloop
   endfacet
   facet normal -0.469658 0.785493 0.403016
      outer loop
         vertex 0.0437485 0.0355798 -0.358435
         vertex 0.0419911 0.034468 -0.358435
         vertex 0.0420174 0.0344287 -0.358341
      endloop
   endfacet
   facet normal -0.444756 0.746998 0.494151
      outer loop
         vertex 0.0438371 0.0355798 -0.358344
         vertex 0.0420174 0.0344287 -0.358341
         vertex 0.0420491 0.0343814 -0.358253
      endloop
   endfacet
   facet normal -0.0583368 -0.0871797 0.994483
      outer loop
         vertex 0.0424418 -0.0328571 -0.357843
         vertex 0.0425001 -0.03277 -0.357838
         vertex 0.0391921 -0.0303 -0.357838
      endloop
   endfacet
   facet normal -0.0670131 -0.0807015 0.994483
      outer loop
         vertex 0.0391251 -0.0303807 -0.357843
         vertex 0.0391921 -0.0303 -0.357838
         vertex 0.0361564 -0.0275022 -0.357838
      endloop
   endfacet
   facet normal -0.0749754 -0.0733633 0.994483
      outer loop
         vertex 0.0360814 -0.0275756 -0.357843
         vertex 0.0361564 -0.0275022 -0.357838
         vertex 0.0334252 -0.0244064 -0.357838
      endloop
   endfacet
   facet normal -0.0821388 -0.0652435 0.994483
      outer loop
         vertex 0.0333431 -0.0244716 -0.357843
         vertex 0.0334252 -0.0244064 -0.357838
         vertex 0.0310277 -0.0210455 -0.357838
      endloop
   endfacet
   facet normal -0.088427 -0.0564284 0.994483
      outer loop
         vertex 0.0309393 -0.0211019 -0.357843
         vertex 0.0310277 -0.0210455 -0.357838
         vertex 0.0289895 -0.0174554 -0.357838
      endloop
   endfacet
   facet normal -0.0937729 -0.0470121 0.994483
      outer loop
         vertex 0.0288957 -0.0175024 -0.357843
         vertex 0.0289895 -0.0174554 -0.357838
         vertex 0.0273323 -0.0136743 -0.357838
      endloop
   endfacet
   facet normal -0.0981196 -0.0370948 0.994483
      outer loop
         vertex 0.0272341 -0.0137114 -0.357843
         vertex 0.0273323 -0.0136743 -0.357838
         vertex 0.0260736 -0.00974246 -0.357838
      endloop
   endfacet
   facet normal -0.101421 -0.0267823 0.994483
      outer loop
         vertex 0.0259722 -0.00976924 -0.357843
         vertex 0.0260736 -0.00974246 -0.357838
         vertex 0.025227 -0.00570184 -0.357838
      endloop
   endfacet
   facet normal -0.103641 -0.0161844 0.994483
      outer loop
         vertex 0.0251233 -0.00571803 -0.357843
         vertex 0.025227 -0.00570184 -0.357838
         vertex 0.0248014 -0.00159547 -0.357838
      endloop
   endfacet
   facet normal -0.104758 -0.00541402 0.994483
      outer loop
         vertex 0.0246966 -0.00160089 -0.357843
         vertex 0.0248014 -0.00159547 -0.357838
         vertex 0.0248014 0.00253289 -0.357838
      endloop
   endfacet
   facet normal -0.104758 0.00541402 0.994483
      outer loop
         vertex 0.0246966 0.0025383 -0.357843
         vertex 0.0248014 0.00253289 -0.357838
         vertex 0.025227 0.00663925 -0.357838
      endloop
   endfacet
   facet normal -0.103641 0.0161844 0.994483
      outer loop
         vertex 0.0251233 0.00665544 -0.357843
         vertex 0.025227 0.00663925 -0.357838
         vertex 0.0260736 0.0106799 -0.357838
      endloop
   endfacet
   facet normal -0.101421 0.0267823 0.994483
      outer loop
         vertex 0.0259722 0.0107067 -0.357843
         vertex 0.0260736 0.0106799 -0.357838
         vertex 0.0273323 0.0146117 -0.357838
      endloop
   endfacet
   facet normal -0.0981196 0.0370948 0.994483
      outer loop
         vertex 0.0272341 0.0146488 -0.357843
         vertex 0.0273323 0.0146117 -0.357838
         vertex 0.0289895 0.0183928 -0.357838
      endloop
   endfacet
   facet normal -0.0937729 0.0470121 0.994483
      outer loop
         vertex 0.0288957 0.0184398 -0.357843
         vertex 0.0289895 0.0183928 -0.357838
         vertex 0.0310277 0.0219829 -0.357838
      endloop
   endfacet
   facet normal -0.088427 0.0564284 0.994483
      outer loop
         vertex 0.0309393 0.0220394 -0.357843
         vertex 0.0310277 0.0219829 -0.357838
         vertex 0.0334252 0.0253438 -0.357838
      endloop
   endfacet
   facet normal -0.0821388 0.0652435 0.994483
      outer loop
         vertex 0.0333431 0.0254091 -0.357843
         vertex 0.0334252 0.0253438 -0.357838
         vertex 0.0361564 0.0284396 -0.357838
      endloop
   endfacet
   facet normal -0.0749754 0.0733633 0.994483
      outer loop
         vertex 0.0360814 0.028513 -0.357843
         vertex 0.0361564 0.0284396 -0.357838
         vertex 0.0391921 0.0312374 -0.357838
      endloop
   endfacet
   facet normal -0.0670131 0.0807015 0.994483
      outer loop
         vertex 0.0391251 0.0313181 -0.357843
         vertex 0.0391921 0.0312374 -0.357838
         vertex 0.0425001 0.0337074 -0.357838
      endloop
   endfacet
   facet normal -0.11603 -0.173398 0.977993
      outer loop
         vertex 0.0423841 -0.0329434 -0.35786
         vertex 0.0424418 -0.0328571 -0.357843
         vertex 0.0391251 -0.0303807 -0.357843
      endloop
   endfacet
   facet normal -0.133287 -0.160513 0.977993
      outer loop
         vertex 0.0390588 -0.0304605 -0.35786
         vertex 0.0391251 -0.0303807 -0.357843
         vertex 0.0360814 -0.0275756 -0.357843
      endloop
   endfacet
   facet normal -0.149124 -0.145917 0.977993
      outer loop
         vertex 0.0360072 -0.0276481 -0.35786
         vertex 0.0360814 -0.0275756 -0.357843
         vertex 0.0333431 -0.0244716 -0.357843
      endloop
   endfacet
   facet normal -0.163371 -0.129767 0.977993
      outer loop
         vertex 0.0332618 -0.0245362 -0.35786
         vertex 0.0333431 -0.0244716 -0.357843
         vertex 0.0309393 -0.0211019 -0.357843
      endloop
   endfacet
   facet normal -0.175878 -0.112234 0.977993
      outer loop
         vertex 0.0308519 -0.0211577 -0.35786
         vertex 0.0309393 -0.0211019 -0.357843
         vertex 0.0288957 -0.0175024 -0.357843
      endloop
   endfacet
   facet normal -0.186511 -0.0935054 0.977993
      outer loop
         vertex 0.028803 -0.0175489 -0.35786
         vertex 0.0288957 -0.0175024 -0.357843
         vertex 0.0272341 -0.0137114 -0.357843
      endloop
   endfacet
   facet normal -0.195157 -0.0737803 0.977993
      outer loop
         vertex 0.0271371 -0.0137481 -0.35786
         vertex 0.0272341 -0.0137114 -0.357843
         vertex 0.0259722 -0.00976924 -0.357843
      endloop
   endfacet
   facet normal -0.201723 -0.053269 0.977993
      outer loop
         vertex 0.0258719 -0.00979573 -0.35786
         vertex 0.0259722 -0.00976924 -0.357843
         vertex 0.0251233 -0.00571803 -0.357843
      endloop
   endfacet
   facet normal -0.206139 -0.0321902 0.977993
      outer loop
         vertex 0.0250208 -0.00573403 -0.35786
         vertex 0.0251233 -0.00571803 -0.357843
         vertex 0.0246966 -0.00160089 -0.357843
      endloop
   endfacet
   facet normal -0.20836 -0.0107683 0.977993
      outer loop
         vertex 0.024593 -0.00160624 -0.35786
         vertex 0.0246966 -0.00160089 -0.357843
         vertex 0.0246966 0.0025383 -0.357843
      endloop
   endfacet
   facet normal -0.20836 0.0107683 0.977993
      outer loop
         vertex 0.024593 0.00254366 -0.35786
         vertex 0.0246966 0.0025383 -0.357843
         vertex 0.0251233 0.00665544 -0.357843
      endloop
   endfacet
   facet normal -0.206139 0.0321902 0.977993
      outer loop
         vertex 0.0250208 0.00667144 -0.35786
         vertex 0.0251233 0.00665544 -0.357843
         vertex 0.0259722 0.0107067 -0.357843
      endloop
   endfacet
   facet normal -0.201723 0.053269 0.977993
      outer loop
         vertex 0.0258719 0.0107331 -0.35786
         vertex 0.0259722 0.0107067 -0.357843
         vertex 0.0272341 0.0146488 -0.357843
      endloop
   endfacet
   facet normal -0.195157 0.0737803 0.977993
      outer loop
         vertex 0.0271371 0.0146855 -0.35786
         vertex 0.0272341 0.0146488 -0.357843
         vertex 0.0288957 0.0184398 -0.357843
      endloop
   endfacet
   facet normal -0.186511 0.0935054 0.977993
      outer loop
         vertex 0.028803 0.0184863 -0.35786
         vertex 0.0288957 0.0184398 -0.357843
         vertex 0.0309393 0.0220394 -0.357843
      endloop
   endfacet
   facet normal -0.175878 0.112234 0.977993
      outer loop
         vertex 0.0308519 0.0220952 -0.35786
         vertex 0.0309393 0.0220394 -0.357843
         vertex 0.0333431 0.0254091 -0.357843
      endloop
   endfacet
   facet normal -0.163371 0.129767 0.977993
      outer loop
         vertex 0.0332618 0.0254736 -0.35786
         vertex 0.0333431 0.0254091 -0.357843
         vertex 0.0360814 0.028513 -0.357843
      endloop
   endfacet
   facet normal -0.149124 0.145917 0.977993
      outer loop
         vertex 0.0360072 0.0285856 -0.35786
         vertex 0.0360814 0.028513 -0.357843
         vertex 0.0391251 0.0313181 -0.357843
      endloop
   endfacet
   facet normal -0.133287 0.160513 0.977993
      outer loop
         vertex 0.0390588 0.0313979 -0.35786
         vertex 0.0391251 0.0313181 -0.357843
         vertex 0.0424418 0.0337945 -0.357843
      endloop
   endfacet
   facet normal -0.172443 -0.257702 0.950712
      outer loop
         vertex 0.0423277 -0.0330277 -0.357887
         vertex 0.0423841 -0.0329434 -0.35786
         vertex 0.0390588 -0.0304605 -0.35786
      endloop
   endfacet
   facet normal -0.19809 -0.238552 0.950712
      outer loop
         vertex 0.038994 -0.0305386 -0.357887
         vertex 0.0390588 -0.0304605 -0.35786
         vertex 0.0360072 -0.0276481 -0.35786
      endloop
   endfacet
   facet normal -0.221626 -0.216861 0.950712
      outer loop
         vertex 0.0359347 -0.0277191 -0.357887
         vertex 0.0360072 -0.0276481 -0.35786
         vertex 0.0332618 -0.0245362 -0.35786
      endloop
   endfacet
   facet normal -0.242801 -0.192859 0.950712
      outer loop
         vertex 0.0331824 -0.0245993 -0.357887
         vertex 0.0332618 -0.0245362 -0.35786
         vertex 0.0308519 -0.0211577 -0.35786
      endloop
   endfacet
   facet normal -0.261389 -0.166802 0.950712
      outer loop
         vertex 0.0307664 -0.0212123 -0.357887
         vertex 0.0308519 -0.0211577 -0.35786
         vertex 0.028803 -0.0175489 -0.35786
      endloop
   endfacet
   facet normal -0.277191 -0.138967 0.950712
      outer loop
         vertex 0.0287123 -0.0175944 -0.357887
         vertex 0.028803 -0.0175489 -0.35786
         vertex 0.0271371 -0.0137481 -0.35786
      endloop
   endfacet
   facet normal -0.29004 -0.109652 0.950712
      outer loop
         vertex 0.0270422 -0.0137839 -0.357887
         vertex 0.0271371 -0.0137481 -0.35786
         vertex 0.0258719 -0.00979573 -0.35786
      endloop
   endfacet
   facet normal -0.299799 -0.079168 0.950712
      outer loop
         vertex 0.0257738 -0.00982163 -0.357887
         vertex 0.0258719 -0.00979573 -0.35786
         vertex 0.0250208 -0.00573403 -0.35786
      endloop
   endfacet
   facet normal -0.306363 -0.0478408 0.950712
      outer loop
         vertex 0.0249206 -0.00574968 -0.357887
         vertex 0.0250208 -0.00573403 -0.35786
         vertex 0.024593 -0.00160624 -0.35786
      endloop
   endfacet
   facet normal -0.309662 -0.0160038 0.950712
      outer loop
         vertex 0.0244917 -0.00161148 -0.357887
         vertex 0.024593 -0.00160624 -0.35786
         vertex 0.024593 0.00254366 -0.35786
      endloop
   endfacet
   facet normal -0.309662 0.0160038 0.950712
      outer loop
         vertex 0.0244917 0.00254889 -0.357887
         vertex 0.024593 0.00254366 -0.35786
         vertex 0.0250208 0.00667144 -0.35786
      endloop
   endfacet
   facet normal -0.306363 0.0478408 0.950712
      outer loop
         vertex 0.0249206 0.0066871 -0.357887
         vertex 0.0250208 0.00667144 -0.35786
         vertex 0.0258719 0.0107331 -0.35786
      endloop
   endfacet
   facet normal -0.299799 0.079168 0.950712
      outer loop
         vertex 0.0257738 0.010759 -0.357887
         vertex 0.0258719 0.0107331 -0.35786
         vertex 0.0271371 0.0146855 -0.35786
      endloop
   endfacet
   facet normal -0.29004 0.109652 0.950712
      outer loop
         vertex 0.0270422 0.0147213 -0.357887
         vertex 0.0271371 0.0146855 -0.35786
         vertex 0.028803 0.0184863 -0.35786
      endloop
   endfacet
   facet normal -0.277191 0.138967 0.950712
      outer loop
         vertex 0.0287123 0.0185318 -0.357887
         vertex 0.028803 0.0184863 -0.35786
         vertex 0.0308519 0.0220952 -0.35786
      endloop
   endfacet
   facet normal -0.261389 0.166802 0.950712
      outer loop
         vertex 0.0307664 0.0221497 -0.357887
         vertex 0.0308519 0.0220952 -0.35786
         vertex 0.0332618 0.0254736 -0.35786
      endloop
   endfacet
   facet normal -0.242801 0.192859 0.950712
      outer loop
         vertex 0.0331824 0.0255367 -0.357887
         vertex 0.0332618 0.0254736 -0.35786
         vertex 0.0360072 0.0285856 -0.35786
      endloop
   endfacet
   facet normal -0.221626 0.216861 0.950712
      outer loop
         vertex 0.0359347 0.0286565 -0.357887
         vertex 0.0360072 0.0285856 -0.35786
         vertex 0.0390588 0.0313979 -0.35786
      endloop
   endfacet
   facet normal -0.19809 0.238552 0.950712
      outer loop
         vertex 0.038994 0.031476 -0.357887
         vertex 0.0390588 0.0313979 -0.35786
         vertex 0.0423841 0.0338808 -0.35786
      endloop
   endfacet
   facet normal -0.226953 -0.339163 0.912941
      outer loop
         vertex 0.0422731 -0.0331091 -0.357925
         vertex 0.0423277 -0.0330277 -0.357887
         vertex 0.038994 -0.0305386 -0.357887
      endloop
   endfacet
   facet normal -0.260707 -0.31396 0.912941
      outer loop
         vertex 0.0389314 -0.030614 -0.357925
         vertex 0.038994 -0.0305386 -0.357887
         vertex 0.0359347 -0.0277191 -0.357887
      endloop
   endfacet
   facet normal -0.291684 -0.285412 0.912941
      outer loop
         vertex 0.0358647 -0.0277876 -0.357925
         vertex 0.0359347 -0.0277191 -0.357887
         vertex 0.0331824 -0.0245993 -0.357887
      endloop
   endfacet
   facet normal -0.319552 -0.253822 0.912941
      outer loop
         vertex 0.0331057 -0.0246602 -0.357925
         vertex 0.0331824 -0.0245993 -0.357887
         vertex 0.0307664 -0.0212123 -0.357887
      endloop
   endfacet
   facet normal -0.344015 -0.219528 0.912941
      outer loop
         vertex 0.0306837 -0.021265 -0.357925
         vertex 0.0307664 -0.0212123 -0.357887
         vertex 0.0287123 -0.0175944 -0.357887
      endloop
   endfacet
   facet normal -0.364813 -0.182895 0.912941
      outer loop
         vertex 0.0286247 -0.0176383 -0.357925
         vertex 0.0287123 -0.0175944 -0.357887
         vertex 0.0270422 -0.0137839 -0.357887
      endloop
   endfacet
   facet normal -0.381724 -0.144313 0.912941
      outer loop
         vertex 0.0269505 -0.0138186 -0.357925
         vertex 0.0270422 -0.0137839 -0.357887
         vertex 0.0257738 -0.00982163 -0.357887
      endloop
   endfacet
   facet normal -0.394567 -0.104193 0.912941
      outer loop
         vertex 0.025679 -0.00984665 -0.357925
         vertex 0.0257738 -0.00982163 -0.357887
         vertex 0.0249206 -0.00574968 -0.357887
      endloop
   endfacet
   facet normal -0.403206 -0.0629635 0.912941
      outer loop
         vertex 0.0248238 -0.00576481 -0.357925
         vertex 0.0249206 -0.00574968 -0.357887
         vertex 0.0244917 -0.00161148 -0.357887
      endloop
   endfacet
   facet normal -0.407548 -0.0210626 0.912941
      outer loop
         vertex 0.0243938 -0.00161654 -0.357925
         vertex 0.0244917 -0.00161148 -0.357887
         vertex 0.0244917 0.00254889 -0.357887
      endloop
   endfacet
   facet normal -0.407548 0.0210626 0.912941
      outer loop
         vertex 0.0243938 0.00255395 -0.357925
         vertex 0.0244917 0.00254889 -0.357887
         vertex 0.0249206 0.0066871 -0.357887
      endloop
   endfacet
   facet normal -0.403206 0.0629635 0.912941
      outer loop
         vertex 0.0248238 0.00670222 -0.357925
         vertex 0.0249206 0.0066871 -0.357887
         vertex 0.0257738 0.010759 -0.357887
      endloop
   endfacet
   facet normal -0.394567 0.104193 0.912941
      outer loop
         vertex 0.025679 0.0107841 -0.357925
         vertex 0.0257738 0.010759 -0.357887
         vertex 0.0270422 0.0147213 -0.357887
      endloop
   endfacet
   facet normal -0.381724 0.144313 0.912941
      outer loop
         vertex 0.0269505 0.014756 -0.357925
         vertex 0.0270422 0.0147213 -0.357887
         vertex 0.0287123 0.0185318 -0.357887
      endloop
   endfacet
   facet normal -0.364813 0.182895 0.912941
      outer loop
         vertex 0.0286247 0.0185757 -0.357925
         vertex 0.0287123 0.0185318 -0.357887
         vertex 0.0307664 0.0221497 -0.357887
      endloop
   endfacet
   facet normal -0.344015 0.219528 0.912941
      outer loop
         vertex 0.0306837 0.0222025 -0.357925
         vertex 0.0307664 0.0221497 -0.357887
         vertex 0.0331824 0.0255367 -0.357887
      endloop
   endfacet
   facet normal -0.319552 0.253822 0.912941
      outer loop
         vertex 0.0331057 0.0255976 -0.357925
         vertex 0.0331824 0.0255367 -0.357887
         vertex 0.0359347 0.0286565 -0.357887
      endloop
   endfacet
   facet normal -0.291684 0.285412 0.912941
      outer loop
         vertex 0.0358647 0.0287251 -0.357925
         vertex 0.0359347 0.0286565 -0.357887
         vertex 0.038994 0.031476 -0.357887
      endloop
   endfacet
   facet normal -0.260707 0.31396 0.912941
      outer loop
         vertex 0.0389314 0.0315514 -0.357925
         vertex 0.038994 0.031476 -0.357887
         vertex 0.0423277 0.0339651 -0.357887
      endloop
   endfacet
   facet normal -0.278959 -0.416882 0.865096
      outer loop
         vertex 0.0422211 -0.0331868 -0.357973
         vertex 0.0422731 -0.0331091 -0.357925
         vertex 0.0389314 -0.030614 -0.357925
      endloop
   endfacet
   facet normal -0.320448 -0.385904 0.865096
      outer loop
         vertex 0.0388717 -0.0306859 -0.357973
         vertex 0.0389314 -0.030614 -0.357925
         vertex 0.0358647 -0.0277876 -0.357925
      endloop
   endfacet
   facet normal -0.358522 -0.350814 0.865096
      outer loop
         vertex 0.0357978 -0.027853 -0.357973
         vertex 0.0358647 -0.0277876 -0.357925
         vertex 0.0331057 -0.0246602 -0.357925
      endloop
   endfacet
   facet normal -0.392777 -0.311986 0.865096
      outer loop
         vertex 0.0330324 -0.0247184 -0.357973
         vertex 0.0331057 -0.0246602 -0.357925
         vertex 0.0306837 -0.021265 -0.357925
      endloop
   endfacet
   facet normal -0.422846 -0.269833 0.865096
      outer loop
         vertex 0.0306049 -0.0213153 -0.357973
         vertex 0.0306837 -0.021265 -0.357925
         vertex 0.0286247 -0.0176383 -0.357925
      endloop
   endfacet
   facet normal -0.44841 -0.224805 0.865096
      outer loop
         vertex 0.0285411 -0.0176802 -0.357973
         vertex 0.0286247 -0.0176383 -0.357925
         vertex 0.0269505 -0.0138186 -0.357925
      endloop
   endfacet
   facet normal -0.469195 -0.177382 0.865096
      outer loop
         vertex 0.0268631 -0.0138517 -0.357973
         vertex 0.0269505 -0.0138186 -0.357925
         vertex 0.025679 -0.00984665 -0.357925
      endloop
   endfacet
   facet normal -0.484981 -0.128069 0.865096
      outer loop
         vertex 0.0255886 -0.00987053 -0.357973
         vertex 0.025679 -0.00984665 -0.357925
         vertex 0.0248238 -0.00576481 -0.357925
      endloop
   endfacet
   facet normal -0.4956 -0.0773915 0.865096
      outer loop
         vertex 0.0247314 -0.00577923 -0.357973
         vertex 0.0248238 -0.00576481 -0.357925
         vertex 0.0243938 -0.00161654 -0.357925
      endloop
   endfacet
   facet normal -0.500937 -0.0258891 0.865096
      outer loop
         vertex 0.0243004 -0.00162136 -0.357973
         vertex 0.0243938 -0.00161654 -0.357925
         vertex 0.0243938 0.00255395 -0.357925
      endloop
   endfacet
   facet normal -0.500937 0.0258891 0.865096
      outer loop
         vertex 0.0243004 0.00255878 -0.357973
         vertex 0.0243938 0.00255395 -0.357925
         vertex 0.0248238 0.00670222 -0.357925
      endloop
   endfacet
   facet normal -0.4956 0.0773915 0.865096
      outer loop
         vertex 0.0247314 0.00671665 -0.357973
         vertex 0.0248238 0.00670222 -0.357925
         vertex 0.025679 0.0107841 -0.357925
      endloop
   endfacet
   facet normal -0.484981 0.128069 0.865096
      outer loop
         vertex 0.0255886 0.0108079 -0.357973
         vertex 0.025679 0.0107841 -0.357925
         vertex 0.0269505 0.014756 -0.357925
      endloop
   endfacet
   facet normal -0.469195 0.177382 0.865096
      outer loop
         vertex 0.0268631 0.0147891 -0.357973
         vertex 0.0269505 0.014756 -0.357925
         vertex 0.0286247 0.0185757 -0.357925
      endloop
   endfacet
   facet normal -0.44841 0.224805 0.865096
      outer loop
         vertex 0.0285411 0.0186176 -0.357973
         vertex 0.0286247 0.0185757 -0.357925
         vertex 0.0306837 0.0222025 -0.357925
      endloop
   endfacet
   facet normal -0.422846 0.269833 0.865096
      outer loop
         vertex 0.0306049 0.0222528 -0.357973
         vertex 0.0306837 0.0222025 -0.357925
         vertex 0.0331057 0.0255976 -0.357925
      endloop
   endfacet
   facet normal -0.392777 0.311986 0.865096
      outer loop
         vertex 0.0330324 0.0256558 -0.357973
         vertex 0.0331057 0.0255976 -0.357925
         vertex 0.0358647 0.0287251 -0.357925
      endloop
   endfacet
   facet normal -0.358522 0.350814 0.865096
      outer loop
         vertex 0.0357978 0.0287905 -0.357973
         vertex 0.0358647 0.0287251 -0.357925
         vertex 0.0389314 0.0315514 -0.357925
      endloop
   endfacet
   facet normal -0.320448 0.385904 0.865096
      outer loop
         vertex 0.0388717 0.0316233 -0.357973
         vertex 0.0389314 0.0315514 -0.357925
         vertex 0.0422731 0.0340465 -0.357925
      endloop
   endfacet
   facet normal -0.327887 -0.490001 0.807706
      outer loop
         vertex 0.0421722 -0.03326 -0.35803
         vertex 0.0422211 -0.0331868 -0.357973
         vertex 0.0388717 -0.0306859 -0.357973
      endloop
   endfacet
   facet normal -0.376653 -0.453589 0.807706
      outer loop
         vertex 0.0388155 -0.0307536 -0.35803
         vertex 0.0388717 -0.0306859 -0.357973
         vertex 0.0357978 -0.027853 -0.357973
      endloop
   endfacet
   facet normal -0.421405 -0.412345 0.807706
      outer loop
         vertex 0.035735 -0.0279146 -0.35803
         vertex 0.0357978 -0.027853 -0.357973
         vertex 0.0330324 -0.0247184 -0.357973
      endloop
   endfacet
   facet normal -0.461668 -0.366706 0.807706
      outer loop
         vertex 0.0329635 -0.0247731 -0.35803
         vertex 0.0330324 -0.0247184 -0.357973
         vertex 0.0306049 -0.0213153 -0.357973
      endloop
   endfacet
   facet normal -0.497011 -0.31716 0.807706
      outer loop
         vertex 0.0305307 -0.0213627 -0.35803
         vertex 0.0306049 -0.0213153 -0.357973
         vertex 0.0285411 -0.0176802 -0.357973
      endloop
   endfacet
   facet normal -0.527058 -0.264235 0.807706
      outer loop
         vertex 0.0284625 -0.0177196 -0.35803
         vertex 0.0285411 -0.0176802 -0.357973
         vertex 0.0268631 -0.0138517 -0.357973
      endloop
   endfacet
   facet normal -0.55149 -0.208494 0.807706
      outer loop
         vertex 0.0267808 -0.0138828 -0.35803
         vertex 0.0268631 -0.0138517 -0.357973
         vertex 0.0255886 -0.00987053 -0.357973
      endloop
   endfacet
   facet normal -0.570045 -0.150532 0.807706
      outer loop
         vertex 0.0255036 -0.00989299 -0.35803
         vertex 0.0255886 -0.00987053 -0.357973
         vertex 0.0247314 -0.00577923 -0.357973
      endloop
   endfacet
   facet normal -0.582525 -0.0909656 0.807706
      outer loop
         vertex 0.0246444 -0.00579281 -0.35803
         vertex 0.0247314 -0.00577923 -0.357973
         vertex 0.0243004 -0.00162136 -0.357973
      endloop
   endfacet
   facet normal -0.588799 -0.0304299 0.807706
      outer loop
         vertex 0.0242126 -0.0016259 -0.35803
         vertex 0.0243004 -0.00162136 -0.357973
         vertex 0.0243004 0.00255878 -0.357973
      endloop
   endfacet
   facet normal -0.588799 0.0304299 0.807706
      outer loop
         vertex 0.0242126 0.00256332 -0.35803
         vertex 0.0243004 0.00255878 -0.357973
         vertex 0.0247314 0.00671665 -0.357973
      endloop
   endfacet
   facet normal -0.582525 0.0909656 0.807706
      outer loop
         vertex 0.0246444 0.00673022 -0.35803
         vertex 0.0247314 0.00671665 -0.357973
         vertex 0.0255886 0.0108079 -0.357973
      endloop
   endfacet
   facet normal -0.570045 0.150532 0.807706
      outer loop
         vertex 0.0255036 0.0108304 -0.35803
         vertex 0.0255886 0.0108079 -0.357973
         vertex 0.0268631 0.0147891 -0.357973
      endloop
   endfacet
   facet normal -0.55149 0.208494 0.807706
      outer loop
         vertex 0.0267808 0.0148202 -0.35803
         vertex 0.0268631 0.0147891 -0.357973
         vertex 0.0285411 0.0186176 -0.357973
      endloop
   endfacet
   facet normal -0.527058 0.264235 0.807706
      outer loop
         vertex 0.0284625 0.018657 -0.35803
         vertex 0.0285411 0.0186176 -0.357973
         vertex 0.0306049 0.0222528 -0.357973
      endloop
   endfacet
   facet normal -0.497011 0.31716 0.807706
      outer loop
         vertex 0.0305307 0.0223001 -0.35803
         vertex 0.0306049 0.0222528 -0.357973
         vertex 0.0330324 0.0256558 -0.357973
      endloop
   endfacet
   facet normal -0.461668 0.366706 0.807706
      outer loop
         vertex 0.0329635 0.0257105 -0.35803
         vertex 0.0330324 0.0256558 -0.357973
         vertex 0.0357978 0.0287905 -0.357973
      endloop
   endfacet
   facet normal -0.421405 0.412345 0.807706
      outer loop
         vertex 0.035735 0.028852 -0.35803
         vertex 0.0357978 0.0287905 -0.357973
         vertex 0.0388717 0.0316233 -0.357973
      endloop
   endfacet
   facet normal -0.376653 0.453589 0.807706
      outer loop
         vertex 0.0388155 0.031691 -0.35803
         vertex 0.0388717 0.0316233 -0.357973
         vertex 0.0422211 0.0341243 -0.357973
      endloop
   endfacet
   facet normal -0.373197 -0.557713 0.741404
      outer loop
         vertex 0.0421269 -0.0333277 -0.358096
         vertex 0.0421722 -0.03326 -0.35803
         vertex 0.0388155 -0.0307536 -0.35803
      endloop
   endfacet
   facet normal -0.428702 -0.51627 0.741404
      outer loop
         vertex 0.0387634 -0.0308163 -0.358096
         vertex 0.0388155 -0.0307536 -0.35803
         vertex 0.035735 -0.0279146 -0.35803
      endloop
   endfacet
   facet normal -0.479639 -0.469326 0.741404
      outer loop
         vertex 0.0356767 -0.0279716 -0.358096
         vertex 0.035735 -0.0279146 -0.35803
         vertex 0.0329635 -0.0247731 -0.35803
      endloop
   endfacet
   facet normal -0.525465 -0.417381 0.741404
      outer loop
         vertex 0.0328997 -0.0248238 -0.358096
         vertex 0.0329635 -0.0247731 -0.35803
         vertex 0.0305307 -0.0213627 -0.35803
      endloop
   endfacet
   facet normal -0.565692 -0.360988 0.741404
      outer loop
         vertex 0.0304621 -0.0214065 -0.358096
         vertex 0.0305307 -0.0213627 -0.35803
         vertex 0.0284625 -0.0177196 -0.35803
      endloop
   endfacet
   facet normal -0.599891 -0.300749 0.741404
      outer loop
         vertex 0.0283896 -0.0177561 -0.358096
         vertex 0.0284625 -0.0177196 -0.35803
         vertex 0.0267808 -0.0138828 -0.35803
      endloop
   endfacet
   facet normal -0.627699 -0.237306 0.741404
      outer loop
         vertex 0.0267046 -0.0139116 -0.358096
         vertex 0.0267808 -0.0138828 -0.35803
         vertex 0.0255036 -0.00989299 -0.35803
      endloop
   endfacet
   facet normal -0.648818 -0.171334 0.741404
      outer loop
         vertex 0.0254248 -0.00991379 -0.358096
         vertex 0.0255036 -0.00989299 -0.35803
         vertex 0.0246444 -0.00579281 -0.35803
      endloop
   endfacet
   facet normal -0.663024 -0.103536 0.741404
      outer loop
         vertex 0.0245639 -0.00580538 -0.358096
         vertex 0.0246444 -0.00579281 -0.35803
         vertex 0.0242126 -0.0016259 -0.35803
      endloop
   endfacet
   facet normal -0.670164 -0.034635 0.741404
      outer loop
         vertex 0.0241312 -0.00163011 -0.358096
         vertex 0.0242126 -0.0016259 -0.35803
         vertex 0.0242126 0.00256332 -0.35803
      endloop
   endfacet
   facet normal -0.670164 0.034635 0.741404
      outer loop
         vertex 0.0241312 0.00256752 -0.358096
         vertex 0.0242126 0.00256332 -0.35803
         vertex 0.0246444 0.00673022 -0.35803
      endloop
   endfacet
   facet normal -0.663024 0.103536 0.741404
      outer loop
         vertex 0.0245639 0.00674279 -0.358096
         vertex 0.0246444 0.00673022 -0.35803
         vertex 0.0255036 0.0108304 -0.35803
      endloop
   endfacet
   facet normal -0.648818 0.171334 0.741404
      outer loop
         vertex 0.0254248 0.0108512 -0.358096
         vertex 0.0255036 0.0108304 -0.35803
         vertex 0.0267808 0.0148202 -0.35803
      endloop
   endfacet
   facet normal -0.627699 0.237306 0.741404
      outer loop
         vertex 0.0267046 0.014849 -0.358096
         vertex 0.0267808 0.0148202 -0.35803
         vertex 0.0284625 0.018657 -0.35803
      endloop
   endfacet
   facet normal -0.599891 0.300749 0.741404
      outer loop
         vertex 0.0283896 0.0186935 -0.358096
         vertex 0.0284625 0.018657 -0.35803
         vertex 0.0305307 0.0223001 -0.35803
      endloop
   endfacet
   facet normal -0.565692 0.360988 0.741404
      outer loop
         vertex 0.0304621 0.0223439 -0.358096
         vertex 0.0305307 0.0223001 -0.35803
         vertex 0.0329635 0.0257105 -0.35803
      endloop
   endfacet
   facet normal -0.525465 0.417381 0.741404
      outer loop
         vertex 0.0328997 0.0257612 -0.358096
         vertex 0.0329635 0.0257105 -0.35803
         vertex 0.035735 0.028852 -0.35803
      endloop
   endfacet
   facet normal -0.479639 0.469326 0.741404
      outer loop
         vertex 0.0356767 0.028909 -0.358096
         vertex 0.035735 0.028852 -0.35803
         vertex 0.0388155 0.031691 -0.35803
      endloop
   endfacet
   facet normal -0.428702 0.51627 0.741404
      outer loop
         vertex 0.0387634 0.0317537 -0.358096
         vertex 0.0388155 0.031691 -0.35803
         vertex 0.0421722 0.0341974 -0.35803
      endloop
   endfacet
   facet normal -0.414389 -0.619272 0.666921
      outer loop
         vertex 0.0420857 -0.0333892 -0.358171
         vertex 0.0421269 -0.0333277 -0.358096
         vertex 0.0387634 -0.0308163 -0.358096
      endloop
   endfacet
   facet normal -0.47602 -0.573254 0.666921
      outer loop
         vertex 0.0387161 -0.0308733 -0.358171
         vertex 0.0387634 -0.0308163 -0.358096
         vertex 0.0356767 -0.0279716 -0.358096
      endloop
   endfacet
   facet normal -0.53258 -0.521128 0.666921
      outer loop
         vertex 0.0356238 -0.0280234 -0.358171
         vertex 0.0356767 -0.0279716 -0.358096
         vertex 0.0328997 -0.0248238 -0.358096
      endloop
   endfacet
   facet normal -0.583464 -0.46345 0.666921
      outer loop
         vertex 0.0328417 -0.0248698 -0.358171
         vertex 0.0328997 -0.0248238 -0.358096
         vertex 0.0304621 -0.0214065 -0.358096
      endloop
   endfacet
   facet normal -0.628131 -0.400833 0.666921
      outer loop
         vertex 0.0303996 -0.0214463 -0.358171
         vertex 0.0304621 -0.0214065 -0.358096
         vertex 0.0283896 -0.0177561 -0.358096
      endloop
   endfacet
   facet normal -0.666105 -0.333945 0.666921
      outer loop
         vertex 0.0283234 -0.0177893 -0.358171
         vertex 0.0283896 -0.0177561 -0.358096
         vertex 0.0267046 -0.0139116 -0.358096
      endloop
   endfacet
   facet normal -0.696982 -0.263499 0.666921
      outer loop
         vertex 0.0266353 -0.0139378 -0.358171
         vertex 0.0267046 -0.0139116 -0.358096
         vertex 0.0254248 -0.00991379 -0.358096
      endloop
   endfacet
   facet normal -0.720432 -0.190245 0.666921
      outer loop
         vertex 0.0253532 -0.0099327 -0.358171
         vertex 0.0254248 -0.00991379 -0.358096
         vertex 0.0245639 -0.00580538 -0.358096
      endloop
   endfacet
   facet normal -0.736206 -0.114964 0.666921
      outer loop
         vertex 0.0244908 -0.00581681 -0.358171
         vertex 0.0245639 -0.00580538 -0.358096
         vertex 0.0241312 -0.00163011 -0.358096
      endloop
   endfacet
   facet normal -0.744135 -0.0384579 0.666921
      outer loop
         vertex 0.0240572 -0.00163393 -0.358171
         vertex 0.0241312 -0.00163011 -0.358096
         vertex 0.0241312 0.00256752 -0.358096
      endloop
   endfacet
   facet normal -0.744135 0.0384579 0.666921
      outer loop
         vertex 0.0240572 0.00257134 -0.358171
         vertex 0.0241312 0.00256752 -0.358096
         vertex 0.0245639 0.00674279 -0.358096
      endloop
   endfacet
   facet normal -0.736206 0.114964 0.666921
      outer loop
         vertex 0.0244908 0.00675422 -0.358171
         vertex 0.0245639 0.00674279 -0.358096
         vertex 0.0254248 0.0108512 -0.358096
      endloop
   endfacet
   facet normal -0.720432 0.190245 0.666921
      outer loop
         vertex 0.0253532 0.0108701 -0.358171
         vertex 0.0254248 0.0108512 -0.358096
         vertex 0.0267046 0.014849 -0.358096
      endloop
   endfacet
   facet normal -0.696982 0.263499 0.666921
      outer loop
         vertex 0.0266353 0.0148752 -0.358171
         vertex 0.0267046 0.014849 -0.358096
         vertex 0.0283896 0.0186935 -0.358096
      endloop
   endfacet
   facet normal -0.666105 0.333945 0.666921
      outer loop
         vertex 0.0283234 0.0187267 -0.358171
         vertex 0.0283896 0.0186935 -0.358096
         vertex 0.0304621 0.0223439 -0.358096
      endloop
   endfacet
   facet normal -0.628131 0.400833 0.666921
      outer loop
         vertex 0.0303996 0.0223838 -0.358171
         vertex 0.0304621 0.0223439 -0.358096
         vertex 0.0328997 0.0257612 -0.358096
      endloop
   endfacet
   facet normal -0.583464 0.46345 0.666921
      outer loop
         vertex 0.0328417 0.0258073 -0.358171
         vertex 0.0328997 0.0257612 -0.358096
         vertex 0.0356767 0.028909 -0.358096
      endloop
   endfacet
   facet normal -0.53258 0.521128 0.666921
      outer loop
         vertex 0.0356238 0.0289608 -0.358171
         vertex 0.0356767 0.028909 -0.358096
         vertex 0.0387634 0.0317537 -0.358096
      endloop
   endfacet
   facet normal -0.47602 0.573254 0.666921
      outer loop
         vertex 0.0387161 0.0318107 -0.358171
         vertex 0.0387634 0.0317537 -0.358096
         vertex 0.0421269 0.0342651 -0.358096
      endloop
   endfacet
   facet normal -0.451009 -0.673997 0.58508
      outer loop
         vertex 0.0420491 -0.033444 -0.358253
         vertex 0.0420857 -0.0333892 -0.358171
         vertex 0.0387161 -0.0308733 -0.358171
      endloop
   endfacet
   facet normal -0.518087 -0.623913 0.58508
      outer loop
         vertex 0.038674 -0.0309239 -0.358253
         vertex 0.0387161 -0.0308733 -0.358171
         vertex 0.0356238 -0.0280234 -0.358171
      endloop
   endfacet
   facet normal -0.579644 -0.567181 0.58508
      outer loop
         vertex 0.0355767 -0.0280694 -0.358253
         vertex 0.0356238 -0.0280234 -0.358171
         vertex 0.0328417 -0.0248698 -0.358171
      endloop
   endfacet
   facet normal -0.635025 -0.504405 0.58508
      outer loop
         vertex 0.0327902 -0.0249108 -0.358253
         vertex 0.0328417 -0.0248698 -0.358171
         vertex 0.0303996 -0.0214463 -0.358171
      endloop
   endfacet
   facet normal -0.68364 -0.436255 0.58508
      outer loop
         vertex 0.0303441 -0.0214818 -0.358253
         vertex 0.0303996 -0.0214463 -0.358171
         vertex 0.0283234 -0.0177893 -0.358171
      endloop
   endfacet
   facet normal -0.72497 -0.363456 0.58508
      outer loop
         vertex 0.0282645 -0.0178188 -0.358253
         vertex 0.0283234 -0.0177893 -0.358171
         vertex 0.0266353 -0.0139378 -0.358171
      endloop
   endfacet
   facet normal -0.758575 -0.286784 0.58508
      outer loop
         vertex 0.0265737 -0.0139611 -0.358253
         vertex 0.0266353 -0.0139378 -0.358171
         vertex 0.0253532 -0.0099327 -0.358171
      endloop
   endfacet
   facet normal -0.784097 -0.207057 0.58508
      outer loop
         vertex 0.0252895 -0.00994952 -0.358253
         vertex 0.0253532 -0.0099327 -0.358171
         vertex 0.0244908 -0.00581681 -0.358171
      endloop
   endfacet
   facet normal -0.801265 -0.125123 0.58508
      outer loop
         vertex 0.0244257 -0.00582697 -0.358253
         vertex 0.0244908 -0.00581681 -0.358171
         vertex 0.0240572 -0.00163393 -0.358171
      endloop
   endfacet
   facet normal -0.809895 -0.0418564 0.58508
      outer loop
         vertex 0.0239915 -0.00163733 -0.358253
         vertex 0.0240572 -0.00163393 -0.358171
         vertex 0.0240572 0.00257134 -0.358171
      endloop
   endfacet
   facet normal -0.809895 0.0418564 0.58508
      outer loop
         vertex 0.0239915 0.00257474 -0.358253
         vertex 0.0240572 0.00257134 -0.358171
         vertex 0.0244908 0.00675422 -0.358171
      endloop
   endfacet
   facet normal -0.801265 0.125123 0.58508
      outer loop
         vertex 0.0244257 0.00676438 -0.358253
         vertex 0.0244908 0.00675422 -0.358171
         vertex 0.0253532 0.0108701 -0.358171
      endloop
   endfacet
   facet normal -0.784097 0.207057 0.58508
      outer loop
         vertex 0.0252895 0.0108869 -0.358253
         vertex 0.0253532 0.0108701 -0.358171
         vertex 0.0266353 0.0148752 -0.358171
      endloop
   endfacet
   facet normal -0.758575 0.286784 0.58508
      outer loop
         vertex 0.0265737 0.0148985 -0.358253
         vertex 0.0266353 0.0148752 -0.358171
         vertex 0.0283234 0.0187267 -0.358171
      endloop
   endfacet
   facet normal -0.72497 0.363456 0.58508
      outer loop
         vertex 0.0282645 0.0187563 -0.358253
         vertex 0.0283234 0.0187267 -0.358171
         vertex 0.0303996 0.0223838 -0.358171
      endloop
   endfacet
   facet normal -0.68364 0.436255 0.58508
      outer loop
         vertex 0.0303441 0.0224192 -0.358253
         vertex 0.0303996 0.0223838 -0.358171
         vertex 0.0328417 0.0258073 -0.358171
      endloop
   endfacet
   facet normal -0.635025 0.504405 0.58508
      outer loop
         vertex 0.0327902 0.0258482 -0.358253
         vertex 0.0328417 0.0258073 -0.358171
         vertex 0.0356238 0.0289608 -0.358171
      endloop
   endfacet
   facet normal -0.579644 0.567181 0.58508
      outer loop
         vertex 0.0355767 0.0290068 -0.358253
         vertex 0.0356238 0.0289608 -0.358171
         vertex 0.0387161 0.0318107 -0.358171
      endloop
   endfacet
   facet normal -0.518087 0.623913 0.58508
      outer loop
         vertex 0.038674 0.0318613 -0.358253
         vertex 0.0387161 0.0318107 -0.358171
         vertex 0.0420857 0.0343266 -0.358171
      endloop
   endfacet
   facet normal -0.482652 -0.721286 0.496783
      outer loop
         vertex 0.0420174 -0.0334912 -0.358341
         vertex 0.0420491 -0.033444 -0.358253
         vertex 0.038674 -0.0309239 -0.358253
      endloop
   endfacet
   facet normal -0.554436 -0.667688 0.496783
      outer loop
         vertex 0.0386377 -0.0309677 -0.358341
         vertex 0.038674 -0.0309239 -0.358253
         vertex 0.0355767 -0.0280694 -0.358253
      endloop
   endfacet
   facet normal -0.620313 -0.606975 0.496783
      outer loop
         vertex 0.035536 -0.0281092 -0.358341
         vertex 0.0355767 -0.0280694 -0.358253
         vertex 0.0327902 -0.0249108 -0.358253
      endloop
   endfacet
   facet normal -0.679579 -0.539795 0.496783
      outer loop
         vertex 0.0327456 -0.0249462 -0.358341
         vertex 0.0327902 -0.0249108 -0.358253
         vertex 0.0303441 -0.0214818 -0.358253
      endloop
   endfacet
   facet normal -0.731605 -0.466863 0.496783
      outer loop
         vertex 0.0302961 -0.0215124 -0.358341
         vertex 0.0303441 -0.0214818 -0.358253
         vertex 0.0282645 -0.0178188 -0.358253
      endloop
   endfacet
   facet normal -0.775835 -0.388957 0.496783
      outer loop
         vertex 0.0282137 -0.0178443 -0.358341
         vertex 0.0282645 -0.0178188 -0.358253
         vertex 0.0265737 -0.0139611 -0.358253
      endloop
   endfacet
   facet normal -0.811798 -0.306906 0.496783
      outer loop
         vertex 0.0265205 -0.0139812 -0.358341
         vertex 0.0265737 -0.0139611 -0.358253
         vertex 0.0252895 -0.00994952 -0.358253
      endloop
   endfacet
   facet normal -0.839111 -0.221584 0.496783
      outer loop
         vertex 0.0252345 -0.00996404 -0.358341
         vertex 0.0252895 -0.00994952 -0.358253
         vertex 0.0244257 -0.00582697 -0.358253
      endloop
   endfacet
   facet normal -0.857483 -0.133902 0.496783
      outer loop
         vertex 0.0243695 -0.00583574 -0.358341
         vertex 0.0244257 -0.00582697 -0.358253
         vertex 0.0239915 -0.00163733 -0.358253
      endloop
   endfacet
   facet normal -0.866718 -0.0447932 0.496783
      outer loop
         vertex 0.0239347 -0.00164027 -0.358341
         vertex 0.0239915 -0.00163733 -0.358253
         vertex 0.0239915 0.00257474 -0.358253
      endloop
   endfacet
   facet normal -0.866718 0.0447932 0.496783
      outer loop
         vertex 0.0239347 0.00257768 -0.358341
         vertex 0.0239915 0.00257474 -0.358253
         vertex 0.0244257 0.00676438 -0.358253
      endloop
   endfacet
   facet normal -0.857483 0.133902 0.496783
      outer loop
         vertex 0.0243695 0.00677316 -0.358341
         vertex 0.0244257 0.00676438 -0.358253
         vertex 0.0252895 0.0108869 -0.358253
      endloop
   endfacet
   facet normal -0.839111 0.221584 0.496783
      outer loop
         vertex 0.0252345 0.0109015 -0.358341
         vertex 0.0252895 0.0108869 -0.358253
         vertex 0.0265737 0.0148985 -0.358253
      endloop
   endfacet
   facet normal -0.811798 0.306906 0.496783
      outer loop
         vertex 0.0265205 0.0149186 -0.358341
         vertex 0.0265737 0.0148985 -0.358253
         vertex 0.0282645 0.0187563 -0.358253
      endloop
   endfacet
   facet normal -0.775835 0.388957 0.496783
      outer loop
         vertex 0.0282137 0.0187818 -0.358341
         vertex 0.0282645 0.0187563 -0.358253
         vertex 0.0303441 0.0224192 -0.358253
      endloop
   endfacet
   facet normal -0.731605 0.466863 0.496783
      outer loop
         vertex 0.0302961 0.0224498 -0.358341
         vertex 0.0303441 0.0224192 -0.358253
         vertex 0.0327902 0.0258482 -0.358253
      endloop
   endfacet
   facet normal -0.679579 0.539795 0.496783
      outer loop
         vertex 0.0327456 0.0258836 -0.358341
         vertex 0.0327902 0.0258482 -0.358253
         vertex 0.0355767 0.0290068 -0.358253
      endloop
   endfacet
   facet normal -0.620313 0.606975 0.496783
      outer loop
         vertex 0.035536 0.0290466 -0.358341
         vertex 0.0355767 0.0290068 -0.358253
         vertex 0.038674 0.0318613 -0.358253
      endloop
   endfacet
   facet normal -0.554436 0.667688 0.496783
      outer loop
         vertex 0.0386377 0.0319051 -0.358341
         vertex 0.038674 0.0318613 -0.358253
         vertex 0.0420491 0.0343814 -0.358253
      endloop
   endfacet
   facet normal -0.50897 -0.760616 0.403004
      outer loop
         vertex 0.0419911 -0.0335306 -0.358435
         vertex 0.0420174 -0.0334912 -0.358341
         vertex 0.0386377 -0.0309677 -0.358341
      endloop
   endfacet
   facet normal -0.584669 -0.704095 0.403004
      outer loop
         vertex 0.0386074 -0.0310041 -0.358435
         vertex 0.0386377 -0.0309677 -0.358341
         vertex 0.035536 -0.0281092 -0.358341
      endloop
   endfacet
   facet normal -0.654137 -0.640072 0.403004
      outer loop
         vertex 0.0355022 -0.0281423 -0.358435
         vertex 0.035536 -0.0281092 -0.358341
         vertex 0.0327456 -0.0249462 -0.358341
      endloop
   endfacet
   facet normal -0.716635 -0.569229 0.403004
      outer loop
         vertex 0.0327086 -0.0249756 -0.358435
         vertex 0.0327456 -0.0249462 -0.358341
         vertex 0.0302961 -0.0215124 -0.358341
      endloop
   endfacet
   facet normal -0.771498 -0.49232 0.403004
      outer loop
         vertex 0.0302562 -0.0215378 -0.358435
         vertex 0.0302961 -0.0215124 -0.358341
         vertex 0.0282137 -0.0178443 -0.358341
      endloop
   endfacet
   facet normal -0.818139 -0.410166 0.403004
      outer loop
         vertex 0.0281714 -0.0178656 -0.358435
         vertex 0.0282137 -0.0178443 -0.358341
         vertex 0.0265205 -0.0139812 -0.358341
      endloop
   endfacet
   facet normal -0.856063 -0.323641 0.403004
      outer loop
         vertex 0.0264762 -0.0139979 -0.358435
         vertex 0.0265205 -0.0139812 -0.358341
         vertex 0.0252345 -0.00996404 -0.358341
      endloop
   endfacet
   facet normal -0.884866 -0.233667 0.403004
      outer loop
         vertex 0.0251887 -0.00997613 -0.358435
         vertex 0.0252345 -0.00996404 -0.358341
         vertex 0.0243695 -0.00583574 -0.358341
      endloop
   endfacet
   facet normal -0.90424 -0.141204 0.403004
      outer loop
         vertex 0.0243227 -0.00584305 -0.358435
         vertex 0.0243695 -0.00583574 -0.358341
         vertex 0.0239347 -0.00164027 -0.358341
      endloop
   endfacet
   facet normal -0.913978 -0.0472356 0.403004
      outer loop
         vertex 0.0238874 -0.00164271 -0.358435
         vertex 0.0239347 -0.00164027 -0.358341
         vertex 0.0239347 0.00257768 -0.358341
      endloop
   endfacet
   facet normal -0.913978 0.0472356 0.403004
      outer loop
         vertex 0.0238874 0.00258012 -0.358435
         vertex 0.0239347 0.00257768 -0.358341
         vertex 0.0243695 0.00677316 -0.358341
      endloop
   endfacet
   facet normal -0.90424 0.141204 0.403004
      outer loop
         vertex 0.0243227 0.00678046 -0.358435
         vertex 0.0243695 0.00677316 -0.358341
         vertex 0.0252345 0.0109015 -0.358341
      endloop
   endfacet
   facet normal -0.884866 0.233667 0.403004
      outer loop
         vertex 0.0251887 0.0109135 -0.358435
         vertex 0.0252345 0.0109015 -0.358341
         vertex 0.0265205 0.0149186 -0.358341
      endloop
   endfacet
   facet normal -0.856063 0.323641 0.403004
      outer loop
         vertex 0.0264762 0.0149353 -0.358435
         vertex 0.0265205 0.0149186 -0.358341
         vertex 0.0282137 0.0187818 -0.358341
      endloop
   endfacet
   facet normal -0.818139 0.410166 0.403004
      outer loop
         vertex 0.0281714 0.018803 -0.358435
         vertex 0.0282137 0.0187818 -0.358341
         vertex 0.0302961 0.0224498 -0.358341
      endloop
   endfacet
   facet normal -0.771498 0.49232 0.403004
      outer loop
         vertex 0.0302562 0.0224752 -0.358435
         vertex 0.0302961 0.0224498 -0.358341
         vertex 0.0327456 0.0258836 -0.358341
      endloop
   endfacet
   facet normal -0.716635 0.569229 0.403004
      outer loop
         vertex 0.0327086 0.025913 -0.358435
         vertex 0.0327456 0.0258836 -0.358341
         vertex 0.035536 0.0290466 -0.358341
      endloop
   endfacet
   facet normal -0.654137 0.640072 0.403004
      outer loop
         vertex 0.0355022 0.0290797 -0.358435
         vertex 0.035536 0.0290466 -0.358341
         vertex 0.0386377 0.0319051 -0.358341
      endloop
   endfacet
   facet normal -0.584669 0.704095 0.403004
      outer loop
         vertex 0.0386074 0.0319415 -0.358435
         vertex 0.0386377 0.0319051 -0.358341
         vertex 0.0420174 0.0344287 -0.358341
      endloop
   endfacet
   facet normal -0.529672 -0.791554 0.304779
      outer loop
         vertex 0.0419704 -0.0335615 -0.358533
         vertex 0.0419911 -0.0335306 -0.358435
         vertex 0.0386074 -0.0310041 -0.358435
      endloop
   endfacet
   facet normal -0.60845 -0.732734 0.304779
      outer loop
         vertex 0.0385837 -0.0310328 -0.358533
         vertex 0.0386074 -0.0310041 -0.358435
         vertex 0.0355022 -0.0281423 -0.358435
      endloop
   endfacet
   facet normal -0.680744 -0.666107 0.304779
      outer loop
         vertex 0.0354756 -0.0281683 -0.358533
         vertex 0.0355022 -0.0281423 -0.358435
         vertex 0.0327086 -0.0249756 -0.358435
      endloop
   endfacet
   facet normal -0.745784 -0.592382 0.304779
      outer loop
         vertex 0.0326794 -0.0249988 -0.358533
         vertex 0.0327086 -0.0249756 -0.358435
         vertex 0.0302562 -0.0215378 -0.358435
      endloop
   endfacet
   facet normal -0.802878 -0.512345 0.304779
      outer loop
         vertex 0.0302249 -0.0215579 -0.358533
         vertex 0.0302562 -0.0215378 -0.358435
         vertex 0.0281714 -0.0178656 -0.358435
      endloop
   endfacet
   facet normal -0.851416 -0.426849 0.304779
      outer loop
         vertex 0.0281381 -0.0178822 -0.358533
         vertex 0.0281714 -0.0178656 -0.358435
         vertex 0.0264762 -0.0139979 -0.358435
      endloop
   endfacet
   facet normal -0.890883 -0.336804 0.304779
      outer loop
         vertex 0.0264414 -0.0140111 -0.358533
         vertex 0.0264762 -0.0139979 -0.358435
         vertex 0.0251887 -0.00997613 -0.358435
      endloop
   endfacet
   facet normal -0.920857 -0.243171 0.304779
      outer loop
         vertex 0.0251527 -0.00998563 -0.358533
         vertex 0.0251887 -0.00997613 -0.358435
         vertex 0.0243227 -0.00584305 -0.358435
      endloop
   endfacet
   facet normal -0.941019 -0.146947 0.304779
      outer loop
         vertex 0.0242859 -0.00584879 -0.358533
         vertex 0.0243227 -0.00584305 -0.358435
         vertex 0.0238874 -0.00164271 -0.358435
      endloop
   endfacet
   facet normal -0.951154 -0.0491569 0.304779
      outer loop
         vertex 0.0238502 -0.00164463 -0.358533
         vertex 0.0238874 -0.00164271 -0.358435
         vertex 0.0238874 0.00258012 -0.358435
      endloop
   endfacet
   facet normal -0.951154 0.0491569 0.304779
      outer loop
         vertex 0.0238502 0.00258204 -0.358533
         vertex 0.0238874 0.00258012 -0.358435
         vertex 0.0243227 0.00678046 -0.358435
      endloop
   endfacet
   facet normal -0.941019 0.146947 0.304779
      outer loop
         vertex 0.0242859 0.0067862 -0.358533
         vertex 0.0243227 0.00678046 -0.358435
         vertex 0.0251887 0.0109135 -0.358435
      endloop
   endfacet
   facet normal -0.920857 0.243171 0.304779
      outer loop
         vertex 0.0251527 0.010923 -0.358533
         vertex 0.0251887 0.0109135 -0.358435
         vertex 0.0264762 0.0149353 -0.358435
      endloop
   endfacet
   facet normal -0.890883 0.336804 0.304779
      outer loop
         vertex 0.0264414 0.0149485 -0.358533
         vertex 0.0264762 0.0149353 -0.358435
         vertex 0.0281714 0.018803 -0.358435
      endloop
   endfacet
   facet normal -0.851416 0.426849 0.304779
      outer loop
         vertex 0.0281381 0.0188196 -0.358533
         vertex 0.0281714 0.018803 -0.358435
         vertex 0.0302562 0.0224752 -0.358435
      endloop
   endfacet
   facet normal -0.802878 0.512345 0.304779
      outer loop
         vertex 0.0302249 0.0224953 -0.358533
         vertex 0.0302562 0.0224752 -0.358435
         vertex 0.0327086 0.025913 -0.358435
      endloop
   endfacet
   facet normal -0.745784 0.592382 0.304779
      outer loop
         vertex 0.0326794 0.0259362 -0.358533
         vertex 0.0327086 0.025913 -0.358435
         vertex 0.0355022 0.0290797 -0.358435
      endloop
   endfacet
   facet normal -0.680744 0.666107 0.304779
      outer loop
         vertex 0.0354756 0.0291057 -0.358533
         vertex 0.0355022 0.0290797 -0.358435
         vertex 0.0386074 0.0319415 -0.358435
      endloop
   endfacet
   facet normal -0.60845 0.732734 0.304779
      outer loop
         vertex 0.0385837 0.0319702 -0.358533
         vertex 0.0386074 0.0319415 -0.358435
         vertex 0.0419911 0.034468 -0.358435
      endloop
   endfacet
   facet normal -0.54453 -0.813757 0.203191
      outer loop
         vertex 0.0419556 -0.0335837 -0.358635
         vertex 0.0419704 -0.0335615 -0.358533
         vertex 0.0385837 -0.0310328 -0.358533
      endloop
   endfacet
   facet normal -0.625517 -0.753288 0.203191
      outer loop
         vertex 0.0385666 -0.0310533 -0.358635
         vertex 0.0385837 -0.0310328 -0.358533
         vertex 0.0354756 -0.0281683 -0.358533
      endloop
   endfacet
   facet normal -0.699839 -0.684791 0.203191
      outer loop
         vertex 0.0354565 -0.028187 -0.358635
         vertex 0.0354756 -0.0281683 -0.358533
         vertex 0.0326794 -0.0249988 -0.358533
      endloop
   endfacet
   facet normal -0.766704 -0.608998 0.203191
      outer loop
         vertex 0.0326585 -0.0250154 -0.358635
         vertex 0.0326794 -0.0249988 -0.358533
         vertex 0.0302249 -0.0215579 -0.358533
      endloop
   endfacet
   facet normal -0.825399 -0.526716 0.203191
      outer loop
         vertex 0.0302023 -0.0215722 -0.358635
         vertex 0.0302249 -0.0215579 -0.358533
         vertex 0.0281381 -0.0178822 -0.358533
      endloop
   endfacet
   facet normal -0.875299 -0.438822 0.203191
      outer loop
         vertex 0.0281142 -0.0178942 -0.358635
         vertex 0.0281381 -0.0178822 -0.358533
         vertex 0.0264414 -0.0140111 -0.358533
      endloop
   endfacet
   facet normal -0.915873 -0.346252 0.203191
      outer loop
         vertex 0.0264164 -0.0140205 -0.358635
         vertex 0.0264414 -0.0140111 -0.358533
         vertex 0.0251527 -0.00998563 -0.358533
      endloop
   endfacet
   facet normal -0.946688 -0.249992 0.203191
      outer loop
         vertex 0.0251269 -0.00999245 -0.358635
         vertex 0.0251527 -0.00998563 -0.358533
         vertex 0.0242859 -0.00584879 -0.358533
      endloop
   endfacet
   facet normal -0.967415 -0.151069 0.203191
      outer loop
         vertex 0.0242596 -0.00585291 -0.358635
         vertex 0.0242859 -0.00584879 -0.358533
         vertex 0.0238502 -0.00164463 -0.358533
      endloop
   endfacet
   facet normal -0.977834 -0.0505358 0.203191
      outer loop
         vertex 0.0238236 -0.00164601 -0.358635
         vertex 0.0238502 -0.00164463 -0.358533
         vertex 0.0238502 0.00258204 -0.358533
      endloop
   endfacet
   facet normal -0.977834 0.0505358 0.203191
      outer loop
         vertex 0.0238236 0.00258342 -0.358635
         vertex 0.0238502 0.00258204 -0.358533
         vertex 0.0242859 0.0067862 -0.358533
      endloop
   endfacet
   facet normal -0.967415 0.151069 0.203191
      outer loop
         vertex 0.0242596 0.00679032 -0.358635
         vertex 0.0242859 0.0067862 -0.358533
         vertex 0.0251527 0.010923 -0.358533
      endloop
   endfacet
   facet normal -0.946688 0.249992 0.203191
      outer loop
         vertex 0.0251269 0.0109299 -0.358635
         vertex 0.0251527 0.010923 -0.358533
         vertex 0.0264414 0.0149485 -0.358533
      endloop
   endfacet
   facet normal -0.915873 0.346252 0.203191
      outer loop
         vertex 0.0264164 0.0149579 -0.358635
         vertex 0.0264414 0.0149485 -0.358533
         vertex 0.0281381 0.0188196 -0.358533
      endloop
   endfacet
   facet normal -0.875299 0.438822 0.203191
      outer loop
         vertex 0.0281142 0.0188316 -0.358635
         vertex 0.0281381 0.0188196 -0.358533
         vertex 0.0302249 0.0224953 -0.358533
      endloop
   endfacet
   facet normal -0.825399 0.526716 0.203191
      outer loop
         vertex 0.0302023 0.0225096 -0.358635
         vertex 0.0302249 0.0224953 -0.358533
         vertex 0.0326794 0.0259362 -0.358533
      endloop
   endfacet
   facet normal -0.766704 0.608998 0.203191
      outer loop
         vertex 0.0326585 0.0259528 -0.358635
         vertex 0.0326794 0.0259362 -0.358533
         vertex 0.0354756 0.0291057 -0.358533
      endloop
   endfacet
   facet normal -0.699839 0.684791 0.203191
      outer loop
         vertex 0.0354565 0.0291244 -0.358635
         vertex 0.0354756 0.0291057 -0.358533
         vertex 0.0385837 0.0319702 -0.358533
      endloop
   endfacet
   facet normal -0.625517 0.753288 0.203191
      outer loop
         vertex 0.0385666 0.0319907 -0.358635
         vertex 0.0385837 0.0319702 -0.358533
         vertex 0.0419704 0.0344989 -0.358533
      endloop
   endfacet
   facet normal -0.553379 -0.826982 0.0993603
      outer loop
         vertex 0.0419467 -0.0335969 -0.358738
         vertex 0.0419556 -0.0335837 -0.358635
         vertex 0.0385666 -0.0310533 -0.358635
      endloop
   endfacet
   facet normal -0.635682 -0.765529 0.0993603
      outer loop
         vertex 0.0385564 -0.0310655 -0.358738
         vertex 0.0385666 -0.0310533 -0.358635
         vertex 0.0354565 -0.028187 -0.358635
      endloop
   endfacet
   facet normal -0.711212 -0.69592 0.0993603
      outer loop
         vertex 0.0354451 -0.0281981 -0.358738
         vertex 0.0354565 -0.028187 -0.358635
         vertex 0.0326585 -0.0250154 -0.358635
      endloop
   endfacet
   facet normal -0.779164 -0.618895 0.0993603
      outer loop
         vertex 0.032646 -0.0250253 -0.358738
         vertex 0.0326585 -0.0250154 -0.358635
         vertex 0.0302023 -0.0215722 -0.358635
      endloop
   endfacet
   facet normal -0.838813 -0.535276 0.0993603
      outer loop
         vertex 0.0301889 -0.0215808 -0.358738
         vertex 0.0302023 -0.0215722 -0.358635
         vertex 0.0281142 -0.0178942 -0.358635
      endloop
   endfacet
   facet normal -0.889524 -0.445954 0.0993603
      outer loop
         vertex 0.0281 -0.0179013 -0.358738
         vertex 0.0281142 -0.0178942 -0.358635
         vertex 0.0264164 -0.0140205 -0.358635
      endloop
   endfacet
   facet normal -0.930757 -0.351879 0.0993603
      outer loop
         vertex 0.0264015 -0.0140262 -0.358738
         vertex 0.0264164 -0.0140205 -0.358635
         vertex 0.0251269 -0.00999245 -0.358635
      endloop
   endfacet
   facet normal -0.962073 -0.254055 0.0993603
      outer loop
         vertex 0.0251115 -0.00999651 -0.358738
         vertex 0.0251269 -0.00999245 -0.358635
         vertex 0.0242596 -0.00585291 -0.358635
      endloop
   endfacet
   facet normal -0.983137 -0.153524 0.0993603
      outer loop
         vertex 0.0242438 -0.00585537 -0.358738
         vertex 0.0242596 -0.00585291 -0.358635
         vertex 0.0238236 -0.00164601 -0.358635
      endloop
   endfacet
   facet normal -0.993725 -0.0513571 0.0993603
      outer loop
         vertex 0.0238077 -0.00164683 -0.358738
         vertex 0.0238236 -0.00164601 -0.358635
         vertex 0.0238236 0.00258342 -0.358635
      endloop
   endfacet
   facet normal -0.993725 0.0513571 0.0993603
      outer loop
         vertex 0.0238077 0.00258424 -0.358738
         vertex 0.0238236 0.00258342 -0.358635
         vertex 0.0242596 0.00679032 -0.358635
      endloop
   endfacet
   facet normal -0.983137 0.153524 0.0993603
      outer loop
         vertex 0.0242438 0.00679278 -0.358738
         vertex 0.0242596 0.00679032 -0.358635
         vertex 0.0251269 0.0109299 -0.358635
      endloop
   endfacet
   facet normal -0.962073 0.254055 0.0993603
      outer loop
         vertex 0.0251115 0.0109339 -0.358738
         vertex 0.0251269 0.0109299 -0.358635
         vertex 0.0264164 0.0149579 -0.358635
      endloop
   endfacet
   facet normal -0.930757 0.351879 0.0993603
      outer loop
         vertex 0.0264015 0.0149636 -0.358738
         vertex 0.0264164 0.0149579 -0.358635
         vertex 0.0281142 0.0188316 -0.358635
      endloop
   endfacet
   facet normal -0.889524 0.445954 0.0993603
      outer loop
         vertex 0.0281 0.0188388 -0.358738
         vertex 0.0281142 0.0188316 -0.358635
         vertex 0.0302023 0.0225096 -0.358635
      endloop
   endfacet
   facet normal -0.838813 0.535276 0.0993603
      outer loop
         vertex 0.0301889 0.0225182 -0.358738
         vertex 0.0302023 0.0225096 -0.358635
         vertex 0.0326585 0.0259528 -0.358635
      endloop
   endfacet
   facet normal -0.779164 0.618895 0.0993603
      outer loop
         vertex 0.032646 0.0259627 -0.358738
         vertex 0.0326585 0.0259528 -0.358635
         vertex 0.0354565 0.0291244 -0.358635
      endloop
   endfacet
   facet normal -0.711212 0.69592 0.0993603
      outer loop
         vertex 0.0354451 0.0291356 -0.358738
         vertex 0.0354565 0.0291244 -0.358635
         vertex 0.0385666 0.0319907 -0.358635
      endloop
   endfacet
   facet normal -0.635682 0.765529 0.0993603
      outer loop
         vertex 0.0385564 0.032003 -0.358738
         vertex 0.0385666 0.0319907 -0.358635
         vertex 0.0419556 0.0345211 -0.358635
      endloop
   endfacet
   facet normal -0.556123 -0.831082 -0.00556635
      outer loop
         vertex 0.041944 -0.033601 -0.358843
         vertex 0.0419467 -0.0335969 -0.358738
         vertex 0.0385564 -0.0310655 -0.358738
      endloop
   endfacet
   facet normal -0.638834 -0.769325 -0.00556635
      outer loop
         vertex 0.0385533 -0.0310693 -0.358843
         vertex 0.0385564 -0.0310655 -0.358738
         vertex 0.0354451 -0.0281981 -0.358738
      endloop
   endfacet
   facet normal -0.714738 -0.69937 -0.00556635
      outer loop
         vertex 0.0354416 -0.0282016 -0.358843
         vertex 0.0354451 -0.0281981 -0.358738
         vertex 0.032646 -0.0250253 -0.358738
      endloop
   endfacet
   facet normal -0.783026 -0.621964 -0.00556635
      outer loop
         vertex 0.0326422 -0.0250284 -0.358843
         vertex 0.032646 -0.0250253 -0.358738
         vertex 0.0301889 -0.0215808 -0.358738
      endloop
   endfacet
   facet normal -0.842971 -0.53793 -0.00556635
      outer loop
         vertex 0.0301848 -0.0215834 -0.358843
         vertex 0.0301889 -0.0215808 -0.358738
         vertex 0.0281 -0.0179013 -0.358738
      endloop
   endfacet
   facet normal -0.893934 -0.448164 -0.00556635
      outer loop
         vertex 0.0280956 -0.0179036 -0.358843
         vertex 0.0281 -0.0179013 -0.358738
         vertex 0.0264015 -0.0140262 -0.358738
      endloop
   endfacet
   facet normal -0.935371 -0.353623 -0.00556635
      outer loop
         vertex 0.0263969 -0.0140279 -0.358843
         vertex 0.0264015 -0.0140262 -0.358738
         vertex 0.0251115 -0.00999651 -0.358738
      endloop
   endfacet
   facet normal -0.966842 -0.255314 -0.00556635
      outer loop
         vertex 0.0251068 -0.00999777 -0.358843
         vertex 0.0251115 -0.00999651 -0.358738
         vertex 0.0242438 -0.00585537 -0.358738
      endloop
   endfacet
   facet normal -0.988011 -0.154285 -0.00556635
      outer loop
         vertex 0.024239 -0.00585613 -0.358843
         vertex 0.0242438 -0.00585537 -0.358738
         vertex 0.0238077 -0.00164683 -0.358738
      endloop
   endfacet
   facet normal -0.998652 -0.0516117 -0.00556635
      outer loop
         vertex 0.0238027 -0.00164709 -0.358843
         vertex 0.0238077 -0.00164683 -0.358738
         vertex 0.0238077 0.00258424 -0.358738
      endloop
   endfacet
   facet normal -0.998652 0.0516117 -0.00556635
      outer loop
         vertex 0.0238027 0.0025845 -0.358843
         vertex 0.0238077 0.00258424 -0.358738
         vertex 0.0242438 0.00679278 -0.358738
      endloop
   endfacet
   facet normal -0.988011 0.154285 -0.00556635
      outer loop
         vertex 0.024239 0.00679354 -0.358843
         vertex 0.0242438 0.00679278 -0.358738
         vertex 0.0251115 0.0109339 -0.358738
      endloop
   endfacet
   facet normal -0.966842 0.255314 -0.00556635
      outer loop
         vertex 0.0251068 0.0109352 -0.358843
         vertex 0.0251115 0.0109339 -0.358738
         vertex 0.0264015 0.0149636 -0.358738
      endloop
   endfacet
   facet normal -0.935371 0.353623 -0.00556635
      outer loop
         vertex 0.0263969 0.0149653 -0.358843
         vertex 0.0264015 0.0149636 -0.358738
         vertex 0.0281 0.0188388 -0.358738
      endloop
   endfacet
   facet normal -0.893934 0.448164 -0.00556635
      outer loop
         vertex 0.0280956 0.018841 -0.358843
         vertex 0.0281 0.0188388 -0.358738
         vertex 0.0301889 0.0225182 -0.358738
      endloop
   endfacet
   facet normal -0.842971 0.53793 -0.00556635
      outer loop
         vertex 0.0301848 0.0225209 -0.358843
         vertex 0.0301889 0.0225182 -0.358738
         vertex 0.032646 0.0259627 -0.358738
      endloop
   endfacet
   facet normal -0.783026 0.621964 -0.00556635
      outer loop
         vertex 0.0326422 0.0259658 -0.358843
         vertex 0.032646 0.0259627 -0.358738
         vertex 0.0354451 0.0291356 -0.358738
      endloop
   endfacet
   facet normal -0.714738 0.69937 -0.00556635
      outer loop
         vertex 0.0354416 0.029139 -0.358843
         vertex 0.0354451 0.0291356 -0.358738
         vertex 0.0385564 0.032003 -0.358738
      endloop
   endfacet
   facet normal -0.638834 0.769325 -0.00556635
      outer loop
         vertex 0.0385533 0.0320068 -0.358843
         vertex 0.0385564 0.032003 -0.358738
         vertex 0.0419467 0.0345343 -0.358738
      endloop
   endfacet
   facet normal -0.601056 -0.790658 -0.116582
      outer loop
         vertex 0.039969 -0.0321188 -0.358948
         vertex 0.0419474 -0.033596 -0.358948
         vertex 0.041944 -0.033601 -0.358843
      endloop
   endfacet
   facet normal -0.683045 -0.721057 -0.1163
      outer loop
         vertex 0.0365891 -0.0292509 -0.358948
         vertex 0.0385572 -0.0310646 -0.358948
         vertex 0.0385533 -0.0310693 -0.358843
      endloop
   endfacet
   facet normal -0.75704 -0.643008 -0.115892
      outer loop
         vertex 0.0335382 -0.0260348 -0.358948
         vertex 0.035446 -0.0281973 -0.358948
         vertex 0.0354416 -0.0282016 -0.358843
      endloop
   endfacet
   facet normal -0.822177 -0.55742 -0.115361
      outer loop
         vertex 0.0308519 -0.0225081 -0.358948
         vertex 0.032647 -0.0250246 -0.358948
         vertex 0.0326422 -0.0250284 -0.358843
      endloop
   endfacet
   facet normal -0.877692 -0.465293 -0.11471
      outer loop
         vertex 0.0285614 -0.0187118 -0.358948
         vertex 0.0301899 -0.0215802 -0.358948
         vertex 0.0301848 -0.0215834 -0.358843
      endloop
   endfacet
   facet normal -0.922936 -0.367704 -0.113944
      outer loop
         vertex 0.0266937 -0.01469 -0.358948
         vertex 0.028101 -0.0179008 -0.358948
         vertex 0.0280956 -0.0179036 -0.358843
      endloop
   endfacet
   facet normal -0.957377 -0.265791 -0.113068
      outer loop
         vertex 0.0252706 -0.0104895 -0.358948
         vertex 0.0264026 -0.0140257 -0.358948
         vertex 0.0263969 -0.0140279 -0.358843
      endloop
   endfacet
   facet normal -0.98061 -0.160747 -0.112087
      outer loop
         vertex 0.0243087 -0.00615932 -0.358948
         vertex 0.0251127 -0.00999622 -0.358948
         vertex 0.0251068 -0.00999777 -0.358843
      endloop
   endfacet
   facet normal -0.992362 -0.0537981 -0.111007
      outer loop
         vertex 0.0238195 -0.00174979 -0.358948
         vertex 0.024245 -0.00585519 -0.358948
         vertex 0.024239 -0.00585613 -0.358843
      endloop
   endfacet
   facet normal -0.992559 -0.0512968 -0.110432
      outer loop
         vertex 0.0238088 -0.00164677 -0.358948
         vertex 0.0238027 -0.00164709 -0.358843
         vertex 0.0238027 0.0025845 -0.358843
      endloop
   endfacet
   facet normal -0.992362 0.0537981 -0.111007
      outer loop
         vertex 0.0238195 0.0026872 -0.358948
         vertex 0.0238088 0.00258418 -0.358948
         vertex 0.0238027 0.0025845 -0.358843
      endloop
   endfacet
   facet normal -0.98061 0.160747 -0.112087
      outer loop
         vertex 0.0243087 0.00709673 -0.358948
         vertex 0.024245 0.0067926 -0.358948
         vertex 0.024239 0.00679354 -0.358843
      endloop
   endfacet
   facet normal -0.957377 0.265791 -0.113068
      outer loop
         vertex 0.0252706 0.0114269 -0.358948
         vertex 0.0251127 0.0109336 -0.358948
         vertex 0.0251068 0.0109352 -0.358843
      endloop
   endfacet
   facet normal -0.922936 0.367704 -0.113944
      outer loop
         vertex 0.0266937 0.0156274 -0.358948
         vertex 0.0264026 0.0149632 -0.358948
         vertex 0.0263969 0.0149653 -0.358843
      endloop
   endfacet
   facet normal -0.877692 0.465293 -0.11471
      outer loop
         vertex 0.0285614 0.0196492 -0.358948
         vertex 0.028101 0.0188382 -0.358948
         vertex 0.0280956 0.018841 -0.358843
      endloop
   endfacet
   facet normal -0.822177 0.55742 -0.115361
      outer loop
         vertex 0.0308519 0.0234455 -0.358948
         vertex 0.0301899 0.0225176 -0.358948
         vertex 0.0301848 0.0225209 -0.358843
      endloop
   endfacet
   facet normal -0.75704 0.643008 -0.115892
      outer loop
         vertex 0.0335382 0.0269722 -0.358948
         vertex 0.032647 0.025962 -0.358948
         vertex 0.0326422 0.0259658 -0.358843
      endloop
   endfacet
   facet normal -0.683045 0.721057 -0.1163
      outer loop
         vertex 0.0365891 0.0301883 -0.358948
         vertex 0.035446 0.0291347 -0.358948
         vertex 0.0354416 0.029139 -0.358843
      endloop
   endfacet
   facet normal -0.601056 0.790658 -0.116582
      outer loop
         vertex 0.039969 0.0330562 -0.358948
         vertex 0.0385572 0.0320021 -0.358948
         vertex 0.0385533 0.0320068 -0.358843
      endloop
   endfacet
   facet normal -1.21716e-16 0.993884 0.110432
      outer loop
         vertex 0.0495555 -0.0354753 -0.350342
         vertex 0.0497209 -0.0346424 -0.357838
         vertex 0.0455921 -0.0346424 -0.357838
      endloop
   endfacet
   facet normal -1.21716e-16 0.993884 0.110432
      outer loop
         vertex 0.0455921 -0.0346424 -0.357838
         vertex 0.0438484 -0.0355276 -0.349871
         vertex 0.0495555 -0.0354753 -0.350342
      endloop
   endfacet
   facet normal -1.21716e-16 0.993884 0.110432
      outer loop
         vertex 0.0493917 -0.0363091 -0.342838
         vertex 0.0495555 -0.0354753 -0.350342
         vertex 0.0438484 -0.0355276 -0.349871
      endloop
   endfacet
   facet normal -1.21716e-16 0.993884 0.110432
      outer loop
         vertex 0.0438484 -0.0355276 -0.349871
         vertex 0.0436401 -0.0363091 -0.342838
         vertex 0.0493917 -0.0363091 -0.342838
      endloop
   endfacet
   facet normal -1.21716e-16 0.993884 0.110432
      outer loop
         vertex 0.0455921 -0.0346424 -0.357838
         vertex 0.0440869 -0.0346424 -0.357838
         vertex 0.0438484 -0.0355276 -0.349871
      endloop
   endfacet
   facet normal -0.588179 -0.80552 0.0719936
      outer loop
         vertex 0.0437308 0.0365027 -0.349879
         vertex 0.0439805 0.0355798 -0.358191
         vertex 0.0439953 0.0355798 -0.358092
      endloop
   endfacet
   facet normal -0.500362 -0.86203 0.0808866
      outer loop
         vertex 0.0437483 0.0364914 -0.349877
         vertex 0.0439953 0.0355798 -0.358092
         vertex 0.0440097 0.0355798 -0.357997
      endloop
   endfacet
   facet normal -0.407049 -0.909071 0.088891
      outer loop
         vertex 0.043767 0.036482 -0.349875
         vertex 0.0440097 0.0355798 -0.357997
         vertex 0.0440279 0.0355798 -0.357928
      endloop
   endfacet
   facet normal -0.208083 -0.972789 0.101894
      outer loop
         vertex 0.0438068 0.0364692 -0.349873
         vertex 0.0440305 0.0355798 -0.357918
         vertex 0.0440405 0.0355798 -0.357891
      endloop
   endfacet
   facet normal -0.309264 -0.946126 0.0959191
      outer loop
         vertex 0.0437866 0.0364746 -0.349874
         vertex 0.0440279 0.0355798 -0.357928
         vertex 0.0440305 0.0355798 -0.357918
      endloop
   endfacet
   facet normal -0.293811 -0.950948 0.0968129
      outer loop
         vertex 0.0440305 0.0355798 -0.357918
         vertex 0.0438068 0.0364692 -0.349873
         vertex 0.0437866 0.0364746 -0.349874
      endloop
   endfacet
   facet normal -0.104616 -0.988767 0.106749
      outer loop
         vertex 0.0438275 0.036466 -0.349872
         vertex 0.0440569 0.0355798 -0.357859
         vertex 0.0440614 0.0355798 -0.357853
      endloop
   endfacet
   facet normal -0.104616 -0.988767 0.106749
      outer loop
         vertex 0.0438275 0.036466 -0.349872
         vertex 0.0440501 0.0355798 -0.35787
         vertex 0.0440569 0.0355798 -0.357859
      endloop
   endfacet
   facet normal -0.129835 -0.985893 0.105634
      outer loop
         vertex 0.0440614 0.0355798 -0.357853
         vertex 0.0440658 0.0355798 -0.357848
         vertex 0.0438275 0.036466 -0.349872
      endloop
   endfacet
   facet normal -0.208083 -0.972789 0.101894
      outer loop
         vertex 0.0438068 0.0364692 -0.349873
         vertex 0.0440466 0.0355798 -0.357878
         vertex 0.0440501 0.0355798 -0.35787
      endloop
   endfacet
   facet normal -0.188651 -0.976645 0.102835
      outer loop
         vertex 0.0440501 0.0355798 -0.35787
         vertex 0.0438275 0.036466 -0.349872
         vertex 0.0438068 0.0364692 -0.349873
      endloop
   endfacet
   facet normal 0 -0.993884 0.110432
      outer loop
         vertex 0.0438484 0.036465 -0.349871
         vertex 0.0440786 0.0355798 -0.357839
         vertex 0.0440799 0.0355798 -0.357839
      endloop
   endfacet
   facet normal 0 -0.993884 0.110432
      outer loop
         vertex 0.0438484 0.036465 -0.349871
         vertex 0.0440761 0.0355798 -0.357841
         vertex 0.0440786 0.0355798 -0.357839
      endloop
   endfacet
   facet normal 0 -0.993884 0.110432
      outer loop
         vertex 0.0438484 0.036465 -0.349871
         vertex 0.0440734 0.0355798 -0.357842
         vertex 0.0440761 0.0355798 -0.357841
      endloop
   endfacet
   facet normal 0 -0.993884 0.110432
      outer loop
         vertex 0.0438484 0.036465 -0.349871
         vertex 0.0440695 0.0355798 -0.357845
         vertex 0.0440703 0.0355798 -0.357844
      endloop
   endfacet
   facet normal -0.104616 -0.988767 0.106749
      outer loop
         vertex 0.0438275 0.036466 -0.349872
         vertex 0.0440663 0.0355798 -0.357848
         vertex 0.0440695 0.0355798 -0.357845
      endloop
   endfacet
   facet normal -0.0878232 -0.99033 0.107392
      outer loop
         vertex 0.0440695 0.0355798 -0.357845
         vertex 0.0438484 0.036465 -0.349871
         vertex 0.0438275 0.036466 -0.349872
      endloop
   endfacet
   facet normal -0.0841583 -0.990633 0.107536
      outer loop
         vertex 0.0440703 0.0355798 -0.357844
         vertex 0.0440734 0.0355798 -0.357842
         vertex 0.0438484 0.036465 -0.349871
      endloop
   endfacet
   facet normal -0.034979 -0.993391 0.109323
      outer loop
         vertex 0.0440799 0.0355798 -0.357839
         vertex 0.0440823 0.0355798 -0.357838
         vertex 0.0438484 0.036465 -0.349871
      endloop
   endfacet
   facet normal -0.023308 -0.993691 0.109708
      outer loop
         vertex 0.0440823 0.0355798 -0.357838
         vertex 0.0440846 0.0355798 -0.357838
         vertex 0.0438484 0.036465 -0.349871
      endloop
   endfacet
   facet normal -0.104616 -0.988767 0.106749
      outer loop
         vertex 0.0438275 0.036466 -0.349872
         vertex 0.0438484 0.036465 -0.349871
         vertex 0.0436401 0.0372465 -0.342838
      endloop
   endfacet
   facet normal 0 -0.993884 0.110432
      outer loop
         vertex 0.0436401 0.0372465 -0.342838
         vertex 0.0436201 0.0372475 -0.342838
         vertex 0.0438275 0.036466 -0.349872
      endloop
   endfacet
   facet normal -0.208083 -0.972789 0.101894
      outer loop
         vertex 0.0438068 0.0364692 -0.349873
         vertex 0.0438275 0.036466 -0.349872
         vertex 0.0436191 0.0372476 -0.342838
      endloop
   endfacet
   facet normal -0.309264 -0.946126 0.0959191
      outer loop
         vertex 0.0437866 0.0364746 -0.349874
         vertex 0.0438068 0.0364692 -0.349873
         vertex 0.0436007 0.0372504 -0.342838
      endloop
   endfacet
   facet normal -0.196677 -0.975091 0.102547
      outer loop
         vertex 0.0436007 0.0372504 -0.342838
         vertex 0.0435817 0.0372552 -0.342838
         vertex 0.0437866 0.0364746 -0.349874
      endloop
   endfacet
   facet normal -0.407049 -0.909071 0.088891
      outer loop
         vertex 0.043767 0.036482 -0.349875
         vertex 0.0437866 0.0364746 -0.349874
         vertex 0.043578 0.0372564 -0.342838
      endloop
   endfacet
   facet normal -0.309827 -0.945937 0.0959724
      outer loop
         vertex 0.043578 0.0372564 -0.342838
         vertex 0.043574 0.0372578 -0.342838
         vertex 0.043767 0.036482 -0.349875
      endloop
   endfacet
   facet normal -0.500362 -0.86203 0.0808866
      outer loop
         vertex 0.0437483 0.0364914 -0.349877
         vertex 0.043767 0.036482 -0.349875
         vertex 0.0435554 0.0372654 -0.342838
      endloop
   endfacet
   facet normal -0.588179 -0.80552 0.0719936
      outer loop
         vertex 0.0437308 0.0365027 -0.349879
         vertex 0.0437483 0.0364914 -0.349877
         vertex 0.0435397 0.0372737 -0.342838
      endloop
   endfacet
   facet normal -0.501216 -0.861527 0.0809527
      outer loop
         vertex 0.0435397 0.0372737 -0.342838
         vertex 0.0435379 0.0372746 -0.342838
         vertex 0.0437308 0.0365027 -0.349879
      endloop
   endfacet
   facet normal -0.669535 -0.740162 0.0623098
      outer loop
         vertex 0.0437145 0.0365158 -0.349881
         vertex 0.0437308 0.0365027 -0.349879
         vertex 0.0435215 0.0372855 -0.342838
      endloop
   endfacet
   facet normal -0.591718 -0.802944 0.071776
      outer loop
         vertex 0.0435215 0.0372855 -0.342838
         vertex 0.0435153 0.0372903 -0.342838
         vertex 0.0437145 0.0365158 -0.349881
      endloop
   endfacet
   facet normal -0.743537 -0.666674 0.0519416
      outer loop
         vertex 0.0436997 0.0365305 -0.349883
         vertex 0.0437145 0.0365158 -0.349881
         vertex 0.0435058 0.0372987 -0.342838
      endloop
   endfacet
   facet normal -0.670561 -0.739227 0.0623727
      outer loop
         vertex 0.0435058 0.0372987 -0.342838
         vertex 0.0435002 0.0373036 -0.342838
         vertex 0.0436997 0.0365305 -0.349883
      endloop
   endfacet
   facet normal -0.809372 -0.585863 0.0410029
      outer loop
         vertex 0.0436865 0.0365466 -0.349885
         vertex 0.0436997 0.0365305 -0.349883
         vertex 0.043491 0.0373136 -0.342838
      endloop
   endfacet
   facet normal -0.744593 -0.66549 0.0519978
      outer loop
         vertex 0.043491 0.0373136 -0.342838
         vertex 0.0434867 0.0373182 -0.342838
         vertex 0.0436865 0.0365466 -0.349885
      endloop
   endfacet
   facet normal -0.866316 -0.498617 0.0296138
      outer loop
         vertex 0.0436751 0.0365641 -0.349887
         vertex 0.0436865 0.0365466 -0.349885
         vertex 0.0434777 0.03733 -0.342838
      endloop
   endfacet
   facet normal -0.810416 -0.584415 0.0410496
      outer loop
         vertex 0.0434777 0.03733 -0.342838
         vertex 0.0434747 0.037334 -0.342838
         vertex 0.0436751 0.0365641 -0.349887
      endloop
   endfacet
   facet normal -0.824741 -0.564206 0.0383819
      outer loop
         vertex 0.0434747 0.037334 -0.342838
         vertex 0.0434705 0.0373405 -0.342838
         vertex 0.0436751 0.0365641 -0.349887
      endloop
   endfacet
   facet normal -0.913745 -0.405894 0.0178994
      outer loop
         vertex 0.0436657 0.0365826 -0.34989
         vertex 0.0436751 0.0365641 -0.349887
         vertex 0.0434664 0.0373478 -0.342838
      endloop
   endfacet
   facet normal -0.867303 -0.496897 0.0296488
      outer loop
         vertex 0.0434664 0.0373478 -0.342838
         vertex 0.0434606 0.0373581 -0.342838
         vertex 0.0436657 0.0365826 -0.34989
      endloop
   endfacet
   facet normal -0.951137 -0.308713 0.0059884
      outer loop
         vertex 0.0436582 0.0366021 -0.349892
         vertex 0.0436657 0.0365826 -0.34989
         vertex 0.0434568 0.0373666 -0.342838
      endloop
   endfacet
   facet normal -0.914628 -0.4039 0.017921
      outer loop
         vertex 0.0434568 0.0373666 -0.342838
         vertex 0.0434525 0.0373764 -0.342838
         vertex 0.0436582 0.0366021 -0.349892
      endloop
   endfacet
   facet normal -0.978081 -0.20814 -0.0059884
      outer loop
         vertex 0.0436528 0.0366222 -0.349894
         vertex 0.0436582 0.0366021 -0.349892
         vertex 0.0434493 0.0373864 -0.342838
      endloop
   endfacet
   facet normal -0.951868 -0.306449 0.00599572
      outer loop
         vertex 0.0434493 0.0373864 -0.342838
         vertex 0.0434464 0.0373953 -0.342838
         vertex 0.0436528 0.0366222 -0.349894
      endloop
   endfacet
   facet normal -0.994281 -0.105281 -0.0178994
      outer loop
         vertex 0.0436495 0.0366427 -0.349897
         vertex 0.0436528 0.0366222 -0.349894
         vertex 0.0434445 0.037403 -0.342838
      endloop
   endfacet
   facet normal -0.974621 -0.223829 -0.00385488
      outer loop
         vertex 0.0434445 0.037403 -0.342838
         vertex 0.0434409 0.037423 -0.342838
         vertex 0.0436495 0.0366427 -0.349897
      endloop
   endfacet
   facet normal -0.999561 -0.00126588 -0.0296138
      outer loop
         vertex 0.0436485 0.0366635 -0.349899
         vertex 0.0436495 0.0366427 -0.349897
         vertex 0.0434406 0.0374276 -0.342838
      endloop
   endfacet
   facet normal -0.994569 -0.102523 -0.0179211
      outer loop
         vertex 0.0434406 0.0374276 -0.342838
         vertex 0.0434394 0.0374429 -0.342838
         vertex 0.0436485 0.0366635 -0.349899
      endloop
   endfacet
   facet normal -0.99386 0.102763 -0.0410029
      outer loop
         vertex 0.0436496 0.0366843 -0.349901
         vertex 0.0436485 0.0366635 -0.349899
         vertex 0.0434395 0.0374487 -0.342838
      endloop
   endfacet
   facet normal -0.999559 0.00170379 -0.0296488
      outer loop
         vertex 0.0434395 0.0374487 -0.342838
         vertex 0.0434399 0.0374627 -0.342838
         vertex 0.0436496 0.0366843 -0.349901
      endloop
   endfacet
   facet normal -0.977243 0.205664 -0.0519416
      outer loop
         vertex 0.043653 0.0367049 -0.349904
         vertex 0.0436496 0.0366843 -0.349901
         vertex 0.0434406 0.0374709 -0.342838
      endloop
   endfacet
   facet normal -0.949892 0.306305 -0.0623098
      outer loop
         vertex 0.0436584 0.0367251 -0.349906
         vertex 0.043653 0.0367049 -0.349904
         vertex 0.0434438 0.0374907 -0.342838
      endloop
   endfacet
   facet normal -0.976542 0.208953 -0.051998
      outer loop
         vertex 0.0434438 0.0374907 -0.342838
         vertex 0.0434439 0.0374908 -0.342838
         vertex 0.0436584 0.0367251 -0.349906
      endloop
   endfacet
   facet normal -0.912107 0.403582 -0.0719936
      outer loop
         vertex 0.043667 0.0367441 -0.349907
         vertex 0.0436584 0.0367251 -0.349906
         vertex 0.043449 0.03751 -0.342838
      endloop
   endfacet
   facet normal -0.950441 0.304687 -0.0618657
      outer loop
         vertex 0.043449 0.03751 -0.342838
         vertex 0.0434559 0.0375285 -0.342838
         vertex 0.043667 0.0367441 -0.349907
      endloop
   endfacet
   facet normal -0.864303 0.496425 -0.0808866
      outer loop
         vertex 0.0436755 0.0367631 -0.349909
         vertex 0.043667 0.0367441 -0.349907
         vertex 0.0434569 0.0375307 -0.342838
      endloop
   endfacet
   facet normal -0.910576 0.407013 -0.0720602
      outer loop
         vertex 0.0434569 0.0375307 -0.342838
         vertex 0.0434595 0.0375362 -0.342838
         vertex 0.0436755 0.0367631 -0.349909
      endloop
   endfacet
   facet normal -0.807005 0.583816 -0.088891
      outer loop
         vertex 0.043687 0.0367806 -0.349911
         vertex 0.0436755 0.0367631 -0.349909
         vertex 0.0434667 0.0375494 -0.342838
      endloop
   endfacet
   facet normal -0.862322 0.499847 -0.080953
      outer loop
         vertex 0.0434667 0.0375494 -0.342838
         vertex 0.0434691 0.0375538 -0.342838
         vertex 0.043687 0.0367806 -0.349911
      endloop
   endfacet
   facet normal -0.740843 0.664794 -0.0959191
      outer loop
         vertex 0.0437002 0.0367968 -0.349912
         vertex 0.043687 0.0367806 -0.349911
         vertex 0.0434802 0.0375701 -0.342838
      endloop
   endfacet
   facet normal -0.666543 0.73847 -0.101894
      outer loop
         vertex 0.0437151 0.0368115 -0.349914
         vertex 0.0434928 0.0375851 -0.342838
         vertex 0.0434988 0.0375913 -0.342838
      endloop
   endfacet
   facet normal -0.666543 0.73847 -0.101894
      outer loop
         vertex 0.0437151 0.0368115 -0.349914
         vertex 0.0437002 0.0367968 -0.349912
         vertex 0.0434914 0.0375834 -0.342838
      endloop
   endfacet
   facet normal -0.737928 0.66802 -0.0959727
      outer loop
         vertex 0.0434914 0.0375834 -0.342838
         vertex 0.0434928 0.0375851 -0.342838
         vertex 0.0437151 0.0368115 -0.349914
      endloop
   endfacet
   facet normal -0.584922 0.804034 -0.106749
      outer loop
         vertex 0.0437314 0.0368246 -0.349915
         vertex 0.0437151 0.0368115 -0.349914
         vertex 0.0435064 0.0375981 -0.342838
      endloop
   endfacet
   facet normal -0.66316 0.741505 -0.101934
      outer loop
         vertex 0.0435064 0.0375981 -0.342838
         vertex 0.0435136 0.0376046 -0.342838
         vertex 0.0437314 0.0368246 -0.349915
      endloop
   endfacet
   facet normal -0.496875 0.860767 -0.110432
      outer loop
         vertex 0.043749 0.0368359 -0.349915
         vertex 0.0437314 0.0368246 -0.349915
         vertex 0.0435227 0.0376113 -0.342838
      endloop
   endfacet
   facet normal -0.581079 0.806813 -0.106771
      outer loop
         vertex 0.0435227 0.0376113 -0.342838
         vertex 0.0435294 0.0376161 -0.342838
         vertex 0.043749 0.0368359 -0.349915
      endloop
   endfacet
   facet normal -0.496875 0.860767 -0.110432
      outer loop
         vertex 0.043749 0.0368359 -0.349915
         vertex 0.0440867 0.0355798 -0.361213
         vertex 0.0440667 0.0355798 -0.361098
      endloop
   endfacet
   facet normal -0.584922 0.804034 -0.106749
      outer loop
         vertex 0.0437314 0.0368246 -0.349915
         vertex 0.0440667 0.0355798 -0.361098
         vertex 0.0440385 0.0355798 -0.360936
      endloop
   endfacet
   facet normal -0.666543 0.73847 -0.101894
      outer loop
         vertex 0.0437151 0.0368115 -0.349914
         vertex 0.0440385 0.0355798 -0.360936
         vertex 0.044029 0.0355798 -0.360844
      endloop
   endfacet
   facet normal -0.740843 0.664794 -0.0959191
      outer loop
         vertex 0.0437002 0.0367968 -0.349912
         vertex 0.044029 0.0355798 -0.360844
         vertex 0.0440129 0.0355798 -0.360687
      endloop
   endfacet
   facet normal -0.807005 0.583816 -0.088891
      outer loop
         vertex 0.043687 0.0367806 -0.349911
         vertex 0.0440129 0.0355798 -0.360687
         vertex 0.0439968 0.0355798 -0.36053
      endloop
   endfacet
   facet normal -0.864303 0.496425 -0.0808866
      outer loop
         vertex 0.0436755 0.0367631 -0.349909
         vertex 0.0439968 0.0355798 -0.36053
         vertex 0.0439746 0.0355798 -0.360315
      endloop
   endfacet
   facet normal -0.912107 0.403582 -0.0719936
      outer loop
         vertex 0.043667 0.0367441 -0.349907
         vertex 0.0439746 0.0355798 -0.360315
         vertex 0.0439695 0.0355798 -0.360199
      endloop
   endfacet
   facet normal -0.949892 0.306305 -0.0623098
      outer loop
         vertex 0.0436584 0.0367251 -0.349906
         vertex 0.0439695 0.0355798 -0.360199
         vertex 0.0439614 0.0355798 -0.360013
      endloop
   endfacet
   facet normal -0.977243 0.205664 -0.0519416
      outer loop
         vertex 0.043653 0.0367049 -0.349904
         vertex 0.0439614 0.0355798 -0.360013
         vertex 0.0439532 0.0355798 -0.359827
      endloop
   endfacet
   facet normal -0.99386 0.102763 -0.0410029
      outer loop
         vertex 0.0436496 0.0366843 -0.349901
         vertex 0.0439532 0.0355798 -0.359827
         vertex 0.043945 0.0355798 -0.359641
      endloop
   endfacet
   facet normal -0.999561 -0.00126588 -0.0296138
      outer loop
         vertex 0.0436485 0.0366635 -0.349899
         vertex 0.043945 0.0355798 -0.359641
         vertex 0.0439357 0.0355798 -0.359429
      endloop
   endfacet
   facet normal -0.994281 -0.105281 -0.0178994
      outer loop
         vertex 0.0436495 0.0366427 -0.349897
         vertex 0.0439357 0.0355798 -0.359429
         vertex 0.0439343 0.0355798 -0.35927
      endloop
   endfacet
   facet normal -0.951137 -0.308713 0.0059884
      outer loop
         vertex 0.0436582 0.0366021 -0.349892
         vertex 0.0439343 0.0355798 -0.35927
         vertex 0.0439336 0.0355798 -0.359185
      endloop
   endfacet
   facet normal -0.966193 -0.257819 -0.000503078
      outer loop
         vertex 0.0439336 0.0355798 -0.359185
         vertex 0.0439372 0.0355798 -0.3591
         vertex 0.0436582 0.0366021 -0.349892
      endloop
   endfacet
   facet normal -0.951137 -0.308713 0.0059884
      outer loop
         vertex 0.0436582 0.0366021 -0.349892
         vertex 0.0439372 0.0355798 -0.3591
         vertex 0.0439437 0.0355798 -0.358944
      endloop
   endfacet
   facet normal -0.913745 -0.405894 0.0178994
      outer loop
         vertex 0.0436657 0.0365826 -0.34989
         vertex 0.0439437 0.0355798 -0.358944
         vertex 0.0439503 0.0355798 -0.358788
      endloop
   endfacet
   facet normal -0.866316 -0.498617 0.0296138
      outer loop
         vertex 0.0436751 0.0365641 -0.349887
         vertex 0.0439503 0.0355798 -0.358788
         vertex 0.0439569 0.0355798 -0.358632
      endloop
   endfacet
   facet normal -0.809372 -0.585863 0.0410029
      outer loop
         vertex 0.0436865 0.0365466 -0.349885
         vertex 0.0439569 0.0355798 -0.358632
         vertex 0.0439634 0.0355798 -0.358476
      endloop
   endfacet
   facet normal -0.743537 -0.666674 0.0519416
      outer loop
         vertex 0.0436997 0.0365305 -0.349883
         vertex 0.0439634 0.0355798 -0.358476
         vertex 0.04397 0.0355798 -0.35832
      endloop
   endfacet
   facet normal -0.669535 -0.740162 0.0623098
      outer loop
         vertex 0.0437145 0.0365158 -0.349881
         vertex 0.04397 0.0355798 -0.35832
         vertex 0.0439734 0.0355798 -0.358238
      endloop
   endfacet
   facet normal -0.626382 -0.776595 0.0674164
      outer loop
         vertex 0.0439734 0.0355798 -0.358238
         vertex 0.0437308 0.0365027 -0.349879
         vertex 0.0437145 0.0365158 -0.349881
      endloop
   endfacet
   facet normal -0.626382 -0.776595 0.0674164
      outer loop
         vertex 0.0439734 0.0355798 -0.358238
         vertex 0.0439805 0.0355798 -0.358191
         vertex 0.0437308 0.0365027 -0.349879
      endloop
   endfacet
   facet normal -0.668264 -0.741316 0.0622323
      outer loop
         vertex 0.04397 0.0355798 -0.35832
         vertex 0.0437145 0.0365158 -0.349881
         vertex 0.0436997 0.0365305 -0.349883
      endloop
   endfacet
   facet normal -0.742204 -0.668163 0.0518712
      outer loop
         vertex 0.0439634 0.0355798 -0.358476
         vertex 0.0436997 0.0365305 -0.349883
         vertex 0.0436865 0.0365466 -0.349885
      endloop
   endfacet
   facet normal -0.80803 -0.587717 0.0409433
      outer loop
         vertex 0.0439569 0.0355798 -0.358632
         vertex 0.0436865 0.0365466 -0.349885
         vertex 0.0436751 0.0365641 -0.349887
      endloop
   endfacet
   facet normal -0.865024 -0.500858 0.0295684
      outer loop
         vertex 0.0439503 0.0355798 -0.358788
         vertex 0.0436751 0.0365641 -0.349887
         vertex 0.0436657 0.0365826 -0.34989
      endloop
   endfacet
   facet normal -0.912567 -0.408537 0.0178708
      outer loop
         vertex 0.0439437 0.0355798 -0.358944
         vertex 0.0436657 0.0365826 -0.34989
         vertex 0.0436582 0.0366021 -0.349892
      endloop
   endfacet
   facet normal -0.951137 -0.308713 0.0059884
      outer loop
         vertex 0.0436582 0.0366021 -0.349892
         vertex 0.0436528 0.0366222 -0.349894
         vertex 0.0439343 0.0355798 -0.35927
      endloop
   endfacet
   facet normal -0.977338 -0.2116 -0.00597837
      outer loop
         vertex 0.0439343 0.0355798 -0.35927
         vertex 0.0436528 0.0366222 -0.349894
         vertex 0.0436495 0.0366427 -0.349897
      endloop
   endfacet
   facet normal -0.992183 -0.123737 -0.0161958
      outer loop
         vertex 0.0439357 0.0355798 -0.359429
         vertex 0.0436495 0.0366427 -0.349897
         vertex 0.0436485 0.0366635 -0.349899
      endloop
   endfacet
   facet normal -0.999548 -0.00550675 -0.029564
      outer loop
         vertex 0.043945 0.0355798 -0.359641
         vertex 0.0436485 0.0366635 -0.349899
         vertex 0.0436496 0.0366843 -0.349901
      endloop
   endfacet
   facet normal -0.994326 0.0981794 -0.0409352
      outer loop
         vertex 0.0439532 0.0355798 -0.359827
         vertex 0.0436496 0.0366843 -0.349901
         vertex 0.043653 0.0367049 -0.349904
      endloop
   endfacet
   facet normal -0.978262 0.200784 -0.0518585
      outer loop
         vertex 0.0439614 0.0355798 -0.360013
         vertex 0.043653 0.0367049 -0.349904
         vertex 0.0436584 0.0367251 -0.349906
      endloop
   endfacet
   facet normal -0.951533 0.301189 -0.062215
      outer loop
         vertex 0.0439695 0.0355798 -0.360199
         vertex 0.0436584 0.0367251 -0.349906
         vertex 0.043667 0.0367441 -0.349907
      endloop
   endfacet
   facet normal -0.929564 0.36227 -0.0683427
      outer loop
         vertex 0.0439746 0.0355798 -0.360315
         vertex 0.043667 0.0367441 -0.349907
         vertex 0.0436755 0.0367631 -0.349909
      endloop
   endfacet
   facet normal -0.86736 0.49108 -0.0807835
      outer loop
         vertex 0.0439968 0.0355798 -0.36053
         vertex 0.0436755 0.0367631 -0.349909
         vertex 0.043687 0.0367806 -0.349911
      endloop
   endfacet
   facet normal -0.810839 0.578494 -0.0887931
      outer loop
         vertex 0.0440129 0.0355798 -0.360687
         vertex 0.043687 0.0367806 -0.349911
         vertex 0.0437002 0.0367968 -0.349912
      endloop
   endfacet
   facet normal -0.745486 0.659595 -0.0958336
      outer loop
         vertex 0.044029 0.0355798 -0.360844
         vertex 0.0437002 0.0367968 -0.349912
         vertex 0.0437151 0.0368115 -0.349914
      endloop
   endfacet
   facet normal -0.703051 0.704144 -0.0995029
      outer loop
         vertex 0.0440385 0.0355798 -0.360936
         vertex 0.0437151 0.0368115 -0.349914
         vertex 0.0437314 0.0368246 -0.349915
      endloop
   endfacet
   facet normal -0.591198 0.799436 -0.106712
      outer loop
         vertex 0.0440667 0.0355798 -0.361098
         vertex 0.0437314 0.0368246 -0.349915
         vertex 0.043749 0.0368359 -0.349915
      endloop
   endfacet
   facet normal -0.547129 0.830006 -0.108348
      outer loop
         vertex 0.0435294 0.0376161 -0.342838
         vertex 0.0435403 0.0376228 -0.342838
         vertex 0.043749 0.0368359 -0.349915
      endloop
   endfacet
   facet normal -0.626235 0.772625 -0.104304
      outer loop
         vertex 0.0435136 0.0376046 -0.342838
         vertex 0.0435227 0.0376113 -0.342838
         vertex 0.0437314 0.0368246 -0.349915
      endloop
   endfacet
   facet normal -0.70018 0.707042 -0.0991958
      outer loop
         vertex 0.0434988 0.0375913 -0.342838
         vertex 0.0435064 0.0375981 -0.342838
         vertex 0.0437151 0.0368115 -0.349914
      endloop
   endfacet
   facet normal -0.793377 0.601999 -0.0902713
      outer loop
         vertex 0.0434802 0.0375701 -0.342838
         vertex 0.0434914 0.0375834 -0.342838
         vertex 0.0437002 0.0367968 -0.349912
      endloop
   endfacet
   facet normal -0.849271 0.521398 -0.0829629
      outer loop
         vertex 0.0434691 0.0375538 -0.342838
         vertex 0.0434802 0.0375701 -0.342838
         vertex 0.043687 0.0367806 -0.349911
      endloop
   endfacet
   facet normal -0.897641 0.434348 -0.0747163
      outer loop
         vertex 0.0434595 0.0375362 -0.342838
         vertex 0.0434667 0.0375494 -0.342838
         vertex 0.0436755 0.0367631 -0.349909
      endloop
   endfacet
   facet normal -0.915498 0.396012 -0.070983
      outer loop
         vertex 0.0434559 0.0375285 -0.342838
         vertex 0.0434569 0.0375307 -0.342838
         vertex 0.043667 0.0367441 -0.349907
      endloop
   endfacet
   facet normal -0.976342 0.209865 -0.0520934
      outer loop
         vertex 0.0434439 0.0374908 -0.342838
         vertex 0.043449 0.03751 -0.342838
         vertex 0.0436584 0.0367251 -0.349906
      endloop
   endfacet
   facet normal -0.992898 0.111443 -0.0416456
      outer loop
         vertex 0.0434406 0.0374709 -0.342838
         vertex 0.0434438 0.0374907 -0.342838
         vertex 0.043653 0.0367049 -0.349904
      endloop
   endfacet
   facet normal -0.996795 0.0708048 -0.0372452
      outer loop
         vertex 0.0434399 0.0374627 -0.342838
         vertex 0.0434406 0.0374709 -0.342838
         vertex 0.0436496 0.0366843 -0.349901
      endloop
   endfacet
   facet normal -0.999282 -0.0271279 -0.0264372
      outer loop
         vertex 0.0434394 0.0374429 -0.342838
         vertex 0.0434395 0.0374487 -0.342838
         vertex 0.0436485 0.0366635 -0.349899
      endloop
   endfacet
   facet normal -0.991996 -0.125341 -0.0153099
      outer loop
         vertex 0.0434409 0.037423 -0.342838
         vertex 0.0434406 0.0374276 -0.342838
         vertex 0.0436495 0.0366427 -0.349897
      endloop
   endfacet
   facet normal -0.965108 -0.261852 0.000650295
      outer loop
         vertex 0.0434464 0.0373953 -0.342838
         vertex 0.0434445 0.037403 -0.342838
         vertex 0.0436528 0.0366222 -0.349894
      endloop
   endfacet
   facet normal -0.934762 -0.355075 0.0119026
      outer loop
         vertex 0.0434525 0.0373764 -0.342838
         vertex 0.0434493 0.0373864 -0.342838
         vertex 0.0436582 0.0366021 -0.349892
      endloop
   endfacet
   facet normal -0.895083 -0.445302 0.0230973
      outer loop
         vertex 0.0434606 0.0373581 -0.342838
         vertex 0.0434568 0.0373666 -0.342838
         vertex 0.0436657 0.0365826 -0.34989
      endloop
   endfacet
   facet normal -0.845784 -0.532427 0.0342307
      outer loop
         vertex 0.0434705 0.0373405 -0.342838
         vertex 0.0434664 0.0373478 -0.342838
         vertex 0.0436751 0.0365641 -0.349887
      endloop
   endfacet
   facet normal -0.765167 -0.641982 0.0487794
      outer loop
         vertex 0.0434867 0.0373182 -0.342838
         vertex 0.0434777 0.03733 -0.342838
         vertex 0.0436865 0.0365466 -0.349885
      endloop
   endfacet
   facet normal -0.697812 -0.713867 0.0587518
      outer loop
         vertex 0.0435002 0.0373036 -0.342838
         vertex 0.043491 0.0373136 -0.342838
         vertex 0.0436997 0.0365305 -0.349883
      endloop
   endfacet
   facet normal -0.622447 -0.779677 0.0682852
      outer loop
         vertex 0.0435153 0.0372903 -0.342838
         vertex 0.0435058 0.0372987 -0.342838
         vertex 0.0437145 0.0365158 -0.349881
      endloop
   endfacet
   facet normal -0.509892 -0.856498 0.0801382
      outer loop
         vertex 0.0435379 0.0372746 -0.342838
         vertex 0.0435215 0.0372855 -0.342838
         vertex 0.0437308 0.0365027 -0.349879
      endloop
   endfacet
   facet normal -0.422713 -0.902004 0.0877639
      outer loop
         vertex 0.0435554 0.0372654 -0.342838
         vertex 0.0435397 0.0372737 -0.342838
         vertex 0.0437483 0.0364914 -0.349877
      endloop
   endfacet
   facet normal -0.330019 -0.939219 0.0946309
      outer loop
         vertex 0.043574 0.0372578 -0.342838
         vertex 0.0435554 0.0372654 -0.342838
         vertex 0.043767 0.036482 -0.349875
      endloop
   endfacet
   facet normal -0.291404 -0.951654 0.0971506
      outer loop
         vertex 0.0435817 0.0372552 -0.342838
         vertex 0.043578 0.0372564 -0.342838
         vertex 0.0437866 0.0364746 -0.349874
      endloop
   endfacet
   facet normal -0.104812 -0.988744 0.106771
      outer loop
         vertex 0.0436191 0.0372476 -0.342838
         vertex 0.0436007 0.0372504 -0.342838
         vertex 0.0438068 0.0364692 -0.349873
      endloop
   endfacet
   facet normal -0.099569 -0.989263 0.106983
      outer loop
         vertex 0.0436201 0.0372475 -0.342838
         vertex 0.0436191 0.0372476 -0.342838
         vertex 0.0438275 0.036466 -0.349872
      endloop
   endfacet
   facet normal -0.0116906 -0.993854 0.110076
      outer loop
         vertex 0.0440846 0.0355798 -0.357838
         vertex 0.0440869 0.0355798 -0.357838
         vertex 0.0438484 0.036465 -0.349871
      endloop
   endfacet
   facet normal -0.10709 -0.988517 0.106611
      outer loop
         vertex 0.0440658 0.0355798 -0.357848
         vertex 0.0440663 0.0355798 -0.357848
         vertex 0.0438275 0.036466 -0.349872
      endloop
   endfacet
   facet normal -0.239956 -0.965613 0.100064
      outer loop
         vertex 0.0440405 0.0355798 -0.357891
         vertex 0.0440466 0.0355798 -0.357878
         vertex 0.0438068 0.0364692 -0.349873
      endloop
   endfacet
   facet normal -0.3086 -0.94635 0.0958564
      outer loop
         vertex 0.0440279 0.0355798 -0.357928
         vertex 0.0437866 0.0364746 -0.349874
         vertex 0.043767 0.036482 -0.349875
      endloop
   endfacet
   facet normal -0.409156 -0.908154 0.0885831
      outer loop
         vertex 0.0440097 0.0355798 -0.357997
         vertex 0.043767 0.036482 -0.349875
         vertex 0.0437483 0.0364914 -0.349877
      endloop
   endfacet
   facet normal -0.499333 -0.862634 0.0808072
      outer loop
         vertex 0.0439953 0.0355798 -0.358092
         vertex 0.0437483 0.0364914 -0.349877
         vertex 0.0437308 0.0365027 -0.349879
      endloop
   endfacet
   facet normal 1.22465e-16 -1 0
      outer loop
         vertex 0.0442247 0.0355798 -0.358098
         vertex 0.0440761 0.0355798 -0.357841
         vertex 0.0440734 0.0355798 -0.357842
      endloop
   endfacet
   facet normal 1.22465e-16 -1 0
      outer loop
         vertex 0.0442247 0.0355798 -0.358098
         vertex 0.0440305 0.0355798 -0.357918
         vertex 0.0440279 0.0355798 -0.357928
      endloop
   endfacet
   facet normal 1.22465e-16 -1 0
      outer loop
         vertex 0.0442247 0.0355798 -0.358098
         vertex 0.0440569 0.0355798 -0.357859
         vertex 0.0440501 0.0355798 -0.35787
      endloop
   endfacet
   facet normal 1.22465e-16 -1 0
      outer loop
         vertex 0.0442247 0.0355798 -0.358098
         vertex 0.0440786 0.0355798 -0.357839
         vertex 0.0440761 0.0355798 -0.357841
      endloop
   endfacet
   facet normal 1.22465e-16 -1 0
      outer loop
         vertex 0.0442247 0.0355798 -0.358098
         vertex 0.0440869 0.0355798 -0.357838
         vertex 0.0440846 0.0355798 -0.357838
      endloop
   endfacet
   facet normal 1.22465e-16 -1 0
      outer loop
         vertex 0.0442247 0.0355798 -0.358098
         vertex 0.0440405 0.0355798 -0.357891
         vertex 0.0440305 0.0355798 -0.357918
      endloop
   endfacet
   facet normal 1.22465e-16 -1 0
      outer loop
         vertex 0.0442247 0.0355798 -0.358098
         vertex 0.0440614 0.0355798 -0.357853
         vertex 0.0440569 0.0355798 -0.357859
      endloop
   endfacet
   facet normal 1.22465e-16 -1 0
      outer loop
         vertex 0.0442247 0.0355798 -0.358098
         vertex 0.0440663 0.0355798 -0.357848
         vertex 0.0440658 0.0355798 -0.357848
      endloop
   endfacet
   facet normal 1.22465e-16 -1 0
      outer loop
         vertex 0.0442247 0.0355798 -0.358098
         vertex 0.0440799 0.0355798 -0.357839
         vertex 0.0440786 0.0355798 -0.357839
      endloop
   endfacet
   facet normal 1.22465e-16 -1 0
      outer loop
         vertex 0.0440846 0.0355798 -0.357838
         vertex 0.0440823 0.0355798 -0.357838
         vertex 0.0442247 0.0355798 -0.358098
      endloop
   endfacet
   facet normal 1.22465e-16 -1 0
      outer loop
         vertex 0.0440869 0.0355798 -0.357838
         vertex 0.0451621 0.0355798 -0.357864
         vertex 0.0453756 0.0355798 -0.357847
      endloop
   endfacet
   facet normal 1.22465e-16 -1 0
      outer loop
         vertex 0.0442247 0.0355798 -0.358098
         vertex 0.0440466 0.0355798 -0.357878
         vertex 0.0440405 0.0355798 -0.357891
      endloop
   endfacet
   facet normal 1.22465e-16 -1 0
      outer loop
         vertex 0.0440658 0.0355798 -0.357848
         vertex 0.0440614 0.0355798 -0.357853
         vertex 0.0442247 0.0355798 -0.358098
      endloop
   endfacet
   facet normal 1.22465e-16 -1 0
      outer loop
         vertex 0.0442247 0.0355798 -0.358098
         vertex 0.0440703 0.0355798 -0.357844
         vertex 0.0440695 0.0355798 -0.357845
      endloop
   endfacet
   facet normal 1.22465e-16 -1 0
      outer loop
         vertex 0.0440823 0.0355798 -0.357838
         vertex 0.0440799 0.0355798 -0.357839
         vertex 0.0442247 0.0355798 -0.358098
      endloop
   endfacet
   facet normal 1.22465e-16 -1 0
      outer loop
         vertex 0.0440869 0.0355798 -0.357838
         vertex 0.0450601 0.0355798 -0.357872
         vertex 0.0451621 0.0355798 -0.357864
      endloop
   endfacet
   facet normal 1.22465e-16 -1 0
      outer loop
         vertex 0.0440501 0.0355798 -0.35787
         vertex 0.0440466 0.0355798 -0.357878
         vertex 0.0442247 0.0355798 -0.358098
      endloop
   endfacet
   facet normal 1.22465e-16 -1 0
      outer loop
         vertex 0.0440734 0.0355798 -0.357842
         vertex 0.0440703 0.0355798 -0.357844
         vertex 0.0442247 0.0355798 -0.358098
      endloop
   endfacet
   facet normal 1.22465e-16 -1 0
      outer loop
         vertex 0.0441192 0.0355798 -0.35815
         vertex 0.0439953 0.0355798 -0.358092
         vertex 0.0439805 0.0355798 -0.358191
      endloop
   endfacet
   facet normal 1.22465e-16 -1 0
      outer loop
         vertex 0.0441192 0.0355798 -0.35815
         vertex 0.0440279 0.0355798 -0.357928
         vertex 0.0440097 0.0355798 -0.357997
      endloop
   endfacet
   facet normal 1.22465e-16 -1 0
      outer loop
         vertex 0.0453756 0.0355798 -0.357847
         vertex 0.0454632 0.0355798 -0.35784
         vertex 0.0440869 0.0355798 -0.357838
      endloop
   endfacet
   facet normal 1.22465e-16 -1 0
      outer loop
         vertex 0.0440869 0.0355798 -0.357838
         vertex 0.044743 0.0355798 -0.357927
         vertex 0.0449552 0.0355798 -0.35789
      endloop
   endfacet
   facet normal 1.22465e-16 -1 0
      outer loop
         vertex 0.0440695 0.0355798 -0.357845
         vertex 0.0440663 0.0355798 -0.357848
         vertex 0.0442247 0.0355798 -0.358098
      endloop
   endfacet
   facet normal 1.22465e-16 -1 0
      outer loop
         vertex 0.0440097 0.0355798 -0.357997
         vertex 0.0439953 0.0355798 -0.358092
         vertex 0.0441192 0.0355798 -0.35815
      endloop
   endfacet
   facet normal 1.22465e-16 -1 0
      outer loop
         vertex 0.0449552 0.0355798 -0.35789
         vertex 0.0450601 0.0355798 -0.357872
         vertex 0.0440869 0.0355798 -0.357838
      endloop
   endfacet
   facet normal 1.22465e-16 -1 0
      outer loop
         vertex 0.0440869 0.0355798 -0.357838
         vertex 0.0444413 0.0355798 -0.358012
         vertex 0.0445695 0.0355798 -0.357976
      endloop
   endfacet
   facet normal 1.22465e-16 -1 0
      outer loop
         vertex 0.0440869 0.0355798 -0.357838
         vertex 0.0442247 0.0355798 -0.358098
         vertex 0.0442276 0.0355798 -0.358097
      endloop
   endfacet
   facet normal 1.22465e-16 -1 0
      outer loop
         vertex 0.0439805 0.0355798 -0.358191
         vertex 0.0439734 0.0355798 -0.358238
         vertex 0.0441192 0.0355798 -0.35815
      endloop
   endfacet
   facet normal 1.22465e-16 -1 0
      outer loop
         vertex 0.0445695 0.0355798 -0.357976
         vertex 0.044743 0.0355798 -0.357927
         vertex 0.0440869 0.0355798 -0.357838
      endloop
   endfacet
   facet normal 1.22465e-16 -1 0
      outer loop
         vertex 0.0440279 0.0355798 -0.357928
         vertex 0.0441192 0.0355798 -0.35815
         vertex 0.0442247 0.0355798 -0.358098
      endloop
   endfacet
   facet normal 1.22465e-16 -1 0
      outer loop
         vertex 0.0442276 0.0355798 -0.358097
         vertex 0.0444413 0.0355798 -0.358012
         vertex 0.0440869 0.0355798 -0.357838
      endloop
   endfacet
   facet normal 1.22465e-16 -1 0
      outer loop
         vertex 0.0454632 0.0355798 -0.35784
         vertex 0.0455921 0.0355798 -0.357838
         vertex 0.0440869 0.0355798 -0.357838
      endloop
   endfacet
   facet normal 0 0 -1
      outer loop
         vertex 0.0426877 -0.0361857 -0.342838
         vertex 0.0434802 -0.0366327 -0.342838
         vertex 0.0434914 -0.036646 -0.342838
      endloop
   endfacet
   facet normal 0 0 -1
      outer loop
         vertex 0.0426877 0.0371232 -0.342838
         vertex 0.0434595 0.0375362 -0.342838
         vertex 0.0434569 0.0375307 -0.342838
      endloop
   endfacet
   facet normal 0 0 -1
      outer loop
         vertex 0.0426877 0.0371232 -0.342838
         vertex 0.0434928 0.0375851 -0.342838
         vertex 0.0434914 0.0375834 -0.342838
      endloop
   endfacet
   facet normal 0 0 -1
      outer loop
         vertex 0.0426877 0.0371232 -0.342838
         vertex 0.0435294 0.0376161 -0.342838
         vertex 0.0435227 0.0376113 -0.342838
      endloop
   endfacet
   facet normal 0 0 -1
      outer loop
         vertex 0.0436401 0.0372465 -0.342838
         vertex 0.0493917 0.0372465 -0.342838
         vertex 0.0485451 0.0367996 -0.342838
      endloop
   endfacet
   facet normal 0 0 -1
      outer loop
         vertex 0.0426877 -0.0361857 -0.342838
         vertex 0.0434988 -0.0366539 -0.342838
         vertex 0.0435064 -0.0366607 -0.342838
      endloop
   endfacet
   facet normal 0 0 -1
      outer loop
         vertex 0.0434914 -0.036646 -0.342838
         vertex 0.0434928 -0.0366477 -0.342838
         vertex 0.0426877 -0.0361857 -0.342838
      endloop
   endfacet
   facet normal 0 0 -1
      outer loop
         vertex 0.0426877 -0.0361857 -0.342838
         vertex 0.0434559 -0.0365911 -0.342838
         vertex 0.0434569 -0.0365933 -0.342838
      endloop
   endfacet
   facet normal 0 0 -1
      outer loop
         vertex 0.0426877 0.0371232 -0.342838
         vertex 0.0434399 0.0374627 -0.342838
         vertex 0.0434395 0.0374487 -0.342838
      endloop
   endfacet
   facet normal 0 0 -1
      outer loop
         vertex 0.0434569 0.0375307 -0.342838
         vertex 0.0434559 0.0375285 -0.342838
         vertex 0.0426877 0.0371232 -0.342838
      endloop
   endfacet
   facet normal 0 0 -1
      outer loop
         vertex 0.0426877 0.0371232 -0.342838
         vertex 0.0434691 0.0375538 -0.342838
         vertex 0.0434667 0.0375494 -0.342838
      endloop
   endfacet
   facet normal 0 0 -1
      outer loop
         vertex 0.0426877 0.0371232 -0.342838
         vertex 0.0434988 0.0375913 -0.342838
         vertex 0.0434928 0.0375851 -0.342838
      endloop
   endfacet
   facet normal 0 0 -1
      outer loop
         vertex 0.0426877 0.0371232 -0.342838
         vertex 0.0435136 0.0376046 -0.342838
         vertex 0.0435064 0.0375981 -0.342838
      endloop
   endfacet
   facet normal 0 0 -1
      outer loop
         vertex 0.0426877 0.0371232 -0.342838
         vertex 0.0435403 0.0376228 -0.342838
         vertex 0.0435294 0.0376161 -0.342838
      endloop
   endfacet
   facet normal 0 0 -1
      outer loop
         vertex 0.0485451 0.0367996 -0.342838
         vertex 0.0448377 0.0349084 -0.342838
         vertex 0.0436401 0.0372465 -0.342838
      endloop
   endfacet
   facet normal 0 0 -1
      outer loop
         vertex 0.0426877 -0.0361857 -0.342838
         vertex 0.0435136 -0.0366671 -0.342838
         vertex 0.0435227 -0.0366738 -0.342838
      endloop
   endfacet
   facet normal 0 0 -1
      outer loop
         vertex 0.0434928 -0.0366477 -0.342838
         vertex 0.0434988 -0.0366539 -0.342838
         vertex 0.0426877 -0.0361857 -0.342838
      endloop
   endfacet
   facet normal 0 0 -1
      outer loop
         vertex 0.0426877 -0.0361857 -0.342838
         vertex 0.0434595 -0.0365988 -0.342838
         vertex 0.0434667 -0.036612 -0.342838
      endloop
   endfacet
   facet normal 0 0 -1
      outer loop
         vertex 0.0426877 -0.0361857 -0.342838
         vertex 0.043449 -0.0365726 -0.342838
         vertex 0.0434559 -0.0365911 -0.342838
      endloop
   endfacet
   facet normal 0 0 -1
      outer loop
         vertex 0.0426877 -0.0361857 -0.342838
         vertex 0.0434394 -0.0365055 -0.342838
         vertex 0.0434395 -0.0365113 -0.342838
      endloop
   endfacet
   facet normal 0 0 -1
      outer loop
         vertex 0.0250024 -0.015365 -0.342838
         vertex 0.0235234 -0.0109756 -0.342838
         vertex 0.0269094 -0.0118183 -0.342838
      endloop
   endfacet
   facet normal 0 0 -1
      outer loop
         vertex 0.0235234 -0.0109756 -0.342838
         vertex 0.0225277 -0.00645197 -0.342838
         vertex 0.0258327 -0.0077981 -0.342838
      endloop
   endfacet
   facet normal 0 0 -1
      outer loop
         vertex 0.0426877 0.0371232 -0.342838
         vertex 0.0434464 0.0373953 -0.342838
         vertex 0.0434493 0.0373864 -0.342838
      endloop
   endfacet
   facet normal 0 0 -1
      outer loop
         vertex 0.0426877 0.0371232 -0.342838
         vertex 0.0434406 0.0374709 -0.342838
         vertex 0.0434399 0.0374627 -0.342838
      endloop
   endfacet
   facet normal 0 0 -1
      outer loop
         vertex 0.0426877 0.0371232 -0.342838
         vertex 0.0434439 0.0374908 -0.342838
         vertex 0.0434438 0.0374907 -0.342838
      endloop
   endfacet
   facet normal 0 0 -1
      outer loop
         vertex 0.0434667 0.0375494 -0.342838
         vertex 0.0434595 0.0375362 -0.342838
         vertex 0.0426877 0.0371232 -0.342838
      endloop
   endfacet
   facet normal 0 0 -1
      outer loop
         vertex 0.0434914 0.0375834 -0.342838
         vertex 0.0434802 0.0375701 -0.342838
         vertex 0.0426877 0.0371232 -0.342838
      endloop
   endfacet
   facet normal 0 0 -1
      outer loop
         vertex 0.0435227 0.0376113 -0.342838
         vertex 0.0435136 0.0376046 -0.342838
         vertex 0.0426877 0.0371232 -0.342838
      endloop
   endfacet
   facet normal 0 0 -1
      outer loop
         vertex 0.0493917 0.0372465 -0.342838
         vertex 0.04944 0.0372477 -0.342838
         vertex 0.0485451 0.0367996 -0.342838
      endloop
   endfacet
   facet normal 0 0 -1
      outer loop
         vertex 0.0435227 -0.0366738 -0.342838
         vertex 0.0435294 -0.0366787 -0.342838
         vertex 0.0426877 -0.0361857 -0.342838
      endloop
   endfacet
   facet normal 0 0 -1
      outer loop
         vertex 0.0426877 -0.0361857 -0.342838
         vertex 0.0434691 -0.0366164 -0.342838
         vertex 0.0434802 -0.0366327 -0.342838
      endloop
   endfacet
   facet normal 0 0 -1
      outer loop
         vertex 0.0434569 -0.0365933 -0.342838
         vertex 0.0434595 -0.0365988 -0.342838
         vertex 0.0426877 -0.0361857 -0.342838
      endloop
   endfacet
   facet normal 0 0 -1
      outer loop
         vertex 0.0426877 -0.0361857 -0.342838
         vertex 0.0434406 -0.0365335 -0.342838
         vertex 0.0434438 -0.0365532 -0.342838
      endloop
   endfacet
   facet normal 0 0 -1
      outer loop
         vertex 0.0434395 -0.0365113 -0.342838
         vertex 0.0434399 -0.0365253 -0.342838
         vertex 0.0426877 -0.0361857 -0.342838
      endloop
   endfacet
   facet normal 0 0 -1
      outer loop
         vertex 0.0426877 -0.0361857 -0.342838
         vertex 0.0434525 -0.036439 -0.342838
         vertex 0.0434493 -0.036449 -0.342838
      endloop
   endfacet
   facet normal 0 0 -1
      outer loop
         vertex 0.0258327 -0.0077981 -0.342838
         vertex 0.0269094 -0.0118183 -0.342838
         vertex 0.0235234 -0.0109756 -0.342838
      endloop
   endfacet
   facet normal 0 0 -1
      outer loop
         vertex 0.0225277 -0.00645197 -0.342838
         vertex 0.0220269 -0.00184724 -0.342838
         vertex 0.0251819 -0.00368745 -0.342838
      endloop
   endfacet
   facet normal 0 0 -1
      outer loop
         vertex 0.0434606 0.0373581 -0.342838
         vertex 0.0388539 0.0345238 -0.342838
         vertex 0.0426877 0.0371232 -0.342838
      endloop
   endfacet
   facet normal 0 0 -1
      outer loop
         vertex 0.0426877 0.0371232 -0.342838
         vertex 0.0434445 0.037403 -0.342838
         vertex 0.0434464 0.0373953 -0.342838
      endloop
   endfacet
   facet normal 0 0 -1
      outer loop
         vertex 0.0426877 0.0371232 -0.342838
         vertex 0.0434394 0.0374429 -0.342838
         vertex 0.0434406 0.0374276 -0.342838
      endloop
   endfacet
   facet normal 0 0 -1
      outer loop
         vertex 0.0434438 0.0374907 -0.342838
         vertex 0.0434406 0.0374709 -0.342838
         vertex 0.0426877 0.0371232 -0.342838
      endloop
   endfacet
   facet normal 0 0 -1
      outer loop
         vertex 0.0434559 0.0375285 -0.342838
         vertex 0.043449 0.03751 -0.342838
         vertex 0.0426877 0.0371232 -0.342838
      endloop
   endfacet
   facet normal 0 0 -1
      outer loop
         vertex 0.0435064 0.0375981 -0.342838
         vertex 0.0434988 0.0375913 -0.342838
         vertex 0.0426877 0.0371232 -0.342838
      endloop
   endfacet
   facet normal 0 0 -1
      outer loop
         vertex 0.0485451 0.0367996 -0.342838
         vertex 0.0494802 0.0372504 -0.342838
         vertex 0.0494874 0.0372514 -0.342838
      endloop
   endfacet
   facet normal 0 0 -1
      outer loop
         vertex 0.0448377 0.0349084 -0.342838
         vertex 0.0436201 0.0372475 -0.342838
         vertex 0.0436401 0.0372465 -0.342838
      endloop
   endfacet
   facet normal 0 0 -1
      outer loop
         vertex 0.0435064 -0.0366607 -0.342838
         vertex 0.0435136 -0.0366671 -0.342838
         vertex 0.0426877 -0.0361857 -0.342838
      endloop
   endfacet
   facet normal 0 0 -1
      outer loop
         vertex 0.0426877 -0.0361857 -0.342838
         vertex 0.0434439 -0.0365534 -0.342838
         vertex 0.043449 -0.0365726 -0.342838
      endloop
   endfacet
   facet normal 0 0 -1
      outer loop
         vertex 0.0434399 -0.0365253 -0.342838
         vertex 0.0434406 -0.0365335 -0.342838
         vertex 0.0426877 -0.0361857 -0.342838
      endloop
   endfacet
   facet normal 0 0 -1
      outer loop
         vertex 0.0426877 -0.0361857 -0.342838
         vertex 0.0434409 -0.0364856 -0.342838
         vertex 0.0434406 -0.0364902 -0.342838
      endloop
   endfacet
   facet normal 0 0 -1
      outer loop
         vertex 0.0434493 -0.036449 -0.342838
         vertex 0.0434464 -0.0364579 -0.342838
         vertex 0.0426877 -0.0361857 -0.342838
      endloop
   endfacet
   facet normal 0 0 -1
      outer loop
         vertex 0.0426877 -0.0361857 -0.342838
         vertex 0.0434867 -0.0363808 -0.342838
         vertex 0.0434777 -0.0363926 -0.342838
      endloop
   endfacet
   facet normal 0 0 -1
      outer loop
         vertex 0.0485451 -0.0358622 -0.342838
         vertex 0.0497659 -0.0363822 -0.342838
         vertex 0.0497207 -0.0363651 -0.342838
      endloop
   endfacet
   facet normal 0 0 -1
      outer loop
         vertex 0.0251819 -0.00368745 -0.342838
         vertex 0.0258327 -0.0077981 -0.342838
         vertex 0.0225277 -0.00645197 -0.342838
      endloop
   endfacet
   facet normal 0 0 -1
      outer loop
         vertex 0.0388539 0.0345238 -0.342838
         vertex 0.0434664 0.0373478 -0.342838
         vertex 0.0434705 0.0373405 -0.342838
      endloop
   endfacet
   facet normal 0 0 -1
      outer loop
         vertex 0.0426877 0.0371232 -0.342838
         vertex 0.0434525 0.0373764 -0.342838
         vertex 0.0434568 0.0373666 -0.342838
      endloop
   endfacet
   facet normal 0 0 -1
      outer loop
         vertex 0.0426877 0.0371232 -0.342838
         vertex 0.0434409 0.037423 -0.342838
         vertex 0.0434445 0.037403 -0.342838
      endloop
   endfacet
   facet normal 0 0 -1
      outer loop
         vertex 0.0434395 0.0374487 -0.342838
         vertex 0.0434394 0.0374429 -0.342838
         vertex 0.0426877 0.0371232 -0.342838
      endloop
   endfacet
   facet normal 0 0 -1
      outer loop
         vertex 0.0434802 0.0375701 -0.342838
         vertex 0.0434691 0.0375538 -0.342838
         vertex 0.0426877 0.0371232 -0.342838
      endloop
   endfacet
   facet normal 0 0 -1
      outer loop
         vertex 0.04944 0.0372477 -0.342838
         vertex 0.0494802 0.0372504 -0.342838
         vertex 0.0485451 0.0367996 -0.342838
      endloop
   endfacet
   facet normal 0 0 -1
      outer loop
         vertex 0.0448377 0.0349084 -0.342838
         vertex 0.043578 0.0372564 -0.342838
         vertex 0.0435817 0.0372552 -0.342838
      endloop
   endfacet
   facet normal 0 0 -1
      outer loop
         vertex 0.0448377 0.0349084 -0.342838
         vertex 0.0435554 0.0372654 -0.342838
         vertex 0.043574 0.0372578 -0.342838
      endloop
   endfacet
   facet normal 0 0 -1
      outer loop
         vertex 0.0448377 0.0349084 -0.342838
         vertex 0.0434867 0.0373182 -0.342838
         vertex 0.043491 0.0373136 -0.342838
      endloop
   endfacet
   facet normal 0 0 -1
      outer loop
         vertex 0.0448377 0.0349084 -0.342838
         vertex 0.0434747 0.037334 -0.342838
         vertex 0.0434777 0.03733 -0.342838
      endloop
   endfacet
   facet normal 0 0 -1
      outer loop
         vertex 0.0434667 -0.036612 -0.342838
         vertex 0.0434691 -0.0366164 -0.342838
         vertex 0.0426877 -0.0361857 -0.342838
      endloop
   endfacet
   facet normal 0 0 -1
      outer loop
         vertex 0.0434406 -0.0364902 -0.342838
         vertex 0.0434394 -0.0365055 -0.342838
         vertex 0.0426877 -0.0361857 -0.342838
      endloop
   endfacet
   facet normal 0 0 -1
      outer loop
         vertex 0.0434464 -0.0364579 -0.342838
         vertex 0.0434445 -0.0364656 -0.342838
         vertex 0.0426877 -0.0361857 -0.342838
      endloop
   endfacet
   facet normal 0 0 -1
      outer loop
         vertex 0.0426877 -0.0361857 -0.342838
         vertex 0.0434606 -0.0364207 -0.342838
         vertex 0.0434568 -0.0364292 -0.342838
      endloop
   endfacet
   facet normal 0 0 -1
      outer loop
         vertex 0.0426877 -0.0361857 -0.342838
         vertex 0.0434705 -0.0364031 -0.342838
         vertex 0.0434664 -0.0364104 -0.342838
      endloop
   endfacet
   facet normal 0 0 -1
      outer loop
         vertex 0.0434777 -0.0363926 -0.342838
         vertex 0.0434747 -0.0363966 -0.342838
         vertex 0.0426877 -0.0361857 -0.342838
      endloop
   endfacet
   facet normal 0 0 -1
      outer loop
         vertex 0.0448377 -0.033971 -0.342838
         vertex 0.0435817 -0.0363178 -0.342838
         vertex 0.043578 -0.036319 -0.342838
      endloop
   endfacet
   facet normal 0 0 -1
      outer loop
         vertex 0.0436401 -0.0363091 -0.342838
         vertex 0.0448377 -0.033971 -0.342838
         vertex 0.0485451 -0.0358622 -0.342838
      endloop
   endfacet
   facet normal 0 0 -1
      outer loop
         vertex 0.0485451 -0.0358622 -0.342838
         vertex 0.049491 -0.036314 -0.342838
         vertex 0.0494874 -0.0363139 -0.342838
      endloop
   endfacet
   facet normal 0 0 -1
      outer loop
         vertex 0.0497207 -0.0363651 -0.342838
         vertex 0.0496824 -0.0363525 -0.342838
         vertex 0.0485451 -0.0358622 -0.342838
      endloop
   endfacet
   facet normal 0 0 -1
      outer loop
         vertex 0.0220269 -0.00184724 -0.342838
         vertex 0.0249641 0.000468706 -0.342838
         vertex 0.0251819 -0.00368745 -0.342838
      endloop
   endfacet
   facet normal 0 0 -1
      outer loop
         vertex 0.0220269 0.00278465 -0.342838
         vertex 0.0251819 0.00462486 -0.342838
         vertex 0.0249641 0.000468706 -0.342838
      endloop
   endfacet
   facet normal 0 0 -1
      outer loop
         vertex 0.0413483 0.0326403 -0.342838
         vertex 0.0434705 0.0373405 -0.342838
         vertex 0.0434747 0.037334 -0.342838
      endloop
   endfacet
   facet normal 0 0 -1
      outer loop
         vertex 0.0388539 0.0345238 -0.342838
         vertex 0.0434606 0.0373581 -0.342838
         vertex 0.0434664 0.0373478 -0.342838
      endloop
   endfacet
   facet normal 0 0 -1
      outer loop
         vertex 0.0434493 0.0373864 -0.342838
         vertex 0.0434525 0.0373764 -0.342838
         vertex 0.0426877 0.0371232 -0.342838
      endloop
   endfacet
   facet normal 0 0 -1
      outer loop
         vertex 0.043449 0.03751 -0.342838
         vertex 0.0434439 0.0374908 -0.342838
         vertex 0.0426877 0.0371232 -0.342838
      endloop
   endfacet
   facet normal 0 0 -1
      outer loop
         vertex 0.0485451 0.0367996 -0.342838
         vertex 0.049672 0.0372868 -0.342838
         vertex 0.0496754 0.037288 -0.342838
      endloop
   endfacet
   facet normal 0 0 -1
      outer loop
         vertex 0.0494874 0.0372514 -0.342838
         vertex 0.0495767 0.0372639 -0.342838
         vertex 0.0485451 0.0367996 -0.342838
      endloop
   endfacet
   facet normal 0 0 -1
      outer loop
         vertex 0.0448377 0.0349084 -0.342838
         vertex 0.0436007 0.0372504 -0.342838
         vertex 0.0436191 0.0372476 -0.342838
      endloop
   endfacet
   facet normal 0 0 -1
      outer loop
         vertex 0.043574 0.0372578 -0.342838
         vertex 0.043578 0.0372564 -0.342838
         vertex 0.0448377 0.0349084 -0.342838
      endloop
   endfacet
   facet normal 0 0 -1
      outer loop
         vertex 0.0448377 0.0349084 -0.342838
         vertex 0.0435379 0.0372746 -0.342838
         vertex 0.0435397 0.0372737 -0.342838
      endloop
   endfacet
   facet normal 0 0 -1
      outer loop
         vertex 0.0448377 0.0349084 -0.342838
         vertex 0.0435153 0.0372903 -0.342838
         vertex 0.0435215 0.0372855 -0.342838
      endloop
   endfacet
   facet normal 0 0 -1
      outer loop
         vertex 0.0448377 0.0349084 -0.342838
         vertex 0.0435002 0.0373036 -0.342838
         vertex 0.0435058 0.0372987 -0.342838
      endloop
   endfacet
   facet normal 0 0 -1
      outer loop
         vertex 0.0434777 0.03733 -0.342838
         vertex 0.0434867 0.0373182 -0.342838
         vertex 0.0448377 0.0349084 -0.342838
      endloop
   endfacet
   facet normal 0 0 -1
      outer loop
         vertex 0.0434438 -0.0365532 -0.342838
         vertex 0.0434439 -0.0365534 -0.342838
         vertex 0.0426877 -0.0361857 -0.342838
      endloop
   endfacet
   facet normal 0 0 -1
      outer loop
         vertex 0.0434568 -0.0364292 -0.342838
         vertex 0.0434525 -0.036439 -0.342838
         vertex 0.0426877 -0.0361857 -0.342838
      endloop
   endfacet
   facet normal 0 0 -1
      outer loop
         vertex 0.0434747 -0.0363966 -0.342838
         vertex 0.0434705 -0.0364031 -0.342838
         vertex 0.0426877 -0.0361857 -0.342838
      endloop
   endfacet
   facet normal 0 0 -1
      outer loop
         vertex 0.0426877 -0.0361857 -0.342838
         vertex 0.0435002 -0.0363662 -0.342838
         vertex 0.043491 -0.0363762 -0.342838
      endloop
   endfacet
   facet normal 0 0 -1
      outer loop
         vertex 0.0426877 -0.0361857 -0.342838
         vertex 0.0435153 -0.0363528 -0.342838
         vertex 0.0435058 -0.0363612 -0.342838
      endloop
   endfacet
   facet normal 0 0 -1
      outer loop
         vertex 0.0426877 -0.0361857 -0.342838
         vertex 0.0435379 -0.0363372 -0.342838
         vertex 0.0435215 -0.0363481 -0.342838
      endloop
   endfacet
   facet normal 0 0 -1
      outer loop
         vertex 0.0426877 -0.0361857 -0.342838
         vertex 0.0448377 -0.033971 -0.342838
         vertex 0.0435554 -0.036328 -0.342838
      endloop
   endfacet
   facet normal 0 0 -1
      outer loop
         vertex 0.0448377 -0.033971 -0.342838
         vertex 0.0436007 -0.036313 -0.342838
         vertex 0.0435817 -0.0363178 -0.342838
      endloop
   endfacet
   facet normal 0 0 -1
      outer loop
         vertex 0.0494874 -0.0363139 -0.342838
         vertex 0.0493917 -0.0363091 -0.342838
         vertex 0.0485451 -0.0358622 -0.342838
      endloop
   endfacet
   facet normal 0 0 -1
      outer loop
         vertex 0.0496824 -0.0363525 -0.342838
         vertex 0.0496753 -0.0363507 -0.342838
         vertex 0.0485451 -0.0358622 -0.342838
      endloop
   endfacet
   facet normal 0 0 -1
      outer loop
         vertex 0.0293352 -0.0235376 -0.342838
         vertex 0.0269472 -0.0195688 -0.342838
         vertex 0.0302889 -0.0194125 -0.342838
      endloop
   endfacet
   facet normal 0 0 -1
      outer loop
         vertex 0.0269472 -0.0195688 -0.342838
         vertex 0.0250024 -0.015365 -0.342838
         vertex 0.0284002 -0.0157039 -0.342838
      endloop
   endfacet
   facet normal 0 0 -1
      outer loop
         vertex 0.0249641 0.000468706 -0.342838
         vertex 0.0220269 -0.00184724 -0.342838
         vertex 0.0220269 0.00278465 -0.342838
      endloop
   endfacet
   facet normal 0 0 -1
      outer loop
         vertex 0.0225277 0.00738938 -0.342838
         vertex 0.0258327 0.00873552 -0.342838
         vertex 0.0251819 0.00462486 -0.342838
      endloop
   endfacet
   facet normal 0 0 -1
      outer loop
         vertex 0.0250024 0.0163024 -0.342838
         vertex 0.0284002 0.0166413 -0.342838
         vertex 0.0269094 0.0127557 -0.342838
      endloop
   endfacet
   facet normal 0 0 -1
      outer loop
         vertex 0.0269472 0.0205062 -0.342838
         vertex 0.0302889 0.0203499 -0.342838
         vertex 0.0284002 0.0166413 -0.342838
      endloop
   endfacet
   facet normal 0 0 -1
      outer loop
         vertex 0.0353237 0.0315252 -0.342838
         vertex 0.0381149 0.0300199 -0.342838
         vertex 0.035173 0.027076 -0.342838
      endloop
   endfacet
   facet normal 0 0 -1
      outer loop
         vertex 0.0388539 0.0345238 -0.342838
         vertex 0.0413483 0.0326403 -0.342838
         vertex 0.0381149 0.0300199 -0.342838
      endloop
   endfacet
   facet normal 0 0 -1
      outer loop
         vertex 0.0434705 0.0373405 -0.342838
         vertex 0.0413483 0.0326403 -0.342838
         vertex 0.0388539 0.0345238 -0.342838
      endloop
   endfacet
   facet normal 0 0 -1
      outer loop
         vertex 0.0434406 0.0374276 -0.342838
         vertex 0.0434409 0.037423 -0.342838
         vertex 0.0426877 0.0371232 -0.342838
      endloop
   endfacet
   facet normal 0 0 -1
      outer loop
         vertex 0.0495767 0.0372639 -0.342838
         vertex 0.049672 0.0372868 -0.342838
         vertex 0.0485451 0.0367996 -0.342838
      endloop
   endfacet
   facet normal 0 0 -1
      outer loop
         vertex 0.0435817 0.0372552 -0.342838
         vertex 0.0436007 0.0372504 -0.342838
         vertex 0.0448377 0.0349084 -0.342838
      endloop
   endfacet
   facet normal 0 0 -1
      outer loop
         vertex 0.0435215 0.0372855 -0.342838
         vertex 0.0435379 0.0372746 -0.342838
         vertex 0.0448377 0.0349084 -0.342838
      endloop
   endfacet
   facet normal 0 0 -1
      outer loop
         vertex 0.043491 0.0373136 -0.342838
         vertex 0.0435002 0.0373036 -0.342838
         vertex 0.0448377 0.0349084 -0.342838
      endloop
   endfacet
   facet normal 0 0 -1
      outer loop
         vertex 0.0434445 -0.0364656 -0.342838
         vertex 0.0434409 -0.0364856 -0.342838
         vertex 0.0426877 -0.0361857 -0.342838
      endloop
   endfacet
   facet normal 0 0 -1
      outer loop
         vertex 0.043491 -0.0363762 -0.342838
         vertex 0.0434867 -0.0363808 -0.342838
         vertex 0.0426877 -0.0361857 -0.342838
      endloop
   endfacet
   facet normal 0 0 -1
      outer loop
         vertex 0.0435215 -0.0363481 -0.342838
         vertex 0.0435153 -0.0363528 -0.342838
         vertex 0.0426877 -0.0361857 -0.342838
      endloop
   endfacet
   facet normal 0 0 -1
      outer loop
         vertex 0.0435554 -0.036328 -0.342838
         vertex 0.0435397 -0.0363363 -0.342838
         vertex 0.0426877 -0.0361857 -0.342838
      endloop
   endfacet
   facet normal 0 0 -1
      outer loop
         vertex 0.043578 -0.036319 -0.342838
         vertex 0.043574 -0.0363204 -0.342838
         vertex 0.0448377 -0.033971 -0.342838
      endloop
   endfacet
   facet normal 0 0 -1
      outer loop
         vertex 0.0448377 -0.033971 -0.342838
         vertex 0.0436201 -0.0363101 -0.342838
         vertex 0.0436191 -0.0363102 -0.342838
      endloop
   endfacet
   facet normal 0 0 -1
      outer loop
         vertex 0.0485451 -0.0358622 -0.342838
         vertex 0.0493917 -0.0363091 -0.342838
         vertex 0.0436401 -0.0363091 -0.342838
      endloop
   endfacet
   facet normal 0 0 -1
      outer loop
         vertex 0.0496753 -0.0363507 -0.342838
         vertex 0.0495879 -0.0363286 -0.342838
         vertex 0.0485451 -0.0358622 -0.342838
      endloop
   endfacet
   facet normal 0 0 -1
      outer loop
         vertex 0.0284002 -0.0157039 -0.342838
         vertex 0.0302889 -0.0194125 -0.342838
         vertex 0.0269472 -0.0195688 -0.342838
      endloop
   endfacet
   facet normal 0 0 -1
      outer loop
         vertex 0.0251819 0.00462486 -0.342838
         vertex 0.0220269 0.00278465 -0.342838
         vertex 0.0225277 0.00738938 -0.342838
      endloop
   endfacet
   facet normal 0 0 -1
      outer loop
         vertex 0.0235234 0.011913 -0.342838
         vertex 0.0269094 0.0127557 -0.342838
         vertex 0.0258327 0.00873552 -0.342838
      endloop
   endfacet
   facet normal 0 0 -1
      outer loop
         vertex 0.0284002 0.0166413 -0.342838
         vertex 0.0250024 0.0163024 -0.342838
         vertex 0.0269472 0.0205062 -0.342838
      endloop
   endfacet
   facet normal 0 0 -1
      outer loop
         vertex 0.0381149 0.0300199 -0.342838
         vertex 0.0353237 0.0315252 -0.342838
         vertex 0.0388539 0.0345238 -0.342838
      endloop
   endfacet
   facet normal 0 0 -1
      outer loop
         vertex 0.0426877 0.0371232 -0.342838
         vertex 0.0434568 0.0373666 -0.342838
         vertex 0.0434606 0.0373581 -0.342838
      endloop
   endfacet
   facet normal 0 0 -1
      outer loop
         vertex 0.0436191 0.0372476 -0.342838
         vertex 0.0436201 0.0372475 -0.342838
         vertex 0.0448377 0.0349084 -0.342838
      endloop
   endfacet
   facet normal 0 0 -1
      outer loop
         vertex 0.0435058 0.0372987 -0.342838
         vertex 0.0435153 0.0372903 -0.342838
         vertex 0.0448377 0.0349084 -0.342838
      endloop
   endfacet
   facet normal 0 0 -1
      outer loop
         vertex 0.0434664 -0.0364104 -0.342838
         vertex 0.0434606 -0.0364207 -0.342838
         vertex 0.0426877 -0.0361857 -0.342838
      endloop
   endfacet
   facet normal 0 0 -1
      outer loop
         vertex 0.0435397 -0.0363363 -0.342838
         vertex 0.0435379 -0.0363372 -0.342838
         vertex 0.0426877 -0.0361857 -0.342838
      endloop
   endfacet
   facet normal 0 0 -1
      outer loop
         vertex 0.0436191 -0.0363102 -0.342838
         vertex 0.0436007 -0.036313 -0.342838
         vertex 0.0448377 -0.033971 -0.342838
      endloop
   endfacet
   facet normal 0 0 -1
      outer loop
         vertex 0.0495879 -0.0363286 -0.342838
         vertex 0.049491 -0.036314 -0.342838
         vertex 0.0485451 -0.0358622 -0.342838
      endloop
   endfacet
   facet normal 0 0 -1
      outer loop
         vertex 0.0426877 -0.0361857 -0.342838
         vertex 0.0388539 -0.0335864 -0.342838
         vertex 0.0413483 -0.0317028 -0.342838
      endloop
   endfacet
   facet normal 0 0 -1
      outer loop
         vertex 0.0388539 -0.0335864 -0.342838
         vertex 0.0353237 -0.0305878 -0.342838
         vertex 0.0381149 -0.0290825 -0.342838
      endloop
   endfacet
   facet normal 0 0 -1
      outer loop
         vertex 0.0353237 -0.0305878 -0.342838
         vertex 0.0321383 -0.027225 -0.342838
         vertex 0.035173 -0.0261386 -0.342838
      endloop
   endfacet
   facet normal 0 0 -1
      outer loop
         vertex 0.0321383 -0.027225 -0.342838
         vertex 0.0293352 -0.0235376 -0.342838
         vertex 0.0325548 -0.0229035 -0.342838
      endloop
   endfacet
   facet normal 0 0 -1
      outer loop
         vertex 0.0269094 -0.0118183 -0.342838
         vertex 0.0284002 -0.0157039 -0.342838
         vertex 0.0250024 -0.015365 -0.342838
      endloop
   endfacet
   facet normal 0 0 -1
      outer loop
         vertex 0.0269094 0.0127557 -0.342838
         vertex 0.0235234 0.011913 -0.342838
         vertex 0.0250024 0.0163024 -0.342838
      endloop
   endfacet
   facet normal 0 0 -1
      outer loop
         vertex 0.0434747 0.037334 -0.342838
         vertex 0.0448377 0.0349084 -0.342838
         vertex 0.0413483 0.0326403 -0.342838
      endloop
   endfacet
   facet normal 0 0 -1
      outer loop
         vertex 0.0435397 0.0372737 -0.342838
         vertex 0.0435554 0.0372654 -0.342838
         vertex 0.0448377 0.0349084 -0.342838
      endloop
   endfacet
   facet normal 0 0 -1
      outer loop
         vertex 0.0435058 -0.0363612 -0.342838
         vertex 0.0435002 -0.0363662 -0.342838
         vertex 0.0426877 -0.0361857 -0.342838
      endloop
   endfacet
   facet normal 0 0 -1
      outer loop
         vertex 0.0436401 -0.0363091 -0.342838
         vertex 0.0436201 -0.0363101 -0.342838
         vertex 0.0448377 -0.033971 -0.342838
      endloop
   endfacet
   facet normal 0 0 -1
      outer loop
         vertex 0.0381149 -0.0290825 -0.342838
         vertex 0.0413483 -0.0317028 -0.342838
         vertex 0.0388539 -0.0335864 -0.342838
      endloop
   endfacet
   facet normal 0 0 -1
      outer loop
         vertex 0.0325548 -0.0229035 -0.342838
         vertex 0.035173 -0.0261386 -0.342838
         vertex 0.0321383 -0.027225 -0.342838
      endloop
   endfacet
   facet normal 0 0 -1
      outer loop
         vertex 0.0258327 0.00873552 -0.342838
         vertex 0.0225277 0.00738938 -0.342838
         vertex 0.0235234 0.011913 -0.342838
      endloop
   endfacet
   facet normal 0 0 -1
      outer loop
         vertex 0.0293352 0.024475 -0.342838
         vertex 0.0325548 0.0238409 -0.342838
         vertex 0.0302889 0.0203499 -0.342838
      endloop
   endfacet
   facet normal 0 0 -1
      outer loop
         vertex 0.0321383 0.0281625 -0.342838
         vertex 0.035173 0.027076 -0.342838
         vertex 0.0325548 0.0238409 -0.342838
      endloop
   endfacet
   facet normal 0 0 -1
      outer loop
         vertex 0.0496754 0.037288 -0.342838
         vertex 0.0497659 0.0373196 -0.342838
         vertex 0.0485451 0.0367996 -0.342838
      endloop
   endfacet
   facet normal 0 0 -1
      outer loop
         vertex 0.043574 -0.0363204 -0.342838
         vertex 0.0435554 -0.036328 -0.342838
         vertex 0.0448377 -0.033971 -0.342838
      endloop
   endfacet
   facet normal 0 0 -1
      outer loop
         vertex 0.035173 -0.0261386 -0.342838
         vertex 0.0381149 -0.0290825 -0.342838
         vertex 0.0353237 -0.0305878 -0.342838
      endloop
   endfacet
   facet normal 0 0 -1
      outer loop
         vertex 0.0302889 0.0203499 -0.342838
         vertex 0.0269472 0.0205062 -0.342838
         vertex 0.0293352 0.024475 -0.342838
      endloop
   endfacet
   facet normal 0 0 -1
      outer loop
         vertex 0.035173 0.027076 -0.342838
         vertex 0.0321383 0.0281625 -0.342838
         vertex 0.0353237 0.0315252 -0.342838
      endloop
   endfacet
   facet normal 0 0 -1
      outer loop
         vertex 0.0413483 -0.0317028 -0.342838
         vertex 0.0448377 -0.033971 -0.342838
         vertex 0.0426877 -0.0361857 -0.342838
      endloop
   endfacet
   facet normal 0 0 -1
      outer loop
         vertex 0.0325548 0.0238409 -0.342838
         vertex 0.0293352 0.024475 -0.342838
         vertex 0.0321383 0.0281625 -0.342838
      endloop
   endfacet
   facet normal 0 0 -1
      outer loop
         vertex 0.0302889 -0.0194125 -0.342838
         vertex 0.0325548 -0.0229035 -0.342838
         vertex 0.0293352 -0.0235376 -0.342838
      endloop
   endfacet
   facet normal 0 0 -1
      outer loop
         vertex 0.0435294 -0.0366787 -0.342838
         vertex 0.0435403 -0.0366854 -0.342838
         vertex 0.0426877 -0.0361857 -0.342838
      endloop
   endfacet
   facet normal 1.21716e-16 -0.993884 0.110432
      outer loop
         vertex 0.0495555 0.0364127 -0.350342
         vertex 0.0438484 0.036465 -0.349871
         vertex 0.0455921 0.0355798 -0.357838
      endloop
   endfacet
   facet normal 1.21716e-16 -0.993884 0.110432
      outer loop
         vertex 0.0493917 0.0372465 -0.342838
         vertex 0.0436401 0.0372465 -0.342838
         vertex 0.0438484 0.036465 -0.349871
      endloop
   endfacet
   facet normal 1.21716e-16 -0.993884 0.110432
      outer loop
         vertex 0.0438484 0.036465 -0.349871
         vertex 0.0440869 0.0355798 -0.357838
         vertex 0.0455921 0.0355798 -0.357838
      endloop
   endfacet
   facet normal 1.21716e-16 -0.993884 0.110432
      outer loop
         vertex 0.0455921 0.0355798 -0.357838
         vertex 0.0497209 0.0355798 -0.357838
         vertex 0.0495555 0.0364127 -0.350342
      endloop
   endfacet
   facet normal 1.21716e-16 -0.993884 0.110432
      outer loop
         vertex 0.0438484 0.036465 -0.349871
         vertex 0.0495555 0.0364127 -0.350342
         vertex 0.0493917 0.0372465 -0.342838
      endloop
   endfacet
   facet normal 0.283695 -0.952354 0.111978
      outer loop
         vertex 0.0496754 0.037288 -0.342838
         vertex 0.0498421 0.0364551 -0.350341
         vertex 0.0499208 0.0365499 -0.349778
      endloop
   endfacet
   facet normal 0.286592 -0.951482 0.112011
      outer loop
         vertex 0.0498421 0.0364551 -0.350341
         vertex 0.0499208 0.0364835 -0.350342
         vertex 0.0499208 0.0365499 -0.349778
      endloop
   endfacet
   facet normal 0.286592 -0.951482 0.112011
      outer loop
         vertex 0.0498421 0.0364551 -0.350341
         vertex 0.0496754 0.037288 -0.342838
         vertex 0.049672 0.0372868 -0.342838
      endloop
   endfacet
   facet normal 0.280239 -0.953372 0.112016
      outer loop
         vertex 0.049672 0.0372868 -0.342838
         vertex 0.0497481 0.0364317 -0.35034
         vertex 0.0498421 0.0364551 -0.350341
      endloop
   endfacet
   facet normal 0.0967383 -0.988987 0.112011
      outer loop
         vertex 0.0496523 0.0364176 -0.350341
         vertex 0.0497481 0.0364317 -0.35034
         vertex 0.0495767 0.0372639 -0.342838
      endloop
   endfacet
   facet normal 0 -0.993884 0.110432
      outer loop
         vertex 0.0495555 0.0364127 -0.350342
         vertex 0.0494802 0.0372504 -0.342838
         vertex 0.04944 0.0372477 -0.342838
      endloop
   endfacet
   facet normal 0 -0.993884 0.110432
      outer loop
         vertex 0.0495555 0.0364127 -0.350342
         vertex 0.0496523 0.0364176 -0.350341
         vertex 0.0494874 0.0372514 -0.342838
      endloop
   endfacet
   facet normal 0.0957353 -0.989088 0.111978
      outer loop
         vertex 0.0494874 0.0372514 -0.342838
         vertex 0.0494802 0.0372504 -0.342838
         vertex 0.0495555 0.0364127 -0.350342
      endloop
   endfacet
   facet normal 0.0967383 -0.988987 0.112011
      outer loop
         vertex 0.0496523 0.0364176 -0.350341
         vertex 0.0497802 0.0355798 -0.357854
         vertex 0.0497931 0.0355798 -0.357861
      endloop
   endfacet
   facet normal 0.0716603 -0.991153 0.111718
      outer loop
         vertex 0.0497931 0.0355798 -0.357861
         vertex 0.049802 0.0355798 -0.357867
         vertex 0.0496523 0.0364176 -0.350341
      endloop
   endfacet
   facet normal 0.0803717 -0.990471 0.111836
      outer loop
         vertex 0.049802 0.0355798 -0.357867
         vertex 0.0498194 0.0355798 -0.357881
         vertex 0.0496523 0.0364176 -0.350341
      endloop
   endfacet
   facet normal 0.0967383 -0.988987 0.112011
      outer loop
         vertex 0.0496523 0.0364176 -0.350341
         vertex 0.049738 0.0355798 -0.357839
         vertex 0.0497491 0.0355798 -0.357841
      endloop
   endfacet
   facet normal 0.0281111 -0.993422 0.111004
      outer loop
         vertex 0.0497491 0.0355798 -0.357841
         vertex 0.0497555 0.0355798 -0.357843
         vertex 0.0496523 0.0364176 -0.350341
      endloop
   endfacet
   facet normal 0.0343796 -0.993212 0.11112
      outer loop
         vertex 0.0497555 0.0355798 -0.357843
         vertex 0.0497677 0.0355798 -0.357848
         vertex 0.0496523 0.0364176 -0.350341
      endloop
   endfacet
   facet normal 0.0464894 -0.992695 0.111331
      outer loop
         vertex 0.0497677 0.0355798 -0.357848
         vertex 0.0497802 0.0355798 -0.357854
         vertex 0.0496523 0.0364176 -0.350341
      endloop
   endfacet
   facet normal 0.0967383 -0.988987 0.112011
      outer loop
         vertex 0.0496523 0.0364176 -0.350341
         vertex 0.0495555 0.0364127 -0.350342
         vertex 0.0497209 0.0355798 -0.357838
      endloop
   endfacet
   facet normal 0 -0.993884 0.110432
      outer loop
         vertex 0.0497209 0.0355798 -0.357838
         vertex 0.049727 0.0355798 -0.357838
         vertex 0.0496523 0.0364176 -0.350341
      endloop
   endfacet
   facet normal 0.00607841 -0.993851 0.110563
      outer loop
         vertex 0.049727 0.0355798 -0.357838
         vertex 0.049738 0.0355798 -0.357839
         vertex 0.0496523 0.0364176 -0.350341
      endloop
   endfacet
   facet normal 0.192569 -0.974809 0.112539
      outer loop
         vertex 0.0497481 0.0364317 -0.35034
         vertex 0.0498376 0.0355798 -0.357898
         vertex 0.0498633 0.0355798 -0.357928
      endloop
   endfacet
   facet normal 0.140354 -0.983699 0.112415
      outer loop
         vertex 0.0498633 0.0355798 -0.357928
         vertex 0.0498911 0.0355798 -0.357966
         vertex 0.0497481 0.0364317 -0.35034
      endloop
   endfacet
   facet normal 0.192569 -0.974809 0.112539
      outer loop
         vertex 0.0497481 0.0364317 -0.35034
         vertex 0.0496523 0.0364176 -0.350341
         vertex 0.0498197 0.0355798 -0.357881
      endloop
   endfacet
   facet normal 0.0977787 -0.988881 0.112046
      outer loop
         vertex 0.0498197 0.0355798 -0.357881
         vertex 0.0498376 0.0355798 -0.357898
         vertex 0.0497481 0.0364317 -0.35034
      endloop
   endfacet
   facet normal 0.192569 -0.974809 0.112539
      outer loop
         vertex 0.0497481 0.0364317 -0.35034
         vertex 0.0499208 0.0355798 -0.358013
         vertex 0.0499208 0.0360618 -0.353922
      endloop
   endfacet
   facet normal 0.288006 -0.951053 0.112027
      outer loop
         vertex 0.0499208 0.0360618 -0.353922
         vertex 0.0498421 0.0364551 -0.350341
         vertex 0.0497481 0.0364317 -0.35034
      endloop
   endfacet
   facet normal 0.167279 -0.979465 0.112542
      outer loop
         vertex 0.0498911 0.0355798 -0.357966
         vertex 0.0499208 0.0355798 -0.358013
         vertex 0.0497481 0.0364317 -0.35034
      endloop
   endfacet
   facet normal 0.0974452 -0.988914 0.112042
      outer loop
         vertex 0.0498194 0.0355798 -0.357881
         vertex 0.0498197 0.0355798 -0.357881
         vertex 0.0496523 0.0364176 -0.350341
      endloop
   endfacet
   facet normal 0.0483019 -0.992608 0.111339
      outer loop
         vertex 0.04944 0.0372477 -0.342838
         vertex 0.0493917 0.0372465 -0.342838
         vertex 0.0495555 0.0364127 -0.350342
      endloop
   endfacet
   facet normal 0.185005 -0.976278 0.112493
      outer loop
         vertex 0.0495767 0.0372639 -0.342838
         vertex 0.0494874 0.0372514 -0.342838
         vertex 0.0496523 0.0364176 -0.350341
      endloop
   endfacet
   facet normal 0.280239 -0.953372 0.112016
      outer loop
         vertex 0.049672 0.0372868 -0.342838
         vertex 0.0495767 0.0372639 -0.342838
         vertex 0.0497481 0.0364317 -0.35034
      endloop
   endfacet
   facet normal 0.377641 -0.919344 0.110432
      outer loop
         vertex 0.0499208 0.0365499 -0.349778
         vertex 0.0497659 0.0373196 -0.342838
         vertex 0.0496754 0.037288 -0.342838
      endloop
   endfacet
   facet normal 0.365678 -0.924134 0.110708
      outer loop
         vertex 0.0499208 0.0364835 -0.350342
         vertex 0.0498421 0.0364551 -0.350341
         vertex 0.0499208 0.0360618 -0.353922
      endloop
   endfacet
   facet normal -1 1.68014e-15 0
      outer loop
         vertex 0.0499208 0.0355798 -0.357838
         vertex 0.0499208 0.0364835 -0.350342
         vertex 0.0499208 0.0360618 -0.353922
      endloop
   endfacet
   facet normal -1 1.68014e-15 0
      outer loop
         vertex 0.0499208 0.0355798 -0.357838
         vertex 0.0499208 0.0365499 -0.349778
         vertex 0.0499208 0.0364835 -0.350342
      endloop
   endfacet
   facet normal -1 1.68014e-15 0
      outer loop
         vertex 0.0499208 0.0360618 -0.353922
         vertex 0.0499208 0.0355798 -0.358013
         vertex 0.0499208 0.0355798 -0.357838
      endloop
   endfacet
   facet normal -1.22465e-16 1 0
      outer loop
         vertex 0.0499208 0.0355798 -0.357838
         vertex 0.049802 0.0355798 -0.357867
         vertex 0.0497931 0.0355798 -0.357861
      endloop
   endfacet
   facet normal -1.22465e-16 1 0
      outer loop
         vertex 0.0499208 0.0355798 -0.357838
         vertex 0.0498194 0.0355798 -0.357881
         vertex 0.049802 0.0355798 -0.357867
      endloop
   endfacet
   facet normal -1.22465e-16 1 0
      outer loop
         vertex 0.0497931 0.0355798 -0.357861
         vertex 0.0497802 0.0355798 -0.357854
         vertex 0.0499208 0.0355798 -0.357838
      endloop
   endfacet
   facet normal -1.22465e-16 1 0
      outer loop
         vertex 0.0499208 0.0355798 -0.357838
         vertex 0.0498376 0.0355798 -0.357898
         vertex 0.0498197 0.0355798 -0.357881
      endloop
   endfacet
   facet normal -1.22465e-16 1 0
      outer loop
         vertex 0.0499208 0.0355798 -0.357838
         vertex 0.0499208 0.0355798 -0.358013
         vertex 0.0498911 0.0355798 -0.357966
      endloop
   endfacet
   facet normal -1.22465e-16 1 0
      outer loop
         vertex 0.0499208 0.0355798 -0.357838
         vertex 0.0497555 0.0355798 -0.357843
         vertex 0.0497491 0.0355798 -0.357841
      endloop
   endfacet
   facet normal -1.22465e-16 1 0
      outer loop
         vertex 0.0498197 0.0355798 -0.357881
         vertex 0.0498194 0.0355798 -0.357881
         vertex 0.0499208 0.0355798 -0.357838
      endloop
   endfacet
   facet normal -1.22465e-16 1 0
      outer loop
         vertex 0.0498911 0.0355798 -0.357966
         vertex 0.0498633 0.0355798 -0.357928
         vertex 0.0499208 0.0355798 -0.357838
      endloop
   endfacet
   facet normal -1.22465e-16 1 0
      outer loop
         vertex 0.0499208 0.0355798 -0.357838
         vertex 0.0497677 0.0355798 -0.357848
         vertex 0.0497555 0.0355798 -0.357843
      endloop
   endfacet
   facet normal -1.22465e-16 1 0
      outer loop
         vertex 0.0498633 0.0355798 -0.357928
         vertex 0.0498376 0.0355798 -0.357898
         vertex 0.0499208 0.0355798 -0.357838
      endloop
   endfacet
   facet normal -1.22465e-16 1 0
      outer loop
         vertex 0.0499208 0.0355798 -0.357838
         vertex 0.049738 0.0355798 -0.357839
         vertex 0.049727 0.0355798 -0.357838
      endloop
   endfacet
   facet normal -1.22465e-16 1 0
      outer loop
         vertex 0.0497802 0.0355798 -0.357854
         vertex 0.0497677 0.0355798 -0.357848
         vertex 0.0499208 0.0355798 -0.357838
      endloop
   endfacet
   facet normal -1.22465e-16 1 0
      outer loop
         vertex 0.0497491 0.0355798 -0.357841
         vertex 0.049738 0.0355798 -0.357839
         vertex 0.0499208 0.0355798 -0.357838
      endloop
   endfacet
   facet normal -1.22465e-16 1 0
      outer loop
         vertex 0.049727 0.0355798 -0.357838
         vertex 0.0497209 0.0355798 -0.357838
         vertex 0.0499208 0.0355798 -0.357838
      endloop
   endfacet
   facet normal 0 0.993884 0.110432
      outer loop
         vertex 0.0495555 -0.0354753 -0.350342
         vertex 0.0493917 -0.0363091 -0.342838
         vertex 0.0494874 -0.0363139 -0.342838
      endloop
   endfacet
   facet normal 0.0967383 0.988987 0.112011
      outer loop
         vertex 0.0496523 -0.0354802 -0.350341
         vertex 0.0494874 -0.0363139 -0.342838
         vertex 0.049491 -0.036314 -0.342838
      endloop
   endfacet
   facet normal 0.099319 0.988731 0.112016
      outer loop
         vertex 0.049491 -0.036314 -0.342838
         vertex 0.0497481 -0.0354943 -0.35034
         vertex 0.0496523 -0.0354802 -0.350341
      endloop
   endfacet
   facet normal 0.286592 0.951482 0.112011
      outer loop
         vertex 0.0498421 -0.0355177 -0.350341
         vertex 0.0497481 -0.0354943 -0.35034
         vertex 0.0495879 -0.0363286 -0.342838
      endloop
   endfacet
   facet normal 0.290636 0.950268 0.111897
      outer loop
         vertex 0.0496824 -0.0363525 -0.342838
         vertex 0.0497207 -0.0363651 -0.342838
         vertex 0.0499208 -0.0356125 -0.349778
      endloop
   endfacet
   facet normal 0.377641 0.919344 0.110432
      outer loop
         vertex 0.0499208 -0.0356125 -0.349778
         vertex 0.0499208 -0.035546 -0.350342
         vertex 0.0496824 -0.0363525 -0.342838
      endloop
   endfacet
   facet normal 0.365678 0.924134 0.110708
      outer loop
         vertex 0.0499208 -0.035546 -0.350342
         vertex 0.0498421 -0.0355177 -0.350341
         vertex 0.0496753 -0.0363507 -0.342838
      endloop
   endfacet
   facet normal 0.283695 0.952354 0.111978
      outer loop
         vertex 0.0496753 -0.0363507 -0.342838
         vertex 0.0496824 -0.0363525 -0.342838
         vertex 0.0499208 -0.035546 -0.350342
      endloop
   endfacet
   facet normal 0.192569 0.974809 0.112539
      outer loop
         vertex 0.0497481 -0.0354943 -0.35034
         vertex 0.0498421 -0.0355177 -0.350341
         vertex 0.0499208 -0.0351243 -0.353922
      endloop
   endfacet
   facet normal 0.192569 0.974809 0.112539
      outer loop
         vertex 0.0497481 -0.0354943 -0.35034
         vertex 0.0498367 -0.0346424 -0.357897
         vertex 0.0498197 -0.0346424 -0.357882
      endloop
   endfacet
   facet normal 0.192569 0.974809 0.112539
      outer loop
         vertex 0.0497481 -0.0354943 -0.35034
         vertex 0.0499208 -0.0346424 -0.358013
         vertex 0.0498882 -0.0346424 -0.357961
      endloop
   endfacet
   facet normal 0.164482 0.97994 0.112533
      outer loop
         vertex 0.0498882 -0.0346424 -0.357961
         vertex 0.0498633 -0.0346424 -0.357928
         vertex 0.0497481 -0.0354943 -0.35034
      endloop
   endfacet
   facet normal 0.140372 0.983696 0.112415
      outer loop
         vertex 0.0498633 -0.0346424 -0.357928
         vertex 0.0498367 -0.0346424 -0.357897
         vertex 0.0497481 -0.0354943 -0.35034
      endloop
   endfacet
   facet normal 0.0967383 0.988987 0.112011
      outer loop
         vertex 0.0496523 -0.0354802 -0.350341
         vertex 0.0497331 -0.0346424 -0.357839
         vertex 0.0497209 -0.0346424 -0.357838
      endloop
   endfacet
   facet normal 0.0967383 0.988987 0.112011
      outer loop
         vertex 0.0496523 -0.0354802 -0.350341
         vertex 0.0497651 -0.0346424 -0.357847
         vertex 0.0497574 -0.0346424 -0.357844
      endloop
   endfacet
   facet normal 0.0967383 0.988987 0.112011
      outer loop
         vertex 0.0496523 -0.0354802 -0.350341
         vertex 0.0497788 -0.0346424 -0.357853
         vertex 0.0497651 -0.0346424 -0.357847
      endloop
   endfacet
   facet normal 0.0967383 0.988987 0.112011
      outer loop
         vertex 0.0496523 -0.0354802 -0.350341
         vertex 0.0498147 -0.0346424 -0.357877
         vertex 0.0498115 -0.0346424 -0.357874
      endloop
   endfacet
   facet normal 0.0967383 0.988987 0.112011
      outer loop
         vertex 0.0496523 -0.0354802 -0.350341
         vertex 0.0498197 -0.0346424 -0.357882
         vertex 0.0498147 -0.0346424 -0.357877
      endloop
   endfacet
   facet normal 0.0896849 0.989658 0.111952
      outer loop
         vertex 0.0498115 -0.0346424 -0.357874
         vertex 0.0497939 -0.0346424 -0.357862
         vertex 0.0496523 -0.0354802 -0.350341
      endloop
   endfacet
   facet normal 0.0724476 0.991094 0.111729
      outer loop
         vertex 0.0497939 -0.0346424 -0.357862
         vertex 0.0497788 -0.0346424 -0.357853
         vertex 0.0496523 -0.0354802 -0.350341
      endloop
   endfacet
   facet normal 0.0362664 0.993141 0.111154
      outer loop
         vertex 0.0497574 -0.0346424 -0.357844
         vertex 0.0497451 -0.0346424 -0.35784
         vertex 0.0496523 -0.0354802 -0.350341
      endloop
   endfacet
   facet normal 0.0241342 0.993535 0.110928
      outer loop
         vertex 0.0497451 -0.0346424 -0.35784
         vertex 0.0497331 -0.0346424 -0.357839
         vertex 0.0496523 -0.0354802 -0.350341
      endloop
   endfacet
   facet normal 0 0.993884 0.110432
      outer loop
         vertex 0.0497209 -0.0346424 -0.357838
         vertex 0.0495555 -0.0354753 -0.350342
         vertex 0.0496523 -0.0354802 -0.350341
      endloop
   endfacet
   facet normal 0.0977788 0.988881 0.112046
      outer loop
         vertex 0.0498197 -0.0346424 -0.357882
         vertex 0.0496523 -0.0354802 -0.350341
         vertex 0.0497481 -0.0354943 -0.35034
      endloop
   endfacet
   facet normal 0.288006 0.951053 0.112027
      outer loop
         vertex 0.0499208 -0.0351243 -0.353922
         vertex 0.0499208 -0.0346424 -0.358013
         vertex 0.0497481 -0.0354943 -0.35034
      endloop
   endfacet
   facet normal 0.288006 0.951053 0.112027
      outer loop
         vertex 0.0499208 -0.0351243 -0.353922
         vertex 0.0498421 -0.0355177 -0.350341
         vertex 0.0499208 -0.035546 -0.350342
      endloop
   endfacet
   facet normal 0.328962 0.937757 0.111339
      outer loop
         vertex 0.0497207 -0.0363651 -0.342838
         vertex 0.0497659 -0.0363822 -0.342838
         vertex 0.0499208 -0.0356125 -0.349778
      endloop
   endfacet
   facet normal 0.19617 0.974096 0.112493
      outer loop
         vertex 0.0495879 -0.0363286 -0.342838
         vertex 0.0496753 -0.0363507 -0.342838
         vertex 0.0498421 -0.0355177 -0.350341
      endloop
   endfacet
   facet normal 0.099319 0.988731 0.112016
      outer loop
         vertex 0.049491 -0.036314 -0.342838
         vertex 0.0495879 -0.0363286 -0.342838
         vertex 0.0497481 -0.0354943 -0.35034
      endloop
   endfacet
   facet normal 0.0957353 0.989088 0.111978
      outer loop
         vertex 0.0494874 -0.0363139 -0.342838
         vertex 0.0496523 -0.0354802 -0.350341
         vertex 0.0495555 -0.0354753 -0.350342
      endloop
   endfacet
   facet normal -1 1.68014e-15 0
      outer loop
         vertex 0.0499208 -0.0346424 -0.357838
         vertex 0.0499208 -0.0351243 -0.353922
         vertex 0.0499208 -0.035546 -0.350342
      endloop
   endfacet
   facet normal -1 1.68014e-15 0
      outer loop
         vertex 0.0499208 -0.0346424 -0.357838
         vertex 0.0499208 -0.0346424 -0.358013
         vertex 0.0499208 -0.0351243 -0.353922
      endloop
   endfacet
   facet normal -1 1.68014e-15 0
      outer loop
         vertex 0.0499208 -0.035546 -0.350342
         vertex 0.0499208 -0.0356125 -0.349778
         vertex 0.0499208 -0.0346424 -0.357838
      endloop
   endfacet
   facet normal 1.22465e-16 -1 0
      outer loop
         vertex 0.0499208 -0.0346424 -0.357838
         vertex 0.0497451 -0.0346424 -0.35784
         vertex 0.0497574 -0.0346424 -0.357844
      endloop
   endfacet
   facet normal 1.22465e-16 -1 0
      outer loop
         vertex 0.0499208 -0.0346424 -0.357838
         vertex 0.0498147 -0.0346424 -0.357877
         vertex 0.0498197 -0.0346424 -0.357882
      endloop
   endfacet
   facet normal 1.22465e-16 -1 0
      outer loop
         vertex 0.0499208 -0.0346424 -0.357838
         vertex 0.0497939 -0.0346424 -0.357862
         vertex 0.0498115 -0.0346424 -0.357874
      endloop
   endfacet
   facet normal 1.22465e-16 -1 0
      outer loop
         vertex 0.0497574 -0.0346424 -0.357844
         vertex 0.0497651 -0.0346424 -0.357847
         vertex 0.0499208 -0.0346424 -0.357838
      endloop
   endfacet
   facet normal 1.22465e-16 -1 0
      outer loop
         vertex 0.0499208 -0.0346424 -0.357838
         vertex 0.0498633 -0.0346424 -0.357928
         vertex 0.0498882 -0.0346424 -0.357961
      endloop
   endfacet
   facet normal 1.22465e-16 -1 0
      outer loop
         vertex 0.0498115 -0.0346424 -0.357874
         vertex 0.0498147 -0.0346424 -0.357877
         vertex 0.0499208 -0.0346424 -0.357838
      endloop
   endfacet
   facet normal 1.22465e-16 -1 0
      outer loop
         vertex 0.0497651 -0.0346424 -0.357847
         vertex 0.0497788 -0.0346424 -0.357853
         vertex 0.0499208 -0.0346424 -0.357838
      endloop
   endfacet
   facet normal 1.22465e-16 -1 0
      outer loop
         vertex 0.0499208 -0.0346424 -0.357838
         vertex 0.0498367 -0.0346424 -0.357897
         vertex 0.0498633 -0.0346424 -0.357928
      endloop
   endfacet
   facet normal 1.22465e-16 -1 0
      outer loop
         vertex 0.0497788 -0.0346424 -0.357853
         vertex 0.0497939 -0.0346424 -0.357862
         vertex 0.0499208 -0.0346424 -0.357838
      endloop
   endfacet
   facet normal 1.22465e-16 -1 0
      outer loop
         vertex 0.0498197 -0.0346424 -0.357882
         vertex 0.0498367 -0.0346424 -0.357897
         vertex 0.0499208 -0.0346424 -0.357838
      endloop
   endfacet
   facet normal 1.22465e-16 -1 0
      outer loop
         vertex 0.0499208 -0.0346424 -0.357838
         vertex 0.0497209 -0.0346424 -0.357838
         vertex 0.0497331 -0.0346424 -0.357839
      endloop
   endfacet
   facet normal 1.22465e-16 -1 0
      outer loop
         vertex 0.0497331 -0.0346424 -0.357839
         vertex 0.0497451 -0.0346424 -0.35784
         vertex 0.0499208 -0.0346424 -0.357838
      endloop
   endfacet
   facet normal 1.22465e-16 -1 0
      outer loop
         vertex 0.0498882 -0.0346424 -0.357961
         vertex 0.0499208 -0.0346424 -0.358013
         vertex 0.0499208 -0.0346424 -0.357838
      endloop
   endfacet
   facet normal -0.584512 -0.803835 0.110432
      outer loop
         vertex 0.0894425 0.0344375 -0.322838
         vertex 0.0857581 0.0368324 -0.322838
         vertex 0.0796423 0.0262504 -0.432838
      endloop
   endfacet
   facet normal -0.6653 -0.738363 0.110432
      outer loop
         vertex 0.0928565 0.0316708 -0.322838
         vertex 0.0894425 0.0344375 -0.322838
         vertex 0.0822545 0.0245524 -0.432838
      endloop
   endfacet
   facet normal -0.738806 -0.664808 0.110432
      outer loop
         vertex 0.0959627 0.0285625 -0.322838
         vertex 0.0928565 0.0316708 -0.322838
         vertex 0.084675 0.0225908 -0.432838
      endloop
   endfacet
   facet normal -0.804224 -0.583976 0.110432
      outer loop
         vertex 0.0987272 0.0251466 -0.322838
         vertex 0.0959627 0.0285625 -0.322838
         vertex 0.0868773 0.020387 -0.432838
      endloop
   endfacet
   facet normal -0.860839 -0.496751 0.110432
      outer loop
         vertex 0.10112 0.0214606 -0.322838
         vertex 0.0987272 0.0251466 -0.322838
         vertex 0.0888373 0.0179652 -0.432838
      endloop
   endfacet
   facet normal -0.90803 -0.404088 0.110432
      outer loop
         vertex 0.103114 0.0175448 -0.322838
         vertex 0.10112 0.0214606 -0.322838
         vertex 0.0905335 0.0153519 -0.432838
      endloop
   endfacet
   facet normal -0.945281 -0.307001 0.110432
      outer loop
         vertex 0.104688 0.0134421 -0.322838
         vertex 0.103114 0.0175448 -0.322838
         vertex 0.0919474 0.0125756 -0.432838
      endloop
   endfacet
   facet normal -0.972183 -0.206554 0.110432
      outer loop
         vertex 0.105825 0.00919735 -0.322838
         vertex 0.104688 0.0134421 -0.322838
         vertex 0.0930635 0.00966677 -0.432838
      endloop
   endfacet
   facet normal -0.988444 -0.103845 0.110432
      outer loop
         vertex 0.106512 0.00485705 -0.322838
         vertex 0.105825 0.00919735 -0.322838
         vertex 0.0938695 0.00665727 -0.432838
      endloop
   endfacet
   facet normal -0.993884 1.82573e-16 0.110432
      outer loop
         vertex 0.106742 0.000468706 -0.322838
         vertex 0.106512 0.00485705 -0.322838
         vertex 0.0943567 0.00358002 -0.432838
      endloop
   endfacet
   facet normal -0.988444 0.103845 0.110432
      outer loop
         vertex 0.106512 -0.00391963 -0.322838
         vertex 0.106742 0.000468706 -0.322838
         vertex 0.0945197 0.000468706 -0.432838
      endloop
   endfacet
   facet normal -0.972183 0.206554 0.110432
      outer loop
         vertex 0.105825 -0.00825994 -0.322838
         vertex 0.106512 -0.00391963 -0.322838
         vertex 0.0943567 -0.0026426 -0.432838
      endloop
   endfacet
   facet normal -0.945281 0.307001 0.110432
      outer loop
         vertex 0.104688 -0.0125047 -0.322838
         vertex 0.105825 -0.00825994 -0.322838
         vertex 0.0938695 -0.00571985 -0.432838
      endloop
   endfacet
   facet normal -0.90803 0.404088 0.110432
      outer loop
         vertex 0.103114 -0.0166074 -0.322838
         vertex 0.104688 -0.0125047 -0.322838
         vertex 0.0930635 -0.00872936 -0.432838
      endloop
   endfacet
   facet normal -0.860839 0.496751 0.110432
      outer loop
         vertex 0.10112 -0.0205232 -0.322838
         vertex 0.103114 -0.0166074 -0.322838
         vertex 0.0919474 -0.0116382 -0.432838
      endloop
   endfacet
   facet normal -0.804224 0.583976 0.110432
      outer loop
         vertex 0.0987272 -0.0242092 -0.322838
         vertex 0.10112 -0.0205232 -0.322838
         vertex 0.0905335 -0.0144145 -0.432838
      endloop
   endfacet
   facet normal -0.738806 0.664808 0.110432
      outer loop
         vertex 0.0959627 -0.0276251 -0.322838
         vertex 0.0987272 -0.0242092 -0.322838
         vertex 0.0888373 -0.0170278 -0.432838
      endloop
   endfacet
   facet normal -0.6653 0.738363 0.110432
      outer loop
         vertex 0.0928565 -0.0307334 -0.322838
         vertex 0.0959627 -0.0276251 -0.322838
         vertex 0.0868773 -0.0194496 -0.432838
      endloop
   endfacet
   facet normal -0.584512 0.803835 0.110432
      outer loop
         vertex 0.0894425 -0.0335001 -0.322838
         vertex 0.0928565 -0.0307334 -0.322838
         vertex 0.084675 -0.0216534 -0.432838
      endloop
   endfacet
   facet normal -0.497324 0.860508 0.110432
      outer loop
         vertex 0.0857581 -0.035895 -0.322838
         vertex 0.0894425 -0.0335001 -0.322838
         vertex 0.0822545 -0.023615 -0.432838
      endloop
   endfacet
   facet normal -0.484498 0.867794 0.110432
      outer loop
         vertex 0.079258 -0.0255313 -0.432838
         vertex 0.0775872 -0.0255313 -0.439838
         vertex 0.0777419 -0.026198 -0.433838
      endloop
   endfacet
   facet normal -0.497324 0.860508 0.110432
      outer loop
         vertex 0.0796423 -0.025313 -0.432838
         vertex 0.079258 -0.0255313 -0.432838
         vertex 0.0777419 -0.0290806 -0.409982
      endloop
   endfacet
   facet normal -0.400232 0.909736 0.110432
      outer loop
         vertex 0.0777419 -0.0290806 -0.409982
         vertex 0.0857581 -0.035895 -0.322838
         vertex 0.0796423 -0.025313 -0.432838
      endloop
   endfacet
   facet normal -0.400232 0.909736 0.110432
      outer loop
         vertex 0.0777419 -0.0290806 -0.409982
         vertex 0.0818436 -0.0378919 -0.322838
         vertex 0.0857581 -0.035895 -0.322838
      endloop
   endfacet
   facet normal -0.404692 0.90776 0.110432
      outer loop
         vertex 0.0818436 -0.0378919 -0.322838
         vertex 0.0777419 -0.0290806 -0.409982
         vertex 0.0777419 -0.0341323 -0.368175
      endloop
   endfacet
   facet normal -0.404692 -0.90776 0.110432
      outer loop
         vertex 0.0818436 0.0388293 -0.322838
         vertex 0.0777419 0.0404062 -0.322838
         vertex 0.0777419 0.0350698 -0.368174
      endloop
   endfacet
   facet normal -0.497324 -0.860508 0.110432
      outer loop
         vertex 0.0796423 0.0262504 -0.432838
         vertex 0.0857581 0.0368324 -0.322838
         vertex 0.0777419 0.0296288 -0.413498
      endloop
   endfacet
   facet normal -0.497324 -0.860508 0.110432
      outer loop
         vertex 0.0857581 0.0368324 -0.322838
         vertex 0.0818436 0.0388293 -0.322838
         vertex 0.0777419 0.0296288 -0.413498
      endloop
   endfacet
   facet normal -0.484498 -0.867794 0.110432
      outer loop
         vertex 0.079258 0.0264687 -0.432838
         vertex 0.0777419 0.0296288 -0.413498
         vertex 0.0777419 0.0271354 -0.433838
      endloop
   endfacet
   facet normal -0.435522 -0.893379 0.110432
      outer loop
         vertex 0.0777419 0.0271354 -0.433838
         vertex 0.0775872 0.0264687 -0.439838
         vertex 0.079258 0.0264687 -0.432838
      endloop
   endfacet
   facet normal -0.404692 -0.90776 0.110432
      outer loop
         vertex 0.0777419 0.0296288 -0.413498
         vertex 0.079258 0.0264687 -0.432838
         vertex 0.0796423 0.0262504 -0.432838
      endloop
   endfacet
   facet normal -0.349555 -0.930385 0.110432
      outer loop
         vertex 0.0777419 0.0350698 -0.368174
         vertex 0.0777419 0.0296288 -0.413498
         vertex 0.0818436 0.0388293 -0.322838
      endloop
   endfacet
   facet normal -0.349556 0.930385 0.110432
      outer loop
         vertex 0.0777419 -0.0341323 -0.368175
         vertex 0.0777419 -0.0394687 -0.322838
         vertex 0.0818436 -0.0378919 -0.322838
      endloop
   endfacet
   facet normal -0.435522 0.893379 0.110432
      outer loop
         vertex 0.0777419 -0.026198 -0.433838
         vertex 0.0777419 -0.0290806 -0.409982
         vertex 0.079258 -0.0255313 -0.432838
      endloop
   endfacet
   facet normal -0.584512 0.803835 0.110432
      outer loop
         vertex 0.0822545 -0.023615 -0.432838
         vertex 0.0796423 -0.025313 -0.432838
         vertex 0.0857581 -0.035895 -0.322838
      endloop
   endfacet
   facet normal -0.6653 0.738363 0.110432
      outer loop
         vertex 0.084675 -0.0216534 -0.432838
         vertex 0.0822545 -0.023615 -0.432838
         vertex 0.0894425 -0.0335001 -0.322838
      endloop
   endfacet
   facet normal -0.738806 0.664808 0.110432
      outer loop
         vertex 0.0868773 -0.0194496 -0.432838
         vertex 0.084675 -0.0216534 -0.432838
         vertex 0.0928565 -0.0307334 -0.322838
      endloop
   endfacet
   facet normal -0.804224 0.583976 0.110432
      outer loop
         vertex 0.0888373 -0.0170278 -0.432838
         vertex 0.0868773 -0.0194496 -0.432838
         vertex 0.0959627 -0.0276251 -0.322838
      endloop
   endfacet
   facet normal -0.860839 0.496751 0.110432
      outer loop
         vertex 0.0905335 -0.0144145 -0.432838
         vertex 0.0888373 -0.0170278 -0.432838
         vertex 0.0987272 -0.0242092 -0.322838
      endloop
   endfacet
   facet normal -0.90803 0.404088 0.110432
      outer loop
         vertex 0.0919474 -0.0116382 -0.432838
         vertex 0.0905335 -0.0144145 -0.432838
         vertex 0.10112 -0.0205232 -0.322838
      endloop
   endfacet
   facet normal -0.945281 0.307001 0.110432
      outer loop
         vertex 0.0930635 -0.00872936 -0.432838
         vertex 0.0919474 -0.0116382 -0.432838
         vertex 0.103114 -0.0166074 -0.322838
      endloop
   endfacet
   facet normal -0.972183 0.206554 0.110432
      outer loop
         vertex 0.0938695 -0.00571985 -0.432838
         vertex 0.0930635 -0.00872936 -0.432838
         vertex 0.104688 -0.0125047 -0.322838
      endloop
   endfacet
   facet normal -0.988444 0.103845 0.110432
      outer loop
         vertex 0.0943567 -0.0026426 -0.432838
         vertex 0.0938695 -0.00571985 -0.432838
         vertex 0.105825 -0.00825994 -0.322838
      endloop
   endfacet
   facet normal -0.993884 1.82745e-16 0.110432
      outer loop
         vertex 0.0945197 0.000468706 -0.432838
         vertex 0.0943567 -0.0026426 -0.432838
         vertex 0.106512 -0.00391963 -0.322838
      endloop
   endfacet
   facet normal -0.988444 -0.103845 0.110432
      outer loop
         vertex 0.0943567 0.00358002 -0.432838
         vertex 0.0945197 0.000468706 -0.432838
         vertex 0.106742 0.000468706 -0.322838
      endloop
   endfacet
   facet normal -0.972183 -0.206554 0.110432
      outer loop
         vertex 0.0938695 0.00665727 -0.432838
         vertex 0.0943567 0.00358002 -0.432838
         vertex 0.106512 0.00485705 -0.322838
      endloop
   endfacet
   facet normal -0.945281 -0.307001 0.110432
      outer loop
         vertex 0.0930635 0.00966677 -0.432838
         vertex 0.0938695 0.00665727 -0.432838
         vertex 0.105825 0.00919735 -0.322838
      endloop
   endfacet
   facet normal -0.90803 -0.404088 0.110432
      outer loop
         vertex 0.0919474 0.0125756 -0.432838
         vertex 0.0930635 0.00966677 -0.432838
         vertex 0.104688 0.0134421 -0.322838
      endloop
   endfacet
   facet normal -0.860839 -0.496751 0.110432
      outer loop
         vertex 0.0905335 0.0153519 -0.432838
         vertex 0.0919474 0.0125756 -0.432838
         vertex 0.103114 0.0175448 -0.322838
      endloop
   endfacet
   facet normal -0.804224 -0.583976 0.110432
      outer loop
         vertex 0.0888373 0.0179652 -0.432838
         vertex 0.0905335 0.0153519 -0.432838
         vertex 0.10112 0.0214606 -0.322838
      endloop
   endfacet
   facet normal -0.738806 -0.664808 0.110432
      outer loop
         vertex 0.0868773 0.020387 -0.432838
         vertex 0.0888373 0.0179652 -0.432838
         vertex 0.0987272 0.0251466 -0.322838
      endloop
   endfacet
   facet normal -0.6653 -0.738363 0.110432
      outer loop
         vertex 0.084675 0.0225908 -0.432838
         vertex 0.0868773 0.020387 -0.432838
         vertex 0.0959627 0.0285625 -0.322838
      endloop
   endfacet
   facet normal -0.584512 -0.803835 0.110432
      outer loop
         vertex 0.0822545 0.0245524 -0.432838
         vertex 0.084675 0.0225908 -0.432838
         vertex 0.0928565 0.0316708 -0.322838
      endloop
   endfacet
   facet normal -0.497324 -0.860508 0.110432
      outer loop
         vertex 0.0796423 0.0262504 -0.432838
         vertex 0.0822545 0.0245524 -0.432838
         vertex 0.0894425 0.0344375 -0.322838
      endloop
   endfacet
   facet normal -0.407183 0.913347 0
      outer loop
         vertex 0.0818436 -0.0378919 -0.322838
         vertex 0.0777419 -0.0394687 -0.322838
         vertex 0.0777419 -0.0394687 -0.317838
      endloop
   endfacet
   facet normal -0.500385 0.865803 0
      outer loop
         vertex 0.0857581 -0.035895 -0.322838
         vertex 0.0818436 -0.0378919 -0.322838
         vertex 0.0818436 -0.0378919 -0.317838
      endloop
   endfacet
   facet normal -0.588109 0.808782 0
      outer loop
         vertex 0.0894425 -0.0335001 -0.322838
         vertex 0.0857581 -0.035895 -0.322838
         vertex 0.0857581 -0.035895 -0.317838
      endloop
   endfacet
   facet normal -0.669395 0.742907 0
      outer loop
         vertex 0.0928565 -0.0307334 -0.322838
         vertex 0.0894425 -0.0335001 -0.322838
         vertex 0.0894425 -0.0335001 -0.317838
      endloop
   endfacet
   facet normal -0.743353 0.6689 0
      outer loop
         vertex 0.0959627 -0.0276251 -0.322838
         vertex 0.0928565 -0.0307334 -0.322838
         vertex 0.0928565 -0.0307334 -0.317838
      endloop
   endfacet
   facet normal -0.809174 0.58757 0
      outer loop
         vertex 0.0987272 -0.0242092 -0.322838
         vertex 0.0959627 -0.0276251 -0.322838
         vertex 0.0959627 -0.0276251 -0.317838
      endloop
   endfacet
   facet normal -0.866136 0.499808 0
      outer loop
         vertex 0.10112 -0.0205232 -0.322838
         vertex 0.0987272 -0.0242092 -0.322838
         vertex 0.0987272 -0.0242092 -0.317838
      endloop
   endfacet
   facet normal -0.913618 0.406574 0
      outer loop
         vertex 0.103114 -0.0166074 -0.322838
         vertex 0.10112 -0.0205232 -0.322838
         vertex 0.10112 -0.0205232 -0.317838
      endloop
   endfacet
   facet normal -0.951098 0.30889 0
      outer loop
         vertex 0.104688 -0.0125047 -0.322838
         vertex 0.103114 -0.0166074 -0.322838
         vertex 0.103114 -0.0166074 -0.317838
      endloop
   endfacet
   facet normal -0.978166 0.207825 0
      outer loop
         vertex 0.105825 -0.00825994 -0.322838
         vertex 0.104688 -0.0125047 -0.322838
         vertex 0.104688 -0.0125047 -0.317838
      endloop
   endfacet
   facet normal -0.994527 0.104484 0
      outer loop
         vertex 0.106512 -0.00391963 -0.322838
         vertex 0.105825 -0.00825994 -0.322838
         vertex 0.105825 -0.00825994 -0.317838
      endloop
   endfacet
   facet normal -1 -1.83697e-16 0
      outer loop
         vertex 0.106742 0.000468706 -0.322838
         vertex 0.106512 -0.00391963 -0.322838
         vertex 0.106512 -0.00391963 -0.317838
      endloop
   endfacet
   facet normal -0.994527 -0.104484 0
      outer loop
         vertex 0.106512 0.00485705 -0.322838
         vertex 0.106742 0.000468706 -0.322838
         vertex 0.106742 0.000468706 -0.317838
      endloop
   endfacet
   facet normal -0.978166 -0.207825 0
      outer loop
         vertex 0.105825 0.00919735 -0.322838
         vertex 0.106512 0.00485705 -0.322838
         vertex 0.106512 0.00485705 -0.317838
      endloop
   endfacet
   facet normal -0.951098 -0.30889 0
      outer loop
         vertex 0.104688 0.0134421 -0.322838
         vertex 0.105825 0.00919735 -0.322838
         vertex 0.105825 0.00919735 -0.317838
      endloop
   endfacet
   facet normal -0.913618 -0.406574 0
      outer loop
         vertex 0.103114 0.0175448 -0.322838
         vertex 0.104688 0.0134421 -0.322838
         vertex 0.104688 0.0134421 -0.317838
      endloop
   endfacet
   facet normal -0.866136 -0.499808 0
      outer loop
         vertex 0.10112 0.0214606 -0.322838
         vertex 0.103114 0.0175448 -0.322838
         vertex 0.103114 0.0175448 -0.317838
      endloop
   endfacet
   facet normal -0.809174 -0.58757 0
      outer loop
         vertex 0.0987272 0.0251466 -0.322838
         vertex 0.10112 0.0214606 -0.322838
         vertex 0.10112 0.0214606 -0.317838
      endloop
   endfacet
   facet normal -0.743353 -0.6689 0
      outer loop
         vertex 0.0959627 0.0285625 -0.322838
         vertex 0.0987272 0.0251466 -0.322838
         vertex 0.0987272 0.0251466 -0.317838
      endloop
   endfacet
   facet normal -0.669395 -0.742907 0
      outer loop
         vertex 0.0928565 0.0316708 -0.322838
         vertex 0.0959627 0.0285625 -0.322838
         vertex 0.0959627 0.0285625 -0.317838
      endloop
   endfacet
   facet normal -0.588109 -0.808782 0
      outer loop
         vertex 0.0894425 0.0344375 -0.322838
         vertex 0.0928565 0.0316708 -0.322838
         vertex 0.0928565 0.0316708 -0.317838
      endloop
   endfacet
   facet normal -0.500385 -0.865803 0
      outer loop
         vertex 0.0857581 0.0368324 -0.322838
         vertex 0.0894425 0.0344375 -0.322838
         vertex 0.0894425 0.0344375 -0.317838
      endloop
   endfacet
   facet normal -0.407183 -0.913347 0
      outer loop
         vertex 0.0818436 0.0388293 -0.322838
         vertex 0.0857581 0.0368324 -0.322838
         vertex 0.0857581 0.0368324 -0.317838
      endloop
   endfacet
   facet normal -0.309524 -0.950892 0
      outer loop
         vertex 0.0777419 0.0404062 -0.322838
         vertex 0.0818436 0.0388293 -0.322838
         vertex 0.0818436 0.0388293 -0.317838
      endloop
   endfacet
   facet normal -0.407183 -0.913347 0
      outer loop
         vertex 0.0818436 0.0388293 -0.317838
         vertex 0.0777419 0.0404062 -0.317838
         vertex 0.0777419 0.0404062 -0.322838
      endloop
   endfacet
   facet normal -0.500385 -0.865803 0
      outer loop
         vertex 0.0857581 0.0368324 -0.317838
         vertex 0.0818436 0.0388293 -0.317838
         vertex 0.0818436 0.0388293 -0.322838
      endloop
   endfacet
   facet normal -0.588109 -0.808782 0
      outer loop
         vertex 0.0894425 0.0344375 -0.317838
         vertex 0.0857581 0.0368324 -0.317838
         vertex 0.0857581 0.0368324 -0.322838
      endloop
   endfacet
   facet normal -0.669395 -0.742907 0
      outer loop
         vertex 0.0928565 0.0316708 -0.317838
         vertex 0.0894425 0.0344375 -0.317838
         vertex 0.0894425 0.0344375 -0.322838
      endloop
   endfacet
   facet normal -0.743353 -0.6689 0
      outer loop
         vertex 0.0959627 0.0285625 -0.317838
         vertex 0.0928565 0.0316708 -0.317838
         vertex 0.0928565 0.0316708 -0.322838
      endloop
   endfacet
   facet normal -0.809174 -0.58757 0
      outer loop
         vertex 0.0987272 0.0251466 -0.317838
         vertex 0.0959627 0.0285625 -0.317838
         vertex 0.0959627 0.0285625 -0.322838
      endloop
   endfacet
   facet normal -0.866136 -0.499808 0
      outer loop
         vertex 0.10112 0.0214606 -0.317838
         vertex 0.0987272 0.0251466 -0.317838
         vertex 0.0987272 0.0251466 -0.322838
      endloop
   endfacet
   facet normal -0.913618 -0.406574 0
      outer loop
         vertex 0.103114 0.0175448 -0.317838
         vertex 0.10112 0.0214606 -0.317838
         vertex 0.10112 0.0214606 -0.322838
      endloop
   endfacet
   facet normal -0.951098 -0.30889 0
      outer loop
         vertex 0.104688 0.0134421 -0.317838
         vertex 0.103114 0.0175448 -0.317838
         vertex 0.103114 0.0175448 -0.322838
      endloop
   endfacet
   facet normal -0.978166 -0.207825 0
      outer loop
         vertex 0.105825 0.00919735 -0.317838
         vertex 0.104688 0.0134421 -0.317838
         vertex 0.104688 0.0134421 -0.322838
      endloop
   endfacet
   facet normal -0.994527 -0.104484 0
      outer loop
         vertex 0.106512 0.00485705 -0.317838
         vertex 0.105825 0.00919735 -0.317838
         vertex 0.105825 0.00919735 -0.322838
      endloop
   endfacet
   facet normal -1 -1.83697e-16 0
      outer loop
         vertex 0.106742 0.000468706 -0.317838
         vertex 0.106512 0.00485705 -0.317838
         vertex 0.106512 0.00485705 -0.322838
      endloop
   endfacet
   facet normal -0.994527 0.104484 0
      outer loop
         vertex 0.106512 -0.00391963 -0.317838
         vertex 0.106742 0.000468706 -0.317838
         vertex 0.106742 0.000468706 -0.322838
      endloop
   endfacet
   facet normal -0.978166 0.207825 0
      outer loop
         vertex 0.105825 -0.00825994 -0.317838
         vertex 0.106512 -0.00391963 -0.317838
         vertex 0.106512 -0.00391963 -0.322838
      endloop
   endfacet
   facet normal -0.951098 0.30889 0
      outer loop
         vertex 0.104688 -0.0125047 -0.317838
         vertex 0.105825 -0.00825994 -0.317838
         vertex 0.105825 -0.00825994 -0.322838
      endloop
   endfacet
   facet normal -0.913618 0.406574 0
      outer loop
         vertex 0.103114 -0.0166074 -0.317838
         vertex 0.104688 -0.0125047 -0.317838
         vertex 0.104688 -0.0125047 -0.322838
      endloop
   endfacet
   facet normal -0.866136 0.499808 0
      outer loop
         vertex 0.10112 -0.0205232 -0.317838
         vertex 0.103114 -0.0166074 -0.317838
         vertex 0.103114 -0.0166074 -0.322838
      endloop
   endfacet
   facet normal -0.809174 0.58757 0
      outer loop
         vertex 0.0987272 -0.0242092 -0.317838
         vertex 0.10112 -0.0205232 -0.317838
         vertex 0.10112 -0.0205232 -0.322838
      endloop
   endfacet
   facet normal -0.743353 0.6689 0
      outer loop
         vertex 0.0959627 -0.0276251 -0.317838
         vertex 0.0987272 -0.0242092 -0.317838
         vertex 0.0987272 -0.0242092 -0.322838
      endloop
   endfacet
   facet normal -0.669395 0.742907 0
      outer loop
         vertex 0.0928565 -0.0307334 -0.317838
         vertex 0.0959627 -0.0276251 -0.317838
         vertex 0.0959627 -0.0276251 -0.322838
      endloop
   endfacet
   facet normal -0.588109 0.808782 0
      outer loop
         vertex 0.0894425 -0.0335001 -0.317838
         vertex 0.0928565 -0.0307334 -0.317838
         vertex 0.0928565 -0.0307334 -0.322838
      endloop
   endfacet
   facet normal -0.500385 0.865803 0
      outer loop
         vertex 0.0857581 -0.035895 -0.317838
         vertex 0.0894425 -0.0335001 -0.317838
         vertex 0.0894425 -0.0335001 -0.322838
      endloop
   endfacet
   facet normal -0.407183 0.913347 0
      outer loop
         vertex 0.0818436 -0.0378919 -0.317838
         vertex 0.0857581 -0.035895 -0.317838
         vertex 0.0857581 -0.035895 -0.322838
      endloop
   endfacet
   facet normal -0.309524 0.950892 0
      outer loop
         vertex 0.0777419 -0.0394687 -0.317838
         vertex 0.0818436 -0.0378919 -0.317838
         vertex 0.0818436 -0.0378919 -0.322838
      endloop
   endfacet
   facet normal 1 1.22465e-16 0
      outer loop
         vertex 0.0777419 0.0394687 -0.322838
         vertex 0.0777419 0.0271354 -0.433838
         vertex 0.0777419 0.0296288 -0.413498
      endloop
   endfacet
   facet normal 1 1.22465e-16 0
      outer loop
         vertex 0.0777419 0.0296288 -0.413498
         vertex 0.0777419 0.0350698 -0.368174
         vertex 0.0777419 0.0394687 -0.322838
      endloop
   endfacet
   facet normal 1 1.22465e-16 0
      outer loop
         vertex 0.0777419 0.0394687 -0.317838
         vertex 0.0777419 0.0394687 -0.322838
         vertex 0.0777419 0.0404062 -0.322838
      endloop
   endfacet
   facet normal 1 1.22465e-16 0
      outer loop
         vertex 0.0777419 0.0404062 -0.322838
         vertex 0.0777419 0.0404062 -0.317838
         vertex 0.0777419 0.0394687 -0.317838
      endloop
   endfacet
   facet normal 1 1.22465e-16 0
      outer loop
         vertex 0.0777419 0.0350698 -0.368174
         vertex 0.0777419 0.0404062 -0.322838
         vertex 0.0777419 0.0394687 -0.322838
      endloop
   endfacet
   facet normal 1 1.22465e-16 0
      outer loop
         vertex 0.0777419 -0.0385313 -0.322838
         vertex 0.0777419 -0.0394687 -0.322838
         vertex 0.0777419 -0.0341323 -0.368175
      endloop
   endfacet
   facet normal 1 1.22465e-16 0
      outer loop
         vertex 0.0777419 -0.0394687 -0.317838
         vertex 0.0777419 -0.0394687 -0.322838
         vertex 0.0777419 -0.0385313 -0.322838
      endloop
   endfacet
   facet normal 1 1.22465e-16 0
      outer loop
         vertex 0.0777419 -0.0341323 -0.368175
         vertex 0.0777419 -0.0290806 -0.409982
         vertex 0.0777419 -0.0385313 -0.322838
      endloop
   endfacet
   facet normal 1 1.22465e-16 0
      outer loop
         vertex 0.0777419 -0.0290806 -0.409982
         vertex 0.0777419 -0.026198 -0.433838
         vertex 0.0777419 -0.0385313 -0.322838
      endloop
   endfacet
   facet normal 1 1.22465e-16 0
      outer loop
         vertex 0.0777419 -0.0385313 -0.322838
         vertex 0.0777419 -0.0385313 -0.317838
         vertex 0.0777419 -0.0394687 -0.317838
      endloop
   endfacet
   facet normal -1.22465e-16 1 0
      outer loop
         vertex 0.0517419 -0.0385313 -0.317838
         vertex 0.0777419 -0.0385313 -0.317838
         vertex 0.0777419 -0.0385313 -0.322838
      endloop
   endfacet
   facet normal -1.22465e-16 1 0
      outer loop
         vertex 0.0777419 -0.0385313 -0.322838
         vertex 0.0517419 -0.0385313 -0.322838
         vertex 0.0517419 -0.0385313 -0.317838
      endloop
   endfacet
   facet normal 1.22465e-16 -1 0
      outer loop
         vertex 0.0777419 0.0394687 -0.322838
         vertex 0.0777419 0.0394687 -0.317838
         vertex 0.0517419 0.0394687 -0.317838
      endloop
   endfacet
   facet normal 1.22465e-16 -1 0
      outer loop
         vertex 0.0517419 0.0394687 -0.317838
         vertex 0.0517419 0.0394687 -0.322838
         vertex 0.0777419 0.0394687 -0.322838
      endloop
   endfacet
   facet normal 0 0 -1
      outer loop
         vertex 0.0247958 0.0134421 -0.317838
         vertex 0.0517419 0.0394687 -0.317838
         vertex 0.0777419 0.0394687 -0.317838
      endloop
   endfacet
   facet normal 0 0 -1
      outer loop
         vertex 0.104688 -0.0125047 -0.317838
         vertex 0.0777419 -0.0385313 -0.317838
         vertex 0.0517419 -0.0385313 -0.317838
      endloop
   endfacet
   facet normal 0 0 -1
      outer loop
         vertex 0.0777419 0.0394687 -0.317838
         vertex 0.104688 0.0134421 -0.317838
         vertex 0.0247958 0.0134421 -0.317838
      endloop
   endfacet
   facet normal 0 0 -1
      outer loop
         vertex 0.0777419 -0.0385313 -0.317838
         vertex 0.0894425 -0.0335001 -0.317838
         vertex 0.0857581 -0.035895 -0.317838
      endloop
   endfacet
   facet normal 0 0 -1
      outer loop
         vertex 0.0517419 -0.0385313 -0.317838
         vertex 0.0247958 -0.0125047 -0.317838
         vertex 0.104688 -0.0125047 -0.317838
      endloop
   endfacet
   facet normal 0 0 -1
      outer loop
         vertex 0.023659 -0.00825994 -0.317838
         vertex 0.106742 0.000468706 -0.317838
         vertex 0.106512 -0.00391963 -0.317838
      endloop
   endfacet
   facet normal 0 0 -1
      outer loop
         vertex 0.023659 -0.00825994 -0.317838
         vertex 0.105825 0.00919735 -0.317838
         vertex 0.106512 0.00485705 -0.317838
      endloop
   endfacet
   facet normal 0 0 -1
      outer loop
         vertex 0.105825 0.00919735 -0.317838
         vertex 0.023659 0.00919735 -0.317838
         vertex 0.0247958 0.0134421 -0.317838
      endloop
   endfacet
   facet normal 0 0 -1
      outer loop
         vertex 0.105825 0.00919735 -0.317838
         vertex 0.0229718 -0.00391963 -0.317838
         vertex 0.0227419 0.000468706 -0.317838
      endloop
   endfacet
   facet normal 0 0 -1
      outer loop
         vertex 0.0857581 -0.035895 -0.317838
         vertex 0.0818436 -0.0378919 -0.317838
         vertex 0.0777419 -0.0385313 -0.317838
      endloop
   endfacet
   facet normal 0 0 -1
      outer loop
         vertex 0.0777419 -0.0385313 -0.317838
         vertex 0.0959627 -0.0276251 -0.317838
         vertex 0.0928565 -0.0307334 -0.317838
      endloop
   endfacet
   facet normal 0 0 -1
      outer loop
         vertex 0.0777419 -0.0385313 -0.317838
         vertex 0.103114 -0.0166074 -0.317838
         vertex 0.10112 -0.0205232 -0.317838
      endloop
   endfacet
   facet normal 0 0 -1
      outer loop
         vertex 0.0517419 0.0394687 -0.317838
         vertex 0.0400414 0.0344375 -0.317838
         vertex 0.0437258 0.0368324 -0.317838
      endloop
   endfacet
   facet normal 0 0 -1
      outer loop
         vertex 0.0517419 -0.0385313 -0.317838
         vertex 0.0437258 -0.035895 -0.317838
         vertex 0.0400414 -0.0335001 -0.317838
      endloop
   endfacet
   facet normal 0 0 -1
      outer loop
         vertex 0.023659 -0.00825994 -0.317838
         vertex 0.105825 -0.00825994 -0.317838
         vertex 0.104688 -0.0125047 -0.317838
      endloop
   endfacet
   facet normal 0 0 -1
      outer loop
         vertex 0.106512 0.00485705 -0.317838
         vertex 0.106742 0.000468706 -0.317838
         vertex 0.023659 -0.00825994 -0.317838
      endloop
   endfacet
   facet normal 0 0 -1
      outer loop
         vertex 0.105825 0.00919735 -0.317838
         vertex 0.0229718 0.00485705 -0.317838
         vertex 0.023659 0.00919735 -0.317838
      endloop
   endfacet
   facet normal 0 0 -1
      outer loop
         vertex 0.105825 0.00919735 -0.317838
         vertex 0.023659 -0.00825994 -0.317838
         vertex 0.0229718 -0.00391963 -0.317838
      endloop
   endfacet
   facet normal 0 0 -1
      outer loop
         vertex 0.0928565 -0.0307334 -0.317838
         vertex 0.0894425 -0.0335001 -0.317838
         vertex 0.0777419 -0.0385313 -0.317838
      endloop
   endfacet
   facet normal 0 0 -1
      outer loop
         vertex 0.10112 -0.0205232 -0.317838
         vertex 0.0987272 -0.0242092 -0.317838
         vertex 0.0777419 -0.0385313 -0.317838
      endloop
   endfacet
   facet normal 0 0 -1
      outer loop
         vertex 0.0517419 0.0394687 -0.317838
         vertex 0.0366274 0.0316708 -0.317838
         vertex 0.0400414 0.0344375 -0.317838
      endloop
   endfacet
   facet normal 0 0 -1
      outer loop
         vertex 0.0517419 0.0394687 -0.317838
         vertex 0.0307566 0.0251466 -0.317838
         vertex 0.0335211 0.0285625 -0.317838
      endloop
   endfacet
   facet normal 0 0 -1
      outer loop
         vertex 0.0777419 0.0394687 -0.317838
         vertex 0.0818436 0.0388293 -0.317838
         vertex 0.0857581 0.0368324 -0.317838
      endloop
   endfacet
   facet normal 0 0 -1
      outer loop
         vertex 0.0517419 -0.0385313 -0.317838
         vertex 0.0335211 -0.0276251 -0.317838
         vertex 0.0307566 -0.0242092 -0.317838
      endloop
   endfacet
   facet normal 0 0 -1
      outer loop
         vertex 0.0400414 -0.0335001 -0.317838
         vertex 0.0366274 -0.0307334 -0.317838
         vertex 0.0517419 -0.0385313 -0.317838
      endloop
   endfacet
   facet normal 0 0 -1
      outer loop
         vertex 0.106512 -0.00391963 -0.317838
         vertex 0.105825 -0.00825994 -0.317838
         vertex 0.023659 -0.00825994 -0.317838
      endloop
   endfacet
   facet normal 0 0 -1
      outer loop
         vertex 0.0227419 0.000468706 -0.317838
         vertex 0.0229718 0.00485705 -0.317838
         vertex 0.105825 0.00919735 -0.317838
      endloop
   endfacet
   facet normal 0 0 -1
      outer loop
         vertex 0.0987272 -0.0242092 -0.317838
         vertex 0.0959627 -0.0276251 -0.317838
         vertex 0.0777419 -0.0385313 -0.317838
      endloop
   endfacet
   facet normal 0 0 -1
      outer loop
         vertex 0.0335211 0.0285625 -0.317838
         vertex 0.0366274 0.0316708 -0.317838
         vertex 0.0517419 0.0394687 -0.317838
      endloop
   endfacet
   facet normal 0 0 -1
      outer loop
         vertex 0.0517419 0.0394687 -0.317838
         vertex 0.0247958 0.0134421 -0.317838
         vertex 0.02637 0.0175448 -0.317838
      endloop
   endfacet
   facet normal 0 0 -1
      outer loop
         vertex 0.0777419 0.0394687 -0.317838
         vertex 0.0987272 0.0251466 -0.317838
         vertex 0.10112 0.0214606 -0.317838
      endloop
   endfacet
   facet normal 0 0 -1
      outer loop
         vertex 0.0777419 0.0394687 -0.317838
         vertex 0.0894425 0.0344375 -0.317838
         vertex 0.0928565 0.0316708 -0.317838
      endloop
   endfacet
   facet normal 0 0 -1
      outer loop
         vertex 0.0777419 0.0394687 -0.317838
         vertex 0.0777419 0.0404062 -0.317838
         vertex 0.0818436 0.0388293 -0.317838
      endloop
   endfacet
   facet normal 0 0 -1
      outer loop
         vertex 0.0307566 -0.0242092 -0.317838
         vertex 0.0283642 -0.0205232 -0.317838
         vertex 0.0517419 -0.0385313 -0.317838
      endloop
   endfacet
   facet normal 0 0 -1
      outer loop
         vertex 0.0517419 -0.0385313 -0.317838
         vertex 0.0476402 -0.0378919 -0.317838
         vertex 0.0437258 -0.035895 -0.317838
      endloop
   endfacet
   facet normal 0 0 -1
      outer loop
         vertex 0.104688 0.0134421 -0.317838
         vertex 0.105825 0.00919735 -0.317838
         vertex 0.0247958 0.0134421 -0.317838
      endloop
   endfacet
   facet normal 0 0 -1
      outer loop
         vertex 0.0777419 -0.0385313 -0.317838
         vertex 0.104688 -0.0125047 -0.317838
         vertex 0.103114 -0.0166074 -0.317838
      endloop
   endfacet
   facet normal 0 0 -1
      outer loop
         vertex 0.0437258 0.0368324 -0.317838
         vertex 0.0476402 0.0388293 -0.317838
         vertex 0.0517419 0.0394687 -0.317838
      endloop
   endfacet
   facet normal 0 0 -1
      outer loop
         vertex 0.02637 0.0175448 -0.317838
         vertex 0.0283642 0.0214606 -0.317838
         vertex 0.0517419 0.0394687 -0.317838
      endloop
   endfacet
   facet normal 0 0 -1
      outer loop
         vertex 0.0777419 0.0394687 -0.317838
         vertex 0.0959627 0.0285625 -0.317838
         vertex 0.0987272 0.0251466 -0.317838
      endloop
   endfacet
   facet normal 0 0 -1
      outer loop
         vertex 0.0857581 0.0368324 -0.317838
         vertex 0.0894425 0.0344375 -0.317838
         vertex 0.0777419 0.0394687 -0.317838
      endloop
   endfacet
   facet normal 0 0 -1
      outer loop
         vertex 0.0283642 -0.0205232 -0.317838
         vertex 0.02637 -0.0166074 -0.317838
         vertex 0.0517419 -0.0385313 -0.317838
      endloop
   endfacet
   facet normal 0 0 -1
      outer loop
         vertex 0.0517419 -0.0385313 -0.317838
         vertex 0.0517419 -0.0394687 -0.317838
         vertex 0.0476402 -0.0378919 -0.317838
      endloop
   endfacet
   facet normal 0 0 -1
      outer loop
         vertex 0.0818436 -0.0378919 -0.317838
         vertex 0.0777419 -0.0394687 -0.317838
         vertex 0.0777419 -0.0385313 -0.317838
      endloop
   endfacet
   facet normal 0 0 -1
      outer loop
         vertex 0.0283642 0.0214606 -0.317838
         vertex 0.0307566 0.0251466 -0.317838
         vertex 0.0517419 0.0394687 -0.317838
      endloop
   endfacet
   facet normal 0 0 -1
      outer loop
         vertex 0.0928565 0.0316708 -0.317838
         vertex 0.0959627 0.0285625 -0.317838
         vertex 0.0777419 0.0394687 -0.317838
      endloop
   endfacet
   facet normal 0 0 -1
      outer loop
         vertex 0.0366274 -0.0307334 -0.317838
         vertex 0.0335211 -0.0276251 -0.317838
         vertex 0.0517419 -0.0385313 -0.317838
      endloop
   endfacet
   facet normal 0 0 -1
      outer loop
         vertex 0.0476402 0.0388293 -0.317838
         vertex 0.0517419 0.0404062 -0.317838
         vertex 0.0517419 0.0394687 -0.317838
      endloop
   endfacet
   facet normal 0 0 -1
      outer loop
         vertex 0.10112 0.0214606 -0.317838
         vertex 0.103114 0.0175448 -0.317838
         vertex 0.0777419 0.0394687 -0.317838
      endloop
   endfacet
   facet normal 0 0 -1
      outer loop
         vertex 0.0247958 -0.0125047 -0.317838
         vertex 0.023659 -0.00825994 -0.317838
         vertex 0.104688 -0.0125047 -0.317838
      endloop
   endfacet
   facet normal 0 0 -1
      outer loop
         vertex 0.02637 -0.0166074 -0.317838
         vertex 0.0247958 -0.0125047 -0.317838
         vertex 0.0517419 -0.0385313 -0.317838
      endloop
   endfacet
   facet normal 0 0 -1
      outer loop
         vertex 0.103114 0.0175448 -0.317838
         vertex 0.104688 0.0134421 -0.317838
         vertex 0.0777419 0.0394687 -0.317838
      endloop
   endfacet
   facet normal 0.407183 -0.913347 0
      outer loop
         vertex 0.0476402 0.0388293 -0.322838
         vertex 0.0517419 0.0404062 -0.322838
         vertex 0.0517419 0.0404062 -0.317838
      endloop
   endfacet
   facet normal 0.500385 -0.865803 0
      outer loop
         vertex 0.0437258 0.0368324 -0.322838
         vertex 0.0476402 0.0388293 -0.322838
         vertex 0.0476402 0.0388293 -0.317838
      endloop
   endfacet
   facet normal 0.588109 -0.808782 0
      outer loop
         vertex 0.0400414 0.0344375 -0.322838
         vertex 0.0437258 0.0368324 -0.322838
         vertex 0.0437258 0.0368324 -0.317838
      endloop
   endfacet
   facet normal 0.669395 -0.742907 0
      outer loop
         vertex 0.0366274 0.0316708 -0.322838
         vertex 0.0400414 0.0344375 -0.322838
         vertex 0.0400414 0.0344375 -0.317838
      endloop
   endfacet
   facet normal 0.743353 -0.6689 0
      outer loop
         vertex 0.0335211 0.0285625 -0.322838
         vertex 0.0366274 0.0316708 -0.322838
         vertex 0.0366274 0.0316708 -0.317838
      endloop
   endfacet
   facet normal 0.809174 -0.58757 0
      outer loop
         vertex 0.0307566 0.0251466 -0.322838
         vertex 0.0335211 0.0285625 -0.322838
         vertex 0.0335211 0.0285625 -0.317838
      endloop
   endfacet
   facet normal 0.866136 -0.499808 0
      outer loop
         vertex 0.0283642 0.0214606 -0.322838
         vertex 0.0307566 0.0251466 -0.322838
         vertex 0.0307566 0.0251466 -0.317838
      endloop
   endfacet
   facet normal 0.913618 -0.406574 0
      outer loop
         vertex 0.02637 0.0175448 -0.322838
         vertex 0.0283642 0.0214606 -0.322838
         vertex 0.0283642 0.0214606 -0.317838
      endloop
   endfacet
   facet normal 0.951098 -0.30889 0
      outer loop
         vertex 0.0247958 0.0134421 -0.322838
         vertex 0.02637 0.0175448 -0.322838
         vertex 0.02637 0.0175448 -0.317838
      endloop
   endfacet
   facet normal 0.978166 -0.207825 0
      outer loop
         vertex 0.023659 0.00919735 -0.322838
         vertex 0.0247958 0.0134421 -0.322838
         vertex 0.0247958 0.0134421 -0.317838
      endloop
   endfacet
   facet normal 0.994527 -0.104484 0
      outer loop
         vertex 0.0229718 0.00485705 -0.322838
         vertex 0.023659 0.00919735 -0.322838
         vertex 0.023659 0.00919735 -0.317838
      endloop
   endfacet
   facet normal 1 1.07188e-15 0
      outer loop
         vertex 0.0227419 0.000468706 -0.322838
         vertex 0.0229718 0.00485705 -0.322838
         vertex 0.0229718 0.00485705 -0.317838
      endloop
   endfacet
   facet normal 0.994527 0.104484 0
      outer loop
         vertex 0.0229718 -0.00391963 -0.322838
         vertex 0.0227419 0.000468706 -0.322838
         vertex 0.0227419 0.000468706 -0.317838
      endloop
   endfacet
   facet normal 0.978166 0.207825 0
      outer loop
         vertex 0.023659 -0.00825994 -0.322838
         vertex 0.0229718 -0.00391963 -0.322838
         vertex 0.0229718 -0.00391963 -0.317838
      endloop
   endfacet
   facet normal 0.951098 0.30889 0
      outer loop
         vertex 0.0247958 -0.0125047 -0.322838
         vertex 0.023659 -0.00825994 -0.322838
         vertex 0.023659 -0.00825994 -0.317838
      endloop
   endfacet
   facet normal 0.913618 0.406574 0
      outer loop
         vertex 0.02637 -0.0166074 -0.322838
         vertex 0.0247958 -0.0125047 -0.322838
         vertex 0.0247958 -0.0125047 -0.317838
      endloop
   endfacet
   facet normal 0.866136 0.499808 0
      outer loop
         vertex 0.0283642 -0.0205232 -0.322838
         vertex 0.02637 -0.0166074 -0.322838
         vertex 0.02637 -0.0166074 -0.317838
      endloop
   endfacet
   facet normal 0.809174 0.58757 0
      outer loop
         vertex 0.0307566 -0.0242092 -0.322838
         vertex 0.0283642 -0.0205232 -0.322838
         vertex 0.0283642 -0.0205232 -0.317838
      endloop
   endfacet
   facet normal 0.743353 0.6689 0
      outer loop
         vertex 0.0335211 -0.0276251 -0.322838
         vertex 0.0307566 -0.0242092 -0.322838
         vertex 0.0307566 -0.0242092 -0.317838
      endloop
   endfacet
   facet normal 0.669395 0.742907 0
      outer loop
         vertex 0.0366274 -0.0307334 -0.322838
         vertex 0.0335211 -0.0276251 -0.322838
         vertex 0.0335211 -0.0276251 -0.317838
      endloop
   endfacet
   facet normal 0.588109 0.808782 0
      outer loop
         vertex 0.0400414 -0.0335001 -0.322838
         vertex 0.0366274 -0.0307334 -0.322838
         vertex 0.0366274 -0.0307334 -0.317838
      endloop
   endfacet
   facet normal 0.500385 0.865803 0
      outer loop
         vertex 0.0437258 -0.035895 -0.322838
         vertex 0.0400414 -0.0335001 -0.322838
         vertex 0.0400414 -0.0335001 -0.317838
      endloop
   endfacet
   facet normal 0.407183 0.913347 0
      outer loop
         vertex 0.0476402 -0.0378919 -0.322838
         vertex 0.0437258 -0.035895 -0.322838
         vertex 0.0437258 -0.035895 -0.317838
      endloop
   endfacet
   facet normal 0.309524 0.950892 0
      outer loop
         vertex 0.0517419 -0.0394687 -0.322838
         vertex 0.0476402 -0.0378919 -0.322838
         vertex 0.0476402 -0.0378919 -0.317838
      endloop
   endfacet
   facet normal 0.407183 0.913347 0
      outer loop
         vertex 0.0476402 -0.0378919 -0.317838
         vertex 0.0517419 -0.0394687 -0.317838
         vertex 0.0517419 -0.0394687 -0.322838
      endloop
   endfacet
   facet normal 0.500385 0.865803 0
      outer loop
         vertex 0.0437258 -0.035895 -0.317838
         vertex 0.0476402 -0.0378919 -0.317838
         vertex 0.0476402 -0.0378919 -0.322838
      endloop
   endfacet
   facet normal 0.588109 0.808782 0
      outer loop
         vertex 0.0400414 -0.0335001 -0.317838
         vertex 0.0437258 -0.035895 -0.317838
         vertex 0.0437258 -0.035895 -0.322838
      endloop
   endfacet
   facet normal 0.669395 0.742907 0
      outer loop
         vertex 0.0366274 -0.0307334 -0.317838
         vertex 0.0400414 -0.0335001 -0.317838
         vertex 0.0400414 -0.0335001 -0.322838
      endloop
   endfacet
   facet normal 0.743353 0.6689 0
      outer loop
         vertex 0.0335211 -0.0276251 -0.317838
         vertex 0.0366274 -0.0307334 -0.317838
         vertex 0.0366274 -0.0307334 -0.322838
      endloop
   endfacet
   facet normal 0.809174 0.58757 0
      outer loop
         vertex 0.0307566 -0.0242092 -0.317838
         vertex 0.0335211 -0.0276251 -0.317838
         vertex 0.0335211 -0.0276251 -0.322838
      endloop
   endfacet
   facet normal 0.866136 0.499808 0
      outer loop
         vertex 0.0283642 -0.0205232 -0.317838
         vertex 0.0307566 -0.0242092 -0.317838
         vertex 0.0307566 -0.0242092 -0.322838
      endloop
   endfacet
   facet normal 0.913618 0.406574 0
      outer loop
         vertex 0.02637 -0.0166074 -0.317838
         vertex 0.0283642 -0.0205232 -0.317838
         vertex 0.0283642 -0.0205232 -0.322838
      endloop
   endfacet
   facet normal 0.951098 0.30889 0
      outer loop
         vertex 0.0247958 -0.0125047 -0.317838
         vertex 0.02637 -0.0166074 -0.317838
         vertex 0.02637 -0.0166074 -0.322838
      endloop
   endfacet
   facet normal 0.978166 0.207825 0
      outer loop
         vertex 0.023659 -0.00825994 -0.317838
         vertex 0.0247958 -0.0125047 -0.317838
         vertex 0.0247958 -0.0125047 -0.322838
      endloop
   endfacet
   facet normal 0.994527 0.104484 0
      outer loop
         vertex 0.0229718 -0.00391963 -0.317838
         vertex 0.023659 -0.00825994 -0.317838
         vertex 0.023659 -0.00825994 -0.322838
      endloop
   endfacet
   facet normal 1 1.07188e-15 0
      outer loop
         vertex 0.0227419 0.000468706 -0.317838
         vertex 0.0229718 -0.00391963 -0.317838
         vertex 0.0229718 -0.00391963 -0.322838
      endloop
   endfacet
   facet normal 0.994527 -0.104484 0
      outer loop
         vertex 0.0229718 0.00485705 -0.317838
         vertex 0.0227419 0.000468706 -0.317838
         vertex 0.0227419 0.000468706 -0.322838
      endloop
   endfacet
   facet normal 0.978166 -0.207825 0
      outer loop
         vertex 0.023659 0.00919735 -0.317838
         vertex 0.0229718 0.00485705 -0.317838
         vertex 0.0229718 0.00485705 -0.322838
      endloop
   endfacet
   facet normal 0.951098 -0.30889 0
      outer loop
         vertex 0.0247958 0.0134421 -0.317838
         vertex 0.023659 0.00919735 -0.317838
         vertex 0.023659 0.00919735 -0.322838
      endloop
   endfacet
   facet normal 0.913618 -0.406574 0
      outer loop
         vertex 0.02637 0.0175448 -0.317838
         vertex 0.0247958 0.0134421 -0.317838
         vertex 0.0247958 0.0134421 -0.322838
      endloop
   endfacet
   facet normal 0.866136 -0.499808 0
      outer loop
         vertex 0.0283642 0.0214606 -0.317838
         vertex 0.02637 0.0175448 -0.317838
         vertex 0.02637 0.0175448 -0.322838
      endloop
   endfacet
   facet normal 0.809174 -0.58757 0
      outer loop
         vertex 0.0307566 0.0251466 -0.317838
         vertex 0.0283642 0.0214606 -0.317838
         vertex 0.0283642 0.0214606 -0.322838
      endloop
   endfacet
   facet normal 0.743353 -0.6689 0
      outer loop
         vertex 0.0335211 0.0285625 -0.317838
         vertex 0.0307566 0.0251466 -0.317838
         vertex 0.0307566 0.0251466 -0.322838
      endloop
   endfacet
   facet normal 0.669395 -0.742907 0
      outer loop
         vertex 0.0366274 0.0316708 -0.317838
         vertex 0.0335211 0.0285625 -0.317838
         vertex 0.0335211 0.0285625 -0.322838
      endloop
   endfacet
   facet normal 0.588109 -0.808782 0
      outer loop
         vertex 0.0400414 0.0344375 -0.317838
         vertex 0.0366274 0.0316708 -0.317838
         vertex 0.0366274 0.0316708 -0.322838
      endloop
   endfacet
   facet normal 0.500385 -0.865803 0
      outer loop
         vertex 0.0437258 0.0368324 -0.317838
         vertex 0.0400414 0.0344375 -0.317838
         vertex 0.0400414 0.0344375 -0.322838
      endloop
   endfacet
   facet normal 0.407183 -0.913347 0
      outer loop
         vertex 0.0476402 0.0388293 -0.317838
         vertex 0.0437258 0.0368324 -0.317838
         vertex 0.0437258 0.0368324 -0.322838
      endloop
   endfacet
   facet normal 0.309524 -0.950892 0
      outer loop
         vertex 0.0517419 0.0404062 -0.317838
         vertex 0.0476402 0.0388293 -0.317838
         vertex 0.0476402 0.0388293 -0.322838
      endloop
   endfacet
   facet normal -1 -1.22465e-16 0
      outer loop
         vertex 0.0517419 -0.0337535 -0.365838
         vertex 0.0517419 -0.026198 -0.433838
         vertex 0.0517419 -0.0286914 -0.413498
      endloop
   endfacet
   facet normal -1 -1.22465e-16 0
      outer loop
         vertex 0.0517419 -0.0341324 -0.368174
         vertex 0.0517419 -0.0346424 -0.357838
         vertex 0.0517419 -0.0337535 -0.365838
      endloop
   endfacet
   facet normal -1 -1.22465e-16 0
      outer loop
         vertex 0.0517419 -0.0394687 -0.322838
         vertex 0.0517419 -0.0385313 -0.322838
         vertex 0.0517419 -0.0346424 -0.357838
      endloop
   endfacet
   facet normal -1 -1.22465e-16 0
      outer loop
         vertex 0.0517419 -0.0346424 -0.357838
         vertex 0.0517419 -0.0341324 -0.368174
         vertex 0.0517419 -0.0394687 -0.322838
      endloop
   endfacet
   facet normal -1 -1.22465e-16 0
      outer loop
         vertex 0.0517419 -0.0385313 -0.317838
         vertex 0.0517419 -0.0385313 -0.322838
         vertex 0.0517419 -0.0394687 -0.322838
      endloop
   endfacet
   facet normal -1 -1.22465e-16 0
      outer loop
         vertex 0.0517419 -0.0394687 -0.322838
         vertex 0.0517419 -0.0394687 -0.317838
         vertex 0.0517419 -0.0385313 -0.317838
      endloop
   endfacet
   facet normal -1 -1.22465e-16 0
      outer loop
         vertex 0.0517419 -0.0286914 -0.413498
         vertex 0.0517419 -0.0341324 -0.368174
         vertex 0.0517419 -0.0337535 -0.365838
      endloop
   endfacet
   facet normal -1 -1.22465e-16 0
      outer loop
         vertex 0.0517419 0.0350698 -0.368175
         vertex 0.0517419 0.030018 -0.409982
         vertex 0.0517419 0.0346909 -0.365838
      endloop
   endfacet
   facet normal -1 -1.22465e-16 0
      outer loop
         vertex 0.0517419 0.0404062 -0.322838
         vertex 0.0517419 0.0350698 -0.368175
         vertex 0.0517419 0.0355798 -0.357838
      endloop
   endfacet
   facet normal -1 -1.22465e-16 0
      outer loop
         vertex 0.0517419 0.0346909 -0.365838
         vertex 0.0517419 0.0355798 -0.357838
         vertex 0.0517419 0.0350698 -0.368175
      endloop
   endfacet
   facet normal -1 -1.22465e-16 0
      outer loop
         vertex 0.0517419 0.0404062 -0.317838
         vertex 0.0517419 0.0404062 -0.322838
         vertex 0.0517419 0.0394687 -0.322838
      endloop
   endfacet
   facet normal -1 -1.22465e-16 0
      outer loop
         vertex 0.0517419 0.030018 -0.409982
         vertex 0.0517419 0.0271354 -0.433838
         vertex 0.0517419 0.0346909 -0.365838
      endloop
   endfacet
   facet normal -1 -1.22465e-16 0
      outer loop
         vertex 0.0517419 0.0355798 -0.357838
         vertex 0.0517419 0.0394687 -0.322838
         vertex 0.0517419 0.0404062 -0.322838
      endloop
   endfacet
   facet normal -1 -1.22465e-16 0
      outer loop
         vertex 0.0517419 0.0394687 -0.322838
         vertex 0.0517419 0.0394687 -0.317838
         vertex 0.0517419 0.0404062 -0.317838
      endloop
   endfacet
   facet normal -1.21716e-16 0.993884 -0.110432
      outer loop
         vertex 0.0517419 0.0355798 -0.357838
         vertex 0.0517419 0.0346909 -0.365838
         vertex 0.0501018 0.0346909 -0.365838
      endloop
   endfacet
   facet normal -1.21716e-16 0.993884 -0.110432
      outer loop
         vertex 0.0501018 0.0346909 -0.365838
         vertex 0.0499208 0.0355798 -0.357838
         vertex 0.0517419 0.0355798 -0.357838
      endloop
   endfacet
   facet normal 1.21716e-16 -0.993884 0.110432
      outer loop
         vertex 0.0517419 0.0271354 -0.433838
         vertex 0.0518162 0.0268143 -0.436727
         vertex 0.0647419 0.0268143 -0.436727
      endloop
   endfacet
   facet normal 1.21716e-16 -0.993884 0.110432
      outer loop
         vertex 0.0517419 0.0271354 -0.433838
         vertex 0.0777419 0.0271354 -0.433838
         vertex 0.0647419 0.0346909 -0.365838
      endloop
   endfacet
   facet normal 1.21716e-16 -0.993884 0.110432
      outer loop
         vertex 0.0775872 0.0264687 -0.439838
         vertex 0.0777419 0.0271354 -0.433838
         vertex 0.0647419 0.0268143 -0.436727
      endloop
   endfacet
   facet normal 1.21716e-16 -0.993884 0.110432
      outer loop
         vertex 0.0647419 0.0346909 -0.365838
         vertex 0.0517419 0.0346909 -0.365838
         vertex 0.0517419 0.0271354 -0.433838
      endloop
   endfacet
   facet normal 1.21716e-16 -0.993884 0.110432
      outer loop
         vertex 0.0777419 0.0394687 -0.322838
         vertex 0.0647419 0.0355798 -0.357838
         vertex 0.0647419 0.0346909 -0.365838
      endloop
   endfacet
   facet normal 1.21716e-16 -0.993884 0.110432
      outer loop
         vertex 0.0517419 0.0394687 -0.322838
         vertex 0.0517419 0.0355798 -0.357838
         vertex 0.0647419 0.0355798 -0.357838
      endloop
   endfacet
   facet normal 1.21716e-16 -0.993884 0.110432
      outer loop
         vertex 0.0647419 0.0268143 -0.436727
         vertex 0.0777419 0.0271354 -0.433838
         vertex 0.0517419 0.0271354 -0.433838
      endloop
   endfacet
   facet normal 1.21716e-16 -0.993884 0.110432
      outer loop
         vertex 0.0647419 0.0355798 -0.357838
         vertex 0.0777419 0.0394687 -0.322838
         vertex 0.0517419 0.0394687 -0.322838
      endloop
   endfacet
   facet normal 1.21716e-16 -0.993884 0.110432
      outer loop
         vertex 0.0647419 0.0346909 -0.365838
         vertex 0.0777419 0.0271354 -0.433838
         vertex 0.0777419 0.0394687 -0.322838
      endloop
   endfacet
   facet normal 1.21716e-16 -0.993884 0.110432
      outer loop
         vertex 0.0647419 0.0268143 -0.436727
         vertex 0.0647419 0.0264687 -0.439838
         vertex 0.0775872 0.0264687 -0.439838
      endloop
   endfacet
   facet normal 1.21716e-16 -0.993884 -0.110432
      outer loop
         vertex 0.0517419 -0.0346424 -0.357838
         vertex 0.0499208 -0.0346424 -0.357838
         vertex 0.0501018 -0.0337535 -0.365838
      endloop
   endfacet
   facet normal 1.21716e-16 -0.993884 -0.110432
      outer loop
         vertex 0.0501018 -0.0337535 -0.365838
         vertex 0.0517419 -0.0337535 -0.365838
         vertex 0.0517419 -0.0346424 -0.357838
      endloop
   endfacet
   facet normal -1.21716e-16 0.993884 0.110432
      outer loop
         vertex 0.0517419 -0.0385313 -0.322838
         vertex 0.0777419 -0.0385313 -0.322838
         vertex 0.0647419 -0.0346424 -0.357838
      endloop
   endfacet
   facet normal -1.21716e-16 0.993884 0.110432
      outer loop
         vertex 0.0777419 -0.0385313 -0.322838
         vertex 0.0777419 -0.026198 -0.433838
         vertex 0.0647419 -0.0337535 -0.365838
      endloop
   endfacet
   facet normal -1.21716e-16 0.993884 0.110432
      outer loop
         vertex 0.0517419 -0.026198 -0.433838
         vertex 0.0517419 -0.0337535 -0.365838
         vertex 0.0647419 -0.0337535 -0.365838
      endloop
   endfacet
   facet normal -1.21716e-16 0.993884 0.110432
      outer loop
         vertex 0.0517419 -0.026198 -0.433838
         vertex 0.0777419 -0.026198 -0.433838
         vertex 0.0647419 -0.0257535 -0.437838
      endloop
   endfacet
   facet normal -1.21716e-16 0.993884 0.110432
      outer loop
         vertex 0.0647419 -0.0337535 -0.365838
         vertex 0.0647419 -0.0346424 -0.357838
         vertex 0.0777419 -0.0385313 -0.322838
      endloop
   endfacet
   facet normal -1.21716e-16 0.993884 0.110432
      outer loop
         vertex 0.0647419 -0.0257535 -0.437838
         vertex 0.0518449 -0.0257535 -0.437838
         vertex 0.0517419 -0.026198 -0.433838
      endloop
   endfacet
   facet normal -1.21716e-16 0.993884 0.110432
      outer loop
         vertex 0.0647419 -0.0337535 -0.365838
         vertex 0.0777419 -0.026198 -0.433838
         vertex 0.0517419 -0.026198 -0.433838
      endloop
   endfacet
   facet normal -1.21716e-16 0.993884 0.110432
      outer loop
         vertex 0.0775872 -0.0255313 -0.439838
         vertex 0.0647419 -0.0255313 -0.439838
         vertex 0.0647419 -0.0257535 -0.437838
      endloop
   endfacet
   facet normal -1.21716e-16 0.993884 0.110432
      outer loop
         vertex 0.0647419 -0.0257535 -0.437838
         vertex 0.0777419 -0.026198 -0.433838
         vertex 0.0775872 -0.0255313 -0.439838
      endloop
   endfacet
   facet normal -1.21716e-16 0.993884 0.110432
      outer loop
         vertex 0.0647419 -0.0346424 -0.357838
         vertex 0.0517419 -0.0346424 -0.357838
         vertex 0.0517419 -0.0385313 -0.322838
      endloop
   endfacet
   facet normal 1 1.22465e-16 0
      outer loop
         vertex 0.0647419 0.0296909 -0.357838
         vertex 0.0647419 0.0296909 -0.365838
         vertex 0.0647419 0.0346909 -0.365838
      endloop
   endfacet
   facet normal 1 1.22465e-16 0
      outer loop
         vertex 0.0647419 0.0346909 -0.365838
         vertex 0.0647419 0.0355798 -0.357838
         vertex 0.0647419 0.0296909 -0.357838
      endloop
   endfacet
   facet normal 0 0 -1
      outer loop
         vertex 0.0643297 0.0288819 -0.365838
         vertex 0.0642419 0.0288249 -0.365838
         vertex 0.0641487 0.0287774 -0.365838
      endloop
   endfacet
   facet normal 0 0 -1
      outer loop
         vertex 0.0637419 0.0286909 -0.365838
         vertex 0.0645509 0.0291031 -0.365838
         vertex 0.0644851 0.0290218 -0.365838
      endloop
   endfacet
   facet normal 0 0 -1
      outer loop
         vertex 0.0637419 0.0286909 -0.365838
         vertex 0.064693 0.0293819 -0.365838
         vertex 0.0646555 0.0292842 -0.365838
      endloop
   endfacet
   facet normal 0 0 -1
      outer loop
         vertex 0.0643297 0.0288819 -0.365838
         vertex 0.0639498 0.0287128 -0.365838
         vertex 0.0638465 0.0286964 -0.365838
      endloop
   endfacet
   facet normal 0 0 -1
      outer loop
         vertex 0.0641487 0.0287774 -0.365838
         vertex 0.0640509 0.0287399 -0.365838
         vertex 0.0643297 0.0288819 -0.365838
      endloop
   endfacet
   facet normal 0 0 -1
      outer loop
         vertex 0.0644851 0.0290218 -0.365838
         vertex 0.0644111 0.0289478 -0.365838
         vertex 0.0637419 0.0286909 -0.365838
      endloop
   endfacet
   facet normal 0 0 -1
      outer loop
         vertex 0.0646555 0.0292842 -0.365838
         vertex 0.064608 0.0291909 -0.365838
         vertex 0.0637419 0.0286909 -0.365838
      endloop
   endfacet
   facet normal 0 0 -1
      outer loop
         vertex 0.0640509 0.0287399 -0.365838
         vertex 0.0639498 0.0287128 -0.365838
         vertex 0.0643297 0.0288819 -0.365838
      endloop
   endfacet
   facet normal 0 0 -1
      outer loop
         vertex 0.064608 0.0291909 -0.365838
         vertex 0.0645509 0.0291031 -0.365838
         vertex 0.0637419 0.0286909 -0.365838
      endloop
   endfacet
   facet normal 0 0 -1
      outer loop
         vertex 0.0637419 0.0286909 -0.365838
         vertex 0.0647419 0.0296909 -0.365838
         vertex 0.0647364 0.0295864 -0.365838
      endloop
   endfacet
   facet normal 0 0 -1
      outer loop
         vertex 0.0644111 0.0289478 -0.365838
         vertex 0.0643297 0.0288819 -0.365838
         vertex 0.0637419 0.0286909 -0.365838
      endloop
   endfacet
   facet normal 0 0 -1
      outer loop
         vertex 0.0647364 0.0295864 -0.365838
         vertex 0.0647201 0.029483 -0.365838
         vertex 0.0637419 0.0286909 -0.365838
      endloop
   endfacet
   facet normal 0 0 -1
      outer loop
         vertex 0.0647201 0.029483 -0.365838
         vertex 0.064693 0.0293819 -0.365838
         vertex 0.0637419 0.0286909 -0.365838
      endloop
   endfacet
   facet normal 0 0 -1
      outer loop
         vertex 0.0517419 0.0346909 -0.365838
         vertex 0.0428512 0.0305734 -0.365838
         vertex 0.0461165 0.0326958 -0.365838
      endloop
   endfacet
   facet normal 0 0 -1
      outer loop
         vertex 0.0638465 0.0286964 -0.365838
         vertex 0.0637419 0.0286909 -0.365838
         vertex 0.0643297 0.0288819 -0.365838
      endloop
   endfacet
   facet normal 0 0 -1
      outer loop
         vertex 0.0647419 0.0296909 -0.365838
         vertex 0.0404726 0.0286909 -0.365838
         vertex 0.0517419 0.0346909 -0.365838
      endloop
   endfacet
   facet normal 0 0 -1
      outer loop
         vertex 0.0517419 0.0346909 -0.365838
         vertex 0.0404726 0.0286909 -0.365838
         vertex 0.0428512 0.0305734 -0.365838
      endloop
   endfacet
   facet normal 0 0 -1
      outer loop
         vertex 0.0517419 0.0346909 -0.365838
         vertex 0.0647419 0.0346909 -0.365838
         vertex 0.0647419 0.0296909 -0.365838
      endloop
   endfacet
   facet normal 0 0 -1
      outer loop
         vertex 0.0461165 0.0326958 -0.365838
         vertex 0.0495857 0.0344655 -0.365838
         vertex 0.0517419 0.0346909 -0.365838
      endloop
   endfacet
   facet normal 0 0 -1
      outer loop
         vertex 0.0495857 0.0344655 -0.365838
         vertex 0.0501018 0.0346909 -0.365838
         vertex 0.0517419 0.0346909 -0.365838
      endloop
   endfacet
   facet normal 0 0 -1
      outer loop
         vertex 0.0637419 0.0286909 -0.365838
         vertex 0.0404726 0.0286909 -0.365838
         vertex 0.0647419 0.0296909 -0.365838
      endloop
   endfacet
   facet normal 1.22465e-16 -1 0
      outer loop
         vertex 0.0637419 0.0286909 -0.357838
         vertex 0.0393087 0.0286909 -0.358902
         vertex 0.0404726 0.0286909 -0.365838
      endloop
   endfacet
   facet normal 1.22465e-16 -1 0
      outer loop
         vertex 0.0637419 0.0286909 -0.357838
         vertex 0.0391302 0.0286909 -0.357838
         vertex 0.0393087 0.0286909 -0.358902
      endloop
   endfacet
   facet normal 1.22465e-16 -1 0
      outer loop
         vertex 0.0404726 0.0286909 -0.365838
         vertex 0.0637419 0.0286909 -0.365838
         vertex 0.0637419 0.0286909 -0.357838
      endloop
   endfacet
   facet normal 1 0 0
      outer loop
         vertex 0.0647419 0.0296909 -0.365838
         vertex 0.0647419 0.0296909 -0.357838
         vertex 0.0647364 0.0295864 -0.357838
      endloop
   endfacet
   facet normal 0.994522 -0.104528 0
      outer loop
         vertex 0.0647364 0.0295864 -0.365838
         vertex 0.0647364 0.0295864 -0.357838
         vertex 0.0647201 0.029483 -0.357838
      endloop
   endfacet
   facet normal 0.978148 -0.207912 0
      outer loop
         vertex 0.0647201 0.029483 -0.365838
         vertex 0.0647201 0.029483 -0.357838
         vertex 0.064693 0.0293819 -0.357838
      endloop
   endfacet
   facet normal 0.951057 -0.309017 0
      outer loop
         vertex 0.064693 0.0293819 -0.365838
         vertex 0.064693 0.0293819 -0.357838
         vertex 0.0646555 0.0292842 -0.357838
      endloop
   endfacet
   facet normal 0.913545 -0.406737 0
      outer loop
         vertex 0.0646555 0.0292842 -0.365838
         vertex 0.0646555 0.0292842 -0.357838
         vertex 0.064608 0.0291909 -0.357838
      endloop
   endfacet
   facet normal 0.866025 -0.5 0
      outer loop
         vertex 0.064608 0.0291909 -0.365838
         vertex 0.064608 0.0291909 -0.357838
         vertex 0.0645509 0.0291031 -0.357838
      endloop
   endfacet
   facet normal 0.809017 -0.587785 0
      outer loop
         vertex 0.0645509 0.0291031 -0.365838
         vertex 0.0645509 0.0291031 -0.357838
         vertex 0.0644851 0.0290218 -0.357838
      endloop
   endfacet
   facet normal 0.743145 -0.669131 0
      outer loop
         vertex 0.0644851 0.0290218 -0.365838
         vertex 0.0644851 0.0290218 -0.357838
         vertex 0.0644111 0.0289478 -0.357838
      endloop
   endfacet
   facet normal 0.669131 -0.743145 0
      outer loop
         vertex 0.0644111 0.0289478 -0.365838
         vertex 0.0644111 0.0289478 -0.357838
         vertex 0.0643297 0.0288819 -0.357838
      endloop
   endfacet
   facet normal 0.587785 -0.809017 0
      outer loop
         vertex 0.0643297 0.0288819 -0.365838
         vertex 0.0643297 0.0288819 -0.357838
         vertex 0.0642419 0.0288249 -0.357838
      endloop
   endfacet
   facet normal 0.5 -0.866025 0
      outer loop
         vertex 0.0642419 0.0288249 -0.365838
         vertex 0.0642419 0.0288249 -0.357838
         vertex 0.0641487 0.0287774 -0.357838
      endloop
   endfacet
   facet normal 0.406737 -0.913545 0
      outer loop
         vertex 0.0641487 0.0287774 -0.365838
         vertex 0.0641487 0.0287774 -0.357838
         vertex 0.0640509 0.0287399 -0.357838
      endloop
   endfacet
   facet normal 0.309017 -0.951057 0
      outer loop
         vertex 0.0640509 0.0287399 -0.365838
         vertex 0.0640509 0.0287399 -0.357838
         vertex 0.0639498 0.0287128 -0.357838
      endloop
   endfacet
   facet normal 0.207912 -0.978148 0
      outer loop
         vertex 0.0639498 0.0287128 -0.365838
         vertex 0.0639498 0.0287128 -0.357838
         vertex 0.0638465 0.0286964 -0.357838
      endloop
   endfacet
   facet normal 0.104528 -0.994522 0
      outer loop
         vertex 0.0638465 0.0286964 -0.365838
         vertex 0.0638465 0.0286964 -0.357838
         vertex 0.0637419 0.0286909 -0.357838
      endloop
   endfacet
   facet normal 0 -1 0
      outer loop
         vertex 0.0637419 0.0286909 -0.357838
         vertex 0.0637419 0.0286909 -0.365838
         vertex 0.0638465 0.0286964 -0.365838
      endloop
   endfacet
   facet normal 0.104528 -0.994522 0
      outer loop
         vertex 0.0638465 0.0286964 -0.357838
         vertex 0.0638465 0.0286964 -0.365838
         vertex 0.0639498 0.0287128 -0.365838
      endloop
   endfacet
   facet normal 0.207912 -0.978148 0
      outer loop
         vertex 0.0639498 0.0287128 -0.357838
         vertex 0.0639498 0.0287128 -0.365838
         vertex 0.0640509 0.0287399 -0.365838
      endloop
   endfacet
   facet normal 0.309017 -0.951057 0
      outer loop
         vertex 0.0640509 0.0287399 -0.357838
         vertex 0.0640509 0.0287399 -0.365838
         vertex 0.0641487 0.0287774 -0.365838
      endloop
   endfacet
   facet normal 0.406737 -0.913545 0
      outer loop
         vertex 0.0641487 0.0287774 -0.357838
         vertex 0.0641487 0.0287774 -0.365838
         vertex 0.0642419 0.0288249 -0.365838
      endloop
   endfacet
   facet normal 0.5 -0.866025 0
      outer loop
         vertex 0.0642419 0.0288249 -0.357838
         vertex 0.0642419 0.0288249 -0.365838
         vertex 0.0643297 0.0288819 -0.365838
      endloop
   endfacet
   facet normal 0.587785 -0.809017 0
      outer loop
         vertex 0.0643297 0.0288819 -0.357838
         vertex 0.0643297 0.0288819 -0.365838
         vertex 0.0644111 0.0289478 -0.365838
      endloop
   endfacet
   facet normal 0.669131 -0.743145 0
      outer loop
         vertex 0.0644111 0.0289478 -0.357838
         vertex 0.0644111 0.0289478 -0.365838
         vertex 0.0644851 0.0290218 -0.365838
      endloop
   endfacet
   facet normal 0.743145 -0.669131 0
      outer loop
         vertex 0.0644851 0.0290218 -0.357838
         vertex 0.0644851 0.0290218 -0.365838
         vertex 0.0645509 0.0291031 -0.365838
      endloop
   endfacet
   facet normal 0.809017 -0.587785 0
      outer loop
         vertex 0.0645509 0.0291031 -0.357838
         vertex 0.0645509 0.0291031 -0.365838
         vertex 0.064608 0.0291909 -0.365838
      endloop
   endfacet
   facet normal 0.866025 -0.5 0
      outer loop
         vertex 0.064608 0.0291909 -0.357838
         vertex 0.064608 0.0291909 -0.365838
         vertex 0.0646555 0.0292842 -0.365838
      endloop
   endfacet
   facet normal 0.913545 -0.406737 0
      outer loop
         vertex 0.0646555 0.0292842 -0.357838
         vertex 0.0646555 0.0292842 -0.365838
         vertex 0.064693 0.0293819 -0.365838
      endloop
   endfacet
   facet normal 0.951057 -0.309017 0
      outer loop
         vertex 0.064693 0.0293819 -0.357838
         vertex 0.064693 0.0293819 -0.365838
         vertex 0.0647201 0.029483 -0.365838
      endloop
   endfacet
   facet normal 0.978148 -0.207912 0
      outer loop
         vertex 0.0647201 0.029483 -0.357838
         vertex 0.0647201 0.029483 -0.365838
         vertex 0.0647364 0.0295864 -0.365838
      endloop
   endfacet
   facet normal 0.994522 -0.104528 0
      outer loop
         vertex 0.0647364 0.0295864 -0.357838
         vertex 0.0647364 0.0295864 -0.365838
         vertex 0.0647419 0.0296909 -0.365838
      endloop
   endfacet
   facet normal 0.404692 -0.90776 0.110432
      outer loop
         vertex 0.0528431 0.0271587 -0.437838
         vertex 0.0530845 0.0272831 -0.437689
         vertex 0.0529317 0.0272211 -0.437642
      endloop
   endfacet
   facet normal 0.404692 -0.90776 0.110432
      outer loop
         vertex 0.0528431 0.0271587 -0.437838
         vertex 0.0536236 0.0274991 -0.437789
         vertex 0.0536214 0.0274982 -0.437788
      endloop
   endfacet
   facet normal 0.378152 -0.919133 0.110432
      outer loop
         vertex 0.0536214 0.0274982 -0.437788
         vertex 0.0533839 0.027403 -0.437744
         vertex 0.0528431 0.0271587 -0.437838
      endloop
   endfacet
   facet normal 0.386181 -0.915789 0.110432
      outer loop
         vertex 0.0533839 0.027403 -0.437744
         vertex 0.0531464 0.0273079 -0.4377
         vertex 0.0528431 0.0271587 -0.437838
      endloop
   endfacet
   facet normal 0.404692 -0.90776 0.110432
      outer loop
         vertex 0.0528431 0.0271587 -0.437838
         vertex 0.0540895 0.0276811 -0.43783
         vertex 0.0538831 0.0276005 -0.437812
      endloop
   endfacet
   facet normal 0.404692 -0.90776 0.110432
      outer loop
         vertex 0.0528431 0.0271587 -0.437838
         vertex 0.0544225 0.0278082 -0.437838
         vertex 0.0541478 0.0277034 -0.437831
      endloop
   endfacet
   facet normal 0.360314 -0.926271 0.110432
      outer loop
         vertex 0.0541478 0.0277034 -0.437831
         vertex 0.0540895 0.0276811 -0.43783
         vertex 0.0528431 0.0271587 -0.437838
      endloop
   endfacet
   facet normal 0.369297 -0.922727 0.110432
      outer loop
         vertex 0.0538831 0.0276005 -0.437812
         vertex 0.0536236 0.0274991 -0.437789
         vertex 0.0528431 0.0271587 -0.437838
      endloop
   endfacet
   facet normal 0.39418 -0.912374 0.110432
      outer loop
         vertex 0.0531464 0.0273079 -0.4377
         vertex 0.0530845 0.0272831 -0.437689
         vertex 0.0528431 0.0271587 -0.437838
      endloop
   endfacet
   facet normal 0.497324 -0.860508 0.110432
      outer loop
         vertex 0.0501196 0.0257694 -0.437838
         vertex 0.0517419 0.0271354 -0.433838
         vertex 0.0517419 0.030018 -0.409982
      endloop
   endfacet
   facet normal 0.400232 -0.909736 0.110432
      outer loop
         vertex 0.0517419 0.030018 -0.409982
         vertex 0.0461165 0.0326958 -0.365838
         vertex 0.0501196 0.0257694 -0.437838
      endloop
   endfacet
   facet normal 0.497324 -0.860508 0.110432
      outer loop
         vertex 0.0501196 0.0257694 -0.437838
         vertex 0.0518162 0.0268143 -0.436727
         vertex 0.0517419 0.0271354 -0.433838
      endloop
   endfacet
   facet normal 0.497324 -0.860508 0.110432
      outer loop
         vertex 0.0501196 0.0257694 -0.437838
         vertex 0.0518197 0.0268102 -0.436774
         vertex 0.0518162 0.0268143 -0.436727
      endloop
   endfacet
   facet normal 0.497324 -0.860508 0.110432
      outer loop
         vertex 0.0501196 0.0257694 -0.437838
         vertex 0.0518398 0.0268086 -0.436867
         vertex 0.0518307 0.0268084 -0.436832
      endloop
   endfacet
   facet normal 0.497324 -0.860508 0.110432
      outer loop
         vertex 0.0501196 0.0257694 -0.437838
         vertex 0.0518465 0.0268094 -0.436887
         vertex 0.0518398 0.0268086 -0.436867
      endloop
   endfacet
   facet normal 0.497324 -0.860508 0.110432
      outer loop
         vertex 0.0501196 0.0257694 -0.437838
         vertex 0.0518667 0.0268131 -0.436937
         vertex 0.0518465 0.0268094 -0.436887
      endloop
   endfacet
   facet normal 0.437455 -0.892434 0.110432
      outer loop
         vertex 0.0518307 0.0268084 -0.436832
         vertex 0.0518275 0.0268083 -0.43682
         vertex 0.0501196 0.0257694 -0.437838
      endloop
   endfacet
   facet normal 0.497324 -0.860508 0.110432
      outer loop
         vertex 0.0501196 0.0257694 -0.437838
         vertex 0.0518969 0.0268206 -0.436995
         vertex 0.0518669 0.0268132 -0.436937
      endloop
   endfacet
   facet normal 0.497324 -0.860508 0.110432
      outer loop
         vertex 0.0501196 0.0257694 -0.437838
         vertex 0.0519348 0.0268318 -0.437054
         vertex 0.0519264 0.0268294 -0.437041
      endloop
   endfacet
   facet normal 0.497324 -0.860508 0.110432
      outer loop
         vertex 0.0501196 0.0257694 -0.437838
         vertex 0.0519425 0.0268342 -0.437065
         vertex 0.0519348 0.0268318 -0.437054
      endloop
   endfacet
   facet normal 0.497324 -0.860508 0.110432
      outer loop
         vertex 0.0501196 0.0257694 -0.437838
         vertex 0.0519964 0.0268522 -0.437131
         vertex 0.0519425 0.0268342 -0.437065
      endloop
   endfacet
   facet normal 0.497324 -0.860508 0.110432
      outer loop
         vertex 0.0501196 0.0257694 -0.437838
         vertex 0.0520684 0.0268778 -0.437204
         vertex 0.0520076 0.0268561 -0.437143
      endloop
   endfacet
   facet normal 0.431967 -0.895103 0.110432
      outer loop
         vertex 0.0520076 0.0268561 -0.437143
         vertex 0.0519964 0.0268522 -0.437131
         vertex 0.0501196 0.0257694 -0.437838
      endloop
   endfacet
   facet normal 0.497324 -0.860508 0.110432
      outer loop
         vertex 0.0501196 0.0257694 -0.437838
         vertex 0.0521699 0.0269158 -0.437289
         vertex 0.0521116 0.026894 -0.43724
      endloop
   endfacet
   facet normal 0.4286 -0.89672 0.110432
      outer loop
         vertex 0.0521116 0.026894 -0.43724
         vertex 0.0520684 0.0268778 -0.437204
         vertex 0.0501196 0.0257694 -0.437838
      endloop
   endfacet
   facet normal 0.497324 -0.860508 0.110432
      outer loop
         vertex 0.0501196 0.0257694 -0.437838
         vertex 0.0523098 0.0269703 -0.437384
         vertex 0.0522362 0.0269416 -0.437334
      endloop
   endfacet
   facet normal 0.497324 -0.860508 0.110432
      outer loop
         vertex 0.0501196 0.0257694 -0.437838
         vertex 0.0525009 0.0270466 -0.437486
         vertex 0.0523811 0.0269987 -0.437422
      endloop
   endfacet
   facet normal 0.404692 -0.90776 0.110432
      outer loop
         vertex 0.0528431 0.0271587 -0.437838
         vertex 0.0527203 0.0271353 -0.437578
         vertex 0.052544 0.027064 -0.437504
      endloop
   endfacet
   facet normal 0.414343 -0.903396 0.110432
      outer loop
         vertex 0.052544 0.027064 -0.437504
         vertex 0.0501196 0.0257694 -0.437838
         vertex 0.0528431 0.0271587 -0.437838
      endloop
   endfacet
   facet normal 0.414343 -0.903396 0.110432
      outer loop
         vertex 0.052544 0.027064 -0.437504
         vertex 0.0525009 0.0270466 -0.437486
         vertex 0.0501196 0.0257694 -0.437838
      endloop
   endfacet
   facet normal 0.404692 -0.90776 0.110432
      outer loop
         vertex 0.0528431 0.0271587 -0.437838
         vertex 0.0528331 0.0271811 -0.437612
         vertex 0.0527251 0.0271373 -0.437579
      endloop
   endfacet
   facet normal 0.408307 -0.90614 0.110432
      outer loop
         vertex 0.0527251 0.0271373 -0.437579
         vertex 0.0527203 0.0271353 -0.437578
         vertex 0.0528431 0.0271587 -0.437838
      endloop
   endfacet
   facet normal 0.419744 -0.900899 0.110432
      outer loop
         vertex 0.0523811 0.0269987 -0.437422
         vertex 0.0523098 0.0269703 -0.437384
         vertex 0.0501196 0.0257694 -0.437838
      endloop
   endfacet
   facet normal 0.424524 -0.898657 0.110432
      outer loop
         vertex 0.0522362 0.0269416 -0.437334
         vertex 0.0521699 0.0269158 -0.437289
         vertex 0.0501196 0.0257694 -0.437838
      endloop
   endfacet
   facet normal 0.434554 -0.89385 0.110432
      outer loop
         vertex 0.0519264 0.0268294 -0.437041
         vertex 0.0518969 0.0268206 -0.436995
         vertex 0.0501196 0.0257694 -0.437838
      endloop
   endfacet
   facet normal 0.436402 -0.892949 0.110432
      outer loop
         vertex 0.0518669 0.0268132 -0.436937
         vertex 0.0518667 0.0268131 -0.436937
         vertex 0.0501196 0.0257694 -0.437838
      endloop
   endfacet
   facet normal 0.437543 -0.892391 0.110432
      outer loop
         vertex 0.0518275 0.0268083 -0.43682
         vertex 0.0518197 0.0268102 -0.436774
         vertex 0.0501196 0.0257694 -0.437838
      endloop
   endfacet
   facet normal 0.497324 -0.860508 0.110432
      outer loop
         vertex 0.0461165 0.0326958 -0.365838
         vertex 0.0428512 0.0305734 -0.365838
         vertex 0.0475561 0.0241031 -0.437838
      endloop
   endfacet
   facet normal 0.648024 -0.753572 0.110432
      outer loop
         vertex 0.0404726 0.0286909 -0.365838
         vertex 0.0451807 0.0221781 -0.437838
         vertex 0.0475561 0.0241031 -0.437838
      endloop
   endfacet
   facet normal 0.584512 -0.803835 0.110432
      outer loop
         vertex 0.0475561 0.0241031 -0.437838
         vertex 0.0428512 0.0305734 -0.365838
         vertex 0.0404726 0.0286909 -0.365838
      endloop
   endfacet
   facet normal 0.738806 -0.664808 0.110432
      outer loop
         vertex 0.0430195 0.0200154 -0.437838
         vertex 0.0451807 0.0221781 -0.437838
         vertex 0.0393087 0.0286909 -0.358902
      endloop
   endfacet
   facet normal 0.665353 -0.738315 0.110432
      outer loop
         vertex 0.0393087 0.0286909 -0.358902
         vertex 0.0364119 0.0259612 -0.357838
         vertex 0.0430195 0.0200154 -0.437838
      endloop
   endfacet
   facet normal 0.738806 -0.664808 0.110432
      outer loop
         vertex 0.0364119 0.0259612 -0.357838
         vertex 0.0339034 0.0228616 -0.357838
         vertex 0.0410961 0.0176388 -0.437838
      endloop
   endfacet
   facet normal 0.804224 -0.583976 0.110432
      outer loop
         vertex 0.0339034 0.0228616 -0.357838
         vertex 0.0317325 0.0195169 -0.357838
         vertex 0.0394315 0.0150742 -0.437838
      endloop
   endfacet
   facet normal 0.860839 -0.496751 0.110432
      outer loop
         vertex 0.0317325 0.0195169 -0.357838
         vertex 0.0299229 0.0159637 -0.357838
         vertex 0.038044 0.0123497 -0.437838
      endloop
   endfacet
   facet normal 0.90803 -0.404088 0.110432
      outer loop
         vertex 0.0299229 0.0159637 -0.357838
         vertex 0.0284945 0.0122409 -0.357838
         vertex 0.0369487 0.00949517 -0.437838
      endloop
   endfacet
   facet normal 0.945281 -0.307001 0.110432
      outer loop
         vertex 0.0284945 0.0122409 -0.357838
         vertex 0.0274629 0.00838914 -0.357838
         vertex 0.0361577 0.00654181 -0.437838
      endloop
   endfacet
   facet normal 0.972183 -0.206554 0.110432
      outer loop
         vertex 0.0274629 0.00838914 -0.357838
         vertex 0.0268394 0.00445072 -0.357838
         vertex 0.0356797 0.00352197 -0.437838
      endloop
   endfacet
   facet normal 0.988444 -0.103845 0.110432
      outer loop
         vertex 0.0268394 0.00445072 -0.357838
         vertex 0.0266308 0.000468706 -0.357838
         vertex 0.0355197 0.000468706 -0.437838
      endloop
   endfacet
   facet normal 0.993884 6.99793e-16 0.110432
      outer loop
         vertex 0.0266308 0.000468706 -0.357838
         vertex 0.0268394 -0.00351331 -0.357838
         vertex 0.0356797 -0.00258456 -0.437838
      endloop
   endfacet
   facet normal 0.988444 0.103845 0.110432
      outer loop
         vertex 0.0268394 -0.00351331 -0.357838
         vertex 0.0274629 -0.00745173 -0.357838
         vertex 0.0361577 -0.0056044 -0.437838
      endloop
   endfacet
   facet normal 0.972183 0.206554 0.110432
      outer loop
         vertex 0.0274629 -0.00745173 -0.357838
         vertex 0.0284945 -0.0113034 -0.357838
         vertex 0.0369487 -0.00855775 -0.437838
      endloop
   endfacet
   facet normal 0.945281 0.307001 0.110432
      outer loop
         vertex 0.0284945 -0.0113034 -0.357838
         vertex 0.0299229 -0.0150263 -0.357838
         vertex 0.038044 -0.0114123 -0.437838
      endloop
   endfacet
   facet normal 0.90803 0.404088 0.110432
      outer loop
         vertex 0.0299229 -0.0150263 -0.357838
         vertex 0.0317325 -0.0185795 -0.357838
         vertex 0.0394315 -0.0141368 -0.437838
      endloop
   endfacet
   facet normal 0.860839 0.496751 0.110432
      outer loop
         vertex 0.0317325 -0.0185795 -0.357838
         vertex 0.0339034 -0.0219242 -0.357838
         vertex 0.0410961 -0.0167014 -0.437838
      endloop
   endfacet
   facet normal 0.804224 0.583976 0.110432
      outer loop
         vertex 0.0339034 -0.0219242 -0.357838
         vertex 0.0364119 -0.0250238 -0.357838
         vertex 0.0430195 -0.019078 -0.437838
      endloop
   endfacet
   facet normal 0.738806 0.664808 0.110432
      outer loop
         vertex 0.0430195 -0.019078 -0.437838
         vertex 0.0364119 -0.0250238 -0.357838
         vertex 0.0393087 -0.0277535 -0.358902
      endloop
   endfacet
   facet normal 0.738806 0.664808 0.110432
      outer loop
         vertex 0.0364119 -0.0250238 -0.357838
         vertex 0.0391302 -0.0277535 -0.357838
         vertex 0.0393087 -0.0277535 -0.358902
      endloop
   endfacet
   facet normal 0.648024 0.753572 0.110432
      outer loop
         vertex 0.0404726 -0.0277535 -0.365838
         vertex 0.0428512 -0.029636 -0.365838
         vertex 0.0475561 -0.0231657 -0.437838
      endloop
   endfacet
   facet normal 0.6653 0.738363 0.110432
      outer loop
         vertex 0.0451807 -0.0212407 -0.437838
         vertex 0.0393087 -0.0277535 -0.358902
         vertex 0.0404726 -0.0277535 -0.365838
      endloop
   endfacet
   facet normal 0.584512 0.803835 0.110432
      outer loop
         vertex 0.0428512 -0.029636 -0.365838
         vertex 0.0461165 -0.0317584 -0.365838
         vertex 0.0501196 -0.024832 -0.437838
      endloop
   endfacet
   facet normal 0.497324 0.860508 0.110432
      outer loop
         vertex 0.0501196 -0.024832 -0.437838
         vertex 0.0461165 -0.0317584 -0.365838
         vertex 0.0517419 -0.0286914 -0.413498
      endloop
   endfacet
   facet normal 0.497324 0.860508 0.110432
      outer loop
         vertex 0.0461165 -0.0317584 -0.365838
         vertex 0.0495857 -0.0335281 -0.365838
         vertex 0.0517419 -0.0286914 -0.413498
      endloop
   endfacet
   facet normal 0.404692 0.90776 0.110432
      outer loop
         vertex 0.0517419 -0.0286914 -0.413498
         vertex 0.0517419 -0.026198 -0.433838
         vertex 0.0501196 -0.024832 -0.437838
      endloop
   endfacet
   facet normal 0.404692 0.90776 0.110432
      outer loop
         vertex 0.0476402 -0.0378919 -0.322838
         vertex 0.0517419 -0.0394687 -0.322838
         vertex 0.0497659 -0.0363822 -0.342838
      endloop
   endfacet
   facet normal 0.307631 0.945076 0.110432
      outer loop
         vertex 0.0517419 -0.0394687 -0.322838
         vertex 0.0517419 -0.0341324 -0.368174
         vertex 0.0499208 -0.0356125 -0.349778
      endloop
   endfacet
   facet normal 0.349555 0.930385 0.110432
      outer loop
         vertex 0.0517419 -0.0341324 -0.368174
         vertex 0.0501018 -0.0337535 -0.365838
         vertex 0.0499208 -0.0346424 -0.357838
      endloop
   endfacet
   facet normal 0.386515 0.915648 0.110432
      outer loop
         vertex 0.0499208 -0.0346424 -0.357838
         vertex 0.0499208 -0.0356125 -0.349778
         vertex 0.0517419 -0.0341324 -0.368174
      endloop
   endfacet
   facet normal 0.404692 0.90776 0.110432
      outer loop
         vertex 0.0495857 -0.0335281 -0.365838
         vertex 0.0501018 -0.0337535 -0.365838
         vertex 0.0517419 -0.0341324 -0.368174
      endloop
   endfacet
   facet normal 0.349555 0.930385 0.110432
      outer loop
         vertex 0.0517419 -0.0341324 -0.368174
         vertex 0.0517419 -0.0286914 -0.413498
         vertex 0.0495857 -0.0335281 -0.365838
      endloop
   endfacet
   facet normal 0.377641 0.919344 0.110432
      outer loop
         vertex 0.0499208 -0.0356125 -0.349778
         vertex 0.0497659 -0.0363822 -0.342838
         vertex 0.0517419 -0.0394687 -0.322838
      endloop
   endfacet
   facet normal 0.497324 0.860508 0.110432
      outer loop
         vertex 0.0437258 -0.035895 -0.322838
         vertex 0.0476402 -0.0378919 -0.322838
         vertex 0.0485451 -0.0358622 -0.342838
      endloop
   endfacet
   facet normal 0.584512 0.803835 0.110432
      outer loop
         vertex 0.0400414 -0.0335001 -0.322838
         vertex 0.0437258 -0.035895 -0.322838
         vertex 0.0448377 -0.033971 -0.342838
      endloop
   endfacet
   facet normal 0.6653 0.738363 0.110432
      outer loop
         vertex 0.0366274 -0.0307334 -0.322838
         vertex 0.0400414 -0.0335001 -0.322838
         vertex 0.0413483 -0.0317028 -0.342838
      endloop
   endfacet
   facet normal 0.738806 0.664808 0.110432
      outer loop
         vertex 0.0335211 -0.0276251 -0.322838
         vertex 0.0366274 -0.0307334 -0.322838
         vertex 0.0381149 -0.0290825 -0.342838
      endloop
   endfacet
   facet normal 0.804224 0.583976 0.110432
      outer loop
         vertex 0.0307566 -0.0242092 -0.322838
         vertex 0.0335211 -0.0276251 -0.322838
         vertex 0.035173 -0.0261386 -0.342838
      endloop
   endfacet
   facet normal 0.860839 0.496751 0.110432
      outer loop
         vertex 0.0283642 -0.0205232 -0.322838
         vertex 0.0307566 -0.0242092 -0.322838
         vertex 0.0325548 -0.0229035 -0.342838
      endloop
   endfacet
   facet normal 0.90803 0.404088 0.110432
      outer loop
         vertex 0.02637 -0.0166074 -0.322838
         vertex 0.0283642 -0.0205232 -0.322838
         vertex 0.0302889 -0.0194125 -0.342838
      endloop
   endfacet
   facet normal 0.945281 0.307001 0.110432
      outer loop
         vertex 0.0247958 -0.0125047 -0.322838
         vertex 0.02637 -0.0166074 -0.322838
         vertex 0.0284002 -0.0157039 -0.342838
      endloop
   endfacet
   facet normal 0.972183 0.206554 0.110432
      outer loop
         vertex 0.023659 -0.00825994 -0.322838
         vertex 0.0247958 -0.0125047 -0.322838
         vertex 0.0269094 -0.0118183 -0.342838
      endloop
   endfacet
   facet normal 0.988444 0.103845 0.110432
      outer loop
         vertex 0.0229718 -0.00391963 -0.322838
         vertex 0.023659 -0.00825994 -0.322838
         vertex 0.0258327 -0.0077981 -0.342838
      endloop
   endfacet
   facet normal 0.993884 7.00173e-16 0.110432
      outer loop
         vertex 0.0227419 0.000468706 -0.322838
         vertex 0.0229718 -0.00391963 -0.322838
         vertex 0.0251819 -0.00368745 -0.342838
      endloop
   endfacet
   facet normal 0.988444 -0.103845 0.110432
      outer loop
         vertex 0.0229718 0.00485705 -0.322838
         vertex 0.0227419 0.000468706 -0.322838
         vertex 0.0249641 0.000468706 -0.342838
      endloop
   endfacet
   facet normal 0.972183 -0.206554 0.110432
      outer loop
         vertex 0.023659 0.00919735 -0.322838
         vertex 0.0229718 0.00485705 -0.322838
         vertex 0.0251819 0.00462486 -0.342838
      endloop
   endfacet
   facet normal 0.945281 -0.307001 0.110432
      outer loop
         vertex 0.0247958 0.0134421 -0.322838
         vertex 0.023659 0.00919735 -0.322838
         vertex 0.0258327 0.00873552 -0.342838
      endloop
   endfacet
   facet normal 0.90803 -0.404088 0.110432
      outer loop
         vertex 0.02637 0.0175448 -0.322838
         vertex 0.0247958 0.0134421 -0.322838
         vertex 0.0269094 0.0127557 -0.342838
      endloop
   endfacet
   facet normal 0.860839 -0.496751 0.110432
      outer loop
         vertex 0.0283642 0.0214606 -0.322838
         vertex 0.02637 0.0175448 -0.322838
         vertex 0.0284002 0.0166413 -0.342838
      endloop
   endfacet
   facet normal 0.804224 -0.583976 0.110432
      outer loop
         vertex 0.0307566 0.0251466 -0.322838
         vertex 0.0283642 0.0214606 -0.322838
         vertex 0.0302889 0.0203499 -0.342838
      endloop
   endfacet
   facet normal 0.738806 -0.664808 0.110432
      outer loop
         vertex 0.0335211 0.0285625 -0.322838
         vertex 0.0307566 0.0251466 -0.322838
         vertex 0.0325548 0.0238409 -0.342838
      endloop
   endfacet
   facet normal 0.6653 -0.738363 0.110432
      outer loop
         vertex 0.0366274 0.0316708 -0.322838
         vertex 0.0335211 0.0285625 -0.322838
         vertex 0.035173 0.027076 -0.342838
      endloop
   endfacet
   facet normal 0.584512 -0.803835 0.110432
      outer loop
         vertex 0.0400414 0.0344375 -0.322838
         vertex 0.0366274 0.0316708 -0.322838
         vertex 0.0381149 0.0300199 -0.342838
      endloop
   endfacet
   facet normal 0.497324 -0.860508 0.110432
      outer loop
         vertex 0.0437258 0.0368324 -0.322838
         vertex 0.0400414 0.0344375 -0.322838
         vertex 0.0413483 0.0326403 -0.342838
      endloop
   endfacet
   facet normal 0.404692 -0.90776 0.110432
      outer loop
         vertex 0.0476402 0.0388293 -0.322838
         vertex 0.0437258 0.0368324 -0.322838
         vertex 0.0448377 0.0349084 -0.342838
      endloop
   endfacet
   facet normal 0.404692 -0.90776 0.110432
      outer loop
         vertex 0.0495857 0.0344655 -0.365838
         vertex 0.0517419 0.030018 -0.409982
         vertex 0.0517419 0.0350698 -0.368175
      endloop
   endfacet
   facet normal 0.349556 -0.930385 0.110432
      outer loop
         vertex 0.0517419 0.0350698 -0.368175
         vertex 0.0499208 0.0365499 -0.349778
         vertex 0.0499208 0.0355798 -0.357838
      endloop
   endfacet
   facet normal 0.307631 -0.945076 0.110432
      outer loop
         vertex 0.0517419 0.0404062 -0.322838
         vertex 0.0497659 0.0373196 -0.342838
         vertex 0.0499208 0.0365499 -0.349778
      endloop
   endfacet
   facet normal 0.377641 -0.919344 0.110432
      outer loop
         vertex 0.0499208 0.0365499 -0.349778
         vertex 0.0517419 0.0350698 -0.368175
         vertex 0.0517419 0.0404062 -0.322838
      endloop
   endfacet
   facet normal 0.386515 -0.915648 0.110432
      outer loop
         vertex 0.0499208 0.0355798 -0.357838
         vertex 0.0501018 0.0346909 -0.365838
         vertex 0.0517419 0.0350698 -0.368175
      endloop
   endfacet
   facet normal 0.404692 -0.90776 0.110432
      outer loop
         vertex 0.0476402 0.0388293 -0.322838
         vertex 0.0485451 0.0367996 -0.342838
         vertex 0.0497659 0.0373196 -0.342838
      endloop
   endfacet
   facet normal 0.37419 -0.920753 0.110432
      outer loop
         vertex 0.0497659 0.0373196 -0.342838
         vertex 0.0517419 0.0404062 -0.322838
         vertex 0.0476402 0.0388293 -0.322838
      endloop
   endfacet
   facet normal 0.349556 -0.930385 0.110432
      outer loop
         vertex 0.0517419 0.0350698 -0.368175
         vertex 0.0501018 0.0346909 -0.365838
         vertex 0.0495857 0.0344655 -0.365838
      endloop
   endfacet
   facet normal 0.497324 -0.860508 0.110432
      outer loop
         vertex 0.0448377 0.0349084 -0.342838
         vertex 0.0485451 0.0367996 -0.342838
         vertex 0.0476402 0.0388293 -0.322838
      endloop
   endfacet
   facet normal 0.584512 -0.803835 0.110432
      outer loop
         vertex 0.0413483 0.0326403 -0.342838
         vertex 0.0448377 0.0349084 -0.342838
         vertex 0.0437258 0.0368324 -0.322838
      endloop
   endfacet
   facet normal 0.6653 -0.738363 0.110432
      outer loop
         vertex 0.0381149 0.0300199 -0.342838
         vertex 0.0413483 0.0326403 -0.342838
         vertex 0.0400414 0.0344375 -0.322838
      endloop
   endfacet
   facet normal 0.738806 -0.664808 0.110432
      outer loop
         vertex 0.035173 0.027076 -0.342838
         vertex 0.0381149 0.0300199 -0.342838
         vertex 0.0366274 0.0316708 -0.322838
      endloop
   endfacet
   facet normal 0.804224 -0.583976 0.110432
      outer loop
         vertex 0.0325548 0.0238409 -0.342838
         vertex 0.035173 0.027076 -0.342838
         vertex 0.0335211 0.0285625 -0.322838
      endloop
   endfacet
   facet normal 0.860839 -0.496751 0.110432
      outer loop
         vertex 0.0302889 0.0203499 -0.342838
         vertex 0.0325548 0.0238409 -0.342838
         vertex 0.0307566 0.0251466 -0.322838
      endloop
   endfacet
   facet normal 0.90803 -0.404088 0.110432
      outer loop
         vertex 0.0284002 0.0166413 -0.342838
         vertex 0.0302889 0.0203499 -0.342838
         vertex 0.0283642 0.0214606 -0.322838
      endloop
   endfacet
   facet normal 0.945281 -0.307001 0.110432
      outer loop
         vertex 0.0269094 0.0127557 -0.342838
         vertex 0.0284002 0.0166413 -0.342838
         vertex 0.02637 0.0175448 -0.322838
      endloop
   endfacet
   facet normal 0.972183 -0.206554 0.110432
      outer loop
         vertex 0.0258327 0.00873552 -0.342838
         vertex 0.0269094 0.0127557 -0.342838
         vertex 0.0247958 0.0134421 -0.322838
      endloop
   endfacet
   facet normal 0.988444 -0.103845 0.110432
      outer loop
         vertex 0.0251819 0.00462486 -0.342838
         vertex 0.0258327 0.00873552 -0.342838
         vertex 0.023659 0.00919735 -0.322838
      endloop
   endfacet
   facet normal 0.993884 7.00271e-16 0.110432
      outer loop
         vertex 0.0249641 0.000468706 -0.342838
         vertex 0.0251819 0.00462486 -0.342838
         vertex 0.0229718 0.00485705 -0.322838
      endloop
   endfacet
   facet normal 0.988444 0.103845 0.110432
      outer loop
         vertex 0.0251819 -0.00368745 -0.342838
         vertex 0.0249641 0.000468706 -0.342838
         vertex 0.0227419 0.000468706 -0.322838
      endloop
   endfacet
   facet normal 0.972183 0.206554 0.110432
      outer loop
         vertex 0.0258327 -0.0077981 -0.342838
         vertex 0.0251819 -0.00368745 -0.342838
         vertex 0.0229718 -0.00391963 -0.322838
      endloop
   endfacet
   facet normal 0.945281 0.307001 0.110432
      outer loop
         vertex 0.0269094 -0.0118183 -0.342838
         vertex 0.0258327 -0.0077981 -0.342838
         vertex 0.023659 -0.00825994 -0.322838
      endloop
   endfacet
   facet normal 0.90803 0.404088 0.110432
      outer loop
         vertex 0.0284002 -0.0157039 -0.342838
         vertex 0.0269094 -0.0118183 -0.342838
         vertex 0.0247958 -0.0125047 -0.322838
      endloop
   endfacet
   facet normal 0.860839 0.496751 0.110432
      outer loop
         vertex 0.0302889 -0.0194125 -0.342838
         vertex 0.0284002 -0.0157039 -0.342838
         vertex 0.02637 -0.0166074 -0.322838
      endloop
   endfacet
   facet normal 0.804224 0.583976 0.110432
      outer loop
         vertex 0.0325548 -0.0229035 -0.342838
         vertex 0.0302889 -0.0194125 -0.342838
         vertex 0.0283642 -0.0205232 -0.322838
      endloop
   endfacet
   facet normal 0.738806 0.664808 0.110432
      outer loop
         vertex 0.035173 -0.0261386 -0.342838
         vertex 0.0325548 -0.0229035 -0.342838
         vertex 0.0307566 -0.0242092 -0.322838
      endloop
   endfacet
   facet normal 0.6653 0.738363 0.110432
      outer loop
         vertex 0.0381149 -0.0290825 -0.342838
         vertex 0.035173 -0.0261386 -0.342838
         vertex 0.0335211 -0.0276251 -0.322838
      endloop
   endfacet
   facet normal 0.584512 0.803835 0.110432
      outer loop
         vertex 0.0413483 -0.0317028 -0.342838
         vertex 0.0381149 -0.0290825 -0.342838
         vertex 0.0366274 -0.0307334 -0.322838
      endloop
   endfacet
   facet normal 0.497324 0.860508 0.110432
      outer loop
         vertex 0.0448377 -0.033971 -0.342838
         vertex 0.0413483 -0.0317028 -0.342838
         vertex 0.0400414 -0.0335001 -0.322838
      endloop
   endfacet
   facet normal 0.404692 0.90776 0.110432
      outer loop
         vertex 0.0485451 -0.0358622 -0.342838
         vertex 0.0448377 -0.033971 -0.342838
         vertex 0.0437258 -0.035895 -0.322838
      endloop
   endfacet
   facet normal 0.37419 0.920753 0.110432
      outer loop
         vertex 0.0497659 -0.0363822 -0.342838
         vertex 0.0485451 -0.0358622 -0.342838
         vertex 0.0476402 -0.0378919 -0.322838
      endloop
   endfacet
   facet normal 0.435522 0.893379 0.110432
      outer loop
         vertex 0.0517419 -0.026198 -0.433838
         vertex 0.0518449 -0.0257535 -0.437838
         vertex 0.0501196 -0.024832 -0.437838
      endloop
   endfacet
   facet normal 0.497324 0.860508 0.110432
      outer loop
         vertex 0.0501196 -0.024832 -0.437838
         vertex 0.0475561 -0.0231657 -0.437838
         vertex 0.0428512 -0.029636 -0.365838
      endloop
   endfacet
   facet normal 0.584512 0.803835 0.110432
      outer loop
         vertex 0.0475561 -0.0231657 -0.437838
         vertex 0.0451807 -0.0212407 -0.437838
         vertex 0.0404726 -0.0277535 -0.365838
      endloop
   endfacet
   facet normal 0.665353 0.738315 0.110432
      outer loop
         vertex 0.0393087 -0.0277535 -0.358902
         vertex 0.0451807 -0.0212407 -0.437838
         vertex 0.0430195 -0.019078 -0.437838
      endloop
   endfacet
   facet normal 0.738806 0.664808 0.110432
      outer loop
         vertex 0.0430195 -0.019078 -0.437838
         vertex 0.0410961 -0.0167014 -0.437838
         vertex 0.0339034 -0.0219242 -0.357838
      endloop
   endfacet
   facet normal 0.804224 0.583976 0.110432
      outer loop
         vertex 0.0410961 -0.0167014 -0.437838
         vertex 0.0394315 -0.0141368 -0.437838
         vertex 0.0317325 -0.0185795 -0.357838
      endloop
   endfacet
   facet normal 0.860839 0.496751 0.110432
      outer loop
         vertex 0.0394315 -0.0141368 -0.437838
         vertex 0.038044 -0.0114123 -0.437838
         vertex 0.0299229 -0.0150263 -0.357838
      endloop
   endfacet
   facet normal 0.90803 0.404088 0.110432
      outer loop
         vertex 0.038044 -0.0114123 -0.437838
         vertex 0.0369487 -0.00855775 -0.437838
         vertex 0.0284945 -0.0113034 -0.357838
      endloop
   endfacet
   facet normal 0.945281 0.307001 0.110432
      outer loop
         vertex 0.0369487 -0.00855775 -0.437838
         vertex 0.0361577 -0.0056044 -0.437838
         vertex 0.0274629 -0.00745173 -0.357838
      endloop
   endfacet
   facet normal 0.972183 0.206554 0.110432
      outer loop
         vertex 0.0361577 -0.0056044 -0.437838
         vertex 0.0356797 -0.00258456 -0.437838
         vertex 0.0268394 -0.00351331 -0.357838
      endloop
   endfacet
   facet normal 0.988444 0.103845 0.110432
      outer loop
         vertex 0.0356797 -0.00258456 -0.437838
         vertex 0.0355197 0.000468706 -0.437838
         vertex 0.0266308 0.000468706 -0.357838
      endloop
   endfacet
   facet normal 0.993884 6.99793e-16 0.110432
      outer loop
         vertex 0.0355197 0.000468706 -0.437838
         vertex 0.0356797 0.00352197 -0.437838
         vertex 0.0268394 0.00445072 -0.357838
      endloop
   endfacet
   facet normal 0.988444 -0.103845 0.110432
      outer loop
         vertex 0.0356797 0.00352197 -0.437838
         vertex 0.0361577 0.00654181 -0.437838
         vertex 0.0274629 0.00838914 -0.357838
      endloop
   endfacet
   facet normal 0.972183 -0.206554 0.110432
      outer loop
         vertex 0.0361577 0.00654181 -0.437838
         vertex 0.0369487 0.00949517 -0.437838
         vertex 0.0284945 0.0122409 -0.357838
      endloop
   endfacet
   facet normal 0.945281 -0.307001 0.110432
      outer loop
         vertex 0.0369487 0.00949517 -0.437838
         vertex 0.038044 0.0123497 -0.437838
         vertex 0.0299229 0.0159637 -0.357838
      endloop
   endfacet
   facet normal 0.90803 -0.404088 0.110432
      outer loop
         vertex 0.038044 0.0123497 -0.437838
         vertex 0.0394315 0.0150742 -0.437838
         vertex 0.0317325 0.0195169 -0.357838
      endloop
   endfacet
   facet normal 0.860839 -0.496751 0.110432
      outer loop
         vertex 0.0394315 0.0150742 -0.437838
         vertex 0.0410961 0.0176388 -0.437838
         vertex 0.0339034 0.0228616 -0.357838
      endloop
   endfacet
   facet normal 0.804224 -0.583976 0.110432
      outer loop
         vertex 0.0410961 0.0176388 -0.437838
         vertex 0.0430195 0.0200154 -0.437838
         vertex 0.0364119 0.0259612 -0.357838
      endloop
   endfacet
   facet normal 0.665353 -0.738315 0.110432
      outer loop
         vertex 0.0393087 0.0286909 -0.358902
         vertex 0.0391302 0.0286909 -0.357838
         vertex 0.0364119 0.0259612 -0.357838
      endloop
   endfacet
   facet normal 0.648024 -0.753572 0.110432
      outer loop
         vertex 0.0404726 0.0286909 -0.365838
         vertex 0.0393087 0.0286909 -0.358902
         vertex 0.0451807 0.0221781 -0.437838
      endloop
   endfacet
   facet normal 0.584512 -0.803835 0.110432
      outer loop
         vertex 0.0475561 0.0241031 -0.437838
         vertex 0.0501196 0.0257694 -0.437838
         vertex 0.0461165 0.0326958 -0.365838
      endloop
   endfacet
   facet normal 0.400232 -0.909736 0.110432
      outer loop
         vertex 0.0517419 0.030018 -0.409982
         vertex 0.0495857 0.0344655 -0.365838
         vertex 0.0461165 0.0326958 -0.365838
      endloop
   endfacet
   facet normal 0.40139 -0.909226 0.110432
      outer loop
         vertex 0.0529317 0.0272211 -0.437642
         vertex 0.0528331 0.0271811 -0.437612
         vertex 0.0528431 0.0271587 -0.437838
      endloop
   endfacet
   facet normal 0 0 1
      outer loop
         vertex 0.0517419 0.0355798 -0.357838
         vertex 0.0641487 0.0287774 -0.357838
         vertex 0.0642419 0.0288249 -0.357838
      endloop
   endfacet
   facet normal 0 0 1
      outer loop
         vertex 0.0248014 0.00253289 -0.357838
         vertex 0.0266308 0.000468706 -0.357838
         vertex 0.0268394 0.00445072 -0.357838
      endloop
   endfacet
   facet normal 0 0 1
      outer loop
         vertex 0.025227 -0.00570184 -0.357838
         vertex 0.0260736 -0.00974246 -0.357838
         vertex 0.0274629 -0.00745173 -0.357838
      endloop
   endfacet
   facet normal 0 0 1
      outer loop
         vertex 0.0260736 -0.00974246 -0.357838
         vertex 0.0273323 -0.0136743 -0.357838
         vertex 0.0284945 -0.0113034 -0.357838
      endloop
   endfacet
   facet normal 0 0 1
      outer loop
         vertex 0.0517419 0.0355798 -0.357838
         vertex 0.064608 0.0291909 -0.357838
         vertex 0.0646555 0.0292842 -0.357838
      endloop
   endfacet
   facet normal 0 0 1
      outer loop
         vertex 0.0517419 0.0355798 -0.357838
         vertex 0.0644111 0.0289478 -0.357838
         vertex 0.0644851 0.0290218 -0.357838
      endloop
   endfacet
   facet normal 0 0 1
      outer loop
         vertex 0.0517419 0.0355798 -0.357838
         vertex 0.0640509 0.0287399 -0.357838
         vertex 0.0641487 0.0287774 -0.357838
      endloop
   endfacet
   facet normal 0 0 1
      outer loop
         vertex 0.0273323 0.0146117 -0.357838
         vertex 0.0284945 0.0122409 -0.357838
         vertex 0.0299229 0.0159637 -0.357838
      endloop
   endfacet
   facet normal 0 0 1
      outer loop
         vertex 0.0260736 0.0106799 -0.357838
         vertex 0.0274629 0.00838914 -0.357838
         vertex 0.0284945 0.0122409 -0.357838
      endloop
   endfacet
   facet normal 0 0 1
      outer loop
         vertex 0.025227 0.00663925 -0.357838
         vertex 0.0268394 0.00445072 -0.357838
         vertex 0.0274629 0.00838914 -0.357838
      endloop
   endfacet
   facet normal 0 0 1
      outer loop
         vertex 0.0268394 0.00445072 -0.357838
         vertex 0.025227 0.00663925 -0.357838
         vertex 0.0248014 0.00253289 -0.357838
      endloop
   endfacet
   facet normal 0 0 1
      outer loop
         vertex 0.0248014 -0.00159547 -0.357838
         vertex 0.025227 -0.00570184 -0.357838
         vertex 0.0268394 -0.00351331 -0.357838
      endloop
   endfacet
   facet normal 0 0 1
      outer loop
         vertex 0.0284945 -0.0113034 -0.357838
         vertex 0.0274629 -0.00745173 -0.357838
         vertex 0.0260736 -0.00974246 -0.357838
      endloop
   endfacet
   facet normal 0 0 1
      outer loop
         vertex 0.0517419 -0.0346424 -0.357838
         vertex 0.0643297 -0.0279445 -0.357838
         vertex 0.0642419 -0.0278875 -0.357838
      endloop
   endfacet
   facet normal 0 0 1
      outer loop
         vertex 0.0517419 0.0355798 -0.357838
         vertex 0.0645509 0.0291031 -0.357838
         vertex 0.064608 0.0291909 -0.357838
      endloop
   endfacet
   facet normal 0 0 1
      outer loop
         vertex 0.0517419 0.0355798 -0.357838
         vertex 0.0643297 0.0288819 -0.357838
         vertex 0.0644111 0.0289478 -0.357838
      endloop
   endfacet
   facet normal 0 0 1
      outer loop
         vertex 0.0517419 0.0355798 -0.357838
         vertex 0.0639498 0.0287128 -0.357838
         vertex 0.0640509 0.0287399 -0.357838
      endloop
   endfacet
   facet normal 0 0 1
      outer loop
         vertex 0.0517419 0.0355798 -0.357838
         vertex 0.0637419 0.0286909 -0.357838
         vertex 0.0638465 0.0286964 -0.357838
      endloop
   endfacet
   facet normal 0 0 1
      outer loop
         vertex 0.0289895 0.0183928 -0.357838
         vertex 0.0299229 0.0159637 -0.357838
         vertex 0.0317325 0.0195169 -0.357838
      endloop
   endfacet
   facet normal 0 0 1
      outer loop
         vertex 0.0284945 0.0122409 -0.357838
         vertex 0.0273323 0.0146117 -0.357838
         vertex 0.0260736 0.0106799 -0.357838
      endloop
   endfacet
   facet normal 0 0 1
      outer loop
         vertex 0.0248014 0.00253289 -0.357838
         vertex 0.0248014 -0.00159547 -0.357838
         vertex 0.0266308 0.000468706 -0.357838
      endloop
   endfacet
   facet normal 0 0 1
      outer loop
         vertex 0.0274629 -0.00745173 -0.357838
         vertex 0.0268394 -0.00351331 -0.357838
         vertex 0.025227 -0.00570184 -0.357838
      endloop
   endfacet
   facet normal 0 0 1
      outer loop
         vertex 0.0289895 -0.0174554 -0.357838
         vertex 0.0310277 -0.0210455 -0.357838
         vertex 0.0317325 -0.0185795 -0.357838
      endloop
   endfacet
   facet normal 0 0 1
      outer loop
         vertex 0.0310277 -0.0210455 -0.357838
         vertex 0.0334252 -0.0244064 -0.357838
         vertex 0.0339034 -0.0219242 -0.357838
      endloop
   endfacet
   facet normal 0 0 1
      outer loop
         vertex 0.0642419 -0.0278875 -0.357838
         vertex 0.0641487 -0.02784 -0.357838
         vertex 0.0517419 -0.0346424 -0.357838
      endloop
   endfacet
   facet normal 0 0 1
      outer loop
         vertex 0.0517419 -0.0346424 -0.357838
         vertex 0.0645509 -0.0281657 -0.357838
         vertex 0.0644851 -0.0280844 -0.357838
      endloop
   endfacet
   facet normal 0 0 1
      outer loop
         vertex 0.0517419 -0.0346424 -0.357838
         vertex 0.064693 -0.0284445 -0.357838
         vertex 0.0646555 -0.0283468 -0.357838
      endloop
   endfacet
   facet normal 0 0 1
      outer loop
         vertex 0.0497209 0.0355798 -0.357838
         vertex 0.0455921 0.0355798 -0.357838
         vertex 0.0425001 0.0337074 -0.357838
      endloop
   endfacet
   facet normal 0 0 1
      outer loop
         vertex 0.0517419 0.0355798 -0.357838
         vertex 0.0647201 0.029483 -0.357838
         vertex 0.0647364 0.0295864 -0.357838
      endloop
   endfacet
   facet normal 0 0 1
      outer loop
         vertex 0.0644851 0.0290218 -0.357838
         vertex 0.0645509 0.0291031 -0.357838
         vertex 0.0517419 0.0355798 -0.357838
      endloop
   endfacet
   facet normal 0 0 1
      outer loop
         vertex 0.0638465 0.0286964 -0.357838
         vertex 0.0639498 0.0287128 -0.357838
         vertex 0.0517419 0.0355798 -0.357838
      endloop
   endfacet
   facet normal 0 0 1
      outer loop
         vertex 0.0361564 0.0284396 -0.357838
         vertex 0.0364119 0.0259612 -0.357838
         vertex 0.0391302 0.0286909 -0.357838
      endloop
   endfacet
   facet normal 0 0 1
      outer loop
         vertex 0.0334252 0.0253438 -0.357838
         vertex 0.0339034 0.0228616 -0.357838
         vertex 0.0364119 0.0259612 -0.357838
      endloop
   endfacet
   facet normal 0 0 1
      outer loop
         vertex 0.0299229 0.0159637 -0.357838
         vertex 0.0289895 0.0183928 -0.357838
         vertex 0.0273323 0.0146117 -0.357838
      endloop
   endfacet
   facet normal 0 0 1
      outer loop
         vertex 0.0268394 -0.00351331 -0.357838
         vertex 0.0266308 0.000468706 -0.357838
         vertex 0.0248014 -0.00159547 -0.357838
      endloop
   endfacet
   facet normal 0 0 1
      outer loop
         vertex 0.0273323 -0.0136743 -0.357838
         vertex 0.0289895 -0.0174554 -0.357838
         vertex 0.0299229 -0.0150263 -0.357838
      endloop
   endfacet
   facet normal 0 0 1
      outer loop
         vertex 0.0339034 -0.0219242 -0.357838
         vertex 0.0317325 -0.0185795 -0.357838
         vertex 0.0310277 -0.0210455 -0.357838
      endloop
   endfacet
   facet normal 0 0 1
      outer loop
         vertex 0.0517419 -0.0346424 -0.357838
         vertex 0.0639498 -0.0277754 -0.357838
         vertex 0.0638465 -0.027759 -0.357838
      endloop
   endfacet
   facet normal 0 0 1
      outer loop
         vertex 0.0641487 -0.02784 -0.357838
         vertex 0.0640509 -0.0278025 -0.357838
         vertex 0.0517419 -0.0346424 -0.357838
      endloop
   endfacet
   facet normal 0 0 1
      outer loop
         vertex 0.0644851 -0.0280844 -0.357838
         vertex 0.0644111 -0.0280104 -0.357838
         vertex 0.0517419 -0.0346424 -0.357838
      endloop
   endfacet
   facet normal 0 0 1
      outer loop
         vertex 0.0646555 -0.0283468 -0.357838
         vertex 0.064608 -0.0282535 -0.357838
         vertex 0.0517419 -0.0346424 -0.357838
      endloop
   endfacet
   facet normal 0 0 1
      outer loop
         vertex 0.0425001 0.0337074 -0.357838
         vertex 0.0391302 0.0286909 -0.357838
         vertex 0.0497209 0.0355798 -0.357838
      endloop
   endfacet
   facet normal 0 0 1
      outer loop
         vertex 0.0517419 0.0355798 -0.357838
         vertex 0.064693 0.0293819 -0.357838
         vertex 0.0647201 0.029483 -0.357838
      endloop
   endfacet
   facet normal 0 0 1
      outer loop
         vertex 0.0642419 0.0288249 -0.357838
         vertex 0.0643297 0.0288819 -0.357838
         vertex 0.0517419 0.0355798 -0.357838
      endloop
   endfacet
   facet normal 0 0 1
      outer loop
         vertex 0.0364119 0.0259612 -0.357838
         vertex 0.0361564 0.0284396 -0.357838
         vertex 0.0334252 0.0253438 -0.357838
      endloop
   endfacet
   facet normal 0 0 1
      outer loop
         vertex 0.0310277 0.0219829 -0.357838
         vertex 0.0317325 0.0195169 -0.357838
         vertex 0.0339034 0.0228616 -0.357838
      endloop
   endfacet
   facet normal 0 0 1
      outer loop
         vertex 0.0274629 0.00838914 -0.357838
         vertex 0.0260736 0.0106799 -0.357838
         vertex 0.025227 0.00663925 -0.357838
      endloop
   endfacet
   facet normal 0 0 1
      outer loop
         vertex 0.0317325 -0.0185795 -0.357838
         vertex 0.0299229 -0.0150263 -0.357838
         vertex 0.0289895 -0.0174554 -0.357838
      endloop
   endfacet
   facet normal 0 0 1
      outer loop
         vertex 0.0640509 -0.0278025 -0.357838
         vertex 0.0639498 -0.0277754 -0.357838
         vertex 0.0517419 -0.0346424 -0.357838
      endloop
   endfacet
   facet normal 0 0 1
      outer loop
         vertex 0.064608 -0.0282535 -0.357838
         vertex 0.0645509 -0.0281657 -0.357838
         vertex 0.0517419 -0.0346424 -0.357838
      endloop
   endfacet
   facet normal 0 0 1
      outer loop
         vertex 0.0517419 -0.0346424 -0.357838
         vertex 0.0647419 -0.0287535 -0.357838
         vertex 0.0647364 -0.028649 -0.357838
      endloop
   endfacet
   facet normal 0 0 1
      outer loop
         vertex 0.0391302 0.0286909 -0.357838
         vertex 0.0499208 0.0355798 -0.357838
         vertex 0.0497209 0.0355798 -0.357838
      endloop
   endfacet
   facet normal 0 0 1
      outer loop
         vertex 0.0391302 0.0286909 -0.357838
         vertex 0.0637419 0.0286909 -0.357838
         vertex 0.0517419 0.0355798 -0.357838
      endloop
   endfacet
   facet normal 0 0 1
      outer loop
         vertex 0.0646555 0.0292842 -0.357838
         vertex 0.064693 0.0293819 -0.357838
         vertex 0.0517419 0.0355798 -0.357838
      endloop
   endfacet
   facet normal 0 0 1
      outer loop
         vertex 0.0339034 0.0228616 -0.357838
         vertex 0.0334252 0.0253438 -0.357838
         vertex 0.0310277 0.0219829 -0.357838
      endloop
   endfacet
   facet normal 0 0 1
      outer loop
         vertex 0.0299229 -0.0150263 -0.357838
         vertex 0.0284945 -0.0113034 -0.357838
         vertex 0.0273323 -0.0136743 -0.357838
      endloop
   endfacet
   facet normal 0 0 1
      outer loop
         vertex 0.0334252 -0.0244064 -0.357838
         vertex 0.0361564 -0.0275022 -0.357838
         vertex 0.0364119 -0.0250238 -0.357838
      endloop
   endfacet
   facet normal 0 0 1
      outer loop
         vertex 0.0361564 -0.0275022 -0.357838
         vertex 0.0391921 -0.0303 -0.357838
         vertex 0.0391302 -0.0277535 -0.357838
      endloop
   endfacet
   facet normal 0 0 1
      outer loop
         vertex 0.0644111 -0.0280104 -0.357838
         vertex 0.0643297 -0.0279445 -0.357838
         vertex 0.0517419 -0.0346424 -0.357838
      endloop
   endfacet
   facet normal 0 0 1
      outer loop
         vertex 0.0647364 -0.028649 -0.357838
         vertex 0.0647201 -0.0285456 -0.357838
         vertex 0.0517419 -0.0346424 -0.357838
      endloop
   endfacet
   facet normal 0 0 1
      outer loop
         vertex 0.0391302 -0.0277535 -0.357838
         vertex 0.0499208 -0.0346424 -0.357838
         vertex 0.0517419 -0.0346424 -0.357838
      endloop
   endfacet
   facet normal 0 0 1
      outer loop
         vertex 0.0497209 -0.0346424 -0.357838
         vertex 0.0391302 -0.0277535 -0.357838
         vertex 0.0425001 -0.03277 -0.357838
      endloop
   endfacet
   facet normal 0 0 1
      outer loop
         vertex 0.0517419 0.0355798 -0.357838
         vertex 0.0499208 0.0355798 -0.357838
         vertex 0.0391302 0.0286909 -0.357838
      endloop
   endfacet
   facet normal 0 0 1
      outer loop
         vertex 0.0647364 0.0295864 -0.357838
         vertex 0.0647419 0.0296909 -0.357838
         vertex 0.0517419 0.0355798 -0.357838
      endloop
   endfacet
   facet normal 0 0 1
      outer loop
         vertex 0.0317325 0.0195169 -0.357838
         vertex 0.0310277 0.0219829 -0.357838
         vertex 0.0289895 0.0183928 -0.357838
      endloop
   endfacet
   facet normal 0 0 1
      outer loop
         vertex 0.0391302 -0.0277535 -0.357838
         vertex 0.0364119 -0.0250238 -0.357838
         vertex 0.0361564 -0.0275022 -0.357838
      endloop
   endfacet
   facet normal 0 0 1
      outer loop
         vertex 0.0647201 -0.0285456 -0.357838
         vertex 0.064693 -0.0284445 -0.357838
         vertex 0.0517419 -0.0346424 -0.357838
      endloop
   endfacet
   facet normal 0 0 1
      outer loop
         vertex 0.0391302 -0.0277535 -0.357838
         vertex 0.0497209 -0.0346424 -0.357838
         vertex 0.0499208 -0.0346424 -0.357838
      endloop
   endfacet
   facet normal 0 0 1
      outer loop
         vertex 0.0391302 -0.0277535 -0.357838
         vertex 0.0391921 -0.0303 -0.357838
         vertex 0.0425001 -0.03277 -0.357838
      endloop
   endfacet
   facet normal 0 0 1
      outer loop
         vertex 0.0647419 0.0296909 -0.357838
         vertex 0.0647419 0.0355798 -0.357838
         vertex 0.0517419 0.0355798 -0.357838
      endloop
   endfacet
   facet normal 0 0 1
      outer loop
         vertex 0.0364119 -0.0250238 -0.357838
         vertex 0.0339034 -0.0219242 -0.357838
         vertex 0.0334252 -0.0244064 -0.357838
      endloop
   endfacet
   facet normal 0 0 1
      outer loop
         vertex 0.0517419 -0.0346424 -0.357838
         vertex 0.0647419 -0.0346424 -0.357838
         vertex 0.0647419 -0.0287535 -0.357838
      endloop
   endfacet
   facet normal 0 0 1
      outer loop
         vertex 0.0425001 -0.03277 -0.357838
         vertex 0.0455921 -0.0346424 -0.357838
         vertex 0.0497209 -0.0346424 -0.357838
      endloop
   endfacet
   facet normal 0 0 1
      outer loop
         vertex 0.0391302 0.0286909 -0.357838
         vertex 0.0391921 0.0312374 -0.357838
         vertex 0.0361564 0.0284396 -0.357838
      endloop
   endfacet
   facet normal 0 0 1
      outer loop
         vertex 0.0517419 -0.0346424 -0.357838
         vertex 0.0637419 -0.0277535 -0.357838
         vertex 0.0391302 -0.0277535 -0.357838
      endloop
   endfacet
   facet normal 0 0 1
      outer loop
         vertex 0.0638465 -0.027759 -0.357838
         vertex 0.0637419 -0.0277535 -0.357838
         vertex 0.0517419 -0.0346424 -0.357838
      endloop
   endfacet
   facet normal 0 0 1
      outer loop
         vertex 0.0425001 0.0337074 -0.357838
         vertex 0.0391921 0.0312374 -0.357838
         vertex 0.0391302 0.0286909 -0.357838
      endloop
   endfacet
   facet normal 0 0 -1
      outer loop
         vertex 0.0637419 -0.0277535 -0.365838
         vertex 0.064608 -0.0282535 -0.365838
         vertex 0.0646555 -0.0283468 -0.365838
      endloop
   endfacet
   facet normal 0 0 -1
      outer loop
         vertex 0.0637419 -0.0277535 -0.365838
         vertex 0.0644111 -0.0280104 -0.365838
         vertex 0.0644851 -0.0280844 -0.365838
      endloop
   endfacet
   facet normal 0 0 -1
      outer loop
         vertex 0.0643297 -0.0279445 -0.365838
         vertex 0.0640509 -0.0278025 -0.365838
         vertex 0.0641487 -0.02784 -0.365838
      endloop
   endfacet
   facet normal 0 0 -1
      outer loop
         vertex 0.0637419 -0.0277535 -0.365838
         vertex 0.0645509 -0.0281657 -0.365838
         vertex 0.064608 -0.0282535 -0.365838
      endloop
   endfacet
   facet normal 0 0 -1
      outer loop
         vertex 0.0637419 -0.0277535 -0.365838
         vertex 0.0643297 -0.0279445 -0.365838
         vertex 0.0644111 -0.0280104 -0.365838
      endloop
   endfacet
   facet normal 0 0 -1
      outer loop
         vertex 0.0643297 -0.0279445 -0.365838
         vertex 0.0639498 -0.0277754 -0.365838
         vertex 0.0640509 -0.0278025 -0.365838
      endloop
   endfacet
   facet normal 0 0 -1
      outer loop
         vertex 0.0643297 -0.0279445 -0.365838
         vertex 0.0637419 -0.0277535 -0.365838
         vertex 0.0638465 -0.027759 -0.365838
      endloop
   endfacet
   facet normal 0 0 -1
      outer loop
         vertex 0.0637419 -0.0277535 -0.365838
         vertex 0.0647201 -0.0285456 -0.365838
         vertex 0.0647364 -0.028649 -0.365838
      endloop
   endfacet
   facet normal 0 0 -1
      outer loop
         vertex 0.0644851 -0.0280844 -0.365838
         vertex 0.0645509 -0.0281657 -0.365838
         vertex 0.0637419 -0.0277535 -0.365838
      endloop
   endfacet
   facet normal 0 0 -1
      outer loop
         vertex 0.0638465 -0.027759 -0.365838
         vertex 0.0639498 -0.0277754 -0.365838
         vertex 0.0643297 -0.0279445 -0.365838
      endloop
   endfacet
   facet normal 0 0 -1
      outer loop
         vertex 0.0637419 -0.0277535 -0.365838
         vertex 0.064693 -0.0284445 -0.365838
         vertex 0.0647201 -0.0285456 -0.365838
      endloop
   endfacet
   facet normal 0 0 -1
      outer loop
         vertex 0.0641487 -0.02784 -0.365838
         vertex 0.0642419 -0.0278875 -0.365838
         vertex 0.0643297 -0.0279445 -0.365838
      endloop
   endfacet
   facet normal 0 0 -1
      outer loop
         vertex 0.0517419 -0.0337535 -0.365838
         vertex 0.0495857 -0.0335281 -0.365838
         vertex 0.0461165 -0.0317584 -0.365838
      endloop
   endfacet
   facet normal 0 0 -1
      outer loop
         vertex 0.0646555 -0.0283468 -0.365838
         vertex 0.064693 -0.0284445 -0.365838
         vertex 0.0637419 -0.0277535 -0.365838
      endloop
   endfacet
   facet normal 0 0 -1
      outer loop
         vertex 0.0461165 -0.0317584 -0.365838
         vertex 0.0428512 -0.029636 -0.365838
         vertex 0.0517419 -0.0337535 -0.365838
      endloop
   endfacet
   facet normal 0 0 -1
      outer loop
         vertex 0.0647364 -0.028649 -0.365838
         vertex 0.0647419 -0.0287535 -0.365838
         vertex 0.0637419 -0.0277535 -0.365838
      endloop
   endfacet
   facet normal 0 0 -1
      outer loop
         vertex 0.0637419 -0.0277535 -0.365838
         vertex 0.0647419 -0.0337535 -0.365838
         vertex 0.0517419 -0.0337535 -0.365838
      endloop
   endfacet
   facet normal 0 0 -1
      outer loop
         vertex 0.0517419 -0.0337535 -0.365838
         vertex 0.0501018 -0.0337535 -0.365838
         vertex 0.0495857 -0.0335281 -0.365838
      endloop
   endfacet
   facet normal 0 0 -1
      outer loop
         vertex 0.0517419 -0.0337535 -0.365838
         vertex 0.0404726 -0.0277535 -0.365838
         vertex 0.0637419 -0.0277535 -0.365838
      endloop
   endfacet
   facet normal 0 0 -1
      outer loop
         vertex 0.0647419 -0.0287535 -0.365838
         vertex 0.0647419 -0.0337535 -0.365838
         vertex 0.0637419 -0.0277535 -0.365838
      endloop
   endfacet
   facet normal 0 0 -1
      outer loop
         vertex 0.0428512 -0.029636 -0.365838
         vertex 0.0404726 -0.0277535 -0.365838
         vertex 0.0517419 -0.0337535 -0.365838
      endloop
   endfacet
   facet normal 1 1.22465e-16 0
      outer loop
         vertex 0.0647419 -0.0287535 -0.357838
         vertex 0.0647419 -0.0346424 -0.357838
         vertex 0.0647419 -0.0337535 -0.365838
      endloop
   endfacet
   facet normal 1 1.22465e-16 0
      outer loop
         vertex 0.0647419 -0.0337535 -0.365838
         vertex 0.0647419 -0.0287535 -0.365838
         vertex 0.0647419 -0.0287535 -0.357838
      endloop
   endfacet
   facet normal -1.22465e-16 1 0
      outer loop
         vertex 0.0637419 -0.0277535 -0.357838
         vertex 0.0637419 -0.0277535 -0.365838
         vertex 0.0404726 -0.0277535 -0.365838
      endloop
   endfacet
   facet normal -1.22465e-16 1 0
      outer loop
         vertex 0.0404726 -0.0277535 -0.365838
         vertex 0.0393087 -0.0277535 -0.358902
         vertex 0.0637419 -0.0277535 -0.357838
      endloop
   endfacet
   facet normal -1.22465e-16 1 0
      outer loop
         vertex 0.0393087 -0.0277535 -0.358902
         vertex 0.0391302 -0.0277535 -0.357838
         vertex 0.0637419 -0.0277535 -0.357838
      endloop
   endfacet
   facet normal 1 1.22465e-16 0
      outer loop
         vertex 0.0647419 -0.0287535 -0.357838
         vertex 0.0647419 -0.0287535 -0.365838
         vertex 0.0647364 -0.028649 -0.365838
      endloop
   endfacet
   facet normal 0.994522 0.104528 0
      outer loop
         vertex 0.0647364 -0.028649 -0.357838
         vertex 0.0647364 -0.028649 -0.365838
         vertex 0.0647201 -0.0285456 -0.365838
      endloop
   endfacet
   facet normal 0.978148 0.207912 0
      outer loop
         vertex 0.0647201 -0.0285456 -0.357838
         vertex 0.0647201 -0.0285456 -0.365838
         vertex 0.064693 -0.0284445 -0.365838
      endloop
   endfacet
   facet normal 0.951057 0.309017 0
      outer loop
         vertex 0.064693 -0.0284445 -0.357838
         vertex 0.064693 -0.0284445 -0.365838
         vertex 0.0646555 -0.0283468 -0.365838
      endloop
   endfacet
   facet normal 0.913545 0.406737 0
      outer loop
         vertex 0.0646555 -0.0283468 -0.357838
         vertex 0.0646555 -0.0283468 -0.365838
         vertex 0.064608 -0.0282535 -0.365838
      endloop
   endfacet
   facet normal 0.866025 0.5 0
      outer loop
         vertex 0.064608 -0.0282535 -0.357838
         vertex 0.064608 -0.0282535 -0.365838
         vertex 0.0645509 -0.0281657 -0.365838
      endloop
   endfacet
   facet normal 0.809017 0.587785 0
      outer loop
         vertex 0.0645509 -0.0281657 -0.357838
         vertex 0.0645509 -0.0281657 -0.365838
         vertex 0.0644851 -0.0280844 -0.365838
      endloop
   endfacet
   facet normal 0.743145 0.669131 0
      outer loop
         vertex 0.0644851 -0.0280844 -0.357838
         vertex 0.0644851 -0.0280844 -0.365838
         vertex 0.0644111 -0.0280104 -0.365838
      endloop
   endfacet
   facet normal 0.669131 0.743145 0
      outer loop
         vertex 0.0644111 -0.0280104 -0.357838
         vertex 0.0644111 -0.0280104 -0.365838
         vertex 0.0643297 -0.0279445 -0.365838
      endloop
   endfacet
   facet normal 0.587785 0.809017 0
      outer loop
         vertex 0.0643297 -0.0279445 -0.357838
         vertex 0.0643297 -0.0279445 -0.365838
         vertex 0.0642419 -0.0278875 -0.365838
      endloop
   endfacet
   facet normal 0.5 0.866025 0
      outer loop
         vertex 0.0642419 -0.0278875 -0.357838
         vertex 0.0642419 -0.0278875 -0.365838
         vertex 0.0641487 -0.02784 -0.365838
      endloop
   endfacet
   facet normal 0.406737 0.913545 0
      outer loop
         vertex 0.0641487 -0.02784 -0.357838
         vertex 0.0641487 -0.02784 -0.365838
         vertex 0.0640509 -0.0278025 -0.365838
      endloop
   endfacet
   facet normal 0.309017 0.951057 0
      outer loop
         vertex 0.0640509 -0.0278025 -0.357838
         vertex 0.0640509 -0.0278025 -0.365838
         vertex 0.0639498 -0.0277754 -0.365838
      endloop
   endfacet
   facet normal 0.207912 0.978148 0
      outer loop
         vertex 0.0639498 -0.0277754 -0.357838
         vertex 0.0639498 -0.0277754 -0.365838
         vertex 0.0638465 -0.027759 -0.365838
      endloop
   endfacet
   facet normal 0.104528 0.994522 0
      outer loop
         vertex 0.0638465 -0.027759 -0.357838
         vertex 0.0638465 -0.027759 -0.365838
         vertex 0.0637419 -0.0277535 -0.365838
      endloop
   endfacet
   facet normal 0 1 0
      outer loop
         vertex 0.0637419 -0.0277535 -0.365838
         vertex 0.0637419 -0.0277535 -0.357838
         vertex 0.0638465 -0.027759 -0.357838
      endloop
   endfacet
   facet normal 0.104528 0.994522 0
      outer loop
         vertex 0.0638465 -0.027759 -0.365838
         vertex 0.0638465 -0.027759 -0.357838
         vertex 0.0639498 -0.0277754 -0.357838
      endloop
   endfacet
   facet normal 0.207912 0.978148 0
      outer loop
         vertex 0.0639498 -0.0277754 -0.365838
         vertex 0.0639498 -0.0277754 -0.357838
         vertex 0.0640509 -0.0278025 -0.357838
      endloop
   endfacet
   facet normal 0.309017 0.951057 0
      outer loop
         vertex 0.0640509 -0.0278025 -0.365838
         vertex 0.0640509 -0.0278025 -0.357838
         vertex 0.0641487 -0.02784 -0.357838
      endloop
   endfacet
   facet normal 0.406737 0.913545 0
      outer loop
         vertex 0.0641487 -0.02784 -0.365838
         vertex 0.0641487 -0.02784 -0.357838
         vertex 0.0642419 -0.0278875 -0.357838
      endloop
   endfacet
   facet normal 0.5 0.866025 0
      outer loop
         vertex 0.0642419 -0.0278875 -0.365838
         vertex 0.0642419 -0.0278875 -0.357838
         vertex 0.0643297 -0.0279445 -0.357838
      endloop
   endfacet
   facet normal 0.587785 0.809017 0
      outer loop
         vertex 0.0643297 -0.0279445 -0.365838
         vertex 0.0643297 -0.0279445 -0.357838
         vertex 0.0644111 -0.0280104 -0.357838
      endloop
   endfacet
   facet normal 0.669131 0.743145 0
      outer loop
         vertex 0.0644111 -0.0280104 -0.365838
         vertex 0.0644111 -0.0280104 -0.357838
         vertex 0.0644851 -0.0280844 -0.357838
      endloop
   endfacet
   facet normal 0.743145 0.669131 0
      outer loop
         vertex 0.0644851 -0.0280844 -0.365838
         vertex 0.0644851 -0.0280844 -0.357838
         vertex 0.0645509 -0.0281657 -0.357838
      endloop
   endfacet
   facet normal 0.809017 0.587785 0
      outer loop
         vertex 0.0645509 -0.0281657 -0.365838
         vertex 0.0645509 -0.0281657 -0.357838
         vertex 0.064608 -0.0282535 -0.357838
      endloop
   endfacet
   facet normal 0.866025 0.5 0
      outer loop
         vertex 0.064608 -0.0282535 -0.365838
         vertex 0.064608 -0.0282535 -0.357838
         vertex 0.0646555 -0.0283468 -0.357838
      endloop
   endfacet
   facet normal 0.913545 0.406737 0
      outer loop
         vertex 0.0646555 -0.0283468 -0.365838
         vertex 0.0646555 -0.0283468 -0.357838
         vertex 0.064693 -0.0284445 -0.357838
      endloop
   endfacet
   facet normal 0.951057 0.309017 0
      outer loop
         vertex 0.064693 -0.0284445 -0.365838
         vertex 0.064693 -0.0284445 -0.357838
         vertex 0.0647201 -0.0285456 -0.357838
      endloop
   endfacet
   facet normal 0.978148 0.207912 0
      outer loop
         vertex 0.0647201 -0.0285456 -0.365838
         vertex 0.0647201 -0.0285456 -0.357838
         vertex 0.0647364 -0.028649 -0.357838
      endloop
   endfacet
   facet normal 0.994522 0.104528 0
      outer loop
         vertex 0.0647364 -0.028649 -0.365838
         vertex 0.0647364 -0.028649 -0.357838
         vertex 0.0647419 -0.0287535 -0.357838
      endloop
   endfacet
endsolid urdf_forearm. Units = meters